[{"pk": 1, "fields": {"content_type": 1, "codename": "add_logentry", "name": "Can add log entry"}, "model": "auth.permission"}, {"pk": 2, "fields": {"content_type": 1, "codename": "change_logentry", "name": "Can change log entry"}, "model": "auth.permission"}, {"pk": 3, "fields": {"content_type": 1, "codename": "delete_logentry", "name": "Can delete log entry"}, "model": "auth.permission"}, {"pk": 4, "fields": {"content_type": 2, "codename": "add_permission", "name": "Can add permission"}, "model": "auth.permission"}, {"pk": 5, "fields": {"content_type": 2, "codename": "change_permission", "name": "Can change permission"}, "model": "auth.permission"}, {"pk": 6, "fields": {"content_type": 2, "codename": "delete_permission", "name": "Can delete permission"}, "model": "auth.permission"}, {"pk": 7, "fields": {"content_type": 3, "codename": "add_group", "name": "Can add group"}, "model": "auth.permission"}, {"pk": 8, "fields": {"content_type": 3, "codename": "change_group", "name": "Can change group"}, "model": "auth.permission"}, {"pk": 9, "fields": {"content_type": 3, "codename": "delete_group", "name": "Can delete group"}, "model": "auth.permission"}, {"pk": 10, "fields": {"content_type": 4, "codename": "add_user", "name": "Can add user"}, "model": "auth.permission"}, {"pk": 11, "fields": {"content_type": 4, "codename": "change_user", "name": "Can change user"}, "model": "auth.permission"}, {"pk": 12, "fields": {"content_type": 4, "codename": "delete_user", "name": "Can delete user"}, "model": "auth.permission"}, {"pk": 13, "fields": {"content_type": 5, "codename": "add_contenttype", "name": "Can add content type"}, "model": "auth.permission"}, {"pk": 14, "fields": {"content_type": 5, "codename": "change_contenttype", "name": "Can change content type"}, "model": "auth.permission"}, {"pk": 15, "fields": {"content_type": 5, "codename": "delete_contenttype", "name": "Can delete content type"}, "model": "auth.permission"}, {"pk": 16, "fields": {"content_type": 6, "codename": "add_session", "name": "Can add session"}, "model": "auth.permission"}, {"pk": 17, "fields": {"content_type": 6, "codename": "change_session", "name": "Can change session"}, "model": "auth.permission"}, {"pk": 18, "fields": {"content_type": 6, "codename": "delete_session", "name": "Can delete session"}, "model": "auth.permission"}, {"pk": 19, "fields": {"content_type": 7, "codename": "add_tracuserlanding", "name": "Can add User Landing Signup"}, "model": "auth.permission"}, {"pk": 20, "fields": {"content_type": 7, "codename": "change_tracuserlanding", "name": "Can change User Landing Signup"}, "model": "auth.permission"}, {"pk": 21, "fields": {"content_type": 7, "codename": "delete_tracuserlanding", "name": "Can delete User Landing Signup"}, "model": "auth.permission"}, {"pk": 22, "fields": {"content_type": 8, "codename": "add_datumgroup", "name": "Can add Datum Group"}, "model": "auth.permission"}, {"pk": 23, "fields": {"content_type": 8, "codename": "change_datumgroup", "name": "Can change Datum Group"}, "model": "auth.permission"}, {"pk": 24, "fields": {"content_type": 8, "codename": "delete_datumgroup", "name": "Can delete Datum Group"}, "model": "auth.permission"}, {"pk": 25, "fields": {"content_type": 9, "codename": "add_datumtype", "name": "Can add Datum Type"}, "model": "auth.permission"}, {"pk": 26, "fields": {"content_type": 9, "codename": "change_datumtype", "name": "Can change Datum Type"}, "model": "auth.permission"}, {"pk": 27, "fields": {"content_type": 9, "codename": "delete_datumtype", "name": "Can delete Datum Type"}, "model": "auth.permission"}, {"pk": 28, "fields": {"content_type": 10, "codename": "add_datumobject", "name": "Can add Datum"}, "model": "auth.permission"}, {"pk": 29, "fields": {"content_type": 10, "codename": "change_datumobject", "name": "Can change Datum"}, "model": "auth.permission"}, {"pk": 30, "fields": {"content_type": 10, "codename": "delete_datumobject", "name": "Can delete Datum"}, "model": "auth.permission"}, {"pk": 31, "fields": {"content_type": 11, "codename": "add_elementdatatype", "name": "Can add Element Data Type"}, "model": "auth.permission"}, {"pk": 32, "fields": {"content_type": 11, "codename": "change_elementdatatype", "name": "Can change Element Data Type"}, "model": "auth.permission"}, {"pk": 33, "fields": {"content_type": 11, "codename": "delete_elementdatatype", "name": "Can delete Element Data Type"}, "model": "auth.permission"}, {"pk": 34, "fields": {"content_type": 12, "codename": "add_elementoperator", "name": "Can add Element Data Type Operator"}, "model": "auth.permission"}, {"pk": 35, "fields": {"content_type": 12, "codename": "change_elementoperator", "name": "Can change Element Data Type Operator"}, "model": "auth.permission"}, {"pk": 36, "fields": {"content_type": 12, "codename": "delete_elementoperator", "name": "Can delete Element Data Type Operator"}, "model": "auth.permission"}, {"pk": 37, "fields": {"content_type": 13, "codename": "add_elementtype", "name": "Can add element type"}, "model": "auth.permission"}, {"pk": 38, "fields": {"content_type": 13, "codename": "change_elementtype", "name": "Can change element type"}, "model": "auth.permission"}, {"pk": 39, "fields": {"content_type": 13, "codename": "delete_elementtype", "name": "Can delete element type"}, "model": "auth.permission"}, {"pk": 40, "fields": {"content_type": 14, "codename": "add_elementoption", "name": "Can add Element Option"}, "model": "auth.permission"}, {"pk": 41, "fields": {"content_type": 14, "codename": "change_elementoption", "name": "Can change Element Option"}, "model": "auth.permission"}, {"pk": 42, "fields": {"content_type": 14, "codename": "delete_elementoption", "name": "Can delete Element Option"}, "model": "auth.permission"}, {"pk": 43, "fields": {"content_type": 15, "codename": "add_elementdatumtype", "name": "Can add Datum Type - Element"}, "model": "auth.permission"}, {"pk": 44, "fields": {"content_type": 15, "codename": "change_elementdatumtype", "name": "Can change Datum Type - Element"}, "model": "auth.permission"}, {"pk": 45, "fields": {"content_type": 15, "codename": "delete_elementdatumtype", "name": "Can delete Datum Type - Element"}, "model": "auth.permission"}, {"pk": 46, "fields": {"content_type": 16, "codename": "add_elementdatumobject", "name": "Can add Datum Object - Element"}, "model": "auth.permission"}, {"pk": 47, "fields": {"content_type": 16, "codename": "change_elementdatumobject", "name": "Can change Datum Object - Element"}, "model": "auth.permission"}, {"pk": 48, "fields": {"content_type": 16, "codename": "delete_elementdatumobject", "name": "Can delete Datum Object - Element"}, "model": "auth.permission"}, {"pk": 49, "fields": {"content_type": 17, "codename": "add_elementvaluestring", "name": "Can add Element Value"}, "model": "auth.permission"}, {"pk": 50, "fields": {"content_type": 17, "codename": "change_elementvaluestring", "name": "Can change Element Value"}, "model": "auth.permission"}, {"pk": 51, "fields": {"content_type": 17, "codename": "delete_elementvaluestring", "name": "Can delete Element Value"}, "model": "auth.permission"}, {"pk": 52, "fields": {"content_type": 18, "codename": "add_elementvaluetextdata", "name": "Can add Element Value"}, "model": "auth.permission"}, {"pk": 53, "fields": {"content_type": 18, "codename": "change_elementvaluetextdata", "name": "Can change Element Value"}, "model": "auth.permission"}, {"pk": 54, "fields": {"content_type": 18, "codename": "delete_elementvaluetextdata", "name": "Can delete Element Value"}, "model": "auth.permission"}, {"pk": 55, "fields": {"content_type": 19, "codename": "add_elementvalueboolean", "name": "Can add Element Value"}, "model": "auth.permission"}, {"pk": 56, "fields": {"content_type": 19, "codename": "change_elementvalueboolean", "name": "Can change Element Value"}, "model": "auth.permission"}, {"pk": 57, "fields": {"content_type": 19, "codename": "delete_elementvalueboolean", "name": "Can delete Element Value"}, "model": "auth.permission"}, {"pk": 58, "fields": {"content_type": 20, "codename": "add_elementvaluedatetime", "name": "Can add Element Value"}, "model": "auth.permission"}, {"pk": 59, "fields": {"content_type": 20, "codename": "change_elementvaluedatetime", "name": "Can change Element Value"}, "model": "auth.permission"}, {"pk": 60, "fields": {"content_type": 20, "codename": "delete_elementvaluedatetime", "name": "Can delete Element Value"}, "model": "auth.permission"}, {"pk": 61, "fields": {"content_type": 21, "codename": "add_elementvaluedecimal", "name": "Can add Element Value"}, "model": "auth.permission"}, {"pk": 62, "fields": {"content_type": 21, "codename": "change_elementvaluedecimal", "name": "Can change Element Value"}, "model": "auth.permission"}, {"pk": 63, "fields": {"content_type": 21, "codename": "delete_elementvaluedecimal", "name": "Can delete Element Value"}, "model": "auth.permission"}, {"pk": 64, "fields": {"content_type": 22, "codename": "add_elementvaluebinary", "name": "Can add Element Value"}, "model": "auth.permission"}, {"pk": 65, "fields": {"content_type": 22, "codename": "change_elementvaluebinary", "name": "Can change Element Value"}, "model": "auth.permission"}, {"pk": 66, "fields": {"content_type": 22, "codename": "delete_elementvaluebinary", "name": "Can delete Element Value"}, "model": "auth.permission"}, {"pk": 67, "fields": {"content_type": 23, "codename": "add_associationtype", "name": "Can add Association Type"}, "model": "auth.permission"}, {"pk": 68, "fields": {"content_type": 23, "codename": "change_associationtype", "name": "Can change Association Type"}, "model": "auth.permission"}, {"pk": 69, "fields": {"content_type": 23, "codename": "delete_associationtype", "name": "Can delete Association Type"}, "model": "auth.permission"}, {"pk": 70, "fields": {"content_type": 24, "codename": "add_associationdirection", "name": "Can add Association Direction"}, "model": "auth.permission"}, {"pk": 71, "fields": {"content_type": 24, "codename": "change_associationdirection", "name": "Can change Association Direction"}, "model": "auth.permission"}, {"pk": 72, "fields": {"content_type": 24, "codename": "delete_associationdirection", "name": "Can delete Association Direction"}, "model": "auth.permission"}, {"pk": 73, "fields": {"content_type": 25, "codename": "add_associationadjacent", "name": "Can add Association Adjacent"}, "model": "auth.permission"}, {"pk": 74, "fields": {"content_type": 25, "codename": "change_associationadjacent", "name": "Can change Association Adjacent"}, "model": "auth.permission"}, {"pk": 75, "fields": {"content_type": 25, "codename": "delete_associationadjacent", "name": "Can delete Association Adjacent"}, "model": "auth.permission"}, {"pk": 76, "fields": {"content_type": 26, "codename": "add_associationall", "name": "Can add Association All"}, "model": "auth.permission"}, {"pk": 77, "fields": {"content_type": 26, "codename": "change_associationall", "name": "Can change Association All"}, "model": "auth.permission"}, {"pk": 78, "fields": {"content_type": 26, "codename": "delete_associationall", "name": "Can delete Association All"}, "model": "auth.permission"}, {"pk": 79, "fields": {"content_type": 27, "codename": "add_filterruleuser", "name": "Can add Filter Rule - User"}, "model": "auth.permission"}, {"pk": 80, "fields": {"content_type": 27, "codename": "change_filterruleuser", "name": "Can change Filter Rule - User"}, "model": "auth.permission"}, {"pk": 81, "fields": {"content_type": 27, "codename": "delete_filterruleuser", "name": "Can delete Filter Rule - User"}, "model": "auth.permission"}, {"pk": 82, "fields": {"content_type": 28, "codename": "add_filterrulegroup", "name": "Can add Filter Rule - Group"}, "model": "auth.permission"}, {"pk": 83, "fields": {"content_type": 28, "codename": "change_filterrulegroup", "name": "Can change Filter Rule - Group"}, "model": "auth.permission"}, {"pk": 84, "fields": {"content_type": 28, "codename": "delete_filterrulegroup", "name": "Can delete Filter Rule - Group"}, "model": "auth.permission"}, {"pk": 85, "fields": {"content_type": 29, "codename": "add_filterruletype", "name": "Can add Filter Rule - Type"}, "model": "auth.permission"}, {"pk": 86, "fields": {"content_type": 29, "codename": "change_filterruletype", "name": "Can change Filter Rule - Type"}, "model": "auth.permission"}, {"pk": 87, "fields": {"content_type": 29, "codename": "delete_filterruletype", "name": "Can delete Filter Rule - Type"}, "model": "auth.permission"}, {"pk": 88, "fields": {"content_type": 30, "codename": "add_filterruleassociation", "name": "Can add Filter Rule - Association"}, "model": "auth.permission"}, {"pk": 89, "fields": {"content_type": 30, "codename": "change_filterruleassociation", "name": "Can change Filter Rule - Association"}, "model": "auth.permission"}, {"pk": 90, "fields": {"content_type": 30, "codename": "delete_filterruleassociation", "name": "Can delete Filter Rule - Association"}, "model": "auth.permission"}, {"pk": 91, "fields": {"content_type": 31, "codename": "add_filterruleelement", "name": "Can add Filter Rule - Element"}, "model": "auth.permission"}, {"pk": 92, "fields": {"content_type": 31, "codename": "change_filterruleelement", "name": "Can change Filter Rule - Element"}, "model": "auth.permission"}, {"pk": 93, "fields": {"content_type": 31, "codename": "delete_filterruleelement", "name": "Can delete Filter Rule - Element"}, "model": "auth.permission"}, {"pk": 94, "fields": {"content_type": 32, "codename": "add_filterruledatatype", "name": "Can add Filter Rule - Element Data Type"}, "model": "auth.permission"}, {"pk": 95, "fields": {"content_type": 32, "codename": "change_filterruledatatype", "name": "Can change Filter Rule - Element Data Type"}, "model": "auth.permission"}, {"pk": 96, "fields": {"content_type": 32, "codename": "delete_filterruledatatype", "name": "Can delete Filter Rule - Element Data Type"}, "model": "auth.permission"}, {"pk": 97, "fields": {"content_type": 33, "codename": "add_filterset", "name": "Can add Filter Set"}, "model": "auth.permission"}, {"pk": 98, "fields": {"content_type": 33, "codename": "change_filterset", "name": "Can change Filter Set"}, "model": "auth.permission"}, {"pk": 99, "fields": {"content_type": 33, "codename": "delete_filterset", "name": "Can delete Filter Set"}, "model": "auth.permission"}, {"pk": 100, "fields": {"content_type": 34, "codename": "add_filtersetuserrule", "name": "Can add filter set user rule"}, "model": "auth.permission"}, {"pk": 101, "fields": {"content_type": 34, "codename": "change_filtersetuserrule", "name": "Can change filter set user rule"}, "model": "auth.permission"}, {"pk": 102, "fields": {"content_type": 34, "codename": "delete_filtersetuserrule", "name": "Can delete filter set user rule"}, "model": "auth.permission"}, {"pk": 103, "fields": {"content_type": 35, "codename": "add_filtersetgrouprule", "name": "Can add filter set group rule"}, "model": "auth.permission"}, {"pk": 104, "fields": {"content_type": 35, "codename": "change_filtersetgrouprule", "name": "Can change filter set group rule"}, "model": "auth.permission"}, {"pk": 105, "fields": {"content_type": 35, "codename": "delete_filtersetgrouprule", "name": "Can delete filter set group rule"}, "model": "auth.permission"}, {"pk": 106, "fields": {"content_type": 36, "codename": "add_filtersettyperule", "name": "Can add filter set type rule"}, "model": "auth.permission"}, {"pk": 107, "fields": {"content_type": 36, "codename": "change_filtersettyperule", "name": "Can change filter set type rule"}, "model": "auth.permission"}, {"pk": 108, "fields": {"content_type": 36, "codename": "delete_filtersettyperule", "name": "Can delete filter set type rule"}, "model": "auth.permission"}, {"pk": 109, "fields": {"content_type": 37, "codename": "add_filtersetassociationrule", "name": "Can add filter set association rule"}, "model": "auth.permission"}, {"pk": 110, "fields": {"content_type": 37, "codename": "change_filtersetassociationrule", "name": "Can change filter set association rule"}, "model": "auth.permission"}, {"pk": 111, "fields": {"content_type": 37, "codename": "delete_filtersetassociationrule", "name": "Can delete filter set association rule"}, "model": "auth.permission"}, {"pk": 112, "fields": {"content_type": 38, "codename": "add_filtersetelementrule", "name": "Can add filter set element rule"}, "model": "auth.permission"}, {"pk": 113, "fields": {"content_type": 38, "codename": "change_filtersetelementrule", "name": "Can change filter set element rule"}, "model": "auth.permission"}, {"pk": 114, "fields": {"content_type": 38, "codename": "delete_filtersetelementrule", "name": "Can delete filter set element rule"}, "model": "auth.permission"}, {"pk": 115, "fields": {"content_type": 39, "codename": "add_filtersetdatatyperule", "name": "Can add filter set data type rule"}, "model": "auth.permission"}, {"pk": 116, "fields": {"content_type": 39, "codename": "change_filtersetdatatyperule", "name": "Can change filter set data type rule"}, "model": "auth.permission"}, {"pk": 117, "fields": {"content_type": 39, "codename": "delete_filtersetdatatyperule", "name": "Can delete filter set data type rule"}, "model": "auth.permission"}, {"pk": 118, "fields": {"content_type": 40, "codename": "add_watchworddatumtype", "name": "Can add Datum Type Watchword"}, "model": "auth.permission"}, {"pk": 119, "fields": {"content_type": 40, "codename": "change_watchworddatumtype", "name": "Can change Datum Type Watchword"}, "model": "auth.permission"}, {"pk": 120, "fields": {"content_type": 40, "codename": "delete_watchworddatumtype", "name": "Can delete Datum Type Watchword"}, "model": "auth.permission"}, {"pk": 121, "fields": {"content_type": 41, "codename": "add_watchworddatumobject", "name": "Can add Datum Object Watchword"}, "model": "auth.permission"}, {"pk": 122, "fields": {"content_type": 41, "codename": "change_watchworddatumobject", "name": "Can change Datum Object Watchword"}, "model": "auth.permission"}, {"pk": 123, "fields": {"content_type": 41, "codename": "delete_watchworddatumobject", "name": "Can delete Datum Object Watchword"}, "model": "auth.permission"}, {"pk": 124, "fields": {"content_type": 42, "codename": "add_watchwordassociationtype", "name": "Can add Association Type Watchword"}, "model": "auth.permission"}, {"pk": 125, "fields": {"content_type": 42, "codename": "change_watchwordassociationtype", "name": "Can change Association Type Watchword"}, "model": "auth.permission"}, {"pk": 126, "fields": {"content_type": 42, "codename": "delete_watchwordassociationtype", "name": "Can delete Association Type Watchword"}, "model": "auth.permission"}, {"pk": 127, "fields": {"content_type": 43, "codename": "add_uiarrangementtype", "name": "Can add Arrangement Type"}, "model": "auth.permission"}, {"pk": 128, "fields": {"content_type": 43, "codename": "change_uiarrangementtype", "name": "Can change Arrangement Type"}, "model": "auth.permission"}, {"pk": 129, "fields": {"content_type": 43, "codename": "delete_uiarrangementtype", "name": "Can delete Arrangement Type"}, "model": "auth.permission"}, {"pk": 130, "fields": {"content_type": 44, "codename": "add_uiformattingtype", "name": "Can add Formatting Type"}, "model": "auth.permission"}, {"pk": 131, "fields": {"content_type": 44, "codename": "change_uiformattingtype", "name": "Can change Formatting Type"}, "model": "auth.permission"}, {"pk": 132, "fields": {"content_type": 44, "codename": "delete_uiformattingtype", "name": "Can delete Formatting Type"}, "model": "auth.permission"}, {"pk": 133, "fields": {"content_type": 45, "codename": "add_viewuseobject", "name": "Can add Viewuse Object"}, "model": "auth.permission"}, {"pk": 134, "fields": {"content_type": 45, "codename": "change_viewuseobject", "name": "Can change Viewuse Object"}, "model": "auth.permission"}, {"pk": 135, "fields": {"content_type": 45, "codename": "delete_viewuseobject", "name": "Can delete Viewuse Object"}, "model": "auth.permission"}, {"pk": 136, "fields": {"content_type": 46, "codename": "add_windowuseobject", "name": "Can add Windowuse Object"}, "model": "auth.permission"}, {"pk": 137, "fields": {"content_type": 46, "codename": "change_windowuseobject", "name": "Can change Windowuse Object"}, "model": "auth.permission"}, {"pk": 138, "fields": {"content_type": 46, "codename": "delete_windowuseobject", "name": "Can delete Windowuse Object"}, "model": "auth.permission"}, {"pk": 139, "fields": {"content_type": 47, "codename": "add_windowuseviewuse", "name": "Can add Windowuse Viewuse"}, "model": "auth.permission"}, {"pk": 140, "fields": {"content_type": 47, "codename": "change_windowuseviewuse", "name": "Can change Windowuse Viewuse"}, "model": "auth.permission"}, {"pk": 141, "fields": {"content_type": 47, "codename": "delete_windowuseviewuse", "name": "Can delete Windowuse Viewuse"}, "model": "auth.permission"}, {"pk": 142, "fields": {"content_type": 48, "codename": "add_viewusearrangement", "name": "Can add Viewuse Arrangement"}, "model": "auth.permission"}, {"pk": 143, "fields": {"content_type": 48, "codename": "change_viewusearrangement", "name": "Can change Viewuse Arrangement"}, "model": "auth.permission"}, {"pk": 144, "fields": {"content_type": 48, "codename": "delete_viewusearrangement", "name": "Can delete Viewuse Arrangement"}, "model": "auth.permission"}, {"pk": 1, "fields": {"is_staff": true, "username": "test", "user_permissions": [], "first_name": "", "date_joined": "2015-07-07T22:24:49.483Z", "is_active": true, "is_superuser": true, "email": "test@test.com", "password": "pbkdf2_sha256$20000$B5clPvWDubLD$mWKVhuiVMLhkfGfCNVQ5bB9Fu7qwdvgC99mVdu6kfkQ=", "last_name": "", "last_login": "2015-07-27T20:34:19.664Z", "groups": []}, "model": "auth.user"}, {"pk": 1, "fields": {"schema_name": "area", "long_definition": "The 'areas' of your life that are important to you.", "sort": 10, "entity_name": "Area", "example": "Home, Hobby, Job", "modified": "2015-07-06T23:08:16.544Z", "created": "2015-07-06T23:09:39.310Z", "short_definition": "Categories, Nouns", "active": true, "readable_name": "Area", "readable_plural_name": "Areas"}, "model": "datum.datumgroup"}, {"pk": 2, "fields": {"schema_name": "activity", "long_definition": "What you are doing, what you want to do, and what you did.", "sort": 20, "entity_name": "Activity", "example": "Meet with Joe, Learn guitar", "modified": "2015-07-06T23:08:16.544Z", "created": "2015-07-06T23:09:39.310Z", "short_definition": "Tasks, Verbs", "active": true, "readable_name": "Activity", "readable_plural_name": "Activities"}, "model": "datum.datumgroup"}, {"pk": 3, "fields": {"schema_name": "time", "long_definition": "When you are doing. Time-based events and deadlines.", "sort": 30, "entity_name": "Time", "example": "Tomorrow between 1-2 PM", "modified": "2015-07-06T23:08:16.544Z", "created": "2015-07-06T23:09:39.310Z", "short_definition": "Events, Reminders", "active": true, "readable_name": "Time", "readable_plural_name": "Times"}, "model": "datum.datumgroup"}, {"pk": 4, "fields": {"schema_name": "item", "long_definition": "What you know - your information storage.", "sort": 40, "entity_name": "Item", "example": "PDF document, Email from Joe, important note", "modified": "2015-07-06T23:08:16.544Z", "created": "2015-07-06T23:09:39.310Z", "short_definition": "Reference, Files", "active": true, "readable_name": "Item", "readable_plural_name": "Items"}, "model": "datum.datumgroup"}, {"pk": 1, "fields": {"schema_name": "category", "sort": 10100, "modified": "2015-07-06T23:08:20.041Z", "created": "2015-07-06T23:09:40.020Z", "headline_expr": "{{name}}", "long_definition": "General container for anything of interest or importance.", "entity_name": "Category", "example": "House, Family, Job, Marketing", "active": true, "datum_group": 1, "icon_class": "fa fa-square-o", "readable_plural_name": "Categories", "readable_name": "Category", "short_definition": "Topics, Folders"}, "model": "datum.datumtype"}, {"pk": 2, "fields": {"schema_name": "project", "sort": 10110, "modified": "2015-07-06T23:08:20.041Z", "created": "2015-07-06T23:09:40.020Z", "headline_expr": "{{name}}", "long_definition": "A label for a particular goal or purpose so you can organize all your information.", "entity_name": "Project", "example": "Tracuse App, Morning Checklist, Department Reorganization", "active": true, "datum_group": 1, "icon_class": "fa fa-check-square-o", "readable_plural_name": "Projects", "readable_name": "Project", "short_definition": "Named Plan"}, "model": "datum.datumtype"}, {"pk": 3, "fields": {"schema_name": "context", "sort": 10120, "modified": "2015-07-06T23:08:20.041Z", "created": "2015-07-06T23:09:40.020Z", "headline_expr": "{{name}}", "long_definition": "What you use or general location for an action.", "entity_name": "Context", "example": "Call, Computer, Read, Errands", "active": true, "datum_group": 1, "icon_class": "fa fa-plus-square-o", "readable_plural_name": "Contexts", "readable_name": "Context", "short_definition": "Settings, Tools"}, "model": "datum.datumtype"}, {"pk": 4, "fields": {"schema_name": "person", "sort": 10130, "modified": "2015-07-06T23:08:20.041Z", "created": "2015-07-06T23:09:40.020Z", "headline_expr": "{{name}}", "long_definition": "Who you commonly interact with.", "entity_name": "Person", "example": "Sally Sister, Carl Coworker", "active": true, "datum_group": 1, "icon_class": "fa fa-user", "readable_plural_name": "Persons", "readable_name": "Person", "short_definition": "An Individual"}, "model": "datum.datumtype"}, {"pk": 5, "fields": {"schema_name": "entity", "sort": 10140, "modified": "2015-07-06T23:08:20.041Z", "created": "2015-07-06T23:09:40.020Z", "headline_expr": "{{name}}", "long_definition": "Any group, such as a business, government agency, religious, or social organization.", "entity_name": "Entity", "example": "Employer, Son's School, Softball League", "active": true, "datum_group": 1, "icon_class": "fa fa-users", "readable_plural_name": "Entities", "readable_name": "Entity", "short_definition": "Organizational Group"}, "model": "datum.datumtype"}, {"pk": 6, "fields": {"schema_name": "location", "sort": 10150, "modified": "2015-07-06T23:08:20.041Z", "created": "2015-07-06T23:09:40.020Z", "headline_expr": "{{name}}", "long_definition": "A formal address/geolocation, or any informal point of interest.", "entity_name": "Location", "example": "Office Address, School Address, The Garage", "active": true, "datum_group": 1, "icon_class": "fa fa-home", "readable_plural_name": "Locations", "readable_name": "Location", "short_definition": "A Place"}, "model": "datum.datumtype"}, {"pk": 7, "fields": {"schema_name": "contact", "sort": 10160, "modified": "2015-07-06T23:08:20.041Z", "created": "2015-07-06T23:09:40.020Z", "headline_expr": "{{name}}", "long_definition": "How to communicate with a Person or Entity, including phone, email, and social media.", "entity_name": "Contact", "example": "Carl's Work Contact, Carl's Home Contact, Main Office Contact", "active": true, "datum_group": 1, "icon_class": "fa fa-phone", "readable_plural_name": "Contacts", "readable_name": "Contact", "short_definition": "Contact Info"}, "model": "datum.datumtype"}, {"pk": 8, "fields": {"schema_name": "action", "sort": 20100, "modified": "2015-07-06T23:08:20.041Z", "created": "2015-07-06T23:09:40.020Z", "headline_expr": "{{description}}", "long_definition": "Any individual idea or thought about something you will do.", "entity_name": "Action", "example": "Call the auto mechanic, Review Q1 sales, Be a better husband", "active": true, "datum_group": 2, "icon_class": "fa fa-check-circle-o", "readable_plural_name": "Actions", "readable_name": "Action", "short_definition": "Task"}, "model": "datum.datumtype"}, {"pk": 9, "fields": {"schema_name": "principle", "sort": 20110, "modified": "2015-07-06T23:08:20.041Z", "created": "2015-07-06T23:09:40.020Z", "headline_expr": "{{description}}", "long_definition": "Why you are doing what you are doing. Represents your values and vision.", "entity_name": "Principle", "example": "So we can take that vacation, So I will be healthy and happy", "active": true, "datum_group": 2, "icon_class": "fa fa-bullseye", "readable_plural_name": "Principles", "readable_name": "Principle", "short_definition": "Purpose, Mantra"}, "model": "datum.datumtype"}, {"pk": 10, "fields": {"schema_name": "journal", "sort": 20120, "modified": "2015-07-06T23:08:20.041Z", "created": "2015-07-06T23:09:40.020Z", "headline_expr": "{{description}}", "long_definition": "A record of what happened that you can use for next time.", "entity_name": "Journal", "example": "Okay rehearsal practice song more, Good meeting but next time have firm agenda", "active": true, "datum_group": 2, "icon_class": "fa fa-book", "readable_plural_name": "Journals", "readable_name": "Journal", "short_definition": "Diary, Log"}, "model": "datum.datumtype"}, {"pk": 11, "fields": {"schema_name": "schedule", "sort": 30100, "modified": "2015-07-06T23:08:20.041Z", "created": "2015-07-06T23:09:40.020Z", "headline_expr": "{{name}}", "long_definition": "Track multiple events for an object to compare what you planned to do versus what you did.", "entity_name": "Schedule", "example": "Actual Schedule, Planned Schedule 2, Project Schedule 5", "active": true, "datum_group": 3, "icon_class": "fa fa-calendar-o", "readable_plural_name": "Schedules", "readable_name": "Schedule", "short_definition": "Collection of Events"}, "model": "datum.datumtype"}, {"pk": 12, "fields": {"schema_name": "event", "sort": 30110, "modified": "2015-07-06T23:08:20.041Z", "created": "2015-07-06T23:09:40.020Z", "headline_expr": "{{ending_event}}", "long_definition": "A meeting, appointment, or any other time-based occurrence.", "entity_name": "Event", "example": "Next Thursday All Day, May 13 2-3 PM", "active": true, "datum_group": 3, "icon_class": "fa fa-calendar", "readable_plural_name": "Events", "readable_name": "Event", "short_definition": "When Something Happens"}, "model": "datum.datumtype"}, {"pk": 13, "fields": {"schema_name": "reminder", "sort": 30120, "modified": "2015-07-06T23:08:20.041Z", "created": "2015-07-06T23:09:40.020Z", "headline_expr": "{{alert}}", "long_definition": "Simple alerts that can be used for short-term alarm or long-term tickler.", "entity_name": "Reminder", "example": "Every Friday at Noon, July 4 9:30 AM", "active": true, "datum_group": 3, "icon_class": "fa fa-bell-o", "readable_plural_name": "Reminders", "readable_name": "Reminder", "short_definition": "Date/Time Alert"}, "model": "datum.datumtype"}, {"pk": 14, "fields": {"schema_name": "note", "sort": 40100, "modified": "2015-07-06T23:08:20.041Z", "created": "2015-07-06T23:09:40.020Z", "headline_expr": "{{name}}", "long_definition": "A fact or idea to remember.", "entity_name": "Note", "example": "How to, Saved Quote, Pi = 3.14159", "active": true, "datum_group": 4, "icon_class": "fa fa-file-text-o", "readable_plural_name": "Notes", "readable_name": "Note", "short_definition": "Reference"}, "model": "datum.datumtype"}, {"pk": 15, "fields": {"schema_name": "file", "sort": 40110, "modified": "2015-07-06T23:08:20.041Z", "created": "2015-07-06T23:09:40.020Z", "headline_expr": "{{name}}", "long_definition": "An external attachment or hyperlink to a digitial document.", "entity_name": "File", "example": "MS Excel Spreadsheet, Image, Movie", "active": true, "datum_group": 4, "icon_class": "fa fa-paperclip", "readable_plural_name": "Files", "readable_name": "File", "short_definition": "Document"}, "model": "datum.datumtype"}, {"pk": 16, "fields": {"schema_name": "directory", "sort": 40120, "modified": "2015-07-06T23:08:20.041Z", "created": "2015-07-06T23:09:40.020Z", "headline_expr": "{{name}}", "long_definition": "Any container or folder of documents, can be in local or cloud storage.", "entity_name": "Directory", "example": "Project Folder, My Harddrive", "active": true, "datum_group": 4, "icon_class": "fa fa-folder-open-o", "readable_plural_name": "Directories", "readable_name": "Directory", "short_definition": "Collection of Files"}, "model": "datum.datumtype"}, {"pk": 17, "fields": {"schema_name": "webpage", "sort": 40130, "modified": "2015-07-06T23:08:20.041Z", "created": "2015-07-06T23:09:40.020Z", "headline_expr": "{{name}}", "long_definition": "A hyperlink to a favorite website. Can be to homepage or specific webpage within site.", "entity_name": "Webpage", "example": "www.cnn.com, www.example.com/section2/page3", "active": true, "datum_group": 4, "icon_class": "fa fa-link", "readable_plural_name": "Webpages", "readable_name": "Webpage", "short_definition": "Single Web Address"}, "model": "datum.datumtype"}, {"pk": 18, "fields": {"schema_name": "message", "sort": 40140, "modified": "2015-07-06T23:08:20.041Z", "created": "2015-07-06T23:09:40.020Z", "headline_expr": "{{name}}", "long_definition": "Any electronic message, including emails, texts, and messages through social networking services.", "entity_name": "Message", "example": "Email from Carl, Facebook Message from Mom", "active": true, "datum_group": 4, "icon_class": "fa fa-comment-o", "readable_plural_name": "Messages", "readable_name": "Message", "short_definition": "Communication"}, "model": "datum.datumtype"}, {"pk": 19, "fields": {"schema_name": "post", "sort": 40150, "modified": "2015-07-06T23:08:20.041Z", "created": "2015-07-06T23:09:40.020Z", "headline_expr": "{{name}}", "long_definition": "Content from a streaming service provider, such as a blog or social networking post.", "entity_name": "Post", "example": "Blog Post about Drum Technique, Facebook Post about Nephews", "active": true, "datum_group": 4, "icon_class": "fa fa-rss", "readable_plural_name": "Posts", "readable_name": "Post", "short_definition": "Article"}, "model": "datum.datumtype"}, {"pk": 1, "fields": {"sort": 101001, "user": 1, "modified": "2015-07-06T23:08:18.293Z", "created": "2015-07-06T23:09:39.772Z", "active": true, "datum_type": 1}, "model": "datum.datumobject"}, {"pk": 2, "fields": {"sort": 101101, "user": 1, "modified": "2015-07-06T23:08:18.293Z", "created": "2015-07-06T23:09:39.772Z", "active": true, "datum_type": 2}, "model": "datum.datumobject"}, {"pk": 3, "fields": {"sort": 101002, "user": 1, "modified": "2015-07-06T23:08:18.293Z", "created": "2015-07-06T23:09:39.772Z", "active": true, "datum_type": 1}, "model": "datum.datumobject"}, {"pk": 6, "fields": {"sort": 101401, "user": 1, "modified": "2015-07-06T23:08:18.293Z", "created": "2015-07-06T23:09:39.772Z", "active": true, "datum_type": 5}, "model": "datum.datumobject"}, {"pk": 7, "fields": {"sort": 101501, "user": 1, "modified": "2015-07-06T23:08:18.293Z", "created": "2015-07-06T23:09:39.772Z", "active": true, "datum_type": 6}, "model": "datum.datumobject"}, {"pk": 8, "fields": {"sort": 101003, "user": 1, "modified": "2015-07-06T23:08:18.293Z", "created": "2015-07-06T23:09:39.772Z", "active": true, "datum_type": 1}, "model": "datum.datumobject"}, {"pk": 9, "fields": {"sort": 101301, "user": 1, "modified": "2015-07-06T23:08:18.293Z", "created": "2015-07-06T23:09:39.772Z", "active": true, "datum_type": 4}, "model": "datum.datumobject"}, {"pk": 10, "fields": {"sort": 101004, "user": 1, "modified": "2015-07-06T23:08:18.293Z", "created": "2015-07-06T23:09:39.772Z", "active": true, "datum_type": 1}, "model": "datum.datumobject"}, {"pk": 11, "fields": {"sort": 101601, "user": 1, "modified": "2015-07-06T23:08:18.293Z", "created": "2015-07-06T23:09:39.772Z", "active": true, "datum_type": 7}, "model": "datum.datumobject"}, {"pk": 12, "fields": {"sort": 201001, "user": 1, "modified": "2015-07-06T23:08:18.293Z", "created": "2015-07-06T23:09:39.772Z", "active": true, "datum_type": 8}, "model": "datum.datumobject"}, {"pk": 13, "fields": {"sort": 201002, "user": 1, "modified": "2015-07-06T23:08:18.293Z", "created": "2015-07-06T23:09:39.772Z", "active": true, "datum_type": 8}, "model": "datum.datumobject"}, {"pk": 14, "fields": {"sort": 301101, "user": 1, "modified": "2015-07-06T23:08:18.293Z", "created": "2015-07-06T23:09:39.772Z", "active": true, "datum_type": 12}, "model": "datum.datumobject"}, {"pk": 15, "fields": {"sort": 201003, "user": 1, "modified": "2015-07-06T23:08:18.293Z", "created": "2015-07-06T23:09:39.772Z", "active": true, "datum_type": 8}, "model": "datum.datumobject"}, {"pk": 16, "fields": {"sort": 101201, "user": 1, "modified": "2015-07-06T23:08:18.293Z", "created": "2015-07-06T23:09:39.772Z", "active": true, "datum_type": 3}, "model": "datum.datumobject"}, {"pk": 17, "fields": {"sort": 101202, "user": 1, "modified": "2015-07-06T23:08:18.293Z", "created": "2015-07-06T23:09:39.772Z", "active": true, "datum_type": 3}, "model": "datum.datumobject"}, {"pk": 18, "fields": {"sort": 101203, "user": 1, "modified": "2015-07-06T23:08:18.293Z", "created": "2015-07-06T23:09:39.772Z", "active": true, "datum_type": 3}, "model": "datum.datumobject"}, {"pk": 19, "fields": {"sort": 301001, "user": 1, "modified": "2015-07-06T23:08:18.293Z", "created": "2015-07-06T23:09:39.772Z", "active": true, "datum_type": 11}, "model": "datum.datumobject"}, {"pk": 20, "fields": {"sort": 401301, "user": 1, "modified": "2015-07-06T23:08:18.293Z", "created": "2015-07-06T23:09:39.772Z", "active": true, "datum_type": 17}, "model": "datum.datumobject"}, {"pk": 21, "fields": {"sort": 101005, "user": 1, "modified": "2015-07-06T23:08:18.293Z", "created": "2015-07-06T23:09:39.772Z", "active": true, "datum_type": 1}, "model": "datum.datumobject"}, {"pk": 22, "fields": {"sort": 101006, "user": 1, "modified": "2015-07-06T23:08:18.293Z", "created": "2015-07-06T23:09:39.772Z", "active": true, "datum_type": 1}, "model": "datum.datumobject"}, {"pk": 23, "fields": {"sort": 401302, "user": 1, "modified": "2015-07-06T23:08:18.293Z", "created": "2015-07-06T23:09:39.772Z", "active": true, "datum_type": 17}, "model": "datum.datumobject"}, {"pk": 25, "fields": {"sort": 401101, "user": 1, "modified": "2015-07-06T23:08:18.293Z", "created": "2015-07-06T23:09:39.772Z", "active": true, "datum_type": 15}, "model": "datum.datumobject"}, {"pk": 1, "fields": {"schema_name": "string", "long_definition": "Used for all major text-based elements", "sort": 10, "entity_name": "String", "example": null, "modified": "2015-07-06T23:08:22.548Z", "created": "2015-07-06T23:09:41.211Z", "short_definition": "VarChar(255)", "active": true, "readable_name": "String", "readable_plural_name": "Strings"}, "model": "element_type.elementdatatype"}, {"pk": 2, "fields": {"schema_name": "text_data", "long_definition": "Only used for string-based sub-data types, such as json or html", "sort": 20, "entity_name": "TextData", "example": null, "modified": "2015-07-06T23:08:22.548Z", "created": "2015-07-06T23:09:41.211Z", "short_definition": "Text", "active": true, "readable_name": "Text Data", "readable_plural_name": "Text Data"}, "model": "element_type.elementdatatype"}, {"pk": 3, "fields": {"schema_name": "boolean", "long_definition": null, "sort": 30, "entity_name": "Boolean", "example": null, "modified": "2015-07-06T23:08:22.548Z", "created": "2015-07-06T23:09:41.211Z", "short_definition": "Boolean", "active": true, "readable_name": "Boolean", "readable_plural_name": "Booleans"}, "model": "element_type.elementdatatype"}, {"pk": 4, "fields": {"schema_name": "datetime", "long_definition": null, "sort": 40, "entity_name": "Datetime", "example": null, "modified": "2015-07-06T23:08:22.548Z", "created": "2015-07-06T23:09:41.211Z", "short_definition": "Datetime with Timezone", "active": true, "readable_name": "Datetime", "readable_plural_name": "Datetimes"}, "model": "element_type.elementdatatype"}, {"pk": 5, "fields": {"schema_name": "decimal", "long_definition": "Use str_expression and UI to manage scale", "sort": 50, "entity_name": "Decimal", "example": null, "modified": "2015-07-06T23:08:22.548Z", "created": "2015-07-06T23:09:41.211Z", "short_definition": "Number", "active": true, "readable_name": "Decimal", "readable_plural_name": "Decimals"}, "model": "element_type.elementdatatype"}, {"pk": 6, "fields": {"schema_name": "binary", "long_definition": "Used for any attachments and large data", "sort": 60, "entity_name": "Binary", "example": null, "modified": "2015-07-06T23:08:22.548Z", "created": "2015-07-06T23:09:41.211Z", "short_definition": "Blob", "active": true, "readable_name": "Binary", "readable_plural_name": "Binarys"}, "model": "element_type.elementdatatype"}, {"pk": 1, "fields": {"schema_name": "name", "sort": 110, "modified": "2015-07-06T23:08:30.550Z", "created": "2015-07-06T23:09:43.747Z", "long_definition": "Commonly used for string representation of object.", "element_data_type": 1, "entity_name": "Name", "str_expression": "", "element_view": "ElementText", "example": null, "active": true, "editable": true, "readable_plural_name": "Names", "readable_name": "Name", "short_definition": null}, "model": "element_type.elementtype"}, {"pk": 2, "fields": {"schema_name": "description", "sort": 120, "modified": "2015-07-06T23:08:30.550Z", "created": "2015-07-06T23:09:43.747Z", "long_definition": null, "element_data_type": 1, "entity_name": "Description", "str_expression": "", "element_view": "ElementText", "example": null, "active": true, "editable": true, "readable_plural_name": "Descriptions", "readable_name": "Description", "short_definition": null}, "model": "element_type.elementtype"}, {"pk": 3, "fields": {"schema_name": "first_name", "sort": 130, "modified": "2015-07-06T23:08:30.550Z", "created": "2015-07-06T23:09:43.747Z", "long_definition": null, "element_data_type": 1, "entity_name": "FirstName", "str_expression": "", "element_view": "ElementText", "example": null, "active": true, "editable": true, "readable_plural_name": "First Names", "readable_name": "First Name", "short_definition": null}, "model": "element_type.elementtype"}, {"pk": 4, "fields": {"schema_name": "last_name", "sort": 140, "modified": "2015-07-06T23:08:30.550Z", "created": "2015-07-06T23:09:43.747Z", "long_definition": null, "element_data_type": 1, "entity_name": "LastName", "str_expression": "", "element_view": "ElementText", "example": null, "active": true, "editable": true, "readable_plural_name": "Last Names", "readable_name": "Last Name", "short_definition": null}, "model": "element_type.elementtype"}, {"pk": 5, "fields": {"schema_name": "nickname", "sort": 150, "modified": "2015-07-06T23:08:30.550Z", "created": "2015-07-06T23:09:43.747Z", "long_definition": null, "element_data_type": 1, "entity_name": "Nickname", "str_expression": "", "element_view": "ElementText", "example": null, "active": true, "editable": true, "readable_plural_name": "Nicknames", "readable_name": "Nickname", "short_definition": null}, "model": "element_type.elementtype"}, {"pk": 6, "fields": {"schema_name": "birthday", "sort": 160, "modified": "2015-07-06T23:08:30.550Z", "created": "2015-07-06T23:09:43.747Z", "long_definition": "", "element_data_type": 4, "entity_name": "Birthday", "str_expression": "{{ value|date:'F j, Y' }}", "element_view": "ElementDate", "example": "", "active": true, "editable": true, "readable_plural_name": "Birthdays", "readable_name": "Birthday", "short_definition": ""}, "model": "element_type.elementtype"}, {"pk": 7, "fields": {"schema_name": "entity_type", "sort": 170, "modified": "2015-07-06T23:08:30.550Z", "created": "2015-07-06T23:09:43.747Z", "long_definition": "Organization types, including business, government, social, etc.", "element_data_type": 1, "entity_name": "EntityType", "str_expression": "", "element_view": "ElementSelect", "example": "", "active": true, "editable": true, "readable_plural_name": "Entity Types", "readable_name": "Entity Type", "short_definition": ""}, "model": "element_type.elementtype"}, {"pk": 8, "fields": {"schema_name": "street_address", "sort": 180, "modified": "2015-07-06T23:08:30.550Z", "created": "2015-07-06T23:09:43.747Z", "long_definition": null, "element_data_type": 1, "entity_name": "StreetAddress", "str_expression": "", "element_view": "ElementText", "example": null, "active": true, "editable": true, "readable_plural_name": "Street Addresses", "readable_name": "Street Address", "short_definition": null}, "model": "element_type.elementtype"}, {"pk": 9, "fields": {"schema_name": "city", "sort": 190, "modified": "2015-07-06T23:08:30.550Z", "created": "2015-07-06T23:09:43.747Z", "long_definition": null, "element_data_type": 1, "entity_name": "City", "str_expression": "", "element_view": "ElementText", "example": null, "active": true, "editable": true, "readable_plural_name": "Citys", "readable_name": "City", "short_definition": null}, "model": "element_type.elementtype"}, {"pk": 10, "fields": {"schema_name": "state", "sort": 200, "modified": "2015-07-06T23:08:30.550Z", "created": "2015-07-06T23:09:43.747Z", "long_definition": null, "element_data_type": 1, "entity_name": "State", "str_expression": "", "element_view": "ElementText", "example": null, "active": true, "editable": true, "readable_plural_name": "States", "readable_name": "State", "short_definition": null}, "model": "element_type.elementtype"}, {"pk": 11, "fields": {"schema_name": "zip", "sort": 210, "modified": "2015-07-06T23:08:30.550Z", "created": "2015-07-06T23:09:43.747Z", "long_definition": null, "element_data_type": 1, "entity_name": "Zip", "str_expression": "", "element_view": "ElementText", "example": null, "active": true, "editable": true, "readable_plural_name": "Zips", "readable_name": "Zip", "short_definition": null}, "model": "element_type.elementtype"}, {"pk": 12, "fields": {"schema_name": "country", "sort": 220, "modified": "2015-07-06T23:08:30.550Z", "created": "2015-07-06T23:09:43.747Z", "long_definition": null, "element_data_type": 1, "entity_name": "Country", "str_expression": "", "element_view": "ElementText", "example": null, "active": true, "editable": true, "readable_plural_name": "Countries", "readable_name": "Country", "short_definition": null}, "model": "element_type.elementtype"}, {"pk": 13, "fields": {"schema_name": "latitude", "sort": 230, "modified": "2015-07-06T23:08:30.550Z", "created": "2015-07-06T23:09:43.747Z", "long_definition": "In decimal degrees", "element_data_type": 5, "entity_name": "Latitude", "str_expression": "{{ value|floatformat:6 }}", "element_view": "ElementText", "example": "", "active": true, "editable": true, "readable_plural_name": "Latitudes", "readable_name": "Latitude", "short_definition": ""}, "model": "element_type.elementtype"}, {"pk": 14, "fields": {"schema_name": "longitude", "sort": 240, "modified": "2015-07-06T23:08:30.550Z", "created": "2015-07-06T23:09:43.747Z", "long_definition": "In decimal degrees", "element_data_type": 5, "entity_name": "Longitude", "str_expression": "{{ value|floatformat:6 }}", "element_view": "ElementText", "example": "", "active": true, "editable": true, "readable_plural_name": "Longitudes", "readable_name": "Longitude", "short_definition": ""}, "model": "element_type.elementtype"}, {"pk": 15, "fields": {"schema_name": "phone", "sort": 250, "modified": "2015-07-06T23:08:30.550Z", "created": "2015-07-06T23:09:43.747Z", "long_definition": "", "element_data_type": 1, "entity_name": "Phone", "str_expression": "", "element_view": "ElementText", "example": "", "active": true, "editable": true, "readable_plural_name": "Phones", "readable_name": "Phone", "short_definition": ""}, "model": "element_type.elementtype"}, {"pk": 16, "fields": {"schema_name": "email", "sort": 260, "modified": "2015-07-06T23:08:30.550Z", "created": "2015-07-06T23:09:43.747Z", "long_definition": "", "element_data_type": 1, "entity_name": "Email", "str_expression": "", "element_view": "ElementText", "example": "", "active": true, "editable": true, "readable_plural_name": "Emails", "readable_name": "Email", "short_definition": ""}, "model": "element_type.elementtype"}, {"pk": 17, "fields": {"schema_name": "website", "sort": 270, "modified": "2015-07-06T23:08:30.550Z", "created": "2015-07-06T23:09:43.747Z", "long_definition": "", "element_data_type": 1, "entity_name": "Website", "str_expression": "", "element_view": "ElementText", "example": "", "active": true, "editable": true, "readable_plural_name": "Websites", "readable_name": "Website", "short_definition": ""}, "model": "element_type.elementtype"}, {"pk": 18, "fields": {"schema_name": "facebook", "sort": 280, "modified": "2015-07-06T23:08:30.550Z", "created": "2015-07-06T23:09:43.747Z", "long_definition": "", "element_data_type": 1, "entity_name": "Facebook", "str_expression": "", "element_view": "ElementText", "example": "", "active": true, "editable": true, "readable_plural_name": "Facebook", "readable_name": "Facebook", "short_definition": ""}, "model": "element_type.elementtype"}, {"pk": 19, "fields": {"schema_name": "linkedin", "sort": 290, "modified": "2015-07-06T23:08:30.550Z", "created": "2015-07-06T23:09:43.747Z", "long_definition": "", "element_data_type": 1, "entity_name": "LinkedIn", "str_expression": "", "element_view": "ElementText", "example": "", "active": true, "editable": true, "readable_plural_name": "LinkedIn", "readable_name": "LinkedIn", "short_definition": ""}, "model": "element_type.elementtype"}, {"pk": 20, "fields": {"schema_name": "twitter", "sort": 300, "modified": "2015-07-06T23:08:30.550Z", "created": "2015-07-06T23:09:43.747Z", "long_definition": "", "element_data_type": 1, "entity_name": "Twitter", "str_expression": "", "element_view": "ElementText", "example": "", "active": true, "editable": true, "readable_plural_name": "Twitter", "readable_name": "Twitter", "short_definition": ""}, "model": "element_type.elementtype"}, {"pk": 21, "fields": {"schema_name": "action_status", "sort": 310, "modified": "2015-07-06T23:08:30.550Z", "created": "2015-07-06T23:09:43.747Z", "long_definition": "", "element_data_type": 1, "entity_name": "ActionStatus", "str_expression": "", "element_view": "ElementSelect", "example": "", "active": true, "editable": true, "readable_plural_name": "Statuses", "readable_name": "Status", "short_definition": ""}, "model": "element_type.elementtype"}, {"pk": 22, "fields": {"schema_name": "action_effort", "sort": 320, "modified": "2015-07-06T23:08:30.550Z", "created": "2015-07-06T23:09:43.747Z", "long_definition": "", "element_data_type": 5, "entity_name": "ActionEffort", "str_expression": "{{ value|floatformat:0 }}", "element_view": "ElementSelect", "example": "", "active": true, "editable": true, "readable_plural_name": "Effort", "readable_name": "Effort", "short_definition": ""}, "model": "element_type.elementtype"}, {"pk": 23, "fields": {"schema_name": "schedule_type", "sort": 330, "modified": "2015-07-06T23:08:30.550Z", "created": "2015-07-06T23:09:43.747Z", "long_definition": "", "element_data_type": 1, "entity_name": "ScheduleType", "str_expression": "", "element_view": "ElementSelect", "example": "", "active": true, "editable": true, "readable_plural_name": "Schedule Types", "readable_name": "Schedule Type", "short_definition": ""}, "model": "element_type.elementtype"}, {"pk": 24, "fields": {"schema_name": "beginning_buffer", "sort": 340, "modified": "2015-07-06T23:08:30.550Z", "created": "2015-07-06T23:09:43.747Z", "long_definition": "", "element_data_type": 4, "entity_name": "BeginningBuffer", "str_expression": "{{ value|date:'F j, Y g:i A'}}", "element_view": "ElementDatetime", "example": "", "active": true, "editable": true, "readable_plural_name": "Beginning Buffers", "readable_name": "Beginning Buffer", "short_definition": ""}, "model": "element_type.elementtype"}, {"pk": 25, "fields": {"schema_name": "beginning_event", "sort": 350, "modified": "2015-07-06T23:08:30.550Z", "created": "2015-07-06T23:09:43.747Z", "long_definition": "", "element_data_type": 4, "entity_name": "BeginningEvent", "str_expression": "{{ value|date:'F j, Y g:i A'}}", "element_view": "ElementDatetime", "example": "", "active": true, "editable": true, "readable_plural_name": "Beginning Events", "readable_name": "Beginning Event", "short_definition": ""}, "model": "element_type.elementtype"}, {"pk": 26, "fields": {"schema_name": "ending_event", "sort": 360, "modified": "2015-07-06T23:08:30.550Z", "created": "2015-07-06T23:09:43.747Z", "long_definition": "", "element_data_type": 4, "entity_name": "EndingEvent", "str_expression": "{{ value|date:'F j, Y g:i A'}}", "element_view": "ElementDatetime", "example": "", "active": true, "editable": true, "readable_plural_name": "Ending Events", "readable_name": "Ending Event", "short_definition": ""}, "model": "element_type.elementtype"}, {"pk": 27, "fields": {"schema_name": "ending_buffer", "sort": 370, "modified": "2015-07-06T23:08:30.550Z", "created": "2015-07-06T23:09:43.747Z", "long_definition": "", "element_data_type": 4, "entity_name": "EndingBuffer", "str_expression": "{{ value|date:'F j, Y g:i A'}}", "element_view": "ElementDatetime", "example": "", "active": true, "editable": true, "readable_plural_name": "Ending Buffers", "readable_name": "Ending Buffer", "short_definition": ""}, "model": "element_type.elementtype"}, {"pk": 28, "fields": {"schema_name": "event_time", "sort": 380, "modified": "2015-07-06T23:08:30.550Z", "created": "2015-07-06T23:09:43.747Z", "long_definition": "", "element_data_type": 5, "entity_name": "EventTime", "str_expression": "{{ value|floatformat:2 }}", "element_view": "ElementText", "example": "", "active": true, "editable": true, "readable_plural_name": "Event Times", "readable_name": "Event Time", "short_definition": ""}, "model": "element_type.elementtype"}, {"pk": 29, "fields": {"schema_name": "total_time", "sort": 390, "modified": "2015-07-06T23:08:30.550Z", "created": "2015-07-06T23:09:43.747Z", "long_definition": "", "element_data_type": 5, "entity_name": "TotalTime", "str_expression": "{{ value|floatformat:2 }}", "element_view": "ElementText", "example": "", "active": true, "editable": true, "readable_plural_name": "Total Times", "readable_name": "Total Time", "short_definition": ""}, "model": "element_type.elementtype"}, {"pk": 30, "fields": {"schema_name": "recurring_options", "sort": 400, "modified": "2015-07-06T23:08:30.550Z", "created": "2015-07-06T23:09:43.747Z", "long_definition": null, "element_data_type": 2, "entity_name": "RecurringOptions", "str_expression": "", "element_view": "ElementText", "example": null, "active": true, "editable": true, "readable_plural_name": "Recurring Optionss", "readable_name": "Recurring Options", "short_definition": null}, "model": "element_type.elementtype"}, {"pk": 31, "fields": {"schema_name": "alert", "sort": 410, "modified": "2015-07-06T23:08:30.550Z", "created": "2015-07-06T23:09:43.747Z", "long_definition": "", "element_data_type": 4, "entity_name": "Alert", "str_expression": "{{ value|date:'F j, Y g:i A'}}", "element_view": "ElementDatetime", "example": "", "active": true, "editable": true, "readable_plural_name": "Alerts", "readable_name": "Alert", "short_definition": ""}, "model": "element_type.elementtype"}, {"pk": 32, "fields": {"schema_name": "logged_in", "sort": 420, "modified": "2015-07-06T23:08:30.550Z", "created": "2015-07-06T23:09:43.747Z", "long_definition": "", "element_data_type": 3, "entity_name": "LoggedIn", "str_expression": "", "element_view": "ElementText", "example": null, "active": true, "editable": true, "readable_plural_name": "Logged In", "readable_name": "Logged In", "short_definition": ""}, "model": "element_type.elementtype"}, {"pk": 33, "fields": {"schema_name": "item_status", "sort": 430, "modified": "2015-07-06T23:08:30.550Z", "created": "2015-07-06T23:09:43.747Z", "long_definition": null, "element_data_type": 1, "entity_name": "ItemStatus", "str_expression": "", "element_view": "ElementText", "example": null, "active": true, "editable": true, "readable_plural_name": "Item Statuses", "readable_name": "Item Status", "short_definition": null}, "model": "element_type.elementtype"}, {"pk": 34, "fields": {"schema_name": "item_content", "sort": 440, "modified": "2015-07-06T23:08:30.550Z", "created": "2015-07-06T23:09:43.747Z", "long_definition": null, "element_data_type": 2, "entity_name": "ItemContent", "str_expression": "", "element_view": "ElementText", "example": null, "active": true, "editable": true, "readable_plural_name": "Item Contents", "readable_name": "Item Content", "short_definition": null}, "model": "element_type.elementtype"}, {"pk": 35, "fields": {"schema_name": "from", "sort": 450, "modified": "2015-07-06T23:08:30.550Z", "created": "2015-07-06T23:09:43.747Z", "long_definition": null, "element_data_type": 1, "entity_name": "From", "str_expression": "", "element_view": "ElementText", "example": null, "active": true, "editable": true, "readable_plural_name": "Froms", "readable_name": "From", "short_definition": null}, "model": "element_type.elementtype"}, {"pk": 36, "fields": {"schema_name": "to", "sort": 460, "modified": "2015-07-06T23:08:30.550Z", "created": "2015-07-06T23:09:43.747Z", "long_definition": null, "element_data_type": 1, "entity_name": "To", "str_expression": "", "element_view": "ElementText", "example": null, "active": true, "editable": true, "readable_plural_name": "Tos", "readable_name": "To", "short_definition": null}, "model": "element_type.elementtype"}, {"pk": 37, "fields": {"schema_name": "link", "sort": 470, "modified": "2015-07-06T23:08:30.550Z", "created": "2015-07-06T23:09:43.747Z", "long_definition": "Any local, network, or www address", "element_data_type": 1, "entity_name": "Link", "str_expression": "", "element_view": "ElementText", "example": "", "active": true, "editable": true, "readable_plural_name": "Links", "readable_name": "Link", "short_definition": "URL"}, "model": "element_type.elementtype"}, {"pk": 38, "fields": {"schema_name": "attachment", "sort": 480, "modified": "2015-07-06T23:08:30.550Z", "created": "2015-07-06T23:09:43.747Z", "long_definition": "File attachment", "element_data_type": 1, "entity_name": "Attachment", "str_expression": "", "element_view": "ElementText", "example": "", "active": true, "editable": true, "readable_plural_name": "Attachments", "readable_name": "Attachment", "short_definition": ""}, "model": "element_type.elementtype"}, {"pk": 39, "fields": {"schema_name": "creation_date", "sort": 490, "modified": "2015-07-06T23:08:30.550Z", "created": "2015-07-06T23:09:43.747Z", "long_definition": "SHOULD THIS BE ROLLED INTO EVENTS?", "element_data_type": 4, "entity_name": "CreationDate", "str_expression": "{{ value|date:'F j, Y g:i A'}}", "element_view": "ElementDatetime", "example": "", "active": true, "editable": true, "readable_plural_name": "Creation Dates", "readable_name": "Creation Date", "short_definition": ""}, "model": "element_type.elementtype"}, {"pk": 40, "fields": {"schema_name": "modification_date", "sort": 500, "modified": "2015-07-06T23:08:30.550Z", "created": "2015-07-06T23:09:43.747Z", "long_definition": "SHOULD THIS BE ROLLED INTO EVENTS?", "element_data_type": 4, "entity_name": "ModificationDate", "str_expression": "{{ value|date:'F j, Y g:i A'}}", "element_view": "ElementDatetime", "example": "", "active": true, "editable": true, "readable_plural_name": "Modification Dates", "readable_name": "Modification Date", "short_definition": ""}, "model": "element_type.elementtype"}, {"pk": 1, "fields": {"schema_name": "business", "sort": 17010, "modified": "2015-07-06T23:08:29.013Z", "created": "2015-07-06T23:09:43.452Z", "long_definition": null, "element_type": 7, "entity_name": "Business", "example": null, "active": true, "readable_plural_name": "Businesses", "readable_name": "Business", "short_definition": null}, "model": "element_type.elementoption"}, {"pk": 2, "fields": {"schema_name": "non-profit", "sort": 17020, "modified": "2015-07-06T23:08:29.013Z", "created": "2015-07-06T23:09:43.452Z", "long_definition": null, "element_type": 7, "entity_name": "Non-Profit", "example": null, "active": true, "readable_plural_name": "Non-Profits", "readable_name": "Non-Profit", "short_definition": null}, "model": "element_type.elementoption"}, {"pk": 3, "fields": {"schema_name": "education", "sort": 17030, "modified": "2015-07-06T23:08:29.013Z", "created": "2015-07-06T23:09:43.452Z", "long_definition": null, "element_type": 7, "entity_name": "Education", "example": null, "active": true, "readable_plural_name": "Education", "readable_name": "Education", "short_definition": null}, "model": "element_type.elementoption"}, {"pk": 4, "fields": {"schema_name": "food", "sort": 17040, "modified": "2015-07-06T23:08:29.013Z", "created": "2015-07-06T23:09:43.452Z", "long_definition": null, "element_type": 7, "entity_name": "Food", "example": null, "active": true, "readable_plural_name": "Food", "readable_name": "Food", "short_definition": null}, "model": "element_type.elementoption"}, {"pk": 5, "fields": {"schema_name": "service", "sort": 17050, "modified": "2015-07-06T23:08:29.013Z", "created": "2015-07-06T23:09:43.452Z", "long_definition": null, "element_type": 7, "entity_name": "Service", "example": null, "active": true, "readable_plural_name": "Services", "readable_name": "Service", "short_definition": null}, "model": "element_type.elementoption"}, {"pk": 6, "fields": {"schema_name": "cultural", "sort": 17060, "modified": "2015-07-06T23:08:29.013Z", "created": "2015-07-06T23:09:43.452Z", "long_definition": null, "element_type": 7, "entity_name": "Cultural", "example": null, "active": true, "readable_plural_name": "Cultural", "readable_name": "Cultural", "short_definition": null}, "model": "element_type.elementoption"}, {"pk": 7, "fields": {"schema_name": "religious", "sort": 17070, "modified": "2015-07-06T23:08:29.013Z", "created": "2015-07-06T23:09:43.452Z", "long_definition": null, "element_type": 7, "entity_name": "Religious", "example": null, "active": true, "readable_plural_name": "Religious", "readable_name": "Religious", "short_definition": null}, "model": "element_type.elementoption"}, {"pk": 8, "fields": {"schema_name": "government", "sort": 17080, "modified": "2015-07-06T23:08:29.013Z", "created": "2015-07-06T23:09:43.452Z", "long_definition": null, "element_type": 7, "entity_name": "Government", "example": null, "active": true, "readable_plural_name": "Governments", "readable_name": "Government", "short_definition": null}, "model": "element_type.elementoption"}, {"pk": 9, "fields": {"schema_name": "social", "sort": 17090, "modified": "2015-07-06T23:08:29.013Z", "created": "2015-07-06T23:09:43.452Z", "long_definition": null, "element_type": 7, "entity_name": "Social", "example": null, "active": true, "readable_plural_name": "Social", "readable_name": "Social", "short_definition": null}, "model": "element_type.elementoption"}, {"pk": 10, "fields": {"schema_name": "new", "sort": 30010, "modified": "2015-07-06T23:08:29.013Z", "created": "2015-07-06T23:09:43.452Z", "long_definition": "Action just added to Tracuse that need to be reviewed for reclassification.", "element_type": 21, "entity_name": "ActionNew", "example": null, "active": true, "readable_plural_name": "New", "readable_name": "New", "short_definition": "Just Created"}, "model": "element_type.elementoption"}, {"pk": 11, "fields": {"schema_name": "someday", "sort": 30020, "modified": "2015-07-06T23:08:29.013Z", "created": "2015-07-06T23:09:43.452Z", "long_definition": "Action that may not complete for years, months, or ever.", "element_type": 21, "entity_name": "ActionSomeday", "example": null, "active": true, "readable_plural_name": "Someday", "readable_name": "Someday", "short_definition": "Deferred Indefinitely"}, "model": "element_type.elementoption"}, {"pk": 12, "fields": {"schema_name": "upcoming", "sort": 30030, "modified": "2015-07-06T23:08:29.013Z", "created": "2015-07-06T23:09:43.452Z", "long_definition": "Action that is coming up in the next month or so and needs some basic attention.", "element_type": 21, "entity_name": "ActionUpcoming", "example": null, "active": true, "readable_plural_name": "Upcoming", "readable_name": "Upcoming", "short_definition": "On the Horizon"}, "model": "element_type.elementoption"}, {"pk": 13, "fields": {"schema_name": "current", "sort": 30040, "modified": "2015-07-06T23:08:29.013Z", "created": "2015-07-06T23:09:43.452Z", "long_definition": "Action to be completed immediately.  Highly visible on your lists.", "element_type": 21, "entity_name": "ActionCurrent", "example": null, "active": true, "readable_plural_name": "Current", "readable_name": "Current", "short_definition": "Active Now"}, "model": "element_type.elementoption"}, {"pk": 14, "fields": {"schema_name": "in_progress", "sort": 30050, "modified": "2015-07-06T23:08:29.013Z", "created": "2015-07-06T23:09:43.452Z", "long_definition": "Action that has paused after starting. Should be used rarely.", "element_type": 21, "entity_name": "ActionInProgress", "example": null, "active": true, "readable_plural_name": "In Progress", "readable_name": "In Progress", "short_definition": "Being Done"}, "model": "element_type.elementoption"}, {"pk": 15, "fields": {"schema_name": "complete", "sort": 30060, "modified": "2015-07-06T23:08:29.013Z", "created": "2015-07-06T23:09:43.452Z", "long_definition": "Action that has completed.  Way to go!", "element_type": 21, "entity_name": "ActionComplete", "example": null, "active": true, "readable_plural_name": "Complete", "readable_name": "Complete", "short_definition": "DONE"}, "model": "element_type.elementoption"}, {"pk": 16, "fields": {"schema_name": "waitingfor", "sort": 30070, "modified": "2015-07-06T23:08:29.013Z", "created": "2015-07-06T23:09:43.452Z", "long_definition": "Action that has been assigned to someone else, but you want to keep track of it.", "element_type": 21, "entity_name": "ActionWaitingFor", "example": null, "active": true, "readable_plural_name": "WaitingFor", "readable_name": "WaitingFor", "short_definition": "For Someone Else"}, "model": "element_type.elementoption"}, {"pk": 17, "fields": {"schema_name": "1", "sort": 32010, "modified": "2015-07-06T23:08:29.013Z", "created": "2015-07-06T23:09:43.452Z", "long_definition": null, "element_type": 22, "entity_name": "1", "example": null, "active": true, "readable_plural_name": "1", "readable_name": "1", "short_definition": "Very Easy"}, "model": "element_type.elementoption"}, {"pk": 18, "fields": {"schema_name": "2", "sort": 32020, "modified": "2015-07-06T23:08:29.013Z", "created": "2015-07-06T23:09:43.452Z", "long_definition": null, "element_type": 22, "entity_name": "2", "example": null, "active": true, "readable_plural_name": "2", "readable_name": "2", "short_definition": "Easy"}, "model": "element_type.elementoption"}, {"pk": 19, "fields": {"schema_name": "3", "sort": 32030, "modified": "2015-07-06T23:08:29.013Z", "created": "2015-07-06T23:09:43.452Z", "long_definition": null, "element_type": 22, "entity_name": "3", "example": null, "active": true, "readable_plural_name": "3", "readable_name": "3", "short_definition": "Neither Easy or Hard"}, "model": "element_type.elementoption"}, {"pk": 20, "fields": {"schema_name": "4", "sort": 32040, "modified": "2015-07-06T23:08:29.013Z", "created": "2015-07-06T23:09:43.452Z", "long_definition": null, "element_type": 22, "entity_name": "4", "example": null, "active": true, "readable_plural_name": "4", "readable_name": "4", "short_definition": "Hard"}, "model": "element_type.elementoption"}, {"pk": 21, "fields": {"schema_name": "5", "sort": 32050, "modified": "2015-07-06T23:08:29.013Z", "created": "2015-07-06T23:09:43.452Z", "long_definition": null, "element_type": 22, "entity_name": "5", "example": null, "active": true, "readable_plural_name": "5", "readable_name": "5", "short_definition": "Very Hard"}, "model": "element_type.elementoption"}, {"pk": 22, "fields": {"schema_name": "actual", "sort": 32010, "modified": "2015-07-06T23:08:29.013Z", "created": "2015-07-06T23:09:43.452Z", "long_definition": "Use for any events that actually occur", "element_type": 23, "entity_name": "Actual", "example": null, "active": true, "readable_plural_name": "Actuals", "readable_name": "Actual", "short_definition": "Events Occurred"}, "model": "element_type.elementoption"}, {"pk": 23, "fields": {"schema_name": "planned", "sort": 32020, "modified": "2015-07-06T23:08:29.013Z", "created": "2015-07-06T23:09:43.452Z", "long_definition": "Use for any expected events", "element_type": 23, "entity_name": "Planned", "example": null, "active": true, "readable_plural_name": "Planneds", "readable_name": "Planned", "short_definition": "Events Expected"}, "model": "element_type.elementoption"}, {"pk": 24, "fields": {"schema_name": "placeholder", "sort": 40010, "modified": "2015-07-06T23:08:29.013Z", "created": "2015-07-06T23:09:43.452Z", "long_definition": null, "element_type": 30, "entity_name": "Placeholder", "example": null, "active": true, "readable_plural_name": "Placeholders", "readable_name": "Placeholder", "short_definition": null}, "model": "element_type.elementoption"}, {"pk": 25, "fields": {"schema_name": "new", "sort": 42010, "modified": "2015-07-06T23:08:29.013Z", "created": "2015-07-06T23:09:43.452Z", "long_definition": "Item just added to Tracuse that need to be reviewed for reclassification.", "element_type": 33, "entity_name": "ItemNew", "example": null, "active": true, "readable_plural_name": "New", "readable_name": "New", "short_definition": "Just Created"}, "model": "element_type.elementoption"}, {"pk": 26, "fields": {"schema_name": "start", "sort": 42020, "modified": "2015-07-06T23:08:29.013Z", "created": "2015-07-06T23:09:43.452Z", "long_definition": "Item just begun, may include outlining, research, and other preparation.", "element_type": 33, "entity_name": "ItemStart", "example": null, "active": true, "readable_plural_name": "Start", "readable_name": "Start", "short_definition": "Initial Review"}, "model": "element_type.elementoption"}, {"pk": 27, "fields": {"schema_name": "working", "sort": 42030, "modified": "2015-07-06T23:08:29.013Z", "created": "2015-07-06T23:09:43.452Z", "long_definition": "Primary work on Item. Can be reading, writing, consuming, producing, etc.", "element_type": 33, "entity_name": "ItemWorking", "example": null, "active": true, "readable_plural_name": "Working", "readable_name": "Working", "short_definition": "Main Action"}, "model": "element_type.elementoption"}, {"pk": 28, "fields": {"schema_name": "conclusion", "sort": 42040, "modified": "2015-07-06T23:08:29.013Z", "created": "2015-07-06T23:09:43.452Z", "long_definition": "Item in final stages.  Can be final draft, editing, or other wrap-up actions.", "element_type": 33, "entity_name": "ItemConclusion", "example": null, "active": true, "readable_plural_name": "Conclusion", "readable_name": "Conclusion", "short_definition": "Almost Complete"}, "model": "element_type.elementoption"}, {"pk": 29, "fields": {"schema_name": "complete", "sort": 42050, "modified": "2015-07-06T23:08:29.013Z", "created": "2015-07-06T23:09:43.452Z", "long_definition": "Item that has completed.  Way to go!", "element_type": 33, "entity_name": "ItemComplete", "example": null, "active": true, "readable_plural_name": "Complete", "readable_name": "Complete", "short_definition": "DONE"}, "model": "element_type.elementoption"}, {"pk": 1, "fields": {"schema_name": "category_name", "sort": 10100110, "primary_view": true, "datum_type": 1, "modified": "2015-07-06T23:08:25.981Z", "created": "2015-07-06T23:09:41.829Z", "long_definition": "", "element_type": 1, "entity_name": "CategoryName", "calc_expression": "", "example": "Home", "active": true, "readable_plural_name": "Categories - Names", "readable_name": "Category - Name", "short_definition": ""}, "model": "element_type.elementdatumtype"}, {"pk": 2, "fields": {"schema_name": "category_description", "sort": 10100120, "primary_view": false, "datum_type": 1, "modified": "2015-07-06T23:08:25.981Z", "created": "2015-07-06T23:09:41.829Z", "long_definition": null, "element_type": 2, "entity_name": "CategoryDescription", "calc_expression": "", "example": "Where the heart is", "active": true, "readable_plural_name": "Categories - Descriptions", "readable_name": "Category - Description", "short_definition": null}, "model": "element_type.elementdatumtype"}, {"pk": 3, "fields": {"schema_name": "project_name", "sort": 10110110, "primary_view": true, "datum_type": 2, "modified": "2015-07-06T23:08:25.981Z", "created": "2015-07-06T23:09:41.829Z", "long_definition": "", "element_type": 1, "entity_name": "ProjectName", "calc_expression": "", "example": "Marketing Initiative", "active": true, "readable_plural_name": "Projects - Names", "readable_name": "Project - Name", "short_definition": ""}, "model": "element_type.elementdatumtype"}, {"pk": 4, "fields": {"schema_name": "project_description", "sort": 10110120, "primary_view": false, "datum_type": 2, "modified": "2015-07-06T23:08:25.981Z", "created": "2015-07-06T23:09:41.829Z", "long_definition": null, "element_type": 2, "entity_name": "ProjectDescription", "calc_expression": "", "example": "Revamp marketing materials", "active": true, "readable_plural_name": "Projects - Descriptions", "readable_name": "Project - Description", "short_definition": null}, "model": "element_type.elementdatumtype"}, {"pk": 5, "fields": {"schema_name": "context_name", "sort": 10120110, "primary_view": true, "datum_type": 3, "modified": "2015-07-06T23:08:25.981Z", "created": "2015-07-06T23:09:41.829Z", "long_definition": "", "element_type": 1, "entity_name": "ContextName", "calc_expression": "", "example": "Call", "active": true, "readable_plural_name": "Contexts - Names", "readable_name": "Context - Name", "short_definition": ""}, "model": "element_type.elementdatumtype"}, {"pk": 6, "fields": {"schema_name": "context_description", "sort": 10120120, "primary_view": false, "datum_type": 3, "modified": "2015-07-06T23:08:25.981Z", "created": "2015-07-06T23:09:41.829Z", "long_definition": null, "element_type": 2, "entity_name": "ContextDescription", "calc_expression": "", "example": "Speaking to someone over the phone", "active": true, "readable_plural_name": "Contexts - Descriptions", "readable_name": "Context - Description", "short_definition": null}, "model": "element_type.elementdatumtype"}, {"pk": 7, "fields": {"schema_name": "person_name", "sort": 10130110, "primary_view": true, "datum_type": 4, "modified": "2015-07-06T23:08:25.981Z", "created": "2015-07-06T23:09:41.829Z", "long_definition": "Default = First Name + Last Name", "element_type": 1, "entity_name": "PersonName", "calc_expression": "{{ first_name }}{% if last_name %}{{ ' '|add:last_name }}{% endif %}", "example": "John Smith", "active": true, "readable_plural_name": "Persons - Names", "readable_name": "Person - Name", "short_definition": ""}, "model": "element_type.elementdatumtype"}, {"pk": 8, "fields": {"schema_name": "person_description", "sort": 10130120, "primary_view": false, "datum_type": 4, "modified": "2015-07-06T23:08:25.981Z", "created": "2015-07-06T23:09:41.829Z", "long_definition": null, "element_type": 2, "entity_name": "PersonDescription", "calc_expression": "", "example": "My pal John", "active": true, "readable_plural_name": "Persons - Descriptions", "readable_name": "Person - Description", "short_definition": null}, "model": "element_type.elementdatumtype"}, {"pk": 9, "fields": {"schema_name": "person_first_name", "sort": 10130130, "primary_view": false, "datum_type": 4, "modified": "2015-07-06T23:08:25.981Z", "created": "2015-07-06T23:09:41.829Z", "long_definition": "", "element_type": 3, "entity_name": "PersonFirstName", "calc_expression": "{{ name|truncatewords:1 }}", "example": "John", "active": true, "readable_plural_name": "Persons - First Names", "readable_name": "Person - First Name", "short_definition": ""}, "model": "element_type.elementdatumtype"}, {"pk": 10, "fields": {"schema_name": "person_last_name", "sort": 10130140, "primary_view": false, "datum_type": 4, "modified": "2015-07-06T23:08:25.981Z", "created": "2015-07-06T23:09:41.829Z", "long_definition": "", "element_type": 4, "entity_name": "PersonLastName", "calc_expression": "", "example": "Smith", "active": true, "readable_plural_name": "Persons - Last Names", "readable_name": "Person - Last Name", "short_definition": ""}, "model": "element_type.elementdatumtype"}, {"pk": 11, "fields": {"schema_name": "person_nickname", "sort": 10130150, "primary_view": false, "datum_type": 4, "modified": "2015-07-06T23:08:25.981Z", "created": "2015-07-06T23:09:41.829Z", "long_definition": null, "element_type": 5, "entity_name": "PersonNickname", "calc_expression": "", "example": "Johnny Boy", "active": true, "readable_plural_name": "Persons - Nicknames", "readable_name": "Person - Nickname", "short_definition": null}, "model": "element_type.elementdatumtype"}, {"pk": 12, "fields": {"schema_name": "person_birthday", "sort": 10130160, "primary_view": false, "datum_type": 4, "modified": "2015-07-06T23:08:25.981Z", "created": "2015-07-06T23:09:41.829Z", "long_definition": null, "element_type": 6, "entity_name": "PersonBirthday", "calc_expression": "", "example": "1/1/2001", "active": true, "readable_plural_name": "Persons - Birthdays", "readable_name": "Person - Birthday", "short_definition": null}, "model": "element_type.elementdatumtype"}, {"pk": 13, "fields": {"schema_name": "entity_name", "sort": 10140110, "primary_view": true, "datum_type": 5, "modified": "2015-07-06T23:08:25.981Z", "created": "2015-07-06T23:09:41.829Z", "long_definition": "", "element_type": 1, "entity_name": "EntityName", "calc_expression": "", "example": "Joe's Auto Shop", "active": true, "readable_plural_name": "Entities - Names", "readable_name": "Entity - Name", "short_definition": ""}, "model": "element_type.elementdatumtype"}, {"pk": 14, "fields": {"schema_name": "entity_description", "sort": 10140120, "primary_view": false, "datum_type": 5, "modified": "2015-07-06T23:08:25.981Z", "created": "2015-07-06T23:09:41.829Z", "long_definition": null, "element_type": 2, "entity_name": "EntityDescription", "calc_expression": "", "example": "Where I take my car", "active": true, "readable_plural_name": "Entities - Descriptions", "readable_name": "Entity - Description", "short_definition": null}, "model": "element_type.elementdatumtype"}, {"pk": 15, "fields": {"schema_name": "entity_entity_type", "sort": 10140170, "primary_view": false, "datum_type": 5, "modified": "2015-07-06T23:08:25.981Z", "created": "2015-07-06T23:09:41.829Z", "long_definition": null, "element_type": 7, "entity_name": "EntityEntityType", "calc_expression": "", "example": "Business", "active": true, "readable_plural_name": "Entities - Entity Types", "readable_name": "Entity - Entity Type", "short_definition": null}, "model": "element_type.elementdatumtype"}, {"pk": 16, "fields": {"schema_name": "location_name", "sort": 10150110, "primary_view": true, "datum_type": 6, "modified": "2015-07-06T23:08:25.981Z", "created": "2015-07-06T23:09:41.829Z", "long_definition": "Default = Person/Entity Name + *** + Location", "element_type": 1, "entity_name": "LocationName", "calc_expression": "", "example": "Joe's Auto Shop Main Address", "active": true, "readable_plural_name": "Locations - Names", "readable_name": "Location - Name", "short_definition": ""}, "model": "element_type.elementdatumtype"}, {"pk": 17, "fields": {"schema_name": "location_description", "sort": 10150120, "primary_view": false, "datum_type": 6, "modified": "2015-07-06T23:08:25.981Z", "created": "2015-07-06T23:09:41.829Z", "long_definition": null, "element_type": 2, "entity_name": "LocationDescription", "calc_expression": "", "example": "Next to the convenience store", "active": true, "readable_plural_name": "Locations - Descriptions", "readable_name": "Location - Description", "short_definition": null}, "model": "element_type.elementdatumtype"}, {"pk": 18, "fields": {"schema_name": "location_street_address", "sort": 10150180, "primary_view": false, "datum_type": 6, "modified": "2015-07-06T23:08:25.981Z", "created": "2015-07-06T23:09:41.829Z", "long_definition": null, "element_type": 8, "entity_name": "LocationStreetAddress", "calc_expression": "", "example": "123 Main St", "active": true, "readable_plural_name": "Locations - Street Addresses", "readable_name": "Location - Street Address", "short_definition": null}, "model": "element_type.elementdatumtype"}, {"pk": 19, "fields": {"schema_name": "location_city", "sort": 10150190, "primary_view": false, "datum_type": 6, "modified": "2015-07-06T23:08:25.981Z", "created": "2015-07-06T23:09:41.829Z", "long_definition": null, "element_type": 9, "entity_name": "LocationCity", "calc_expression": "", "example": "Portland", "active": true, "readable_plural_name": "Locations - Citys", "readable_name": "Location - City", "short_definition": null}, "model": "element_type.elementdatumtype"}, {"pk": 20, "fields": {"schema_name": "location_state", "sort": 10150200, "primary_view": false, "datum_type": 6, "modified": "2015-07-06T23:08:25.981Z", "created": "2015-07-06T23:09:41.829Z", "long_definition": null, "element_type": 10, "entity_name": "LocationState", "calc_expression": "", "example": "OR", "active": true, "readable_plural_name": "Locations - States", "readable_name": "Location - State", "short_definition": null}, "model": "element_type.elementdatumtype"}, {"pk": 21, "fields": {"schema_name": "location_zip", "sort": 10150210, "primary_view": false, "datum_type": 6, "modified": "2015-07-06T23:08:25.981Z", "created": "2015-07-06T23:09:41.829Z", "long_definition": null, "element_type": 11, "entity_name": "LocationZip", "calc_expression": "", "example": "97209", "active": true, "readable_plural_name": "Locations - Zips", "readable_name": "Location - Zip", "short_definition": null}, "model": "element_type.elementdatumtype"}, {"pk": 22, "fields": {"schema_name": "location_country", "sort": 10150220, "primary_view": false, "datum_type": 6, "modified": "2015-07-06T23:08:25.981Z", "created": "2015-07-06T23:09:41.829Z", "long_definition": null, "element_type": 12, "entity_name": "LocationCountry", "calc_expression": "", "example": "USA", "active": true, "readable_plural_name": "Locations - Countries", "readable_name": "Location - Country", "short_definition": null}, "model": "element_type.elementdatumtype"}, {"pk": 23, "fields": {"schema_name": "location_latitude", "sort": 10150230, "primary_view": false, "datum_type": 6, "modified": "2015-07-06T23:08:25.981Z", "created": "2015-07-06T23:09:41.829Z", "long_definition": null, "element_type": 13, "entity_name": "LocationLatitude", "calc_expression": "", "example": "45.515586", "active": true, "readable_plural_name": "Locations - Latitudes", "readable_name": "Location - Latitude", "short_definition": null}, "model": "element_type.elementdatumtype"}, {"pk": 24, "fields": {"schema_name": "location_longitude", "sort": 10150240, "primary_view": false, "datum_type": 6, "modified": "2015-07-06T23:08:25.981Z", "created": "2015-07-06T23:09:41.829Z", "long_definition": null, "element_type": 14, "entity_name": "LocationLongitude", "calc_expression": "", "example": "-122.692291", "active": true, "readable_plural_name": "Locations - Longitudes", "readable_name": "Location - Longitude", "short_definition": null}, "model": "element_type.elementdatumtype"}, {"pk": 25, "fields": {"schema_name": "contact_name", "sort": 10160110, "primary_view": true, "datum_type": 7, "modified": "2015-07-06T23:08:25.981Z", "created": "2015-07-06T23:09:41.829Z", "long_definition": "Default = Person/Entity Name + *** + Contact", "element_type": 1, "entity_name": "ContactName", "calc_expression": "", "example": "Joe's Auto Shop Main Contact", "active": true, "readable_plural_name": "Contacts - Names", "readable_name": "Contact - Name", "short_definition": ""}, "model": "element_type.elementdatumtype"}, {"pk": 26, "fields": {"schema_name": "contact_description", "sort": 10160120, "primary_view": false, "datum_type": 7, "modified": "2015-07-06T23:08:25.981Z", "created": "2015-07-06T23:09:41.829Z", "long_definition": null, "element_type": 2, "entity_name": "ContactDescription", "calc_expression": "", "example": null, "active": true, "readable_plural_name": "Contacts - Descriptions", "readable_name": "Contact - Description", "short_definition": null}, "model": "element_type.elementdatumtype"}, {"pk": 27, "fields": {"schema_name": "contact_phone", "sort": 10160250, "primary_view": false, "datum_type": 7, "modified": "2015-07-06T23:08:25.981Z", "created": "2015-07-06T23:09:41.829Z", "long_definition": null, "element_type": 15, "entity_name": "ContactPhone", "calc_expression": "", "example": "(503) 555-1234", "active": true, "readable_plural_name": "Contacts - Phones", "readable_name": "Contact - Phone", "short_definition": null}, "model": "element_type.elementdatumtype"}, {"pk": 28, "fields": {"schema_name": "contact_email", "sort": 10160260, "primary_view": false, "datum_type": 7, "modified": "2015-07-06T23:08:25.981Z", "created": "2015-07-06T23:09:41.829Z", "long_definition": null, "element_type": 16, "entity_name": "ContactEmail", "calc_expression": "", "example": "joe@joesautoshop.com", "active": true, "readable_plural_name": "Contacts - Emails", "readable_name": "Contact - Email", "short_definition": null}, "model": "element_type.elementdatumtype"}, {"pk": 29, "fields": {"schema_name": "contact_website", "sort": 10160270, "primary_view": false, "datum_type": 7, "modified": "2015-07-06T23:08:25.981Z", "created": "2015-07-06T23:09:41.829Z", "long_definition": null, "element_type": 17, "entity_name": "ContactWebsite", "calc_expression": "", "example": "http://www.joesautoshop.com", "active": true, "readable_plural_name": "Contacts - Websites", "readable_name": "Contact - Website", "short_definition": null}, "model": "element_type.elementdatumtype"}, {"pk": 30, "fields": {"schema_name": "contact_facebook", "sort": 10160280, "primary_view": false, "datum_type": 7, "modified": "2015-07-06T23:08:25.981Z", "created": "2015-07-06T23:09:41.829Z", "long_definition": null, "element_type": 18, "entity_name": "ContactFacebook", "calc_expression": "", "example": "https://www.facebook.com/joesautoshop", "active": true, "readable_plural_name": "Contacts - Facebook", "readable_name": "Contact - Facebook", "short_definition": null}, "model": "element_type.elementdatumtype"}, {"pk": 31, "fields": {"schema_name": "contact_linkedin", "sort": 10160290, "primary_view": false, "datum_type": 7, "modified": "2015-07-06T23:08:25.981Z", "created": "2015-07-06T23:09:41.829Z", "long_definition": null, "element_type": 19, "entity_name": "ContactLinkedIn", "calc_expression": "", "example": "https://www.linkedin.com/in/joesautoshop", "active": true, "readable_plural_name": "Contacts - LinkedIn", "readable_name": "Contact - LinkedIn", "short_definition": null}, "model": "element_type.elementdatumtype"}, {"pk": 32, "fields": {"schema_name": "contact_twitter", "sort": 10160300, "primary_view": false, "datum_type": 7, "modified": "2015-07-06T23:08:25.981Z", "created": "2015-07-06T23:09:41.829Z", "long_definition": null, "element_type": 20, "entity_name": "ContactTwitter", "calc_expression": "", "example": "@joesautoshop", "active": true, "readable_plural_name": "Contacts - Twitter", "readable_name": "Contact - Twitter", "short_definition": null}, "model": "element_type.elementdatumtype"}, {"pk": 33, "fields": {"schema_name": "action_description", "sort": 20100120, "primary_view": true, "datum_type": 8, "modified": "2015-07-06T23:08:25.981Z", "created": "2015-07-06T23:09:41.829Z", "long_definition": "", "element_type": 2, "entity_name": "ActionDescription", "calc_expression": "", "example": "Go to the gym", "active": true, "readable_plural_name": "Actions - Descriptions", "readable_name": "Action - Description", "short_definition": ""}, "model": "element_type.elementdatumtype"}, {"pk": 34, "fields": {"schema_name": "action_action_status", "sort": 20100310, "primary_view": true, "datum_type": 8, "modified": "2015-07-06T23:08:25.981Z", "created": "2015-07-06T23:09:41.829Z", "long_definition": "", "element_type": 21, "entity_name": "ActionActionStatus", "calc_expression": "", "example": "Current", "active": true, "readable_plural_name": "Actions - Action Statuses", "readable_name": "Action - Action Status", "short_definition": ""}, "model": "element_type.elementdatumtype"}, {"pk": 35, "fields": {"schema_name": "action_action_effort", "sort": 20100320, "primary_view": true, "datum_type": 8, "modified": "2015-07-06T23:08:25.981Z", "created": "2015-07-06T23:09:41.829Z", "long_definition": "", "element_type": 22, "entity_name": "ActionActionEffort", "calc_expression": "", "example": "5", "active": true, "readable_plural_name": "Actions - Action Efforts", "readable_name": "Action - Action Effort", "short_definition": ""}, "model": "element_type.elementdatumtype"}, {"pk": 36, "fields": {"schema_name": "principle_description", "sort": 20110120, "primary_view": true, "datum_type": 9, "modified": "2015-07-06T23:08:25.981Z", "created": "2015-07-06T23:09:41.829Z", "long_definition": "", "element_type": 2, "entity_name": "PrincipleDescription", "calc_expression": "", "example": "So I can be fit and healthy", "active": true, "readable_plural_name": "Principles - Descriptions", "readable_name": "Principle - Description", "short_definition": ""}, "model": "element_type.elementdatumtype"}, {"pk": 37, "fields": {"schema_name": "journal_description", "sort": 20120120, "primary_view": true, "datum_type": 10, "modified": "2015-07-06T23:08:25.981Z", "created": "2015-07-06T23:09:41.829Z", "long_definition": "", "element_type": 2, "entity_name": "JournalDescription", "calc_expression": "", "example": "Need to watch my bench press form", "active": true, "readable_plural_name": "Journals - Descriptions", "readable_name": "Journal - Description", "short_definition": ""}, "model": "element_type.elementdatumtype"}, {"pk": 38, "fields": {"schema_name": "schedule_name", "sort": 30100110, "primary_view": true, "datum_type": 11, "modified": "2015-07-06T23:08:25.981Z", "created": "2015-07-06T23:09:41.829Z", "long_definition": "", "element_type": 1, "entity_name": "ScheduleName", "calc_expression": "", "example": "Actual Schedule", "active": true, "readable_plural_name": "Schedules - Names", "readable_name": "Schedule - Name", "short_definition": ""}, "model": "element_type.elementdatumtype"}, {"pk": 39, "fields": {"schema_name": "schedule_schedule_type", "sort": 30100330, "primary_view": false, "datum_type": 11, "modified": "2015-07-06T23:08:25.981Z", "created": "2015-07-06T23:09:41.829Z", "long_definition": null, "element_type": 23, "entity_name": "ScheduleScheduleType", "calc_expression": "", "example": "Actual", "active": true, "readable_plural_name": "Schedules - Schedule Types", "readable_name": "Schedule - Schedule Type", "short_definition": null}, "model": "element_type.elementdatumtype"}, {"pk": 40, "fields": {"schema_name": "event_beginning_buffer", "sort": 30110340, "primary_view": false, "datum_type": 12, "modified": "2015-07-06T23:08:25.981Z", "created": "2015-07-06T23:09:41.829Z", "long_definition": null, "element_type": 24, "entity_name": "EventBeginningBuffer", "calc_expression": "", "example": "3/4/2015 1:00:00 PM", "active": true, "readable_plural_name": "Events - Beginning Buffers", "readable_name": "Event - Beginning Buffer", "short_definition": null}, "model": "element_type.elementdatumtype"}, {"pk": 41, "fields": {"schema_name": "event_beginning_event", "sort": 30110350, "primary_view": true, "datum_type": 12, "modified": "2015-07-06T23:08:25.981Z", "created": "2015-07-06T23:09:41.829Z", "long_definition": "", "element_type": 25, "entity_name": "EventBeginningEvent", "calc_expression": "", "example": "3/4/2015 1:30:00 PM", "active": true, "readable_plural_name": "Events - Beginning Events", "readable_name": "Event - Beginning Event", "short_definition": ""}, "model": "element_type.elementdatumtype"}, {"pk": 42, "fields": {"schema_name": "event_ending_event", "sort": 30110360, "primary_view": true, "datum_type": 12, "modified": "2015-07-06T23:08:25.981Z", "created": "2015-07-06T23:09:41.829Z", "long_definition": "", "element_type": 26, "entity_name": "EventEndingEvent", "calc_expression": "", "example": "3/4/2015 2:30:00 PM", "active": true, "readable_plural_name": "Events - Ending Events", "readable_name": "Event - Ending Event", "short_definition": ""}, "model": "element_type.elementdatumtype"}, {"pk": 43, "fields": {"schema_name": "event_ending_buffer", "sort": 30110370, "primary_view": false, "datum_type": 12, "modified": "2015-07-06T23:08:25.981Z", "created": "2015-07-06T23:09:41.829Z", "long_definition": null, "element_type": 27, "entity_name": "EventEndingBuffer", "calc_expression": "", "example": "3/4/2015 3:00:00 PM", "active": true, "readable_plural_name": "Events - Ending Buffers", "readable_name": "Event - Ending Buffer", "short_definition": null}, "model": "element_type.elementdatumtype"}, {"pk": 44, "fields": {"schema_name": "event_event_time", "sort": 30110380, "primary_view": false, "datum_type": 12, "modified": "2015-07-06T23:08:25.981Z", "created": "2015-07-06T23:09:41.829Z", "long_definition": null, "element_type": 28, "entity_name": "EventEventTime", "calc_expression": "", "example": "2", "active": true, "readable_plural_name": "Events - Event Times", "readable_name": "Event - Event Time", "short_definition": null}, "model": "element_type.elementdatumtype"}, {"pk": 45, "fields": {"schema_name": "event_total_time", "sort": 30110390, "primary_view": false, "datum_type": 12, "modified": "2015-07-06T23:08:25.981Z", "created": "2015-07-06T23:09:41.829Z", "long_definition": null, "element_type": 29, "entity_name": "EventTotalTime", "calc_expression": "", "example": "1", "active": true, "readable_plural_name": "Events - Total Times", "readable_name": "Event - Total Time", "short_definition": null}, "model": "element_type.elementdatumtype"}, {"pk": 46, "fields": {"schema_name": "event_recurring_options", "sort": 30110400, "primary_view": false, "datum_type": 12, "modified": "2015-07-06T23:08:25.981Z", "created": "2015-07-06T23:09:41.829Z", "long_definition": null, "element_type": 30, "entity_name": "EventRecurringOptions", "calc_expression": "", "example": null, "active": true, "readable_plural_name": "Events - Recurring Optionss", "readable_name": "Event - Recurring Options", "short_definition": null}, "model": "element_type.elementdatumtype"}, {"pk": 47, "fields": {"schema_name": "reminder_recurring_options", "sort": 30120400, "primary_view": false, "datum_type": 13, "modified": "2015-07-06T23:08:25.981Z", "created": "2015-07-06T23:09:41.829Z", "long_definition": null, "element_type": 30, "entity_name": "ReminderRecurringOptions", "calc_expression": "", "example": null, "active": true, "readable_plural_name": "Reminders - Recurring Optionss", "readable_name": "Reminder - Recurring Options", "short_definition": null}, "model": "element_type.elementdatumtype"}, {"pk": 48, "fields": {"schema_name": "reminder_alert", "sort": 30120410, "primary_view": false, "datum_type": 13, "modified": "2015-07-06T23:08:25.981Z", "created": "2015-07-06T23:09:41.829Z", "long_definition": null, "element_type": 31, "entity_name": "ReminderAlert", "calc_expression": "", "example": "5/13/2015 2:30:00 PM", "active": true, "readable_plural_name": "Reminders - Alerts", "readable_name": "Reminder - Alert", "short_definition": null}, "model": "element_type.elementdatumtype"}, {"pk": 49, "fields": {"schema_name": "reminder_logged_in", "sort": 30120420, "primary_view": false, "datum_type": 13, "modified": "2015-07-06T23:08:25.981Z", "created": "2015-07-06T23:09:41.829Z", "long_definition": null, "element_type": 32, "entity_name": "ReminderLoggedIn", "calc_expression": "", "example": "0", "active": true, "readable_plural_name": "Reminders - Logged In", "readable_name": "Reminder - Logged In", "short_definition": null}, "model": "element_type.elementdatumtype"}, {"pk": 50, "fields": {"schema_name": "note_name", "sort": 40100110, "primary_view": true, "datum_type": 14, "modified": "2015-07-06T23:08:25.981Z", "created": "2015-07-06T23:09:41.829Z", "long_definition": "", "element_type": 1, "entity_name": "NoteName", "calc_expression": "", "example": "How to fix a flat tire", "active": true, "readable_plural_name": "Notes - Names", "readable_name": "Note - Name", "short_definition": ""}, "model": "element_type.elementdatumtype"}, {"pk": 51, "fields": {"schema_name": "note_item_status", "sort": 40100430, "primary_view": false, "datum_type": 14, "modified": "2015-07-06T23:08:25.981Z", "created": "2015-07-06T23:09:41.829Z", "long_definition": null, "element_type": 33, "entity_name": "NoteItemStatus", "calc_expression": "", "example": "ItemComplete", "active": true, "readable_plural_name": "Notes - Item Statuses", "readable_name": "Note - Item Status", "short_definition": null}, "model": "element_type.elementdatumtype"}, {"pk": 52, "fields": {"schema_name": "note_item_content", "sort": 40100440, "primary_view": false, "datum_type": 14, "modified": "2015-07-06T23:08:25.981Z", "created": "2015-07-06T23:09:41.829Z", "long_definition": null, "element_type": 34, "entity_name": "NoteItemContent", "calc_expression": "", "example": "<h1>Fix a flat tire</h1><br><p>Step 1</p>", "active": true, "readable_plural_name": "Notes - Item Contents", "readable_name": "Note - Item Content", "short_definition": null}, "model": "element_type.elementdatumtype"}, {"pk": 53, "fields": {"schema_name": "note_link", "sort": 40100470, "primary_view": false, "datum_type": 14, "modified": "2015-07-06T23:08:25.981Z", "created": "2015-07-06T23:09:41.829Z", "long_definition": null, "element_type": 37, "entity_name": "NoteLink", "calc_expression": "", "example": null, "active": true, "readable_plural_name": "Notes - Links", "readable_name": "Note - Link", "short_definition": null}, "model": "element_type.elementdatumtype"}, {"pk": 54, "fields": {"schema_name": "file_name", "sort": 40110110, "primary_view": true, "datum_type": 15, "modified": "2015-07-06T23:08:25.981Z", "created": "2015-07-06T23:09:41.829Z", "long_definition": "", "element_type": 1, "entity_name": "FileName", "calc_expression": "", "example": "", "active": true, "readable_plural_name": "Files - Names", "readable_name": "File - Name", "short_definition": ""}, "model": "element_type.elementdatumtype"}, {"pk": 55, "fields": {"schema_name": "file_description", "sort": 40110120, "primary_view": false, "datum_type": 15, "modified": "2015-07-06T23:08:25.981Z", "created": "2015-07-06T23:09:41.829Z", "long_definition": null, "element_type": 2, "entity_name": "FileDescription", "calc_expression": "", "example": null, "active": true, "readable_plural_name": "Files - Descriptions", "readable_name": "File - Description", "short_definition": null}, "model": "element_type.elementdatumtype"}, {"pk": 56, "fields": {"schema_name": "file_item_status", "sort": 40110430, "primary_view": false, "datum_type": 15, "modified": "2015-07-06T23:08:25.981Z", "created": "2015-07-06T23:09:41.829Z", "long_definition": null, "element_type": 33, "entity_name": "FileItemStatus", "calc_expression": "", "example": "ItemStart", "active": true, "readable_plural_name": "Files - Item Statuses", "readable_name": "File - Item Status", "short_definition": null}, "model": "element_type.elementdatumtype"}, {"pk": 57, "fields": {"schema_name": "file_link", "sort": 40110470, "primary_view": true, "datum_type": 15, "modified": "2015-07-06T23:08:25.981Z", "created": "2015-07-06T23:09:41.829Z", "long_definition": "", "element_type": 37, "entity_name": "FileLink", "calc_expression": "", "example": "", "active": true, "readable_plural_name": "Files - Links", "readable_name": "File - Link", "short_definition": ""}, "model": "element_type.elementdatumtype"}, {"pk": 58, "fields": {"schema_name": "file_attachment", "sort": 40110480, "primary_view": false, "datum_type": 15, "modified": "2015-07-06T23:08:25.981Z", "created": "2015-07-06T23:09:41.829Z", "long_definition": "", "element_type": 38, "entity_name": "FileAttachment", "calc_expression": "", "example": "", "active": true, "readable_plural_name": "Files - Attachments", "readable_name": "File - Attachment", "short_definition": ""}, "model": "element_type.elementdatumtype"}, {"pk": 59, "fields": {"schema_name": "file_creation_date", "sort": 40110490, "primary_view": false, "datum_type": 15, "modified": "2015-07-06T23:08:25.981Z", "created": "2015-07-06T23:09:41.829Z", "long_definition": null, "element_type": 39, "entity_name": "FileCreationDate", "calc_expression": "", "example": null, "active": true, "readable_plural_name": "Files - Creation Dates", "readable_name": "File - Creation Date", "short_definition": null}, "model": "element_type.elementdatumtype"}, {"pk": 60, "fields": {"schema_name": "file_modification_date", "sort": 40110500, "primary_view": false, "datum_type": 15, "modified": "2015-07-06T23:08:25.981Z", "created": "2015-07-06T23:09:41.829Z", "long_definition": null, "element_type": 40, "entity_name": "FileModificationDate", "calc_expression": "", "example": null, "active": true, "readable_plural_name": "Files - Modification Dates", "readable_name": "File - Modification Date", "short_definition": null}, "model": "element_type.elementdatumtype"}, {"pk": 61, "fields": {"schema_name": "directory_name", "sort": 40120110, "primary_view": true, "datum_type": 16, "modified": "2015-07-06T23:08:25.981Z", "created": "2015-07-06T23:09:41.829Z", "long_definition": "", "element_type": 1, "entity_name": "DirectoryName", "calc_expression": "", "example": "", "active": true, "readable_plural_name": "Directories - Names", "readable_name": "Directory - Name", "short_definition": ""}, "model": "element_type.elementdatumtype"}, {"pk": 62, "fields": {"schema_name": "directory_description", "sort": 40120120, "primary_view": false, "datum_type": 16, "modified": "2015-07-06T23:08:25.981Z", "created": "2015-07-06T23:09:41.829Z", "long_definition": null, "element_type": 2, "entity_name": "DirectoryDescription", "calc_expression": "", "example": null, "active": true, "readable_plural_name": "Directories - Descriptions", "readable_name": "Directory - Description", "short_definition": null}, "model": "element_type.elementdatumtype"}, {"pk": 63, "fields": {"schema_name": "directory_item_status", "sort": 40120430, "primary_view": false, "datum_type": 16, "modified": "2015-07-06T23:08:25.981Z", "created": "2015-07-06T23:09:41.829Z", "long_definition": null, "element_type": 33, "entity_name": "DirectoryItemStatus", "calc_expression": "", "example": "ItemComplete", "active": true, "readable_plural_name": "Directories - Item Statuses", "readable_name": "Directory - Item Status", "short_definition": null}, "model": "element_type.elementdatumtype"}, {"pk": 64, "fields": {"schema_name": "directory_link", "sort": 40120470, "primary_view": true, "datum_type": 16, "modified": "2015-07-06T23:08:25.981Z", "created": "2015-07-06T23:09:41.829Z", "long_definition": "", "element_type": 37, "entity_name": "DirectoryLink", "calc_expression": "", "example": "", "active": true, "readable_plural_name": "Directories - Links", "readable_name": "Directory - Link", "short_definition": ""}, "model": "element_type.elementdatumtype"}, {"pk": 65, "fields": {"schema_name": "directory_creation_date", "sort": 40120490, "primary_view": false, "datum_type": 16, "modified": "2015-07-06T23:08:25.981Z", "created": "2015-07-06T23:09:41.829Z", "long_definition": null, "element_type": 39, "entity_name": "DirectoryCreationDate", "calc_expression": "", "example": null, "active": true, "readable_plural_name": "Directories - Creation Dates", "readable_name": "Directory - Creation Date", "short_definition": null}, "model": "element_type.elementdatumtype"}, {"pk": 66, "fields": {"schema_name": "directory_modification_date", "sort": 40120500, "primary_view": false, "datum_type": 16, "modified": "2015-07-06T23:08:25.981Z", "created": "2015-07-06T23:09:41.829Z", "long_definition": null, "element_type": 40, "entity_name": "DirectoryModificationDate", "calc_expression": "", "example": null, "active": true, "readable_plural_name": "Directories - Modification Dates", "readable_name": "Directory - Modification Date", "short_definition": null}, "model": "element_type.elementdatumtype"}, {"pk": 67, "fields": {"schema_name": "webpage_name", "sort": 40130110, "primary_view": true, "datum_type": 17, "modified": "2015-07-06T23:08:25.981Z", "created": "2015-07-06T23:09:41.829Z", "long_definition": "", "element_type": 1, "entity_name": "WebpageName", "calc_expression": "", "example": "", "active": true, "readable_plural_name": "Webpages - Names", "readable_name": "Webpage - Name", "short_definition": ""}, "model": "element_type.elementdatumtype"}, {"pk": 68, "fields": {"schema_name": "webpage_description", "sort": 40130120, "primary_view": false, "datum_type": 17, "modified": "2015-07-06T23:08:25.981Z", "created": "2015-07-06T23:09:41.829Z", "long_definition": null, "element_type": 2, "entity_name": "WebpageDescription", "calc_expression": "", "example": null, "active": true, "readable_plural_name": "Webpages - Descriptions", "readable_name": "Webpage - Description", "short_definition": null}, "model": "element_type.elementdatumtype"}, {"pk": 69, "fields": {"schema_name": "webpage_item_status", "sort": 40130430, "primary_view": false, "datum_type": 17, "modified": "2015-07-06T23:08:25.981Z", "created": "2015-07-06T23:09:41.829Z", "long_definition": null, "element_type": 33, "entity_name": "WebpageItemStatus", "calc_expression": "", "example": "ItemNew", "active": true, "readable_plural_name": "Webpages - Item Statuses", "readable_name": "Webpage - Item Status", "short_definition": null}, "model": "element_type.elementdatumtype"}, {"pk": 70, "fields": {"schema_name": "webpage_link", "sort": 40130470, "primary_view": true, "datum_type": 17, "modified": "2015-07-06T23:08:25.981Z", "created": "2015-07-06T23:09:41.829Z", "long_definition": "", "element_type": 37, "entity_name": "WebpageLink", "calc_expression": "", "example": "", "active": true, "readable_plural_name": "Webpages - Links", "readable_name": "Webpage - Link", "short_definition": ""}, "model": "element_type.elementdatumtype"}, {"pk": 71, "fields": {"schema_name": "message_name", "sort": 40140110, "primary_view": false, "datum_type": 18, "modified": "2015-07-06T23:08:25.981Z", "created": "2015-07-06T23:09:41.829Z", "long_definition": null, "element_type": 1, "entity_name": "MessageName", "calc_expression": "", "example": null, "active": true, "readable_plural_name": "Messages - Names", "readable_name": "Message - Name", "short_definition": null}, "model": "element_type.elementdatumtype"}, {"pk": 72, "fields": {"schema_name": "message_item_content", "sort": 40140440, "primary_view": false, "datum_type": 18, "modified": "2015-07-06T23:08:25.981Z", "created": "2015-07-06T23:09:41.829Z", "long_definition": null, "element_type": 34, "entity_name": "MessageItemContent", "calc_expression": "", "example": null, "active": true, "readable_plural_name": "Messages - Item Contents", "readable_name": "Message - Item Content", "short_definition": null}, "model": "element_type.elementdatumtype"}, {"pk": 73, "fields": {"schema_name": "message_from", "sort": 40140450, "primary_view": true, "datum_type": 18, "modified": "2015-07-06T23:08:25.981Z", "created": "2015-07-06T23:09:41.829Z", "long_definition": "", "element_type": 35, "entity_name": "MessageFrom", "calc_expression": "", "example": "", "active": true, "readable_plural_name": "Messages - Froms", "readable_name": "Message - From", "short_definition": ""}, "model": "element_type.elementdatumtype"}, {"pk": 74, "fields": {"schema_name": "message_to", "sort": 40140460, "primary_view": true, "datum_type": 18, "modified": "2015-07-06T23:08:25.981Z", "created": "2015-07-06T23:09:41.829Z", "long_definition": "", "element_type": 36, "entity_name": "MessageTo", "calc_expression": "", "example": "", "active": true, "readable_plural_name": "Messages - Tos", "readable_name": "Message - To", "short_definition": ""}, "model": "element_type.elementdatumtype"}, {"pk": 75, "fields": {"schema_name": "message_creation_date", "sort": 40140490, "primary_view": false, "datum_type": 18, "modified": "2015-07-06T23:08:25.981Z", "created": "2015-07-06T23:09:41.829Z", "long_definition": null, "element_type": 39, "entity_name": "MessageCreationDate", "calc_expression": "", "example": null, "active": true, "readable_plural_name": "Messages - Creation Dates", "readable_name": "Message - Creation Date", "short_definition": null}, "model": "element_type.elementdatumtype"}, {"pk": 76, "fields": {"schema_name": "post_name", "sort": 40150110, "primary_view": true, "datum_type": 19, "modified": "2015-07-06T23:08:25.981Z", "created": "2015-07-06T23:09:41.829Z", "long_definition": "", "element_type": 1, "entity_name": "PostName", "calc_expression": "", "example": "", "active": true, "readable_plural_name": "Posts - Names", "readable_name": "Post - Name", "short_definition": ""}, "model": "element_type.elementdatumtype"}, {"pk": 77, "fields": {"schema_name": "post_description", "sort": 40150120, "primary_view": false, "datum_type": 19, "modified": "2015-07-06T23:08:25.981Z", "created": "2015-07-06T23:09:41.829Z", "long_definition": null, "element_type": 2, "entity_name": "PostDescription", "calc_expression": "", "example": null, "active": true, "readable_plural_name": "Posts - Descriptions", "readable_name": "Post - Description", "short_definition": null}, "model": "element_type.elementdatumtype"}, {"pk": 78, "fields": {"schema_name": "post_item_status", "sort": 40150430, "primary_view": false, "datum_type": 19, "modified": "2015-07-06T23:08:25.981Z", "created": "2015-07-06T23:09:41.829Z", "long_definition": null, "element_type": 33, "entity_name": "PostItemStatus", "calc_expression": "", "example": null, "active": true, "readable_plural_name": "Posts - Item Statuses", "readable_name": "Post - Item Status", "short_definition": null}, "model": "element_type.elementdatumtype"}, {"pk": 79, "fields": {"schema_name": "post_item_content", "sort": 40150440, "primary_view": false, "datum_type": 19, "modified": "2015-07-06T23:08:25.981Z", "created": "2015-07-06T23:09:41.829Z", "long_definition": null, "element_type": 34, "entity_name": "PostItemContent", "calc_expression": "", "example": null, "active": true, "readable_plural_name": "Posts - Item Contents", "readable_name": "Post - Item Content", "short_definition": null}, "model": "element_type.elementdatumtype"}, {"pk": 80, "fields": {"schema_name": "post_link", "sort": 40150470, "primary_view": true, "datum_type": 19, "modified": "2015-07-06T23:08:25.981Z", "created": "2015-07-06T23:09:41.829Z", "long_definition": "", "element_type": 37, "entity_name": "PostLink", "calc_expression": "", "example": "", "active": true, "readable_plural_name": "Posts - Links", "readable_name": "Post - Link", "short_definition": ""}, "model": "element_type.elementdatumtype"}, {"pk": 81, "fields": {"schema_name": "post_creation_date", "sort": 40150490, "primary_view": false, "datum_type": 19, "modified": "2015-07-06T23:08:25.981Z", "created": "2015-07-06T23:09:41.829Z", "long_definition": null, "element_type": 39, "entity_name": "PostCreationDate", "calc_expression": "", "example": null, "active": true, "readable_plural_name": "Posts - Creation Dates", "readable_name": "Post - Creation Date", "short_definition": null}, "model": "element_type.elementdatumtype"}, {"pk": 83, "fields": {"schema_name": "message_item_status", "sort": 40140430, "primary_view": false, "datum_type": 18, "modified": "2015-07-06T23:08:25.981Z", "created": "2015-07-06T23:09:41.829Z", "long_definition": null, "element_type": 33, "entity_name": "MessageItemStatus", "calc_expression": "", "example": null, "active": true, "readable_plural_name": "Messages - Item Statuses", "readable_name": "Message - Item Status", "short_definition": null}, "model": "element_type.elementdatumtype"}, {"pk": 1, "fields": {"element_type": 1, "sort": 101001110, "modified": "2015-07-06T23:08:24.415Z", "created": "2015-07-06T23:09:41.568Z", "datum_object": 1, "active": true}, "model": "element_type.elementdatumobject"}, {"pk": 2, "fields": {"element_type": 2, "sort": 101001120, "modified": "2015-07-06T23:08:24.415Z", "created": "2015-07-06T23:09:41.568Z", "datum_object": 1, "active": true}, "model": "element_type.elementdatumobject"}, {"pk": 3, "fields": {"element_type": 1, "sort": 101101110, "modified": "2015-07-06T23:08:24.415Z", "created": "2015-07-06T23:09:41.568Z", "datum_object": 2, "active": true}, "model": "element_type.elementdatumobject"}, {"pk": 4, "fields": {"element_type": 2, "sort": 101101120, "modified": "2015-07-06T23:08:24.415Z", "created": "2015-07-06T23:09:41.568Z", "datum_object": 2, "active": true}, "model": "element_type.elementdatumobject"}, {"pk": 5, "fields": {"element_type": 1, "sort": 101002110, "modified": "2015-07-06T23:08:24.415Z", "created": "2015-07-06T23:09:41.568Z", "datum_object": 3, "active": true}, "model": "element_type.elementdatumobject"}, {"pk": 6, "fields": {"element_type": 2, "sort": 101002120, "modified": "2015-07-06T23:08:24.415Z", "created": "2015-07-06T23:09:41.568Z", "datum_object": 3, "active": true}, "model": "element_type.elementdatumobject"}, {"pk": 18, "fields": {"element_type": 1, "sort": 101401110, "modified": "2015-07-06T23:08:24.415Z", "created": "2015-07-06T23:09:41.568Z", "datum_object": 6, "active": true}, "model": "element_type.elementdatumobject"}, {"pk": 19, "fields": {"element_type": 2, "sort": 101401120, "modified": "2015-07-06T23:08:24.415Z", "created": "2015-07-06T23:09:41.568Z", "datum_object": 6, "active": true}, "model": "element_type.elementdatumobject"}, {"pk": 20, "fields": {"element_type": 7, "sort": 101401170, "modified": "2015-07-06T23:08:24.415Z", "created": "2015-07-06T23:09:41.568Z", "datum_object": 6, "active": true}, "model": "element_type.elementdatumobject"}, {"pk": 21, "fields": {"element_type": 1, "sort": 101501110, "modified": "2015-07-06T23:08:24.415Z", "created": "2015-07-06T23:09:41.568Z", "datum_object": 7, "active": true}, "model": "element_type.elementdatumobject"}, {"pk": 22, "fields": {"element_type": 2, "sort": 101501120, "modified": "2015-07-06T23:08:24.415Z", "created": "2015-07-06T23:09:41.568Z", "datum_object": 7, "active": true}, "model": "element_type.elementdatumobject"}, {"pk": 23, "fields": {"element_type": 8, "sort": 101501180, "modified": "2015-07-06T23:08:24.415Z", "created": "2015-07-06T23:09:41.568Z", "datum_object": 7, "active": true}, "model": "element_type.elementdatumobject"}, {"pk": 24, "fields": {"element_type": 9, "sort": 101501190, "modified": "2015-07-06T23:08:24.415Z", "created": "2015-07-06T23:09:41.568Z", "datum_object": 7, "active": true}, "model": "element_type.elementdatumobject"}, {"pk": 25, "fields": {"element_type": 10, "sort": 101501200, "modified": "2015-07-06T23:08:24.415Z", "created": "2015-07-06T23:09:41.568Z", "datum_object": 7, "active": true}, "model": "element_type.elementdatumobject"}, {"pk": 26, "fields": {"element_type": 11, "sort": 101501210, "modified": "2015-07-06T23:08:24.415Z", "created": "2015-07-06T23:09:41.568Z", "datum_object": 7, "active": true}, "model": "element_type.elementdatumobject"}, {"pk": 27, "fields": {"element_type": 12, "sort": 101501220, "modified": "2015-07-06T23:08:24.415Z", "created": "2015-07-06T23:09:41.568Z", "datum_object": 7, "active": true}, "model": "element_type.elementdatumobject"}, {"pk": 28, "fields": {"element_type": 13, "sort": 101501230, "modified": "2015-07-06T23:08:24.415Z", "created": "2015-07-06T23:09:41.568Z", "datum_object": 7, "active": true}, "model": "element_type.elementdatumobject"}, {"pk": 29, "fields": {"element_type": 14, "sort": 101501240, "modified": "2015-07-06T23:08:24.415Z", "created": "2015-07-06T23:09:41.568Z", "datum_object": 7, "active": true}, "model": "element_type.elementdatumobject"}, {"pk": 30, "fields": {"element_type": 1, "sort": 101003110, "modified": "2015-07-06T23:08:24.415Z", "created": "2015-07-06T23:09:41.568Z", "datum_object": 8, "active": true}, "model": "element_type.elementdatumobject"}, {"pk": 31, "fields": {"element_type": 2, "sort": 101003120, "modified": "2015-07-06T23:08:24.415Z", "created": "2015-07-06T23:09:41.568Z", "datum_object": 8, "active": true}, "model": "element_type.elementdatumobject"}, {"pk": 32, "fields": {"element_type": 1, "sort": 101301110, "modified": "2015-07-06T23:08:24.415Z", "created": "2015-07-06T23:09:41.568Z", "datum_object": 9, "active": true}, "model": "element_type.elementdatumobject"}, {"pk": 33, "fields": {"element_type": 2, "sort": 101301120, "modified": "2015-07-06T23:08:24.415Z", "created": "2015-07-06T23:09:41.568Z", "datum_object": 9, "active": true}, "model": "element_type.elementdatumobject"}, {"pk": 34, "fields": {"element_type": 3, "sort": 101301130, "modified": "2015-07-06T23:08:24.415Z", "created": "2015-07-06T23:09:41.568Z", "datum_object": 9, "active": true}, "model": "element_type.elementdatumobject"}, {"pk": 35, "fields": {"element_type": 4, "sort": 101301140, "modified": "2015-07-06T23:08:24.415Z", "created": "2015-07-06T23:09:41.568Z", "datum_object": 9, "active": true}, "model": "element_type.elementdatumobject"}, {"pk": 36, "fields": {"element_type": 5, "sort": 101301150, "modified": "2015-07-06T23:08:24.415Z", "created": "2015-07-06T23:09:41.568Z", "datum_object": 9, "active": true}, "model": "element_type.elementdatumobject"}, {"pk": 37, "fields": {"element_type": 6, "sort": 101301160, "modified": "2015-07-06T23:08:24.415Z", "created": "2015-07-06T23:09:41.568Z", "datum_object": 9, "active": true}, "model": "element_type.elementdatumobject"}, {"pk": 38, "fields": {"element_type": 1, "sort": 101004110, "modified": "2015-07-06T23:08:24.415Z", "created": "2015-07-06T23:09:41.568Z", "datum_object": 10, "active": true}, "model": "element_type.elementdatumobject"}, {"pk": 39, "fields": {"element_type": 2, "sort": 101004120, "modified": "2015-07-06T23:08:24.415Z", "created": "2015-07-06T23:09:41.568Z", "datum_object": 10, "active": true}, "model": "element_type.elementdatumobject"}, {"pk": 40, "fields": {"element_type": 1, "sort": 101601110, "modified": "2015-07-06T23:08:24.415Z", "created": "2015-07-06T23:09:41.568Z", "datum_object": 11, "active": true}, "model": "element_type.elementdatumobject"}, {"pk": 41, "fields": {"element_type": 2, "sort": 101601120, "modified": "2015-07-06T23:08:24.415Z", "created": "2015-07-06T23:09:41.568Z", "datum_object": 11, "active": true}, "model": "element_type.elementdatumobject"}, {"pk": 42, "fields": {"element_type": 15, "sort": 101601250, "modified": "2015-07-06T23:08:24.415Z", "created": "2015-07-06T23:09:41.568Z", "datum_object": 11, "active": true}, "model": "element_type.elementdatumobject"}, {"pk": 43, "fields": {"element_type": 16, "sort": 101601260, "modified": "2015-07-06T23:08:24.415Z", "created": "2015-07-06T23:09:41.568Z", "datum_object": 11, "active": true}, "model": "element_type.elementdatumobject"}, {"pk": 44, "fields": {"element_type": 17, "sort": 101601270, "modified": "2015-07-06T23:08:24.415Z", "created": "2015-07-06T23:09:41.568Z", "datum_object": 11, "active": true}, "model": "element_type.elementdatumobject"}, {"pk": 45, "fields": {"element_type": 18, "sort": 101601280, "modified": "2015-07-06T23:08:24.415Z", "created": "2015-07-06T23:09:41.568Z", "datum_object": 11, "active": true}, "model": "element_type.elementdatumobject"}, {"pk": 46, "fields": {"element_type": 19, "sort": 101601290, "modified": "2015-07-06T23:08:24.415Z", "created": "2015-07-06T23:09:41.568Z", "datum_object": 11, "active": true}, "model": "element_type.elementdatumobject"}, {"pk": 47, "fields": {"element_type": 20, "sort": 101601300, "modified": "2015-07-06T23:08:24.415Z", "created": "2015-07-06T23:09:41.568Z", "datum_object": 11, "active": true}, "model": "element_type.elementdatumobject"}, {"pk": 48, "fields": {"element_type": 2, "sort": 201001120, "modified": "2015-07-06T23:08:24.415Z", "created": "2015-07-06T23:09:41.568Z", "datum_object": 12, "active": true}, "model": "element_type.elementdatumobject"}, {"pk": 49, "fields": {"element_type": 21, "sort": 201001310, "modified": "2015-07-06T23:08:24.415Z", "created": "2015-07-06T23:09:41.568Z", "datum_object": 12, "active": true}, "model": "element_type.elementdatumobject"}, {"pk": 50, "fields": {"element_type": 22, "sort": 201001320, "modified": "2015-07-06T23:08:24.415Z", "created": "2015-07-06T23:09:41.568Z", "datum_object": 12, "active": true}, "model": "element_type.elementdatumobject"}, {"pk": 51, "fields": {"element_type": 2, "sort": 201002120, "modified": "2015-07-06T23:08:24.415Z", "created": "2015-07-06T23:09:41.568Z", "datum_object": 13, "active": true}, "model": "element_type.elementdatumobject"}, {"pk": 52, "fields": {"element_type": 21, "sort": 201002310, "modified": "2015-07-06T23:08:24.415Z", "created": "2015-07-06T23:09:41.568Z", "datum_object": 13, "active": true}, "model": "element_type.elementdatumobject"}, {"pk": 53, "fields": {"element_type": 22, "sort": 201002320, "modified": "2015-07-06T23:08:24.415Z", "created": "2015-07-06T23:09:41.568Z", "datum_object": 13, "active": true}, "model": "element_type.elementdatumobject"}, {"pk": 54, "fields": {"element_type": 24, "sort": 301101340, "modified": "2015-07-06T23:08:24.415Z", "created": "2015-07-06T23:09:41.568Z", "datum_object": 14, "active": true}, "model": "element_type.elementdatumobject"}, {"pk": 55, "fields": {"element_type": 25, "sort": 301101350, "modified": "2015-07-06T23:08:24.415Z", "created": "2015-07-06T23:09:41.568Z", "datum_object": 14, "active": true}, "model": "element_type.elementdatumobject"}, {"pk": 56, "fields": {"element_type": 26, "sort": 301101360, "modified": "2015-07-06T23:08:24.415Z", "created": "2015-07-06T23:09:41.568Z", "datum_object": 14, "active": true}, "model": "element_type.elementdatumobject"}, {"pk": 57, "fields": {"element_type": 27, "sort": 301101370, "modified": "2015-07-06T23:08:24.415Z", "created": "2015-07-06T23:09:41.568Z", "datum_object": 14, "active": true}, "model": "element_type.elementdatumobject"}, {"pk": 58, "fields": {"element_type": 28, "sort": 301101380, "modified": "2015-07-06T23:08:24.415Z", "created": "2015-07-06T23:09:41.568Z", "datum_object": 14, "active": true}, "model": "element_type.elementdatumobject"}, {"pk": 59, "fields": {"element_type": 29, "sort": 301101390, "modified": "2015-07-06T23:08:24.415Z", "created": "2015-07-06T23:09:41.568Z", "datum_object": 14, "active": true}, "model": "element_type.elementdatumobject"}, {"pk": 60, "fields": {"element_type": 30, "sort": 301101400, "modified": "2015-07-06T23:08:24.415Z", "created": "2015-07-06T23:09:41.568Z", "datum_object": 14, "active": true}, "model": "element_type.elementdatumobject"}, {"pk": 61, "fields": {"element_type": 2, "sort": 201003120, "modified": "2015-07-06T23:08:24.415Z", "created": "2015-07-06T23:09:41.568Z", "datum_object": 15, "active": true}, "model": "element_type.elementdatumobject"}, {"pk": 62, "fields": {"element_type": 21, "sort": 201003310, "modified": "2015-07-06T23:08:24.415Z", "created": "2015-07-06T23:09:41.568Z", "datum_object": 15, "active": true}, "model": "element_type.elementdatumobject"}, {"pk": 63, "fields": {"element_type": 22, "sort": 201003320, "modified": "2015-07-06T23:08:24.415Z", "created": "2015-07-06T23:09:41.568Z", "datum_object": 15, "active": true}, "model": "element_type.elementdatumobject"}, {"pk": 64, "fields": {"element_type": 1, "sort": 101201110, "modified": "2015-07-06T23:08:24.415Z", "created": "2015-07-06T23:09:41.568Z", "datum_object": 16, "active": true}, "model": "element_type.elementdatumobject"}, {"pk": 65, "fields": {"element_type": 2, "sort": 101201120, "modified": "2015-07-06T23:08:24.415Z", "created": "2015-07-06T23:09:41.568Z", "datum_object": 16, "active": true}, "model": "element_type.elementdatumobject"}, {"pk": 66, "fields": {"element_type": 1, "sort": 101202110, "modified": "2015-07-06T23:08:24.415Z", "created": "2015-07-06T23:09:41.568Z", "datum_object": 17, "active": true}, "model": "element_type.elementdatumobject"}, {"pk": 67, "fields": {"element_type": 2, "sort": 101202120, "modified": "2015-07-06T23:08:24.415Z", "created": "2015-07-06T23:09:41.568Z", "datum_object": 17, "active": true}, "model": "element_type.elementdatumobject"}, {"pk": 68, "fields": {"element_type": 1, "sort": 101203110, "modified": "2015-07-06T23:08:24.415Z", "created": "2015-07-06T23:09:41.568Z", "datum_object": 18, "active": true}, "model": "element_type.elementdatumobject"}, {"pk": 69, "fields": {"element_type": 2, "sort": 101203120, "modified": "2015-07-06T23:08:24.415Z", "created": "2015-07-06T23:09:41.568Z", "datum_object": 18, "active": true}, "model": "element_type.elementdatumobject"}, {"pk": 70, "fields": {"element_type": 1, "sort": 301001110, "modified": "2015-07-06T23:08:24.415Z", "created": "2015-07-06T23:09:41.568Z", "datum_object": 19, "active": true}, "model": "element_type.elementdatumobject"}, {"pk": 71, "fields": {"element_type": 23, "sort": 301001330, "modified": "2015-07-06T23:08:24.415Z", "created": "2015-07-06T23:09:41.568Z", "datum_object": 19, "active": true}, "model": "element_type.elementdatumobject"}, {"pk": 72, "fields": {"element_type": 1, "sort": 401301110, "modified": "2015-07-06T23:08:24.415Z", "created": "2015-07-06T23:09:41.568Z", "datum_object": 20, "active": true}, "model": "element_type.elementdatumobject"}, {"pk": 73, "fields": {"element_type": 2, "sort": 401301120, "modified": "2015-07-06T23:08:24.415Z", "created": "2015-07-06T23:09:41.568Z", "datum_object": 20, "active": true}, "model": "element_type.elementdatumobject"}, {"pk": 74, "fields": {"element_type": 33, "sort": 401301430, "modified": "2015-07-06T23:08:24.415Z", "created": "2015-07-06T23:09:41.568Z", "datum_object": 20, "active": true}, "model": "element_type.elementdatumobject"}, {"pk": 75, "fields": {"element_type": 37, "sort": 401301470, "modified": "2015-07-06T23:08:24.415Z", "created": "2015-07-06T23:09:41.568Z", "datum_object": 20, "active": true}, "model": "element_type.elementdatumobject"}, {"pk": 76, "fields": {"element_type": 1, "sort": 101005110, "modified": "2015-07-06T23:08:24.415Z", "created": "2015-07-06T23:09:41.568Z", "datum_object": 21, "active": true}, "model": "element_type.elementdatumobject"}, {"pk": 77, "fields": {"element_type": 2, "sort": 101005120, "modified": "2015-07-06T23:08:24.415Z", "created": "2015-07-06T23:09:41.568Z", "datum_object": 21, "active": true}, "model": "element_type.elementdatumobject"}, {"pk": 78, "fields": {"element_type": 1, "sort": 101006110, "modified": "2015-07-06T23:08:24.415Z", "created": "2015-07-06T23:09:41.568Z", "datum_object": 22, "active": true}, "model": "element_type.elementdatumobject"}, {"pk": 79, "fields": {"element_type": 2, "sort": 101006120, "modified": "2015-07-06T23:08:24.415Z", "created": "2015-07-06T23:09:41.568Z", "datum_object": 22, "active": true}, "model": "element_type.elementdatumobject"}, {"pk": 80, "fields": {"element_type": 1, "sort": 401302110, "modified": "2015-07-06T23:08:24.415Z", "created": "2015-07-06T23:09:41.568Z", "datum_object": 23, "active": true}, "model": "element_type.elementdatumobject"}, {"pk": 81, "fields": {"element_type": 2, "sort": 401302120, "modified": "2015-07-06T23:08:24.415Z", "created": "2015-07-06T23:09:41.568Z", "datum_object": 23, "active": true}, "model": "element_type.elementdatumobject"}, {"pk": 82, "fields": {"element_type": 33, "sort": 401302430, "modified": "2015-07-06T23:08:24.415Z", "created": "2015-07-06T23:09:41.568Z", "datum_object": 23, "active": true}, "model": "element_type.elementdatumobject"}, {"pk": 83, "fields": {"element_type": 37, "sort": 401302470, "modified": "2015-07-06T23:08:24.415Z", "created": "2015-07-06T23:09:41.568Z", "datum_object": 23, "active": true}, "model": "element_type.elementdatumobject"}, {"pk": 91, "fields": {"element_type": 1, "sort": 401101110, "modified": "2015-07-06T23:08:24.415Z", "created": "2015-07-06T23:09:41.568Z", "datum_object": 25, "active": true}, "model": "element_type.elementdatumobject"}, {"pk": 92, "fields": {"element_type": 2, "sort": 401101120, "modified": "2015-07-06T23:08:24.415Z", "created": "2015-07-06T23:09:41.568Z", "datum_object": 25, "active": true}, "model": "element_type.elementdatumobject"}, {"pk": 93, "fields": {"element_type": 33, "sort": 401101430, "modified": "2015-07-06T23:08:24.415Z", "created": "2015-07-06T23:09:41.568Z", "datum_object": 25, "active": true}, "model": "element_type.elementdatumobject"}, {"pk": 94, "fields": {"element_type": 37, "sort": 401101470, "modified": "2015-07-06T23:08:24.415Z", "created": "2015-07-06T23:09:41.568Z", "datum_object": 25, "active": true}, "model": "element_type.elementdatumobject"}, {"pk": 95, "fields": {"element_type": 38, "sort": 401101480, "modified": "2015-07-06T23:08:24.415Z", "created": "2015-07-06T23:09:41.568Z", "datum_object": 25, "active": true}, "model": "element_type.elementdatumobject"}, {"pk": 96, "fields": {"element_type": 39, "sort": 401101490, "modified": "2015-07-06T23:08:24.415Z", "created": "2015-07-06T23:09:41.568Z", "datum_object": 25, "active": true}, "model": "element_type.elementdatumobject"}, {"pk": 97, "fields": {"element_type": 40, "sort": 401101500, "modified": "2015-07-06T23:08:24.415Z", "created": "2015-07-06T23:09:41.568Z", "datum_object": 25, "active": true}, "model": "element_type.elementdatumobject"}, {"pk": 1, "fields": {"element_option": null, "sort": 101001110, "element_datum_object": 1, "elvalue": "Software", "modified": "2015-07-06T23:08:38.980Z", "created": "2015-07-06T23:09:47.869Z", "active": true}, "model": "element_value.elementvaluestring"}, {"pk": 2, "fields": {"element_option": null, "sort": 101001120, "element_datum_object": 2, "elvalue": "Ones and Zeroes", "modified": "2015-07-06T23:08:38.980Z", "created": "2015-07-06T23:09:47.869Z", "active": true}, "model": "element_value.elementvaluestring"}, {"pk": 3, "fields": {"element_option": null, "sort": 101101110, "element_datum_object": 3, "elvalue": "Tracuse App", "modified": "2015-07-06T23:08:38.980Z", "created": "2015-07-06T23:09:47.869Z", "active": true}, "model": "element_value.elementvaluestring"}, {"pk": 4, "fields": {"element_option": null, "sort": 101101120, "element_datum_object": 4, "elvalue": "", "modified": "2015-07-06T23:08:38.980Z", "created": "2015-07-06T23:09:47.869Z", "active": true}, "model": "element_value.elementvaluestring"}, {"pk": 5, "fields": {"element_option": null, "sort": 101002110, "element_datum_object": 5, "elvalue": "Python", "modified": "2015-07-06T23:08:38.980Z", "created": "2015-07-06T23:09:47.869Z", "active": true}, "model": "element_value.elementvaluestring"}, {"pk": 6, "fields": {"element_option": null, "sort": 101002120, "element_datum_object": 6, "elvalue": "Best language ever", "modified": "2015-07-06T23:08:38.980Z", "created": "2015-07-06T23:09:47.869Z", "active": true}, "model": "element_value.elementvaluestring"}, {"pk": 16, "fields": {"element_option": null, "sort": 101401110, "element_datum_object": 18, "elvalue": "PDX Code Guild", "modified": "2015-07-06T23:08:38.980Z", "created": "2015-07-06T23:09:47.869Z", "active": true}, "model": "element_value.elementvaluestring"}, {"pk": 17, "fields": {"element_option": null, "sort": 101401120, "element_datum_object": 19, "elvalue": "", "modified": "2015-07-06T23:08:38.980Z", "created": "2015-07-06T23:09:47.869Z", "active": true}, "model": "element_value.elementvaluestring"}, {"pk": 18, "fields": {"element_option": null, "sort": 101401170, "element_datum_object": 20, "elvalue": "Education", "modified": "2015-07-06T23:08:38.980Z", "created": "2015-07-06T23:09:47.869Z", "active": true}, "model": "element_value.elementvaluestring"}, {"pk": 19, "fields": {"element_option": null, "sort": 101501110, "element_datum_object": 21, "elvalue": "PDX Code Guild Main Location", "modified": "2015-07-06T23:08:38.980Z", "created": "2015-07-06T23:09:47.869Z", "active": true}, "model": "element_value.elementvaluestring"}, {"pk": 20, "fields": {"element_option": null, "sort": 101501120, "element_datum_object": 22, "elvalue": "", "modified": "2015-07-06T23:08:38.980Z", "created": "2015-07-06T23:09:47.869Z", "active": true}, "model": "element_value.elementvaluestring"}, {"pk": 21, "fields": {"element_option": null, "sort": 101501180, "element_datum_object": 23, "elvalue": "2626 SW Corbett Ave", "modified": "2015-07-06T23:08:38.980Z", "created": "2015-07-06T23:09:47.869Z", "active": true}, "model": "element_value.elementvaluestring"}, {"pk": 22, "fields": {"element_option": null, "sort": 101501190, "element_datum_object": 24, "elvalue": "Portland", "modified": "2015-07-06T23:08:38.980Z", "created": "2015-07-06T23:09:47.869Z", "active": true}, "model": "element_value.elementvaluestring"}, {"pk": 23, "fields": {"element_option": null, "sort": 101501200, "element_datum_object": 25, "elvalue": "OR", "modified": "2015-07-06T23:08:38.980Z", "created": "2015-07-06T23:09:47.869Z", "active": true}, "model": "element_value.elementvaluestring"}, {"pk": 24, "fields": {"element_option": null, "sort": 101501210, "element_datum_object": 26, "elvalue": "97201", "modified": "2015-07-06T23:08:38.980Z", "created": "2015-07-06T23:09:47.869Z", "active": true}, "model": "element_value.elementvaluestring"}, {"pk": 25, "fields": {"element_option": null, "sort": 101501220, "element_datum_object": 27, "elvalue": "", "modified": "2015-07-06T23:08:38.980Z", "created": "2015-07-06T23:09:47.869Z", "active": true}, "model": "element_value.elementvaluestring"}, {"pk": 26, "fields": {"element_option": null, "sort": 101003110, "element_datum_object": 30, "elvalue": "Family", "modified": "2015-07-06T23:08:38.980Z", "created": "2015-07-06T23:09:47.869Z", "active": true}, "model": "element_value.elementvaluestring"}, {"pk": 27, "fields": {"element_option": null, "sort": 101003120, "element_datum_object": 31, "elvalue": "Blood", "modified": "2015-07-06T23:08:38.980Z", "created": "2015-07-06T23:09:47.869Z", "active": true}, "model": "element_value.elementvaluestring"}, {"pk": 28, "fields": {"element_option": null, "sort": 101301110, "element_datum_object": 32, "elvalue": "Sam Baron", "modified": "2015-07-06T23:08:38.980Z", "created": "2015-07-06T23:09:47.869Z", "active": true}, "model": "element_value.elementvaluestring"}, {"pk": 29, "fields": {"element_option": null, "sort": 101301120, "element_datum_object": 33, "elvalue": "", "modified": "2015-07-06T23:08:38.980Z", "created": "2015-07-06T23:09:47.869Z", "active": true}, "model": "element_value.elementvaluestring"}, {"pk": 30, "fields": {"element_option": null, "sort": 101301130, "element_datum_object": 34, "elvalue": "Madeline", "modified": "2015-07-06T23:08:38.980Z", "created": "2015-07-06T23:09:47.869Z", "active": true}, "model": "element_value.elementvaluestring"}, {"pk": 31, "fields": {"element_option": null, "sort": 101301140, "element_datum_object": 35, "elvalue": "Baron", "modified": "2015-07-06T23:08:38.980Z", "created": "2015-07-06T23:09:47.869Z", "active": true}, "model": "element_value.elementvaluestring"}, {"pk": 32, "fields": {"element_option": null, "sort": 101301150, "element_datum_object": 36, "elvalue": "", "modified": "2015-07-06T23:08:38.980Z", "created": "2015-07-06T23:09:47.869Z", "active": true}, "model": "element_value.elementvaluestring"}, {"pk": 33, "fields": {"element_option": null, "sort": 101004110, "element_datum_object": 38, "elvalue": "Home", "modified": "2015-07-06T23:08:38.980Z", "created": "2015-07-06T23:09:47.869Z", "active": true}, "model": "element_value.elementvaluestring"}, {"pk": 34, "fields": {"element_option": null, "sort": 101004120, "element_datum_object": 39, "elvalue": "My castle", "modified": "2015-07-06T23:08:38.980Z", "created": "2015-07-06T23:09:47.869Z", "active": true}, "model": "element_value.elementvaluestring"}, {"pk": 35, "fields": {"element_option": null, "sort": 101601110, "element_datum_object": 40, "elvalue": "PDX Code Guild Main Contact", "modified": "2015-07-06T23:08:38.980Z", "created": "2015-07-06T23:09:47.869Z", "active": true}, "model": "element_value.elementvaluestring"}, {"pk": 36, "fields": {"element_option": null, "sort": 101601120, "element_datum_object": 41, "elvalue": "", "modified": "2015-07-06T23:08:38.980Z", "created": "2015-07-06T23:09:47.869Z", "active": true}, "model": "element_value.elementvaluestring"}, {"pk": 37, "fields": {"element_option": null, "sort": 101601250, "element_datum_object": 42, "elvalue": "", "modified": "2015-07-06T23:08:38.980Z", "created": "2015-07-06T23:09:47.869Z", "active": true}, "model": "element_value.elementvaluestring"}, {"pk": 38, "fields": {"element_option": null, "sort": 101601260, "element_datum_object": 43, "elvalue": "Sheri@PDXCodeGuild.com ", "modified": "2015-07-06T23:08:38.980Z", "created": "2015-07-06T23:09:47.869Z", "active": true}, "model": "element_value.elementvaluestring"}, {"pk": 39, "fields": {"element_option": null, "sort": 101601270, "element_datum_object": 44, "elvalue": "https://pdxcodeguild.com/", "modified": "2015-07-06T23:08:38.980Z", "created": "2015-07-06T23:09:47.869Z", "active": true}, "model": "element_value.elementvaluestring"}, {"pk": 40, "fields": {"element_option": null, "sort": 101601280, "element_datum_object": 45, "elvalue": "https://www.facebook.com/PDXCodeGuild", "modified": "2015-07-06T23:08:38.980Z", "created": "2015-07-06T23:09:47.869Z", "active": true}, "model": "element_value.elementvaluestring"}, {"pk": 41, "fields": {"element_option": null, "sort": 101601290, "element_datum_object": 46, "elvalue": "https://www.linkedin.com/company/pdx-code-guild/", "modified": "2015-07-06T23:08:38.980Z", "created": "2015-07-06T23:09:47.869Z", "active": true}, "model": "element_value.elementvaluestring"}, {"pk": 42, "fields": {"element_option": null, "sort": 101601300, "element_datum_object": 47, "elvalue": "https://twitter.com/pdxcodeguild", "modified": "2015-07-06T23:08:38.980Z", "created": "2015-07-06T23:09:47.869Z", "active": true}, "model": "element_value.elementvaluestring"}, {"pk": 43, "fields": {"element_option": null, "sort": 201001120, "element_datum_object": 48, "elvalue": "Look for new apartment", "modified": "2015-07-06T23:08:38.980Z", "created": "2015-07-06T23:09:47.869Z", "active": true}, "model": "element_value.elementvaluestring"}, {"pk": 44, "fields": {"element_option": null, "sort": 201001310, "element_datum_object": 49, "elvalue": "Complete", "modified": "2015-07-06T23:08:38.980Z", "created": "2015-07-06T23:09:47.869Z", "active": true}, "model": "element_value.elementvaluestring"}, {"pk": 45, "fields": {"element_option": null, "sort": 201002120, "element_datum_object": 51, "elvalue": "Review craigslist ads", "modified": "2015-07-06T23:08:38.980Z", "created": "2015-07-06T23:09:47.869Z", "active": true}, "model": "element_value.elementvaluestring"}, {"pk": 46, "fields": {"element_option": null, "sort": 201002310, "element_datum_object": 52, "elvalue": "Current", "modified": "2015-07-06T23:08:38.980Z", "created": "2015-07-06T23:09:47.869Z", "active": true}, "model": "element_value.elementvaluestring"}, {"pk": 47, "fields": {"element_option": null, "sort": 201003120, "element_datum_object": 61, "elvalue": "Contact landlords", "modified": "2015-07-06T23:08:38.980Z", "created": "2015-07-06T23:09:47.869Z", "active": true}, "model": "element_value.elementvaluestring"}, {"pk": 48, "fields": {"element_option": null, "sort": 201003310, "element_datum_object": 62, "elvalue": "In Progress", "modified": "2015-07-06T23:08:38.980Z", "created": "2015-07-06T23:09:47.869Z", "active": true}, "model": "element_value.elementvaluestring"}, {"pk": 49, "fields": {"element_option": null, "sort": 101201110, "element_datum_object": 64, "elvalue": "Call", "modified": "2015-07-06T23:08:38.980Z", "created": "2015-07-06T23:09:47.869Z", "active": true}, "model": "element_value.elementvaluestring"}, {"pk": 50, "fields": {"element_option": null, "sort": 101201120, "element_datum_object": 65, "elvalue": "Speaking over the phone", "modified": "2015-07-06T23:08:38.980Z", "created": "2015-07-06T23:09:47.869Z", "active": true}, "model": "element_value.elementvaluestring"}, {"pk": 51, "fields": {"element_option": null, "sort": 101202110, "element_datum_object": 66, "elvalue": "Online", "modified": "2015-07-06T23:08:38.980Z", "created": "2015-07-06T23:09:47.869Z", "active": true}, "model": "element_value.elementvaluestring"}, {"pk": 52, "fields": {"element_option": null, "sort": 101202120, "element_datum_object": 67, "elvalue": "Something over the internet", "modified": "2015-07-06T23:08:38.980Z", "created": "2015-07-06T23:09:47.869Z", "active": true}, "model": "element_value.elementvaluestring"}, {"pk": 53, "fields": {"element_option": null, "sort": 101203110, "element_datum_object": 68, "elvalue": "Email", "modified": "2015-07-06T23:08:38.980Z", "created": "2015-07-06T23:09:47.869Z", "active": true}, "model": "element_value.elementvaluestring"}, {"pk": 54, "fields": {"element_option": null, "sort": 101203120, "element_datum_object": 69, "elvalue": "Sending message", "modified": "2015-07-06T23:08:38.980Z", "created": "2015-07-06T23:09:47.869Z", "active": true}, "model": "element_value.elementvaluestring"}, {"pk": 55, "fields": {"element_option": null, "sort": 301001110, "element_datum_object": 70, "elvalue": "Actual Schedule", "modified": "2015-07-06T23:08:38.980Z", "created": "2015-07-06T23:09:47.869Z", "active": true}, "model": "element_value.elementvaluestring"}, {"pk": 56, "fields": {"element_option": null, "sort": 301001330, "element_datum_object": 71, "elvalue": "Actual", "modified": "2015-07-06T23:08:38.980Z", "created": "2015-07-06T23:09:47.869Z", "active": true}, "model": "element_value.elementvaluestring"}, {"pk": 57, "fields": {"element_option": null, "sort": 401301110, "element_datum_object": 72, "elvalue": "Django Docs", "modified": "2015-07-06T23:08:38.980Z", "created": "2015-07-06T23:09:47.869Z", "active": true}, "model": "element_value.elementvaluestring"}, {"pk": 58, "fields": {"element_option": null, "sort": 401301120, "element_datum_object": 73, "elvalue": "", "modified": "2015-07-06T23:08:38.980Z", "created": "2015-07-06T23:09:47.869Z", "active": true}, "model": "element_value.elementvaluestring"}, {"pk": 59, "fields": {"element_option": null, "sort": 401301430, "element_datum_object": 74, "elvalue": "Complete", "modified": "2015-07-06T23:08:38.980Z", "created": "2015-07-06T23:09:47.869Z", "active": true}, "model": "element_value.elementvaluestring"}, {"pk": 60, "fields": {"element_option": null, "sort": 401301470, "element_datum_object": 75, "elvalue": "https://docs.djangoproject.com/en/1.8/", "modified": "2015-07-06T23:08:38.980Z", "created": "2015-07-06T23:09:47.869Z", "active": true}, "model": "element_value.elementvaluestring"}, {"pk": 61, "fields": {"element_option": null, "sort": 101005110, "element_datum_object": 76, "elvalue": "Django", "modified": "2015-07-06T23:08:38.980Z", "created": "2015-07-06T23:09:47.869Z", "active": true}, "model": "element_value.elementvaluestring"}, {"pk": 62, "fields": {"element_option": null, "sort": 101005120, "element_datum_object": 77, "elvalue": "Web framework", "modified": "2015-07-06T23:08:38.980Z", "created": "2015-07-06T23:09:47.869Z", "active": true}, "model": "element_value.elementvaluestring"}, {"pk": 63, "fields": {"element_option": null, "sort": 101006110, "element_datum_object": 78, "elvalue": "Deployment", "modified": "2015-07-06T23:08:38.980Z", "created": "2015-07-06T23:09:47.869Z", "active": true}, "model": "element_value.elementvaluestring"}, {"pk": 64, "fields": {"element_option": null, "sort": 101006120, "element_datum_object": 79, "elvalue": "From development to production", "modified": "2015-07-06T23:08:38.980Z", "created": "2015-07-06T23:09:47.869Z", "active": true}, "model": "element_value.elementvaluestring"}, {"pk": 65, "fields": {"element_option": null, "sort": 401302110, "element_datum_object": 80, "elvalue": "Deploying Django on AWS", "modified": "2015-07-06T23:08:38.980Z", "created": "2015-07-06T23:09:47.869Z", "active": true}, "model": "element_value.elementvaluestring"}, {"pk": 66, "fields": {"element_option": null, "sort": 401302120, "element_datum_object": 81, "elvalue": "", "modified": "2015-07-06T23:08:38.980Z", "created": "2015-07-06T23:09:47.869Z", "active": true}, "model": "element_value.elementvaluestring"}, {"pk": 67, "fields": {"element_option": null, "sort": 401302430, "element_datum_object": 82, "elvalue": "Complete", "modified": "2015-07-06T23:08:38.980Z", "created": "2015-07-06T23:09:47.869Z", "active": true}, "model": "element_value.elementvaluestring"}, {"pk": 68, "fields": {"element_option": null, "sort": 401302470, "element_datum_object": 83, "elvalue": "http://nickpolet.com/blog/1/", "modified": "2015-07-06T23:08:38.980Z", "created": "2015-07-06T23:09:47.869Z", "active": true}, "model": "element_value.elementvaluestring"}, {"pk": 73, "fields": {"element_option": null, "sort": 401101110, "element_datum_object": 91, "elvalue": "Apartments Spreadsheet", "modified": "2015-07-06T23:08:38.980Z", "created": "2015-07-06T23:09:47.869Z", "active": true}, "model": "element_value.elementvaluestring"}, {"pk": 74, "fields": {"element_option": null, "sort": 401101120, "element_datum_object": 92, "elvalue": "Track potential apartments", "modified": "2015-07-06T23:08:38.980Z", "created": "2015-07-06T23:09:47.869Z", "active": true}, "model": "element_value.elementvaluestring"}, {"pk": 75, "fields": {"element_option": null, "sort": 401101430, "element_datum_object": 93, "elvalue": "Working", "modified": "2015-07-06T23:08:38.980Z", "created": "2015-07-06T23:09:47.869Z", "active": true}, "model": "element_value.elementvaluestring"}, {"pk": 76, "fields": {"element_option": null, "sort": 401101470, "element_datum_object": 94, "elvalue": "", "modified": "2015-07-06T23:08:38.980Z", "created": "2015-07-06T23:09:47.869Z", "active": true}, "model": "element_value.elementvaluestring"}, {"pk": 77, "fields": {"element_option": null, "sort": 401101480, "element_datum_object": 95, "elvalue": "", "modified": "2015-07-06T23:08:38.980Z", "created": "2015-07-06T23:09:47.869Z", "active": true}, "model": "element_value.elementvaluestring"}, {"pk": 1, "fields": {"element_option": null, "sort": 301101400, "element_datum_object": 60, "elvalue": "Placeholder", "modified": "2015-07-06T23:08:40.604Z", "created": "2015-07-06T23:09:48.376Z", "active": true}, "model": "element_value.elementvaluetextdata"}, {"pk": 1, "fields": {"element_option": null, "sort": 101301160, "element_datum_object": 37, "elvalue": "1987-06-07T07:00:00Z", "modified": "2015-07-06T23:08:35.698Z", "created": "2015-07-06T23:09:47.224Z", "active": true}, "model": "element_value.elementvaluedatetime"}, {"pk": 2, "fields": {"element_option": null, "sort": 301101340, "element_datum_object": 54, "elvalue": "2015-05-24T17:00:00Z", "modified": "2015-07-06T23:08:35.698Z", "created": "2015-07-06T23:09:47.224Z", "active": true}, "model": "element_value.elementvaluedatetime"}, {"pk": 3, "fields": {"element_option": null, "sort": 301101350, "element_datum_object": 55, "elvalue": "2015-06-26T22:00:00Z", "modified": "2015-07-06T23:08:35.698Z", "created": "2015-07-06T23:09:47.224Z", "active": true}, "model": "element_value.elementvaluedatetime"}, {"pk": 4, "fields": {"element_option": null, "sort": 301101360, "element_datum_object": 56, "elvalue": "2015-06-15T22:00:00Z", "modified": "2015-07-06T23:08:35.698Z", "created": "2015-07-06T23:09:47.224Z", "active": true}, "model": "element_value.elementvaluedatetime"}, {"pk": 5, "fields": {"element_option": null, "sort": 301101370, "element_datum_object": 57, "elvalue": "2015-05-24T18:00:00Z", "modified": "2015-07-06T23:08:35.698Z", "created": "2015-07-06T23:09:47.224Z", "active": true}, "model": "element_value.elementvaluedatetime"}, {"pk": 8, "fields": {"element_option": null, "sort": 401101490, "element_datum_object": 96, "elvalue": "2015-05-21T19:00:00Z", "modified": "2015-07-06T23:08:35.698Z", "created": "2015-07-06T23:09:47.224Z", "active": true}, "model": "element_value.elementvaluedatetime"}, {"pk": 9, "fields": {"element_option": null, "sort": 401101500, "element_datum_object": 97, "elvalue": "2015-05-21T19:00:00Z", "modified": "2015-07-06T23:08:35.698Z", "created": "2015-07-06T23:09:47.224Z", "active": true}, "model": "element_value.elementvaluedatetime"}, {"pk": 3, "fields": {"element_option": null, "sort": 101501230, "element_datum_object": 28, "elvalue": "0.00", "modified": "2015-07-06T23:08:37.312Z", "created": "2015-07-06T23:09:47.523Z", "active": true}, "model": "element_value.elementvaluedecimal"}, {"pk": 4, "fields": {"element_option": null, "sort": 101501240, "element_datum_object": 29, "elvalue": "0.00", "modified": "2015-07-06T23:08:37.312Z", "created": "2015-07-06T23:09:47.523Z", "active": true}, "model": "element_value.elementvaluedecimal"}, {"pk": 5, "fields": {"element_option": null, "sort": 201001320, "element_datum_object": 50, "elvalue": "3.00", "modified": "2015-07-06T23:08:37.312Z", "created": "2015-07-06T23:09:47.523Z", "active": true}, "model": "element_value.elementvaluedecimal"}, {"pk": 6, "fields": {"element_option": null, "sort": 201002320, "element_datum_object": 53, "elvalue": "4.00", "modified": "2015-07-06T23:08:37.312Z", "created": "2015-07-06T23:09:47.523Z", "active": true}, "model": "element_value.elementvaluedecimal"}, {"pk": 7, "fields": {"element_option": null, "sort": 301101380, "element_datum_object": 58, "elvalue": "0.00", "modified": "2015-07-06T23:08:37.312Z", "created": "2015-07-06T23:09:47.523Z", "active": true}, "model": "element_value.elementvaluedecimal"}, {"pk": 8, "fields": {"element_option": null, "sort": 301101390, "element_datum_object": 59, "elvalue": "0.00", "modified": "2015-07-06T23:08:37.312Z", "created": "2015-07-06T23:09:47.523Z", "active": true}, "model": "element_value.elementvaluedecimal"}, {"pk": 9, "fields": {"element_option": null, "sort": 201003320, "element_datum_object": 63, "elvalue": "4.00", "modified": "2015-07-06T23:08:37.312Z", "created": "2015-07-06T23:09:47.523Z", "active": true}, "model": "element_value.elementvaluedecimal"}, {"pk": 1, "fields": {"schema_name": "default", "long_definition": null, "sort": 100, "entity_name": "Default", "example": null, "modified": "2015-07-06T23:08:14.749Z", "created": "2015-07-06T23:09:37.969Z", "short_definition": "Default Association", "active": true, "readable_name": "Default", "readable_plural_name": "Defaults"}, "model": "association.associationtype"}, {"pk": -1, "fields": {"schema_name": "parent", "long_definition": null, "sort": 100, "entity_name": "Parent", "example": null, "modified": "2015-07-06T23:08:12.942Z", "created": "2015-07-06T23:09:37.610Z", "short_definition": "Ancestors", "active": true, "readable_name": "Parent", "readable_plural_name": "Parents"}, "model": "association.associationdirection"}, {"pk": 0, "fields": {"schema_name": "both", "long_definition": null, "sort": 101, "entity_name": "Both", "example": null, "modified": "2015-07-06T23:08:12.942Z", "created": "2015-07-06T23:09:37.610Z", "short_definition": "Both Directions", "active": true, "readable_name": "Both", "readable_plural_name": "Boths"}, "model": "association.associationdirection"}, {"pk": 1, "fields": {"schema_name": "child", "long_definition": null, "sort": 120, "entity_name": "Child", "example": null, "modified": "2015-07-06T23:08:12.942Z", "created": "2015-07-06T23:09:37.610Z", "short_definition": "Descendants", "active": true, "readable_name": "Child", "readable_plural_name": "Children"}, "model": "association.associationdirection"}, {"pk": 1, "fields": {"sort": 100, "child_datum": 2, "parent_datum": 1, "modified": "2015-07-06T23:08:06.408Z", "created": "2015-07-06T23:09:35.932Z", "association_type": 1, "active": true}, "model": "association.associationadjacent"}, {"pk": 2, "fields": {"sort": 101, "child_datum": 3, "parent_datum": 1, "modified": "2015-07-06T23:08:06.408Z", "created": "2015-07-06T23:09:35.932Z", "association_type": 1, "active": true}, "model": "association.associationadjacent"}, {"pk": 5, "fields": {"sort": 102, "child_datum": 3, "parent_datum": 2, "modified": "2015-07-06T23:08:06.408Z", "created": "2015-07-06T23:09:35.932Z", "association_type": 1, "active": true}, "model": "association.associationadjacent"}, {"pk": 9, "fields": {"sort": 103, "child_datum": 6, "parent_datum": 3, "modified": "2015-07-06T23:08:06.408Z", "created": "2015-07-06T23:09:35.932Z", "association_type": 1, "active": true}, "model": "association.associationadjacent"}, {"pk": 10, "fields": {"sort": 104, "child_datum": 7, "parent_datum": 6, "modified": "2015-07-06T23:08:06.408Z", "created": "2015-07-06T23:09:35.932Z", "association_type": 1, "active": true}, "model": "association.associationadjacent"}, {"pk": 11, "fields": {"sort": 105, "child_datum": 9, "parent_datum": 8, "modified": "2015-07-06T23:08:06.408Z", "created": "2015-07-06T23:09:35.932Z", "association_type": 1, "active": true}, "model": "association.associationadjacent"}, {"pk": 12, "fields": {"sort": 106, "child_datum": 11, "parent_datum": 6, "modified": "2015-07-06T23:08:06.408Z", "created": "2015-07-06T23:09:35.932Z", "association_type": 1, "active": true}, "model": "association.associationadjacent"}, {"pk": 13, "fields": {"sort": 107, "child_datum": 12, "parent_datum": 10, "modified": "2015-07-06T23:08:06.408Z", "created": "2015-07-06T23:09:35.932Z", "association_type": 1, "active": true}, "model": "association.associationadjacent"}, {"pk": 14, "fields": {"sort": 108, "child_datum": 13, "parent_datum": 12, "modified": "2015-07-06T23:08:06.408Z", "created": "2015-07-06T23:09:35.932Z", "association_type": 1, "active": true}, "model": "association.associationadjacent"}, {"pk": 15, "fields": {"sort": 109, "child_datum": 14, "parent_datum": 13, "modified": "2015-07-06T23:08:06.408Z", "created": "2015-07-06T23:09:35.932Z", "association_type": 1, "active": true}, "model": "association.associationadjacent"}, {"pk": 16, "fields": {"sort": 110, "child_datum": 12, "parent_datum": 15, "modified": "2015-07-06T23:08:06.408Z", "created": "2015-07-06T23:09:35.932Z", "association_type": 1, "active": true}, "model": "association.associationadjacent"}, {"pk": 17, "fields": {"sort": 111, "child_datum": 15, "parent_datum": 18, "modified": "2015-07-06T23:08:06.408Z", "created": "2015-07-06T23:09:35.932Z", "association_type": 1, "active": true}, "model": "association.associationadjacent"}, {"pk": 18, "fields": {"sort": 112, "child_datum": 13, "parent_datum": 17, "modified": "2015-07-06T23:08:06.408Z", "created": "2015-07-06T23:09:35.932Z", "association_type": 1, "active": true}, "model": "association.associationadjacent"}, {"pk": 19, "fields": {"sort": 113, "child_datum": 14, "parent_datum": 19, "modified": "2015-07-06T23:08:06.408Z", "created": "2015-07-06T23:09:35.932Z", "association_type": 1, "active": true}, "model": "association.associationadjacent"}, {"pk": 20, "fields": {"sort": 114, "child_datum": 21, "parent_datum": 3, "modified": "2015-07-06T23:08:06.408Z", "created": "2015-07-06T23:09:35.932Z", "association_type": 1, "active": true}, "model": "association.associationadjacent"}, {"pk": 21, "fields": {"sort": 115, "child_datum": 20, "parent_datum": 21, "modified": "2015-07-06T23:08:06.408Z", "created": "2015-07-06T23:09:35.932Z", "association_type": 1, "active": true}, "model": "association.associationadjacent"}, {"pk": 22, "fields": {"sort": 116, "child_datum": 22, "parent_datum": 1, "modified": "2015-07-06T23:08:06.408Z", "created": "2015-07-06T23:09:35.932Z", "association_type": 1, "active": true}, "model": "association.associationadjacent"}, {"pk": 28, "fields": {"sort": 117, "child_datum": 23, "parent_datum": 22, "modified": "2015-07-06T23:08:06.408Z", "created": "2015-07-06T23:09:35.932Z", "association_type": 1, "active": true}, "model": "association.associationadjacent"}, {"pk": 29, "fields": {"sort": 118, "child_datum": 23, "parent_datum": 21, "modified": "2015-07-06T23:08:06.408Z", "created": "2015-07-06T23:09:35.932Z", "association_type": 1, "active": true}, "model": "association.associationadjacent"}, {"pk": 30, "fields": {"sort": 119, "child_datum": 25, "parent_datum": 12, "modified": "2015-07-06T23:08:06.408Z", "created": "2015-07-06T23:09:35.932Z", "association_type": 1, "active": true}, "model": "association.associationadjacent"}, {"pk": 1, "fields": {"sort": 100, "distance": 0, "child_datum": 1, "parent_datum": 1, "modified": "2015-07-06T23:08:10.838Z", "created": "2015-07-06T23:09:37.244Z", "active": true}, "model": "association.associationall"}, {"pk": 2, "fields": {"sort": 101, "distance": 0, "child_datum": 2, "parent_datum": 2, "modified": "2015-07-06T23:08:10.838Z", "created": "2015-07-06T23:09:37.244Z", "active": true}, "model": "association.associationall"}, {"pk": 3, "fields": {"sort": 102, "distance": 1, "child_datum": 2, "parent_datum": 1, "modified": "2015-07-06T23:08:10.838Z", "created": "2015-07-06T23:09:37.244Z", "active": true}, "model": "association.associationall"}, {"pk": 4, "fields": {"sort": 103, "distance": 0, "child_datum": 3, "parent_datum": 3, "modified": "2015-07-06T23:08:10.838Z", "created": "2015-07-06T23:09:37.244Z", "active": true}, "model": "association.associationall"}, {"pk": 5, "fields": {"sort": 104, "distance": 1, "child_datum": 3, "parent_datum": 1, "modified": "2015-07-06T23:08:10.838Z", "created": "2015-07-06T23:09:37.244Z", "active": true}, "model": "association.associationall"}, {"pk": 10, "fields": {"sort": 105, "distance": 1, "child_datum": 3, "parent_datum": 2, "modified": "2015-07-06T23:08:10.838Z", "created": "2015-07-06T23:09:37.244Z", "active": true}, "model": "association.associationall"}, {"pk": 14, "fields": {"sort": 106, "distance": 0, "child_datum": 6, "parent_datum": 6, "modified": "2015-07-06T23:08:10.838Z", "created": "2015-07-06T23:09:37.244Z", "active": true}, "model": "association.associationall"}, {"pk": 15, "fields": {"sort": 107, "distance": 1, "child_datum": 6, "parent_datum": 3, "modified": "2015-07-06T23:08:10.838Z", "created": "2015-07-06T23:09:37.244Z", "active": true}, "model": "association.associationall"}, {"pk": 16, "fields": {"sort": 108, "distance": 2, "child_datum": 6, "parent_datum": 1, "modified": "2015-07-06T23:08:10.838Z", "created": "2015-07-06T23:09:37.244Z", "active": true}, "model": "association.associationall"}, {"pk": 17, "fields": {"sort": 109, "distance": 2, "child_datum": 6, "parent_datum": 2, "modified": "2015-07-06T23:08:10.838Z", "created": "2015-07-06T23:09:37.244Z", "active": true}, "model": "association.associationall"}, {"pk": 18, "fields": {"sort": 110, "distance": 0, "child_datum": 7, "parent_datum": 7, "modified": "2015-07-06T23:08:10.838Z", "created": "2015-07-06T23:09:37.244Z", "active": true}, "model": "association.associationall"}, {"pk": 19, "fields": {"sort": 111, "distance": 1, "child_datum": 7, "parent_datum": 6, "modified": "2015-07-06T23:08:10.838Z", "created": "2015-07-06T23:09:37.244Z", "active": true}, "model": "association.associationall"}, {"pk": 20, "fields": {"sort": 112, "distance": 2, "child_datum": 7, "parent_datum": 3, "modified": "2015-07-06T23:08:10.838Z", "created": "2015-07-06T23:09:37.244Z", "active": true}, "model": "association.associationall"}, {"pk": 21, "fields": {"sort": 113, "distance": 3, "child_datum": 7, "parent_datum": 1, "modified": "2015-07-06T23:08:10.838Z", "created": "2015-07-06T23:09:37.244Z", "active": true}, "model": "association.associationall"}, {"pk": 22, "fields": {"sort": 114, "distance": 3, "child_datum": 7, "parent_datum": 2, "modified": "2015-07-06T23:08:10.838Z", "created": "2015-07-06T23:09:37.244Z", "active": true}, "model": "association.associationall"}, {"pk": 23, "fields": {"sort": 115, "distance": 0, "child_datum": 8, "parent_datum": 8, "modified": "2015-07-06T23:08:10.838Z", "created": "2015-07-06T23:09:37.244Z", "active": true}, "model": "association.associationall"}, {"pk": 24, "fields": {"sort": 116, "distance": 0, "child_datum": 9, "parent_datum": 9, "modified": "2015-07-06T23:08:10.838Z", "created": "2015-07-06T23:09:37.244Z", "active": true}, "model": "association.associationall"}, {"pk": 25, "fields": {"sort": 117, "distance": 1, "child_datum": 9, "parent_datum": 8, "modified": "2015-07-06T23:08:10.838Z", "created": "2015-07-06T23:09:37.244Z", "active": true}, "model": "association.associationall"}, {"pk": 26, "fields": {"sort": 118, "distance": 0, "child_datum": 10, "parent_datum": 10, "modified": "2015-07-06T23:08:10.838Z", "created": "2015-07-06T23:09:37.244Z", "active": true}, "model": "association.associationall"}, {"pk": 27, "fields": {"sort": 119, "distance": 0, "child_datum": 11, "parent_datum": 11, "modified": "2015-07-06T23:08:10.838Z", "created": "2015-07-06T23:09:37.244Z", "active": true}, "model": "association.associationall"}, {"pk": 28, "fields": {"sort": 120, "distance": 1, "child_datum": 11, "parent_datum": 6, "modified": "2015-07-06T23:08:10.838Z", "created": "2015-07-06T23:09:37.244Z", "active": true}, "model": "association.associationall"}, {"pk": 29, "fields": {"sort": 121, "distance": 2, "child_datum": 11, "parent_datum": 3, "modified": "2015-07-06T23:08:10.838Z", "created": "2015-07-06T23:09:37.244Z", "active": true}, "model": "association.associationall"}, {"pk": 30, "fields": {"sort": 122, "distance": 3, "child_datum": 11, "parent_datum": 1, "modified": "2015-07-06T23:08:10.838Z", "created": "2015-07-06T23:09:37.244Z", "active": true}, "model": "association.associationall"}, {"pk": 31, "fields": {"sort": 123, "distance": 3, "child_datum": 11, "parent_datum": 2, "modified": "2015-07-06T23:08:10.838Z", "created": "2015-07-06T23:09:37.244Z", "active": true}, "model": "association.associationall"}, {"pk": 32, "fields": {"sort": 124, "distance": 0, "child_datum": 12, "parent_datum": 12, "modified": "2015-07-06T23:08:10.838Z", "created": "2015-07-06T23:09:37.244Z", "active": true}, "model": "association.associationall"}, {"pk": 33, "fields": {"sort": 125, "distance": 1, "child_datum": 12, "parent_datum": 10, "modified": "2015-07-06T23:08:10.838Z", "created": "2015-07-06T23:09:37.244Z", "active": true}, "model": "association.associationall"}, {"pk": 34, "fields": {"sort": 126, "distance": 0, "child_datum": 13, "parent_datum": 13, "modified": "2015-07-06T23:08:10.838Z", "created": "2015-07-06T23:09:37.244Z", "active": true}, "model": "association.associationall"}, {"pk": 35, "fields": {"sort": 127, "distance": 1, "child_datum": 13, "parent_datum": 12, "modified": "2015-07-06T23:08:10.838Z", "created": "2015-07-06T23:09:37.244Z", "active": true}, "model": "association.associationall"}, {"pk": 36, "fields": {"sort": 128, "distance": 2, "child_datum": 13, "parent_datum": 10, "modified": "2015-07-06T23:08:10.838Z", "created": "2015-07-06T23:09:37.244Z", "active": true}, "model": "association.associationall"}, {"pk": 37, "fields": {"sort": 129, "distance": 0, "child_datum": 14, "parent_datum": 14, "modified": "2015-07-06T23:08:10.838Z", "created": "2015-07-06T23:09:37.244Z", "active": true}, "model": "association.associationall"}, {"pk": 38, "fields": {"sort": 130, "distance": 1, "child_datum": 14, "parent_datum": 13, "modified": "2015-07-06T23:08:10.838Z", "created": "2015-07-06T23:09:37.244Z", "active": true}, "model": "association.associationall"}, {"pk": 39, "fields": {"sort": 131, "distance": 2, "child_datum": 14, "parent_datum": 12, "modified": "2015-07-06T23:08:10.838Z", "created": "2015-07-06T23:09:37.244Z", "active": true}, "model": "association.associationall"}, {"pk": 40, "fields": {"sort": 132, "distance": 3, "child_datum": 14, "parent_datum": 10, "modified": "2015-07-06T23:08:10.838Z", "created": "2015-07-06T23:09:37.244Z", "active": true}, "model": "association.associationall"}, {"pk": 41, "fields": {"sort": 133, "distance": 0, "child_datum": 15, "parent_datum": 15, "modified": "2015-07-06T23:08:10.838Z", "created": "2015-07-06T23:09:37.244Z", "active": true}, "model": "association.associationall"}, {"pk": 42, "fields": {"sort": 134, "distance": 1, "child_datum": 12, "parent_datum": 15, "modified": "2015-07-06T23:08:10.838Z", "created": "2015-07-06T23:09:37.244Z", "active": true}, "model": "association.associationall"}, {"pk": 43, "fields": {"sort": 135, "distance": 2, "child_datum": 13, "parent_datum": 15, "modified": "2015-07-06T23:08:10.838Z", "created": "2015-07-06T23:09:37.244Z", "active": true}, "model": "association.associationall"}, {"pk": 44, "fields": {"sort": 136, "distance": 3, "child_datum": 14, "parent_datum": 15, "modified": "2015-07-06T23:08:10.838Z", "created": "2015-07-06T23:09:37.244Z", "active": true}, "model": "association.associationall"}, {"pk": 45, "fields": {"sort": 137, "distance": 0, "child_datum": 16, "parent_datum": 16, "modified": "2015-07-06T23:08:10.838Z", "created": "2015-07-06T23:09:37.244Z", "active": true}, "model": "association.associationall"}, {"pk": 46, "fields": {"sort": 138, "distance": 0, "child_datum": 17, "parent_datum": 17, "modified": "2015-07-06T23:08:10.838Z", "created": "2015-07-06T23:09:37.244Z", "active": true}, "model": "association.associationall"}, {"pk": 47, "fields": {"sort": 139, "distance": 0, "child_datum": 18, "parent_datum": 18, "modified": "2015-07-06T23:08:10.838Z", "created": "2015-07-06T23:09:37.244Z", "active": true}, "model": "association.associationall"}, {"pk": 48, "fields": {"sort": 140, "distance": 1, "child_datum": 15, "parent_datum": 18, "modified": "2015-07-06T23:08:10.838Z", "created": "2015-07-06T23:09:37.244Z", "active": true}, "model": "association.associationall"}, {"pk": 49, "fields": {"sort": 141, "distance": 2, "child_datum": 12, "parent_datum": 18, "modified": "2015-07-06T23:08:10.838Z", "created": "2015-07-06T23:09:37.244Z", "active": true}, "model": "association.associationall"}, {"pk": 50, "fields": {"sort": 142, "distance": 3, "child_datum": 13, "parent_datum": 18, "modified": "2015-07-06T23:08:10.838Z", "created": "2015-07-06T23:09:37.244Z", "active": true}, "model": "association.associationall"}, {"pk": 51, "fields": {"sort": 143, "distance": 4, "child_datum": 14, "parent_datum": 18, "modified": "2015-07-06T23:08:10.838Z", "created": "2015-07-06T23:09:37.244Z", "active": true}, "model": "association.associationall"}, {"pk": 52, "fields": {"sort": 144, "distance": 1, "child_datum": 13, "parent_datum": 17, "modified": "2015-07-06T23:08:10.838Z", "created": "2015-07-06T23:09:37.244Z", "active": true}, "model": "association.associationall"}, {"pk": 53, "fields": {"sort": 145, "distance": 2, "child_datum": 14, "parent_datum": 17, "modified": "2015-07-06T23:08:10.838Z", "created": "2015-07-06T23:09:37.244Z", "active": true}, "model": "association.associationall"}, {"pk": 54, "fields": {"sort": 146, "distance": 0, "child_datum": 19, "parent_datum": 19, "modified": "2015-07-06T23:08:10.838Z", "created": "2015-07-06T23:09:37.244Z", "active": true}, "model": "association.associationall"}, {"pk": 55, "fields": {"sort": 147, "distance": 1, "child_datum": 14, "parent_datum": 19, "modified": "2015-07-06T23:08:10.838Z", "created": "2015-07-06T23:09:37.244Z", "active": true}, "model": "association.associationall"}, {"pk": 56, "fields": {"sort": 148, "distance": 0, "child_datum": 20, "parent_datum": 20, "modified": "2015-07-06T23:08:10.838Z", "created": "2015-07-06T23:09:37.244Z", "active": true}, "model": "association.associationall"}, {"pk": 57, "fields": {"sort": 149, "distance": 0, "child_datum": 21, "parent_datum": 21, "modified": "2015-07-06T23:08:10.838Z", "created": "2015-07-06T23:09:37.244Z", "active": true}, "model": "association.associationall"}, {"pk": 58, "fields": {"sort": 150, "distance": 1, "child_datum": 21, "parent_datum": 3, "modified": "2015-07-06T23:08:10.838Z", "created": "2015-07-06T23:09:37.244Z", "active": true}, "model": "association.associationall"}, {"pk": 59, "fields": {"sort": 151, "distance": 2, "child_datum": 21, "parent_datum": 1, "modified": "2015-07-06T23:08:10.838Z", "created": "2015-07-06T23:09:37.244Z", "active": true}, "model": "association.associationall"}, {"pk": 60, "fields": {"sort": 152, "distance": 2, "child_datum": 21, "parent_datum": 2, "modified": "2015-07-06T23:08:10.838Z", "created": "2015-07-06T23:09:37.244Z", "active": true}, "model": "association.associationall"}, {"pk": 61, "fields": {"sort": 153, "distance": 1, "child_datum": 20, "parent_datum": 21, "modified": "2015-07-06T23:08:10.838Z", "created": "2015-07-06T23:09:37.244Z", "active": true}, "model": "association.associationall"}, {"pk": 62, "fields": {"sort": 154, "distance": 2, "child_datum": 20, "parent_datum": 3, "modified": "2015-07-06T23:08:10.838Z", "created": "2015-07-06T23:09:37.244Z", "active": true}, "model": "association.associationall"}, {"pk": 63, "fields": {"sort": 155, "distance": 3, "child_datum": 20, "parent_datum": 1, "modified": "2015-07-06T23:08:10.838Z", "created": "2015-07-06T23:09:37.244Z", "active": true}, "model": "association.associationall"}, {"pk": 64, "fields": {"sort": 156, "distance": 3, "child_datum": 20, "parent_datum": 2, "modified": "2015-07-06T23:08:10.838Z", "created": "2015-07-06T23:09:37.244Z", "active": true}, "model": "association.associationall"}, {"pk": 65, "fields": {"sort": 157, "distance": 0, "child_datum": 22, "parent_datum": 22, "modified": "2015-07-06T23:08:10.838Z", "created": "2015-07-06T23:09:37.244Z", "active": true}, "model": "association.associationall"}, {"pk": 66, "fields": {"sort": 158, "distance": 1, "child_datum": 22, "parent_datum": 1, "modified": "2015-07-06T23:08:10.838Z", "created": "2015-07-06T23:09:37.244Z", "active": true}, "model": "association.associationall"}, {"pk": 79, "fields": {"sort": 159, "distance": 0, "child_datum": 23, "parent_datum": 23, "modified": "2015-07-06T23:08:10.838Z", "created": "2015-07-06T23:09:37.244Z", "active": true}, "model": "association.associationall"}, {"pk": 80, "fields": {"sort": 160, "distance": 1, "child_datum": 23, "parent_datum": 22, "modified": "2015-07-06T23:08:10.838Z", "created": "2015-07-06T23:09:37.244Z", "active": true}, "model": "association.associationall"}, {"pk": 81, "fields": {"sort": 161, "distance": 2, "child_datum": 23, "parent_datum": 1, "modified": "2015-07-06T23:08:10.838Z", "created": "2015-07-06T23:09:37.244Z", "active": true}, "model": "association.associationall"}, {"pk": 82, "fields": {"sort": 162, "distance": 1, "child_datum": 23, "parent_datum": 21, "modified": "2015-07-06T23:08:10.838Z", "created": "2015-07-06T23:09:37.244Z", "active": true}, "model": "association.associationall"}, {"pk": 83, "fields": {"sort": 163, "distance": 2, "child_datum": 23, "parent_datum": 3, "modified": "2015-07-06T23:08:10.838Z", "created": "2015-07-06T23:09:37.244Z", "active": true}, "model": "association.associationall"}, {"pk": 86, "fields": {"sort": 164, "distance": 0, "child_datum": 25, "parent_datum": 25, "modified": "2015-07-06T23:08:10.838Z", "created": "2015-07-06T23:09:37.244Z", "active": true}, "model": "association.associationall"}, {"pk": 87, "fields": {"sort": 165, "distance": 1, "child_datum": 25, "parent_datum": 12, "modified": "2015-07-06T23:08:10.838Z", "created": "2015-07-06T23:09:37.244Z", "active": true}, "model": "association.associationall"}, {"pk": 88, "fields": {"sort": 166, "distance": 2, "child_datum": 25, "parent_datum": 10, "modified": "2015-07-06T23:08:10.838Z", "created": "2015-07-06T23:09:37.244Z", "active": true}, "model": "association.associationall"}, {"pk": 89, "fields": {"sort": 167, "distance": 2, "child_datum": 25, "parent_datum": 15, "modified": "2015-07-06T23:08:10.838Z", "created": "2015-07-06T23:09:37.244Z", "active": true}, "model": "association.associationall"}, {"pk": 90, "fields": {"sort": 168, "distance": 3, "child_datum": 25, "parent_datum": 18, "modified": "2015-07-06T23:08:10.838Z", "created": "2015-07-06T23:09:37.244Z", "active": true}, "model": "association.associationall"}, {"pk": 1, "fields": {"sort": 100, "user": null, "title": "Current Actions", "datum_filter": "{\"FilterRuleGroup\": [], \"FilterRuleUser\": [], \"FilterRuleType\": [], \"FilterRuleElement\": [], \"FilterRuleAssociation\": [], \"FilterRuleDataType\": []}", "modified": "2015-07-28T20:56:06.153Z", "created": "2015-07-28T20:43:15.044Z", "viewuse_arrangement": 1, "active": true, "description": ""}, "model": "viewuse.viewuseobject"}, {"pk": 2, "fields": {"sort": 101, "user": null, "title": "Upcoming Actions", "datum_filter": "{\"FilterRuleGroup\": [], \"FilterRuleUser\": [], \"FilterRuleType\": [], \"FilterRuleElement\": [], \"FilterRuleAssociation\": [], \"FilterRuleDataType\": []}", "modified": "2015-07-28T20:56:06.194Z", "created": "2015-07-28T20:44:46.538Z", "viewuse_arrangement": 1, "active": true, "description": ""}, "model": "viewuse.viewuseobject"}, {"pk": 1, "fields": {"schema_name": "viewuse_tile", "long_definition": "Uses CSS flexbox", "sort": 100, "entity_name": "ViewuseTile", "example": "", "modified": "2015-07-28T20:38:14.610Z", "created": "2015-07-28T20:38:14.603Z", "short_definition": "Objects in tiled boxes", "active": true, "readable_name": "Tile", "readable_plural_name": "Tile"}, "model": "viewuse.viewusearrangement"}, {"pk": 1, "fields": {"sort": 100, "user": null, "title": "Work Actions", "datum_filter": "{\"FilterRuleGroup\": [], \"FilterRuleUser\": [], \"FilterRuleType\": [], \"FilterRuleElement\": [], \"FilterRuleAssociation\": [], \"FilterRuleDataType\": []}", "modified": "2015-07-28T20:56:16.396Z", "created": "2015-07-28T20:45:06.300Z", "active": true, "description": ""}, "model": "windowuse.windowuseobject"}, {"pk": 1, "fields": {"sort": 100, "viewuse_object": 1, "modified": "2015-07-28T20:45:06.326Z", "created": "2015-07-28T20:45:06.304Z", "active": true, "windowuse_object": 1}, "model": "windowuse.windowuseviewuse"}, {"pk": 2, "fields": {"sort": 101, "viewuse_object": 2, "modified": "2015-07-28T20:45:16.800Z", "created": "2015-07-28T20:45:16.784Z", "active": true, "windowuse_object": 1}, "model": "windowuse.windowuseviewuse"}]