[
{
    "fields": {
        "name": "Can add log entry",
        "content_type": 1,
        "codename": "add_logentry"
    },
    "pk": 1,
    "model": "auth.permission"
},
{
    "fields": {
        "name": "Can change log entry",
        "content_type": 1,
        "codename": "change_logentry"
    },
    "pk": 2,
    "model": "auth.permission"
},
{
    "fields": {
        "name": "Can delete log entry",
        "content_type": 1,
        "codename": "delete_logentry"
    },
    "pk": 3,
    "model": "auth.permission"
},
{
    "fields": {
        "name": "Can add permission",
        "content_type": 2,
        "codename": "add_permission"
    },
    "pk": 4,
    "model": "auth.permission"
},
{
    "fields": {
        "name": "Can change permission",
        "content_type": 2,
        "codename": "change_permission"
    },
    "pk": 5,
    "model": "auth.permission"
},
{
    "fields": {
        "name": "Can delete permission",
        "content_type": 2,
        "codename": "delete_permission"
    },
    "pk": 6,
    "model": "auth.permission"
},
{
    "fields": {
        "name": "Can add group",
        "content_type": 3,
        "codename": "add_group"
    },
    "pk": 7,
    "model": "auth.permission"
},
{
    "fields": {
        "name": "Can change group",
        "content_type": 3,
        "codename": "change_group"
    },
    "pk": 8,
    "model": "auth.permission"
},
{
    "fields": {
        "name": "Can delete group",
        "content_type": 3,
        "codename": "delete_group"
    },
    "pk": 9,
    "model": "auth.permission"
},
{
    "fields": {
        "name": "Can add user",
        "content_type": 4,
        "codename": "add_user"
    },
    "pk": 10,
    "model": "auth.permission"
},
{
    "fields": {
        "name": "Can change user",
        "content_type": 4,
        "codename": "change_user"
    },
    "pk": 11,
    "model": "auth.permission"
},
{
    "fields": {
        "name": "Can delete user",
        "content_type": 4,
        "codename": "delete_user"
    },
    "pk": 12,
    "model": "auth.permission"
},
{
    "fields": {
        "name": "Can add content type",
        "content_type": 5,
        "codename": "add_contenttype"
    },
    "pk": 13,
    "model": "auth.permission"
},
{
    "fields": {
        "name": "Can change content type",
        "content_type": 5,
        "codename": "change_contenttype"
    },
    "pk": 14,
    "model": "auth.permission"
},
{
    "fields": {
        "name": "Can delete content type",
        "content_type": 5,
        "codename": "delete_contenttype"
    },
    "pk": 15,
    "model": "auth.permission"
},
{
    "fields": {
        "name": "Can add session",
        "content_type": 6,
        "codename": "add_session"
    },
    "pk": 16,
    "model": "auth.permission"
},
{
    "fields": {
        "name": "Can change session",
        "content_type": 6,
        "codename": "change_session"
    },
    "pk": 17,
    "model": "auth.permission"
},
{
    "fields": {
        "name": "Can delete session",
        "content_type": 6,
        "codename": "delete_session"
    },
    "pk": 18,
    "model": "auth.permission"
},
{
    "fields": {
        "name": "Can add User Landing Signup",
        "content_type": 7,
        "codename": "add_tracuserlanding"
    },
    "pk": 19,
    "model": "auth.permission"
},
{
    "fields": {
        "name": "Can change User Landing Signup",
        "content_type": 7,
        "codename": "change_tracuserlanding"
    },
    "pk": 20,
    "model": "auth.permission"
},
{
    "fields": {
        "name": "Can delete User Landing Signup",
        "content_type": 7,
        "codename": "delete_tracuserlanding"
    },
    "pk": 21,
    "model": "auth.permission"
},
{
    "fields": {
        "name": "Can add Datum Group",
        "content_type": 8,
        "codename": "add_datumgroup"
    },
    "pk": 22,
    "model": "auth.permission"
},
{
    "fields": {
        "name": "Can change Datum Group",
        "content_type": 8,
        "codename": "change_datumgroup"
    },
    "pk": 23,
    "model": "auth.permission"
},
{
    "fields": {
        "name": "Can delete Datum Group",
        "content_type": 8,
        "codename": "delete_datumgroup"
    },
    "pk": 24,
    "model": "auth.permission"
},
{
    "fields": {
        "name": "Can add Datum Type",
        "content_type": 9,
        "codename": "add_datumtype"
    },
    "pk": 25,
    "model": "auth.permission"
},
{
    "fields": {
        "name": "Can change Datum Type",
        "content_type": 9,
        "codename": "change_datumtype"
    },
    "pk": 26,
    "model": "auth.permission"
},
{
    "fields": {
        "name": "Can delete Datum Type",
        "content_type": 9,
        "codename": "delete_datumtype"
    },
    "pk": 27,
    "model": "auth.permission"
},
{
    "fields": {
        "name": "Can add Datum",
        "content_type": 10,
        "codename": "add_datumobject"
    },
    "pk": 28,
    "model": "auth.permission"
},
{
    "fields": {
        "name": "Can change Datum",
        "content_type": 10,
        "codename": "change_datumobject"
    },
    "pk": 29,
    "model": "auth.permission"
},
{
    "fields": {
        "name": "Can delete Datum",
        "content_type": 10,
        "codename": "delete_datumobject"
    },
    "pk": 30,
    "model": "auth.permission"
},
{
    "fields": {
        "name": "Can add Element Data Type",
        "content_type": 11,
        "codename": "add_elementdatatype"
    },
    "pk": 31,
    "model": "auth.permission"
},
{
    "fields": {
        "name": "Can change Element Data Type",
        "content_type": 11,
        "codename": "change_elementdatatype"
    },
    "pk": 32,
    "model": "auth.permission"
},
{
    "fields": {
        "name": "Can delete Element Data Type",
        "content_type": 11,
        "codename": "delete_elementdatatype"
    },
    "pk": 33,
    "model": "auth.permission"
},
{
    "fields": {
        "name": "Can add Element Data Type Operator",
        "content_type": 12,
        "codename": "add_elementoperator"
    },
    "pk": 34,
    "model": "auth.permission"
},
{
    "fields": {
        "name": "Can change Element Data Type Operator",
        "content_type": 12,
        "codename": "change_elementoperator"
    },
    "pk": 35,
    "model": "auth.permission"
},
{
    "fields": {
        "name": "Can delete Element Data Type Operator",
        "content_type": 12,
        "codename": "delete_elementoperator"
    },
    "pk": 36,
    "model": "auth.permission"
},
{
    "fields": {
        "name": "Can add element type",
        "content_type": 13,
        "codename": "add_elementtype"
    },
    "pk": 37,
    "model": "auth.permission"
},
{
    "fields": {
        "name": "Can change element type",
        "content_type": 13,
        "codename": "change_elementtype"
    },
    "pk": 38,
    "model": "auth.permission"
},
{
    "fields": {
        "name": "Can delete element type",
        "content_type": 13,
        "codename": "delete_elementtype"
    },
    "pk": 39,
    "model": "auth.permission"
},
{
    "fields": {
        "name": "Can add Element Option",
        "content_type": 14,
        "codename": "add_elementoption"
    },
    "pk": 40,
    "model": "auth.permission"
},
{
    "fields": {
        "name": "Can change Element Option",
        "content_type": 14,
        "codename": "change_elementoption"
    },
    "pk": 41,
    "model": "auth.permission"
},
{
    "fields": {
        "name": "Can delete Element Option",
        "content_type": 14,
        "codename": "delete_elementoption"
    },
    "pk": 42,
    "model": "auth.permission"
},
{
    "fields": {
        "name": "Can add Datum Type - Element",
        "content_type": 15,
        "codename": "add_elementdatumtype"
    },
    "pk": 43,
    "model": "auth.permission"
},
{
    "fields": {
        "name": "Can change Datum Type - Element",
        "content_type": 15,
        "codename": "change_elementdatumtype"
    },
    "pk": 44,
    "model": "auth.permission"
},
{
    "fields": {
        "name": "Can delete Datum Type - Element",
        "content_type": 15,
        "codename": "delete_elementdatumtype"
    },
    "pk": 45,
    "model": "auth.permission"
},
{
    "fields": {
        "name": "Can add Datum Object - Element",
        "content_type": 16,
        "codename": "add_elementdatumobject"
    },
    "pk": 46,
    "model": "auth.permission"
},
{
    "fields": {
        "name": "Can change Datum Object - Element",
        "content_type": 16,
        "codename": "change_elementdatumobject"
    },
    "pk": 47,
    "model": "auth.permission"
},
{
    "fields": {
        "name": "Can delete Datum Object - Element",
        "content_type": 16,
        "codename": "delete_elementdatumobject"
    },
    "pk": 48,
    "model": "auth.permission"
},
{
    "fields": {
        "name": "Can add Element Value",
        "content_type": 17,
        "codename": "add_elementvaluestring"
    },
    "pk": 49,
    "model": "auth.permission"
},
{
    "fields": {
        "name": "Can change Element Value",
        "content_type": 17,
        "codename": "change_elementvaluestring"
    },
    "pk": 50,
    "model": "auth.permission"
},
{
    "fields": {
        "name": "Can delete Element Value",
        "content_type": 17,
        "codename": "delete_elementvaluestring"
    },
    "pk": 51,
    "model": "auth.permission"
},
{
    "fields": {
        "name": "Can add Element Value",
        "content_type": 18,
        "codename": "add_elementvaluetextdata"
    },
    "pk": 52,
    "model": "auth.permission"
},
{
    "fields": {
        "name": "Can change Element Value",
        "content_type": 18,
        "codename": "change_elementvaluetextdata"
    },
    "pk": 53,
    "model": "auth.permission"
},
{
    "fields": {
        "name": "Can delete Element Value",
        "content_type": 18,
        "codename": "delete_elementvaluetextdata"
    },
    "pk": 54,
    "model": "auth.permission"
},
{
    "fields": {
        "name": "Can add Element Value",
        "content_type": 19,
        "codename": "add_elementvalueboolean"
    },
    "pk": 55,
    "model": "auth.permission"
},
{
    "fields": {
        "name": "Can change Element Value",
        "content_type": 19,
        "codename": "change_elementvalueboolean"
    },
    "pk": 56,
    "model": "auth.permission"
},
{
    "fields": {
        "name": "Can delete Element Value",
        "content_type": 19,
        "codename": "delete_elementvalueboolean"
    },
    "pk": 57,
    "model": "auth.permission"
},
{
    "fields": {
        "name": "Can add Element Value",
        "content_type": 20,
        "codename": "add_elementvaluedatetime"
    },
    "pk": 58,
    "model": "auth.permission"
},
{
    "fields": {
        "name": "Can change Element Value",
        "content_type": 20,
        "codename": "change_elementvaluedatetime"
    },
    "pk": 59,
    "model": "auth.permission"
},
{
    "fields": {
        "name": "Can delete Element Value",
        "content_type": 20,
        "codename": "delete_elementvaluedatetime"
    },
    "pk": 60,
    "model": "auth.permission"
},
{
    "fields": {
        "name": "Can add Element Value",
        "content_type": 21,
        "codename": "add_elementvaluedecimal"
    },
    "pk": 61,
    "model": "auth.permission"
},
{
    "fields": {
        "name": "Can change Element Value",
        "content_type": 21,
        "codename": "change_elementvaluedecimal"
    },
    "pk": 62,
    "model": "auth.permission"
},
{
    "fields": {
        "name": "Can delete Element Value",
        "content_type": 21,
        "codename": "delete_elementvaluedecimal"
    },
    "pk": 63,
    "model": "auth.permission"
},
{
    "fields": {
        "name": "Can add Element Value",
        "content_type": 22,
        "codename": "add_elementvaluebinary"
    },
    "pk": 64,
    "model": "auth.permission"
},
{
    "fields": {
        "name": "Can change Element Value",
        "content_type": 22,
        "codename": "change_elementvaluebinary"
    },
    "pk": 65,
    "model": "auth.permission"
},
{
    "fields": {
        "name": "Can delete Element Value",
        "content_type": 22,
        "codename": "delete_elementvaluebinary"
    },
    "pk": 66,
    "model": "auth.permission"
},
{
    "fields": {
        "name": "Can add Association Type",
        "content_type": 23,
        "codename": "add_associationtype"
    },
    "pk": 67,
    "model": "auth.permission"
},
{
    "fields": {
        "name": "Can change Association Type",
        "content_type": 23,
        "codename": "change_associationtype"
    },
    "pk": 68,
    "model": "auth.permission"
},
{
    "fields": {
        "name": "Can delete Association Type",
        "content_type": 23,
        "codename": "delete_associationtype"
    },
    "pk": 69,
    "model": "auth.permission"
},
{
    "fields": {
        "name": "Can add Association Direction",
        "content_type": 24,
        "codename": "add_associationdirection"
    },
    "pk": 70,
    "model": "auth.permission"
},
{
    "fields": {
        "name": "Can change Association Direction",
        "content_type": 24,
        "codename": "change_associationdirection"
    },
    "pk": 71,
    "model": "auth.permission"
},
{
    "fields": {
        "name": "Can delete Association Direction",
        "content_type": 24,
        "codename": "delete_associationdirection"
    },
    "pk": 72,
    "model": "auth.permission"
},
{
    "fields": {
        "name": "Can add Association Adjacent",
        "content_type": 25,
        "codename": "add_associationadjacent"
    },
    "pk": 73,
    "model": "auth.permission"
},
{
    "fields": {
        "name": "Can change Association Adjacent",
        "content_type": 25,
        "codename": "change_associationadjacent"
    },
    "pk": 74,
    "model": "auth.permission"
},
{
    "fields": {
        "name": "Can delete Association Adjacent",
        "content_type": 25,
        "codename": "delete_associationadjacent"
    },
    "pk": 75,
    "model": "auth.permission"
},
{
    "fields": {
        "name": "Can add Association All",
        "content_type": 26,
        "codename": "add_associationall"
    },
    "pk": 76,
    "model": "auth.permission"
},
{
    "fields": {
        "name": "Can change Association All",
        "content_type": 26,
        "codename": "change_associationall"
    },
    "pk": 77,
    "model": "auth.permission"
},
{
    "fields": {
        "name": "Can delete Association All",
        "content_type": 26,
        "codename": "delete_associationall"
    },
    "pk": 78,
    "model": "auth.permission"
},
{
    "fields": {
        "name": "Can add Filter Rule - User",
        "content_type": 27,
        "codename": "add_filterruleuser"
    },
    "pk": 79,
    "model": "auth.permission"
},
{
    "fields": {
        "name": "Can change Filter Rule - User",
        "content_type": 27,
        "codename": "change_filterruleuser"
    },
    "pk": 80,
    "model": "auth.permission"
},
{
    "fields": {
        "name": "Can delete Filter Rule - User",
        "content_type": 27,
        "codename": "delete_filterruleuser"
    },
    "pk": 81,
    "model": "auth.permission"
},
{
    "fields": {
        "name": "Can add Filter Rule - Group",
        "content_type": 28,
        "codename": "add_filterrulegroup"
    },
    "pk": 82,
    "model": "auth.permission"
},
{
    "fields": {
        "name": "Can change Filter Rule - Group",
        "content_type": 28,
        "codename": "change_filterrulegroup"
    },
    "pk": 83,
    "model": "auth.permission"
},
{
    "fields": {
        "name": "Can delete Filter Rule - Group",
        "content_type": 28,
        "codename": "delete_filterrulegroup"
    },
    "pk": 84,
    "model": "auth.permission"
},
{
    "fields": {
        "name": "Can add Filter Rule - Type",
        "content_type": 29,
        "codename": "add_filterruletype"
    },
    "pk": 85,
    "model": "auth.permission"
},
{
    "fields": {
        "name": "Can change Filter Rule - Type",
        "content_type": 29,
        "codename": "change_filterruletype"
    },
    "pk": 86,
    "model": "auth.permission"
},
{
    "fields": {
        "name": "Can delete Filter Rule - Type",
        "content_type": 29,
        "codename": "delete_filterruletype"
    },
    "pk": 87,
    "model": "auth.permission"
},
{
    "fields": {
        "name": "Can add Filter Rule - Association",
        "content_type": 30,
        "codename": "add_filterruleassociation"
    },
    "pk": 88,
    "model": "auth.permission"
},
{
    "fields": {
        "name": "Can change Filter Rule - Association",
        "content_type": 30,
        "codename": "change_filterruleassociation"
    },
    "pk": 89,
    "model": "auth.permission"
},
{
    "fields": {
        "name": "Can delete Filter Rule - Association",
        "content_type": 30,
        "codename": "delete_filterruleassociation"
    },
    "pk": 90,
    "model": "auth.permission"
},
{
    "fields": {
        "name": "Can add Filter Rule - Element",
        "content_type": 31,
        "codename": "add_filterruleelement"
    },
    "pk": 91,
    "model": "auth.permission"
},
{
    "fields": {
        "name": "Can change Filter Rule - Element",
        "content_type": 31,
        "codename": "change_filterruleelement"
    },
    "pk": 92,
    "model": "auth.permission"
},
{
    "fields": {
        "name": "Can delete Filter Rule - Element",
        "content_type": 31,
        "codename": "delete_filterruleelement"
    },
    "pk": 93,
    "model": "auth.permission"
},
{
    "fields": {
        "name": "Can add Filter Rule - Element Data Type",
        "content_type": 32,
        "codename": "add_filterruledatatype"
    },
    "pk": 94,
    "model": "auth.permission"
},
{
    "fields": {
        "name": "Can change Filter Rule - Element Data Type",
        "content_type": 32,
        "codename": "change_filterruledatatype"
    },
    "pk": 95,
    "model": "auth.permission"
},
{
    "fields": {
        "name": "Can delete Filter Rule - Element Data Type",
        "content_type": 32,
        "codename": "delete_filterruledatatype"
    },
    "pk": 96,
    "model": "auth.permission"
},
{
    "fields": {
        "name": "Can add Filter Set",
        "content_type": 33,
        "codename": "add_filterset"
    },
    "pk": 97,
    "model": "auth.permission"
},
{
    "fields": {
        "name": "Can change Filter Set",
        "content_type": 33,
        "codename": "change_filterset"
    },
    "pk": 98,
    "model": "auth.permission"
},
{
    "fields": {
        "name": "Can delete Filter Set",
        "content_type": 33,
        "codename": "delete_filterset"
    },
    "pk": 99,
    "model": "auth.permission"
},
{
    "fields": {
        "name": "Can add filter set user rule",
        "content_type": 34,
        "codename": "add_filtersetuserrule"
    },
    "pk": 100,
    "model": "auth.permission"
},
{
    "fields": {
        "name": "Can change filter set user rule",
        "content_type": 34,
        "codename": "change_filtersetuserrule"
    },
    "pk": 101,
    "model": "auth.permission"
},
{
    "fields": {
        "name": "Can delete filter set user rule",
        "content_type": 34,
        "codename": "delete_filtersetuserrule"
    },
    "pk": 102,
    "model": "auth.permission"
},
{
    "fields": {
        "name": "Can add filter set group rule",
        "content_type": 35,
        "codename": "add_filtersetgrouprule"
    },
    "pk": 103,
    "model": "auth.permission"
},
{
    "fields": {
        "name": "Can change filter set group rule",
        "content_type": 35,
        "codename": "change_filtersetgrouprule"
    },
    "pk": 104,
    "model": "auth.permission"
},
{
    "fields": {
        "name": "Can delete filter set group rule",
        "content_type": 35,
        "codename": "delete_filtersetgrouprule"
    },
    "pk": 105,
    "model": "auth.permission"
},
{
    "fields": {
        "name": "Can add filter set type rule",
        "content_type": 36,
        "codename": "add_filtersettyperule"
    },
    "pk": 106,
    "model": "auth.permission"
},
{
    "fields": {
        "name": "Can change filter set type rule",
        "content_type": 36,
        "codename": "change_filtersettyperule"
    },
    "pk": 107,
    "model": "auth.permission"
},
{
    "fields": {
        "name": "Can delete filter set type rule",
        "content_type": 36,
        "codename": "delete_filtersettyperule"
    },
    "pk": 108,
    "model": "auth.permission"
},
{
    "fields": {
        "name": "Can add filter set association rule",
        "content_type": 37,
        "codename": "add_filtersetassociationrule"
    },
    "pk": 109,
    "model": "auth.permission"
},
{
    "fields": {
        "name": "Can change filter set association rule",
        "content_type": 37,
        "codename": "change_filtersetassociationrule"
    },
    "pk": 110,
    "model": "auth.permission"
},
{
    "fields": {
        "name": "Can delete filter set association rule",
        "content_type": 37,
        "codename": "delete_filtersetassociationrule"
    },
    "pk": 111,
    "model": "auth.permission"
},
{
    "fields": {
        "name": "Can add filter set element rule",
        "content_type": 38,
        "codename": "add_filtersetelementrule"
    },
    "pk": 112,
    "model": "auth.permission"
},
{
    "fields": {
        "name": "Can change filter set element rule",
        "content_type": 38,
        "codename": "change_filtersetelementrule"
    },
    "pk": 113,
    "model": "auth.permission"
},
{
    "fields": {
        "name": "Can delete filter set element rule",
        "content_type": 38,
        "codename": "delete_filtersetelementrule"
    },
    "pk": 114,
    "model": "auth.permission"
},
{
    "fields": {
        "name": "Can add filter set data type rule",
        "content_type": 39,
        "codename": "add_filtersetdatatyperule"
    },
    "pk": 115,
    "model": "auth.permission"
},
{
    "fields": {
        "name": "Can change filter set data type rule",
        "content_type": 39,
        "codename": "change_filtersetdatatyperule"
    },
    "pk": 116,
    "model": "auth.permission"
},
{
    "fields": {
        "name": "Can delete filter set data type rule",
        "content_type": 39,
        "codename": "delete_filtersetdatatyperule"
    },
    "pk": 117,
    "model": "auth.permission"
},
{
    "fields": {
        "name": "Can add Datum Type Watchword",
        "content_type": 40,
        "codename": "add_watchworddatumtype"
    },
    "pk": 118,
    "model": "auth.permission"
},
{
    "fields": {
        "name": "Can change Datum Type Watchword",
        "content_type": 40,
        "codename": "change_watchworddatumtype"
    },
    "pk": 119,
    "model": "auth.permission"
},
{
    "fields": {
        "name": "Can delete Datum Type Watchword",
        "content_type": 40,
        "codename": "delete_watchworddatumtype"
    },
    "pk": 120,
    "model": "auth.permission"
},
{
    "fields": {
        "name": "Can add Datum Object Watchword",
        "content_type": 41,
        "codename": "add_watchworddatumobject"
    },
    "pk": 121,
    "model": "auth.permission"
},
{
    "fields": {
        "name": "Can change Datum Object Watchword",
        "content_type": 41,
        "codename": "change_watchworddatumobject"
    },
    "pk": 122,
    "model": "auth.permission"
},
{
    "fields": {
        "name": "Can delete Datum Object Watchword",
        "content_type": 41,
        "codename": "delete_watchworddatumobject"
    },
    "pk": 123,
    "model": "auth.permission"
},
{
    "fields": {
        "name": "Can add Association Type Watchword",
        "content_type": 42,
        "codename": "add_watchwordassociationtype"
    },
    "pk": 124,
    "model": "auth.permission"
},
{
    "fields": {
        "name": "Can change Association Type Watchword",
        "content_type": 42,
        "codename": "change_watchwordassociationtype"
    },
    "pk": 125,
    "model": "auth.permission"
},
{
    "fields": {
        "name": "Can delete Association Type Watchword",
        "content_type": 42,
        "codename": "delete_watchwordassociationtype"
    },
    "pk": 126,
    "model": "auth.permission"
},
{
    "fields": {
        "name": "Can add Viewuse Object",
        "content_type": 43,
        "codename": "add_viewuseobject"
    },
    "pk": 127,
    "model": "auth.permission"
},
{
    "fields": {
        "name": "Can change Viewuse Object",
        "content_type": 43,
        "codename": "change_viewuseobject"
    },
    "pk": 128,
    "model": "auth.permission"
},
{
    "fields": {
        "name": "Can delete Viewuse Object",
        "content_type": 43,
        "codename": "delete_viewuseobject"
    },
    "pk": 129,
    "model": "auth.permission"
},
{
    "fields": {
        "name": "Can add Viewuse Arrangement",
        "content_type": 44,
        "codename": "add_viewusearrangement"
    },
    "pk": 130,
    "model": "auth.permission"
},
{
    "fields": {
        "name": "Can change Viewuse Arrangement",
        "content_type": 44,
        "codename": "change_viewusearrangement"
    },
    "pk": 131,
    "model": "auth.permission"
},
{
    "fields": {
        "name": "Can delete Viewuse Arrangement",
        "content_type": 44,
        "codename": "delete_viewusearrangement"
    },
    "pk": 132,
    "model": "auth.permission"
},
{
    "fields": {
        "name": "Can add Viewuse Datum",
        "content_type": 45,
        "codename": "add_viewusedatum"
    },
    "pk": 133,
    "model": "auth.permission"
},
{
    "fields": {
        "name": "Can change Viewuse Datum",
        "content_type": 45,
        "codename": "change_viewusedatum"
    },
    "pk": 134,
    "model": "auth.permission"
},
{
    "fields": {
        "name": "Can delete Viewuse Datum",
        "content_type": 45,
        "codename": "delete_viewusedatum"
    },
    "pk": 135,
    "model": "auth.permission"
},
{
    "fields": {
        "last_name": "",
        "user_permissions": [],
        "groups": [],
        "password": "pbkdf2_sha256$20000$B5clPvWDubLD$mWKVhuiVMLhkfGfCNVQ5bB9Fu7qwdvgC99mVdu6kfkQ=",
        "is_staff": true,
        "last_login": null,
        "date_joined": "2015-07-07T22:24:49.483Z",
        "is_superuser": true,
        "first_name": "",
        "is_active": true,
        "email": "test@test.com",
        "username": "test"
    },
    "pk": 1,
    "model": "auth.user"
},
{
    "fields": {
        "name": "",
        "comments": "",
        "sort": 100,
        "email": "test@test.com",
        "created": "2015-07-07T21:33:57.081Z",
        "active": true,
        "modified": "2015-07-07T21:33:57.131Z",
        "timestamp": "2015-07-07T22:01:10.375Z"
    },
    "pk": 9,
    "model": "tracuser.tracuserlanding"
},
{
    "fields": {
        "readable_plural_name": "Areas",
        "long_definition": "The 'areas' of your life that are important to you.",
        "schema_name": "area",
        "sort": 10,
        "created": "2015-07-06T23:09:39.310Z",
        "entity_name": "Area",
        "example": "Home, Hobby, Job",
        "active": true,
        "modified": "2015-07-06T23:08:16.544Z",
        "readable_name": "Area",
        "short_definition": "Categories, Nouns"
    },
    "pk": 1,
    "model": "datum.datumgroup"
},
{
    "fields": {
        "readable_plural_name": "Activities",
        "long_definition": "What you are doing, what you want to do, and what you did.",
        "schema_name": "activity",
        "sort": 20,
        "created": "2015-07-06T23:09:39.310Z",
        "entity_name": "Activity",
        "example": "Meet with Joe, Learn guitar",
        "active": true,
        "modified": "2015-07-06T23:08:16.544Z",
        "readable_name": "Activity",
        "short_definition": "Tasks, Verbs"
    },
    "pk": 2,
    "model": "datum.datumgroup"
},
{
    "fields": {
        "readable_plural_name": "Times",
        "long_definition": "When you are doing. Time-based events and deadlines.",
        "schema_name": "time",
        "sort": 30,
        "created": "2015-07-06T23:09:39.310Z",
        "entity_name": "Time",
        "example": "Tomorrow between 1-2 PM",
        "active": true,
        "modified": "2015-07-06T23:08:16.544Z",
        "readable_name": "Time",
        "short_definition": "Events, Reminders"
    },
    "pk": 3,
    "model": "datum.datumgroup"
},
{
    "fields": {
        "readable_plural_name": "Items",
        "long_definition": "What you know - your information storage.",
        "schema_name": "item",
        "sort": 40,
        "created": "2015-07-06T23:09:39.310Z",
        "entity_name": "Item",
        "example": "PDF document, Email from Joe, important note",
        "active": true,
        "modified": "2015-07-06T23:08:16.544Z",
        "readable_name": "Item",
        "short_definition": "Reference, Files"
    },
    "pk": 4,
    "model": "datum.datumgroup"
},
{
    "fields": {
        "active": true,
        "entity_name": "Category",
        "created": "2015-07-06T23:09:40.020Z",
        "readable_plural_name": "Categories",
        "modified": "2015-07-06T23:08:20.041Z",
        "readable_name": "Category",
        "long_definition": "General container for anything of interest or importance.",
        "sort": 10100,
        "icon_class": "fa fa-square-o",
        "headline_expr": "{{name}}",
        "example": "House, Family, Job, Marketing",
        "schema_name": "category",
        "datum_group": 1,
        "short_definition": "Topics, Folders"
    },
    "pk": 1,
    "model": "datum.datumtype"
},
{
    "fields": {
        "active": true,
        "entity_name": "Project",
        "created": "2015-07-06T23:09:40.020Z",
        "readable_plural_name": "Projects",
        "modified": "2015-07-06T23:08:20.041Z",
        "readable_name": "Project",
        "long_definition": "A label for a particular goal or purpose so you can organize all your information.",
        "sort": 10110,
        "icon_class": "fa fa-check-square-o",
        "headline_expr": "{{name}}",
        "example": "Tracuse App, Morning Checklist, Department Reorganization",
        "schema_name": "project",
        "datum_group": 1,
        "short_definition": "Named Plan"
    },
    "pk": 2,
    "model": "datum.datumtype"
},
{
    "fields": {
        "active": true,
        "entity_name": "Context",
        "created": "2015-07-06T23:09:40.020Z",
        "readable_plural_name": "Contexts",
        "modified": "2015-07-06T23:08:20.041Z",
        "readable_name": "Context",
        "long_definition": "What you use or general location for an action.",
        "sort": 10120,
        "icon_class": "fa fa-plus-square-o",
        "headline_expr": "{{name}}",
        "example": "Call, Computer, Read, Errands",
        "schema_name": "context",
        "datum_group": 1,
        "short_definition": "Settings, Tools"
    },
    "pk": 3,
    "model": "datum.datumtype"
},
{
    "fields": {
        "active": true,
        "entity_name": "Person",
        "created": "2015-07-06T23:09:40.020Z",
        "readable_plural_name": "Persons",
        "modified": "2015-07-06T23:08:20.041Z",
        "readable_name": "Person",
        "long_definition": "Who you commonly interact with.",
        "sort": 10130,
        "icon_class": "fa fa-user",
        "headline_expr": "{{name}}",
        "example": "Sally Sister, Carl Coworker",
        "schema_name": "person",
        "datum_group": 1,
        "short_definition": "An Individual"
    },
    "pk": 4,
    "model": "datum.datumtype"
},
{
    "fields": {
        "active": true,
        "entity_name": "Entity",
        "created": "2015-07-06T23:09:40.020Z",
        "readable_plural_name": "Entities",
        "modified": "2015-07-06T23:08:20.041Z",
        "readable_name": "Entity",
        "long_definition": "Any group, such as a business, government agency, religious, or social organization.",
        "sort": 10140,
        "icon_class": "fa fa-users",
        "headline_expr": "{{name}}",
        "example": "Employer, Son's School, Softball League",
        "schema_name": "entity",
        "datum_group": 1,
        "short_definition": "Organizational Group"
    },
    "pk": 5,
    "model": "datum.datumtype"
},
{
    "fields": {
        "active": true,
        "entity_name": "Location",
        "created": "2015-07-06T23:09:40.020Z",
        "readable_plural_name": "Locations",
        "modified": "2015-07-06T23:08:20.041Z",
        "readable_name": "Location",
        "long_definition": "A formal address/geolocation, or any informal point of interest.",
        "sort": 10150,
        "icon_class": "fa fa-home",
        "headline_expr": "{{name}}",
        "example": "Office Address, School Address, The Garage",
        "schema_name": "location",
        "datum_group": 1,
        "short_definition": "A Place"
    },
    "pk": 6,
    "model": "datum.datumtype"
},
{
    "fields": {
        "active": true,
        "entity_name": "Contact",
        "created": "2015-07-06T23:09:40.020Z",
        "readable_plural_name": "Contacts",
        "modified": "2015-07-06T23:08:20.041Z",
        "readable_name": "Contact",
        "long_definition": "How to communicate with a Person or Entity, including phone, email, and social media.",
        "sort": 10160,
        "icon_class": "fa fa-phone",
        "headline_expr": "{{name}}",
        "example": "Carl's Work Contact, Carl's Home Contact, Main Office Contact",
        "schema_name": "contact",
        "datum_group": 1,
        "short_definition": "Contact Info"
    },
    "pk": 7,
    "model": "datum.datumtype"
},
{
    "fields": {
        "active": true,
        "entity_name": "Action",
        "created": "2015-07-06T23:09:40.020Z",
        "readable_plural_name": "Actions",
        "modified": "2015-07-06T23:08:20.041Z",
        "readable_name": "Action",
        "long_definition": "Any individual idea or thought about something you will do.",
        "sort": 20100,
        "icon_class": "fa fa-check-circle-o",
        "headline_expr": "{{description}}",
        "example": "Call the auto mechanic, Review Q1 sales, Be a better husband",
        "schema_name": "action",
        "datum_group": 2,
        "short_definition": "Task"
    },
    "pk": 8,
    "model": "datum.datumtype"
},
{
    "fields": {
        "active": true,
        "entity_name": "Principle",
        "created": "2015-07-06T23:09:40.020Z",
        "readable_plural_name": "Principles",
        "modified": "2015-07-06T23:08:20.041Z",
        "readable_name": "Principle",
        "long_definition": "Why you are doing what you are doing. Represents your values and vision.",
        "sort": 20110,
        "icon_class": "fa fa-bullseye",
        "headline_expr": "{{description}}",
        "example": "So we can take that vacation, So I will be healthy and happy",
        "schema_name": "principle",
        "datum_group": 2,
        "short_definition": "Purpose, Mantra"
    },
    "pk": 9,
    "model": "datum.datumtype"
},
{
    "fields": {
        "active": true,
        "entity_name": "Journal",
        "created": "2015-07-06T23:09:40.020Z",
        "readable_plural_name": "Journals",
        "modified": "2015-07-06T23:08:20.041Z",
        "readable_name": "Journal",
        "long_definition": "A record of what happened that you can use for next time.",
        "sort": 20120,
        "icon_class": "fa fa-book",
        "headline_expr": "{{description}}",
        "example": "Okay rehearsal practice song more, Good meeting but next time have firm agenda",
        "schema_name": "journal",
        "datum_group": 2,
        "short_definition": "Diary, Log"
    },
    "pk": 10,
    "model": "datum.datumtype"
},
{
    "fields": {
        "active": true,
        "entity_name": "Schedule",
        "created": "2015-07-06T23:09:40.020Z",
        "readable_plural_name": "Schedules",
        "modified": "2015-07-06T23:08:20.041Z",
        "readable_name": "Schedule",
        "long_definition": "Track multiple events for an object to compare what you planned to do versus what you did.",
        "sort": 30100,
        "icon_class": "fa fa-calendar-o",
        "headline_expr": "{{name}}",
        "example": "Actual Schedule, Planned Schedule 2, Project Schedule 5",
        "schema_name": "schedule",
        "datum_group": 3,
        "short_definition": "Collection of Events"
    },
    "pk": 11,
    "model": "datum.datumtype"
},
{
    "fields": {
        "active": true,
        "entity_name": "Event",
        "created": "2015-07-06T23:09:40.020Z",
        "readable_plural_name": "Events",
        "modified": "2015-07-06T23:08:20.041Z",
        "readable_name": "Event",
        "long_definition": "A meeting, appointment, or any other time-based occurrence.",
        "sort": 30110,
        "icon_class": "fa fa-calendar",
        "headline_expr": "{{ending_event}}",
        "example": "Next Thursday All Day, May 13 2-3 PM",
        "schema_name": "event",
        "datum_group": 3,
        "short_definition": "When Something Happens"
    },
    "pk": 12,
    "model": "datum.datumtype"
},
{
    "fields": {
        "active": true,
        "entity_name": "Reminder",
        "created": "2015-07-06T23:09:40.020Z",
        "readable_plural_name": "Reminders",
        "modified": "2015-07-06T23:08:20.041Z",
        "readable_name": "Reminder",
        "long_definition": "Simple alerts that can be used for short-term alarm or long-term tickler.",
        "sort": 30120,
        "icon_class": "fa fa-bell-o",
        "headline_expr": "{{alert}}",
        "example": "Every Friday at Noon, July 4 9:30 AM",
        "schema_name": "reminder",
        "datum_group": 3,
        "short_definition": "Date/Time Alert"
    },
    "pk": 13,
    "model": "datum.datumtype"
},
{
    "fields": {
        "active": true,
        "entity_name": "Note",
        "created": "2015-07-06T23:09:40.020Z",
        "readable_plural_name": "Notes",
        "modified": "2015-07-06T23:08:20.041Z",
        "readable_name": "Note",
        "long_definition": "A fact or idea to remember.",
        "sort": 40100,
        "icon_class": "fa fa-file-text-o",
        "headline_expr": "{{name}}",
        "example": "How to, Saved Quote, Pi = 3.14159",
        "schema_name": "note",
        "datum_group": 4,
        "short_definition": "Reference"
    },
    "pk": 14,
    "model": "datum.datumtype"
},
{
    "fields": {
        "active": true,
        "entity_name": "File",
        "created": "2015-07-06T23:09:40.020Z",
        "readable_plural_name": "Files",
        "modified": "2015-07-06T23:08:20.041Z",
        "readable_name": "File",
        "long_definition": "An external attachment or hyperlink to a digitial document.",
        "sort": 40110,
        "icon_class": "fa fa-paperclip",
        "headline_expr": "{{name}}",
        "example": "MS Excel Spreadsheet, Image, Movie",
        "schema_name": "file",
        "datum_group": 4,
        "short_definition": "Document"
    },
    "pk": 15,
    "model": "datum.datumtype"
},
{
    "fields": {
        "active": true,
        "entity_name": "Directory",
        "created": "2015-07-06T23:09:40.020Z",
        "readable_plural_name": "Directories",
        "modified": "2015-07-06T23:08:20.041Z",
        "readable_name": "Directory",
        "long_definition": "Any container or folder of documents, can be in local or cloud storage.",
        "sort": 40120,
        "icon_class": "fa fa-folder-open-o",
        "headline_expr": "{{name}}",
        "example": "Project Folder, My Harddrive",
        "schema_name": "directory",
        "datum_group": 4,
        "short_definition": "Collection of Files"
    },
    "pk": 16,
    "model": "datum.datumtype"
},
{
    "fields": {
        "active": true,
        "entity_name": "Webpage",
        "created": "2015-07-06T23:09:40.020Z",
        "readable_plural_name": "Webpages",
        "modified": "2015-07-06T23:08:20.041Z",
        "readable_name": "Webpage",
        "long_definition": "A hyperlink to a favorite website. Can be to homepage or specific webpage within site.",
        "sort": 40130,
        "icon_class": "fa fa-link",
        "headline_expr": "{{name}}",
        "example": "www.cnn.com, www.example.com/section2/page3",
        "schema_name": "webpage",
        "datum_group": 4,
        "short_definition": "Single Web Address"
    },
    "pk": 17,
    "model": "datum.datumtype"
},
{
    "fields": {
        "active": true,
        "entity_name": "Message",
        "created": "2015-07-06T23:09:40.020Z",
        "readable_plural_name": "Messages",
        "modified": "2015-07-06T23:08:20.041Z",
        "readable_name": "Message",
        "long_definition": "Any electronic message, including emails, texts, and messages through social networking services.",
        "sort": 40140,
        "icon_class": "fa fa-comment-o",
        "headline_expr": "{{name}}",
        "example": "Email from Carl, Facebook Message from Mom",
        "schema_name": "message",
        "datum_group": 4,
        "short_definition": "Communication"
    },
    "pk": 18,
    "model": "datum.datumtype"
},
{
    "fields": {
        "active": true,
        "entity_name": "Post",
        "created": "2015-07-06T23:09:40.020Z",
        "readable_plural_name": "Posts",
        "modified": "2015-07-06T23:08:20.041Z",
        "readable_name": "Post",
        "long_definition": "Content from a streaming service provider, such as a blog or social networking post.",
        "sort": 40150,
        "icon_class": "fa fa-rss",
        "headline_expr": "{{name}}",
        "example": "Blog Post about Drum Technique, Facebook Post about Nephews",
        "schema_name": "post",
        "datum_group": 4,
        "short_definition": "Article"
    },
    "pk": 19,
    "model": "datum.datumtype"
},
{
    "fields": {
        "user": 1,
        "sort": 101001,
        "created": "2015-07-06T23:09:39.772Z",
        "datum_type": 1,
        "active": true,
        "modified": "2015-07-06T23:08:18.293Z"
    },
    "pk": 1,
    "model": "datum.datumobject"
},
{
    "fields": {
        "user": 1,
        "sort": 101101,
        "created": "2015-07-06T23:09:39.772Z",
        "datum_type": 2,
        "active": true,
        "modified": "2015-07-06T23:08:18.293Z"
    },
    "pk": 2,
    "model": "datum.datumobject"
},
{
    "fields": {
        "user": 1,
        "sort": 101002,
        "created": "2015-07-06T23:09:39.772Z",
        "datum_type": 1,
        "active": true,
        "modified": "2015-07-06T23:08:18.293Z"
    },
    "pk": 3,
    "model": "datum.datumobject"
},
{
    "fields": {
        "user": 1,
        "sort": 101401,
        "created": "2015-07-06T23:09:39.772Z",
        "datum_type": 5,
        "active": true,
        "modified": "2015-07-06T23:08:18.293Z"
    },
    "pk": 6,
    "model": "datum.datumobject"
},
{
    "fields": {
        "user": 1,
        "sort": 101501,
        "created": "2015-07-06T23:09:39.772Z",
        "datum_type": 6,
        "active": true,
        "modified": "2015-07-06T23:08:18.293Z"
    },
    "pk": 7,
    "model": "datum.datumobject"
},
{
    "fields": {
        "user": 1,
        "sort": 101003,
        "created": "2015-07-06T23:09:39.772Z",
        "datum_type": 1,
        "active": true,
        "modified": "2015-07-06T23:08:18.293Z"
    },
    "pk": 8,
    "model": "datum.datumobject"
},
{
    "fields": {
        "user": 1,
        "sort": 101301,
        "created": "2015-07-06T23:09:39.772Z",
        "datum_type": 4,
        "active": true,
        "modified": "2015-07-06T23:08:18.293Z"
    },
    "pk": 9,
    "model": "datum.datumobject"
},
{
    "fields": {
        "user": 1,
        "sort": 101004,
        "created": "2015-07-06T23:09:39.772Z",
        "datum_type": 1,
        "active": true,
        "modified": "2015-07-06T23:08:18.293Z"
    },
    "pk": 10,
    "model": "datum.datumobject"
},
{
    "fields": {
        "user": 1,
        "sort": 101601,
        "created": "2015-07-06T23:09:39.772Z",
        "datum_type": 7,
        "active": true,
        "modified": "2015-07-06T23:08:18.293Z"
    },
    "pk": 11,
    "model": "datum.datumobject"
},
{
    "fields": {
        "user": 1,
        "sort": 201001,
        "created": "2015-07-06T23:09:39.772Z",
        "datum_type": 8,
        "active": true,
        "modified": "2015-07-06T23:08:18.293Z"
    },
    "pk": 12,
    "model": "datum.datumobject"
},
{
    "fields": {
        "user": 1,
        "sort": 201002,
        "created": "2015-07-06T23:09:39.772Z",
        "datum_type": 8,
        "active": true,
        "modified": "2015-07-06T23:08:18.293Z"
    },
    "pk": 13,
    "model": "datum.datumobject"
},
{
    "fields": {
        "user": 1,
        "sort": 301101,
        "created": "2015-07-06T23:09:39.772Z",
        "datum_type": 12,
        "active": true,
        "modified": "2015-07-06T23:08:18.293Z"
    },
    "pk": 14,
    "model": "datum.datumobject"
},
{
    "fields": {
        "user": 1,
        "sort": 201003,
        "created": "2015-07-06T23:09:39.772Z",
        "datum_type": 8,
        "active": true,
        "modified": "2015-07-06T23:08:18.293Z"
    },
    "pk": 15,
    "model": "datum.datumobject"
},
{
    "fields": {
        "user": 1,
        "sort": 101201,
        "created": "2015-07-06T23:09:39.772Z",
        "datum_type": 3,
        "active": true,
        "modified": "2015-07-06T23:08:18.293Z"
    },
    "pk": 16,
    "model": "datum.datumobject"
},
{
    "fields": {
        "user": 1,
        "sort": 101202,
        "created": "2015-07-06T23:09:39.772Z",
        "datum_type": 3,
        "active": true,
        "modified": "2015-07-06T23:08:18.293Z"
    },
    "pk": 17,
    "model": "datum.datumobject"
},
{
    "fields": {
        "user": 1,
        "sort": 101203,
        "created": "2015-07-06T23:09:39.772Z",
        "datum_type": 3,
        "active": true,
        "modified": "2015-07-06T23:08:18.293Z"
    },
    "pk": 18,
    "model": "datum.datumobject"
},
{
    "fields": {
        "user": 1,
        "sort": 301001,
        "created": "2015-07-06T23:09:39.772Z",
        "datum_type": 11,
        "active": true,
        "modified": "2015-07-06T23:08:18.293Z"
    },
    "pk": 19,
    "model": "datum.datumobject"
},
{
    "fields": {
        "user": 1,
        "sort": 401301,
        "created": "2015-07-06T23:09:39.772Z",
        "datum_type": 17,
        "active": true,
        "modified": "2015-07-06T23:08:18.293Z"
    },
    "pk": 20,
    "model": "datum.datumobject"
},
{
    "fields": {
        "user": 1,
        "sort": 101005,
        "created": "2015-07-06T23:09:39.772Z",
        "datum_type": 1,
        "active": true,
        "modified": "2015-07-06T23:08:18.293Z"
    },
    "pk": 21,
    "model": "datum.datumobject"
},
{
    "fields": {
        "user": 1,
        "sort": 101006,
        "created": "2015-07-06T23:09:39.772Z",
        "datum_type": 1,
        "active": true,
        "modified": "2015-07-06T23:08:18.293Z"
    },
    "pk": 22,
    "model": "datum.datumobject"
},
{
    "fields": {
        "user": 1,
        "sort": 401302,
        "created": "2015-07-06T23:09:39.772Z",
        "datum_type": 17,
        "active": true,
        "modified": "2015-07-06T23:08:18.293Z"
    },
    "pk": 23,
    "model": "datum.datumobject"
},
{
    "fields": {
        "user": 1,
        "sort": 401101,
        "created": "2015-07-06T23:09:39.772Z",
        "datum_type": 15,
        "active": true,
        "modified": "2015-07-06T23:08:18.293Z"
    },
    "pk": 25,
    "model": "datum.datumobject"
},
{
    "fields": {
        "readable_plural_name": "Strings",
        "long_definition": "Used for all major text-based elements",
        "schema_name": "string",
        "sort": 10,
        "created": "2015-07-06T23:09:41.211Z",
        "entity_name": "String",
        "example": null,
        "active": true,
        "modified": "2015-07-06T23:08:22.548Z",
        "readable_name": "String",
        "short_definition": "VarChar(255)"
    },
    "pk": 1,
    "model": "element_type.elementdatatype"
},
{
    "fields": {
        "readable_plural_name": "Text Data",
        "long_definition": "Only used for string-based sub-data types, such as json or html",
        "schema_name": "text_data",
        "sort": 20,
        "created": "2015-07-06T23:09:41.211Z",
        "entity_name": "TextData",
        "example": null,
        "active": true,
        "modified": "2015-07-06T23:08:22.548Z",
        "readable_name": "Text Data",
        "short_definition": "Text"
    },
    "pk": 2,
    "model": "element_type.elementdatatype"
},
{
    "fields": {
        "readable_plural_name": "Booleans",
        "long_definition": null,
        "schema_name": "boolean",
        "sort": 30,
        "created": "2015-07-06T23:09:41.211Z",
        "entity_name": "Boolean",
        "example": null,
        "active": true,
        "modified": "2015-07-06T23:08:22.548Z",
        "readable_name": "Boolean",
        "short_definition": "Boolean"
    },
    "pk": 3,
    "model": "element_type.elementdatatype"
},
{
    "fields": {
        "readable_plural_name": "Datetimes",
        "long_definition": null,
        "schema_name": "datetime",
        "sort": 40,
        "created": "2015-07-06T23:09:41.211Z",
        "entity_name": "Datetime",
        "example": null,
        "active": true,
        "modified": "2015-07-06T23:08:22.548Z",
        "readable_name": "Datetime",
        "short_definition": "Datetime with Timezone"
    },
    "pk": 4,
    "model": "element_type.elementdatatype"
},
{
    "fields": {
        "readable_plural_name": "Decimals",
        "long_definition": "Use str_expression and UI to manage scale",
        "schema_name": "decimal",
        "sort": 50,
        "created": "2015-07-06T23:09:41.211Z",
        "entity_name": "Decimal",
        "example": null,
        "active": true,
        "modified": "2015-07-06T23:08:22.548Z",
        "readable_name": "Decimal",
        "short_definition": "Number"
    },
    "pk": 5,
    "model": "element_type.elementdatatype"
},
{
    "fields": {
        "readable_plural_name": "Binarys",
        "long_definition": "Used for any attachments and large data",
        "schema_name": "binary",
        "sort": 60,
        "created": "2015-07-06T23:09:41.211Z",
        "entity_name": "Binary",
        "example": null,
        "active": true,
        "modified": "2015-07-06T23:08:22.548Z",
        "readable_name": "Binary",
        "short_definition": "Blob"
    },
    "pk": 6,
    "model": "element_type.elementdatatype"
},
{
    "fields": {
        "active": true,
        "entity_name": "iexact",
        "created": "2015-07-06T23:09:42.996Z",
        "element_data_type": 1,
        "readable_plural_name": "equals",
        "modified": "2015-07-06T23:08:27.496Z",
        "readable_name": "equals",
        "long_definition": null,
        "sort": 1010,
        "example": null,
        "schema_name": "equals",
        "default_operator": true,
        "short_definition": null
    },
    "pk": 1,
    "model": "element_type.elementoperator"
},
{
    "fields": {
        "active": true,
        "entity_name": "icontains",
        "created": "2015-07-06T23:09:42.996Z",
        "element_data_type": 1,
        "readable_plural_name": "contains",
        "modified": "2015-07-06T23:08:27.496Z",
        "readable_name": "contains",
        "long_definition": null,
        "sort": 1020,
        "example": null,
        "schema_name": "contains",
        "default_operator": false,
        "short_definition": null
    },
    "pk": 3,
    "model": "element_type.elementoperator"
},
{
    "fields": {
        "active": true,
        "entity_name": "istartswith",
        "created": "2015-07-06T23:09:42.996Z",
        "element_data_type": 1,
        "readable_plural_name": "starts with",
        "modified": "2015-07-06T23:08:27.496Z",
        "readable_name": "starts with",
        "long_definition": null,
        "sort": 1030,
        "example": null,
        "schema_name": "starts_with",
        "default_operator": false,
        "short_definition": null
    },
    "pk": 4,
    "model": "element_type.elementoperator"
},
{
    "fields": {
        "active": true,
        "entity_name": "iendswith",
        "created": "2015-07-06T23:09:42.996Z",
        "element_data_type": 1,
        "readable_plural_name": "starts with",
        "modified": "2015-07-06T23:08:27.496Z",
        "readable_name": "starts with",
        "long_definition": null,
        "sort": 1040,
        "example": null,
        "schema_name": "starts_with",
        "default_operator": false,
        "short_definition": null
    },
    "pk": 5,
    "model": "element_type.elementoperator"
},
{
    "fields": {
        "active": true,
        "entity_name": "iexact",
        "created": "2015-07-06T23:09:42.996Z",
        "element_data_type": 2,
        "readable_plural_name": "equals",
        "modified": "2015-07-06T23:08:27.496Z",
        "readable_name": "equals",
        "long_definition": null,
        "sort": 2010,
        "example": null,
        "schema_name": "equals",
        "default_operator": true,
        "short_definition": null
    },
    "pk": 6,
    "model": "element_type.elementoperator"
},
{
    "fields": {
        "active": true,
        "entity_name": "icontains",
        "created": "2015-07-06T23:09:42.996Z",
        "element_data_type": 2,
        "readable_plural_name": "contains",
        "modified": "2015-07-06T23:08:27.496Z",
        "readable_name": "contains",
        "long_definition": null,
        "sort": 2020,
        "example": null,
        "schema_name": "contains",
        "default_operator": false,
        "short_definition": null
    },
    "pk": 7,
    "model": "element_type.elementoperator"
},
{
    "fields": {
        "active": true,
        "entity_name": "istartswith",
        "created": "2015-07-06T23:09:42.996Z",
        "element_data_type": 2,
        "readable_plural_name": "starts with",
        "modified": "2015-07-06T23:08:27.496Z",
        "readable_name": "starts with",
        "long_definition": null,
        "sort": 2030,
        "example": null,
        "schema_name": "starts_with",
        "default_operator": false,
        "short_definition": null
    },
    "pk": 8,
    "model": "element_type.elementoperator"
},
{
    "fields": {
        "active": true,
        "entity_name": "iendswith",
        "created": "2015-07-06T23:09:42.996Z",
        "element_data_type": 2,
        "readable_plural_name": "starts with",
        "modified": "2015-07-06T23:08:27.496Z",
        "readable_name": "starts with",
        "long_definition": null,
        "sort": 2040,
        "example": null,
        "schema_name": "starts_with",
        "default_operator": false,
        "short_definition": null
    },
    "pk": 9,
    "model": "element_type.elementoperator"
},
{
    "fields": {
        "active": true,
        "entity_name": "exact",
        "created": "2015-07-06T23:09:42.996Z",
        "element_data_type": 3,
        "readable_plural_name": "equals",
        "modified": "2015-07-06T23:08:27.496Z",
        "readable_name": "equals",
        "long_definition": null,
        "sort": 3010,
        "example": null,
        "schema_name": "equals",
        "default_operator": true,
        "short_definition": null
    },
    "pk": 10,
    "model": "element_type.elementoperator"
},
{
    "fields": {
        "active": true,
        "entity_name": "exact",
        "created": "2015-07-06T23:09:42.996Z",
        "element_data_type": 4,
        "readable_plural_name": "equals",
        "modified": "2015-07-06T23:08:27.496Z",
        "readable_name": "equals",
        "long_definition": null,
        "sort": 4010,
        "example": null,
        "schema_name": "equals",
        "default_operator": true,
        "short_definition": null
    },
    "pk": 11,
    "model": "element_type.elementoperator"
},
{
    "fields": {
        "active": true,
        "entity_name": "gt",
        "created": "2015-07-06T23:09:42.996Z",
        "element_data_type": 4,
        "readable_plural_name": "greater than",
        "modified": "2015-07-06T23:08:27.496Z",
        "readable_name": "greater than",
        "long_definition": null,
        "sort": 4020,
        "example": null,
        "schema_name": "greater_than",
        "default_operator": false,
        "short_definition": null
    },
    "pk": 12,
    "model": "element_type.elementoperator"
},
{
    "fields": {
        "active": true,
        "entity_name": "gte",
        "created": "2015-07-06T23:09:42.996Z",
        "element_data_type": 4,
        "readable_plural_name": "greater or equal to ",
        "modified": "2015-07-06T23:08:27.496Z",
        "readable_name": "greater or equal to ",
        "long_definition": null,
        "sort": 4030,
        "example": null,
        "schema_name": "greater or equal to ",
        "default_operator": false,
        "short_definition": null
    },
    "pk": 13,
    "model": "element_type.elementoperator"
},
{
    "fields": {
        "active": true,
        "entity_name": "lt",
        "created": "2015-07-06T23:09:42.996Z",
        "element_data_type": 4,
        "readable_plural_name": "less than",
        "modified": "2015-07-06T23:08:27.496Z",
        "readable_name": "less than",
        "long_definition": null,
        "sort": 4040,
        "example": null,
        "schema_name": "less_than",
        "default_operator": false,
        "short_definition": null
    },
    "pk": 14,
    "model": "element_type.elementoperator"
},
{
    "fields": {
        "active": true,
        "entity_name": "lte",
        "created": "2015-07-06T23:09:42.996Z",
        "element_data_type": 4,
        "readable_plural_name": "less or equal to",
        "modified": "2015-07-06T23:08:27.496Z",
        "readable_name": "less or equal to",
        "long_definition": null,
        "sort": 4050,
        "example": null,
        "schema_name": "less or equal to",
        "default_operator": false,
        "short_definition": null
    },
    "pk": 15,
    "model": "element_type.elementoperator"
},
{
    "fields": {
        "active": true,
        "entity_name": "year",
        "created": "2015-07-06T23:09:42.996Z",
        "element_data_type": 4,
        "readable_plural_name": "year",
        "modified": "2015-07-06T23:08:27.496Z",
        "readable_name": "year",
        "long_definition": null,
        "sort": 4060,
        "example": null,
        "schema_name": "year",
        "default_operator": false,
        "short_definition": null
    },
    "pk": 16,
    "model": "element_type.elementoperator"
},
{
    "fields": {
        "active": true,
        "entity_name": "month",
        "created": "2015-07-06T23:09:42.996Z",
        "element_data_type": 4,
        "readable_plural_name": "month",
        "modified": "2015-07-06T23:08:27.496Z",
        "readable_name": "month",
        "long_definition": null,
        "sort": 4070,
        "example": null,
        "schema_name": "month",
        "default_operator": false,
        "short_definition": null
    },
    "pk": 17,
    "model": "element_type.elementoperator"
},
{
    "fields": {
        "active": true,
        "entity_name": "day",
        "created": "2015-07-06T23:09:42.996Z",
        "element_data_type": 4,
        "readable_plural_name": "day",
        "modified": "2015-07-06T23:08:27.496Z",
        "readable_name": "day",
        "long_definition": null,
        "sort": 4080,
        "example": null,
        "schema_name": "day",
        "default_operator": false,
        "short_definition": null
    },
    "pk": 18,
    "model": "element_type.elementoperator"
},
{
    "fields": {
        "active": true,
        "entity_name": "week_day",
        "created": "2015-07-06T23:09:42.996Z",
        "element_data_type": 4,
        "readable_plural_name": "weekday",
        "modified": "2015-07-06T23:08:27.496Z",
        "readable_name": "weekday",
        "long_definition": null,
        "sort": 4090,
        "example": null,
        "schema_name": "weekday",
        "default_operator": false,
        "short_definition": null
    },
    "pk": 19,
    "model": "element_type.elementoperator"
},
{
    "fields": {
        "active": true,
        "entity_name": "hour",
        "created": "2015-07-06T23:09:42.996Z",
        "element_data_type": 4,
        "readable_plural_name": "hour",
        "modified": "2015-07-06T23:08:27.496Z",
        "readable_name": "hour",
        "long_definition": null,
        "sort": 4091,
        "example": null,
        "schema_name": "hour",
        "default_operator": false,
        "short_definition": null
    },
    "pk": 20,
    "model": "element_type.elementoperator"
},
{
    "fields": {
        "active": true,
        "entity_name": "minute",
        "created": "2015-07-06T23:09:42.996Z",
        "element_data_type": 4,
        "readable_plural_name": "minute",
        "modified": "2015-07-06T23:08:27.496Z",
        "readable_name": "minute",
        "long_definition": null,
        "sort": 4092,
        "example": null,
        "schema_name": "minute",
        "default_operator": false,
        "short_definition": null
    },
    "pk": 21,
    "model": "element_type.elementoperator"
},
{
    "fields": {
        "active": true,
        "entity_name": "exact",
        "created": "2015-07-06T23:09:42.996Z",
        "element_data_type": 5,
        "readable_plural_name": "equals",
        "modified": "2015-07-06T23:08:27.496Z",
        "readable_name": "equals",
        "long_definition": null,
        "sort": 5010,
        "example": null,
        "schema_name": "equals",
        "default_operator": true,
        "short_definition": null
    },
    "pk": 22,
    "model": "element_type.elementoperator"
},
{
    "fields": {
        "active": true,
        "entity_name": "gt",
        "created": "2015-07-06T23:09:42.996Z",
        "element_data_type": 5,
        "readable_plural_name": "greater than",
        "modified": "2015-07-06T23:08:27.496Z",
        "readable_name": "greater than",
        "long_definition": null,
        "sort": 5020,
        "example": null,
        "schema_name": "greater_than",
        "default_operator": false,
        "short_definition": null
    },
    "pk": 23,
    "model": "element_type.elementoperator"
},
{
    "fields": {
        "active": true,
        "entity_name": "gte",
        "created": "2015-07-06T23:09:42.996Z",
        "element_data_type": 5,
        "readable_plural_name": "greater or equal to ",
        "modified": "2015-07-06T23:08:27.496Z",
        "readable_name": "greater or equal to ",
        "long_definition": null,
        "sort": 5030,
        "example": null,
        "schema_name": "greater or equal to ",
        "default_operator": false,
        "short_definition": null
    },
    "pk": 24,
    "model": "element_type.elementoperator"
},
{
    "fields": {
        "active": true,
        "entity_name": "lt",
        "created": "2015-07-06T23:09:42.996Z",
        "element_data_type": 5,
        "readable_plural_name": "less than",
        "modified": "2015-07-06T23:08:27.496Z",
        "readable_name": "less than",
        "long_definition": null,
        "sort": 5040,
        "example": null,
        "schema_name": "less_than",
        "default_operator": false,
        "short_definition": null
    },
    "pk": 25,
    "model": "element_type.elementoperator"
},
{
    "fields": {
        "active": true,
        "entity_name": "lte",
        "created": "2015-07-06T23:09:42.996Z",
        "element_data_type": 5,
        "readable_plural_name": "less or equal to",
        "modified": "2015-07-06T23:08:27.496Z",
        "readable_name": "less or equal to",
        "long_definition": null,
        "sort": 5050,
        "example": null,
        "schema_name": "less or equal to",
        "default_operator": false,
        "short_definition": null
    },
    "pk": 26,
    "model": "element_type.elementoperator"
},
{
    "fields": {
        "active": true,
        "entity_name": "Name",
        "created": "2015-07-06T23:09:43.747Z",
        "element_data_type": 1,
        "readable_plural_name": "Names",
        "modified": "2015-07-06T23:08:30.550Z",
        "readable_name": "Name",
        "editable": true,
        "long_definition": "Commonly used for string representation of object.",
        "sort": 110,
        "example": null,
        "schema_name": "name",
        "str_expression": "",
        "element_view": "ElementText",
        "short_definition": null
    },
    "pk": 1,
    "model": "element_type.elementtype"
},
{
    "fields": {
        "active": true,
        "entity_name": "Description",
        "created": "2015-07-06T23:09:43.747Z",
        "element_data_type": 1,
        "readable_plural_name": "Descriptions",
        "modified": "2015-07-06T23:08:30.550Z",
        "readable_name": "Description",
        "editable": true,
        "long_definition": null,
        "sort": 120,
        "example": null,
        "schema_name": "description",
        "str_expression": "",
        "element_view": "ElementText",
        "short_definition": null
    },
    "pk": 2,
    "model": "element_type.elementtype"
},
{
    "fields": {
        "active": true,
        "entity_name": "FirstName",
        "created": "2015-07-06T23:09:43.747Z",
        "element_data_type": 1,
        "readable_plural_name": "First Names",
        "modified": "2015-07-06T23:08:30.550Z",
        "readable_name": "First Name",
        "editable": true,
        "long_definition": null,
        "sort": 130,
        "example": null,
        "schema_name": "first_name",
        "str_expression": "",
        "element_view": "ElementText",
        "short_definition": null
    },
    "pk": 3,
    "model": "element_type.elementtype"
},
{
    "fields": {
        "active": true,
        "entity_name": "LastName",
        "created": "2015-07-06T23:09:43.747Z",
        "element_data_type": 1,
        "readable_plural_name": "Last Names",
        "modified": "2015-07-06T23:08:30.550Z",
        "readable_name": "Last Name",
        "editable": true,
        "long_definition": null,
        "sort": 140,
        "example": null,
        "schema_name": "last_name",
        "str_expression": "",
        "element_view": "ElementText",
        "short_definition": null
    },
    "pk": 4,
    "model": "element_type.elementtype"
},
{
    "fields": {
        "active": true,
        "entity_name": "Nickname",
        "created": "2015-07-06T23:09:43.747Z",
        "element_data_type": 1,
        "readable_plural_name": "Nicknames",
        "modified": "2015-07-06T23:08:30.550Z",
        "readable_name": "Nickname",
        "editable": true,
        "long_definition": null,
        "sort": 150,
        "example": null,
        "schema_name": "nickname",
        "str_expression": "",
        "element_view": "ElementText",
        "short_definition": null
    },
    "pk": 5,
    "model": "element_type.elementtype"
},
{
    "fields": {
        "active": true,
        "entity_name": "Birthday",
        "created": "2015-07-06T23:09:43.747Z",
        "element_data_type": 4,
        "readable_plural_name": "Birthdays",
        "modified": "2015-07-06T23:08:30.550Z",
        "readable_name": "Birthday",
        "editable": true,
        "long_definition": "",
        "sort": 160,
        "example": "",
        "schema_name": "birthday",
        "str_expression": "{{ value|date:'F j, Y' }}",
        "element_view": "ElementDate",
        "short_definition": ""
    },
    "pk": 6,
    "model": "element_type.elementtype"
},
{
    "fields": {
        "active": true,
        "entity_name": "EntityType",
        "created": "2015-07-06T23:09:43.747Z",
        "element_data_type": 1,
        "readable_plural_name": "Entity Types",
        "modified": "2015-07-06T23:08:30.550Z",
        "readable_name": "Entity Type",
        "editable": true,
        "long_definition": "Organization types, including business, government, social, etc.",
        "sort": 170,
        "example": "",
        "schema_name": "entity_type",
        "str_expression": "",
        "element_view": "ElementSelect",
        "short_definition": ""
    },
    "pk": 7,
    "model": "element_type.elementtype"
},
{
    "fields": {
        "active": true,
        "entity_name": "StreetAddress",
        "created": "2015-07-06T23:09:43.747Z",
        "element_data_type": 1,
        "readable_plural_name": "Street Addresses",
        "modified": "2015-07-06T23:08:30.550Z",
        "readable_name": "Street Address",
        "editable": true,
        "long_definition": null,
        "sort": 180,
        "example": null,
        "schema_name": "street_address",
        "str_expression": "",
        "element_view": "ElementText",
        "short_definition": null
    },
    "pk": 8,
    "model": "element_type.elementtype"
},
{
    "fields": {
        "active": true,
        "entity_name": "City",
        "created": "2015-07-06T23:09:43.747Z",
        "element_data_type": 1,
        "readable_plural_name": "Citys",
        "modified": "2015-07-06T23:08:30.550Z",
        "readable_name": "City",
        "editable": true,
        "long_definition": null,
        "sort": 190,
        "example": null,
        "schema_name": "city",
        "str_expression": "",
        "element_view": "ElementText",
        "short_definition": null
    },
    "pk": 9,
    "model": "element_type.elementtype"
},
{
    "fields": {
        "active": true,
        "entity_name": "State",
        "created": "2015-07-06T23:09:43.747Z",
        "element_data_type": 1,
        "readable_plural_name": "States",
        "modified": "2015-07-06T23:08:30.550Z",
        "readable_name": "State",
        "editable": true,
        "long_definition": null,
        "sort": 200,
        "example": null,
        "schema_name": "state",
        "str_expression": "",
        "element_view": "ElementText",
        "short_definition": null
    },
    "pk": 10,
    "model": "element_type.elementtype"
},
{
    "fields": {
        "active": true,
        "entity_name": "Zip",
        "created": "2015-07-06T23:09:43.747Z",
        "element_data_type": 1,
        "readable_plural_name": "Zips",
        "modified": "2015-07-06T23:08:30.550Z",
        "readable_name": "Zip",
        "editable": true,
        "long_definition": null,
        "sort": 210,
        "example": null,
        "schema_name": "zip",
        "str_expression": "",
        "element_view": "ElementText",
        "short_definition": null
    },
    "pk": 11,
    "model": "element_type.elementtype"
},
{
    "fields": {
        "active": true,
        "entity_name": "Country",
        "created": "2015-07-06T23:09:43.747Z",
        "element_data_type": 1,
        "readable_plural_name": "Countries",
        "modified": "2015-07-06T23:08:30.550Z",
        "readable_name": "Country",
        "editable": true,
        "long_definition": null,
        "sort": 220,
        "example": null,
        "schema_name": "country",
        "str_expression": "",
        "element_view": "ElementText",
        "short_definition": null
    },
    "pk": 12,
    "model": "element_type.elementtype"
},
{
    "fields": {
        "active": true,
        "entity_name": "Latitude",
        "created": "2015-07-06T23:09:43.747Z",
        "element_data_type": 5,
        "readable_plural_name": "Latitudes",
        "modified": "2015-07-06T23:08:30.550Z",
        "readable_name": "Latitude",
        "editable": true,
        "long_definition": "In decimal degrees",
        "sort": 230,
        "example": "",
        "schema_name": "latitude",
        "str_expression": "{{ value|floatformat:6 }}",
        "element_view": "ElementText",
        "short_definition": ""
    },
    "pk": 13,
    "model": "element_type.elementtype"
},
{
    "fields": {
        "active": true,
        "entity_name": "Longitude",
        "created": "2015-07-06T23:09:43.747Z",
        "element_data_type": 5,
        "readable_plural_name": "Longitudes",
        "modified": "2015-07-06T23:08:30.550Z",
        "readable_name": "Longitude",
        "editable": true,
        "long_definition": "In decimal degrees",
        "sort": 240,
        "example": "",
        "schema_name": "longitude",
        "str_expression": "{{ value|floatformat:6 }}",
        "element_view": "ElementText",
        "short_definition": ""
    },
    "pk": 14,
    "model": "element_type.elementtype"
},
{
    "fields": {
        "active": true,
        "entity_name": "Phone",
        "created": "2015-07-06T23:09:43.747Z",
        "element_data_type": 1,
        "readable_plural_name": "Phones",
        "modified": "2015-07-06T23:08:30.550Z",
        "readable_name": "Phone",
        "editable": true,
        "long_definition": "",
        "sort": 250,
        "example": "",
        "schema_name": "phone",
        "str_expression": "",
        "element_view": "ElementText",
        "short_definition": ""
    },
    "pk": 15,
    "model": "element_type.elementtype"
},
{
    "fields": {
        "active": true,
        "entity_name": "Email",
        "created": "2015-07-06T23:09:43.747Z",
        "element_data_type": 1,
        "readable_plural_name": "Emails",
        "modified": "2015-07-06T23:08:30.550Z",
        "readable_name": "Email",
        "editable": true,
        "long_definition": "",
        "sort": 260,
        "example": "",
        "schema_name": "email",
        "str_expression": "",
        "element_view": "ElementText",
        "short_definition": ""
    },
    "pk": 16,
    "model": "element_type.elementtype"
},
{
    "fields": {
        "active": true,
        "entity_name": "Website",
        "created": "2015-07-06T23:09:43.747Z",
        "element_data_type": 1,
        "readable_plural_name": "Websites",
        "modified": "2015-07-06T23:08:30.550Z",
        "readable_name": "Website",
        "editable": true,
        "long_definition": "",
        "sort": 270,
        "example": "",
        "schema_name": "website",
        "str_expression": "",
        "element_view": "ElementText",
        "short_definition": ""
    },
    "pk": 17,
    "model": "element_type.elementtype"
},
{
    "fields": {
        "active": true,
        "entity_name": "Facebook",
        "created": "2015-07-06T23:09:43.747Z",
        "element_data_type": 1,
        "readable_plural_name": "Facebook",
        "modified": "2015-07-06T23:08:30.550Z",
        "readable_name": "Facebook",
        "editable": true,
        "long_definition": "",
        "sort": 280,
        "example": "",
        "schema_name": "facebook",
        "str_expression": "",
        "element_view": "ElementText",
        "short_definition": ""
    },
    "pk": 18,
    "model": "element_type.elementtype"
},
{
    "fields": {
        "active": true,
        "entity_name": "LinkedIn",
        "created": "2015-07-06T23:09:43.747Z",
        "element_data_type": 1,
        "readable_plural_name": "LinkedIn",
        "modified": "2015-07-06T23:08:30.550Z",
        "readable_name": "LinkedIn",
        "editable": true,
        "long_definition": "",
        "sort": 290,
        "example": "",
        "schema_name": "linkedin",
        "str_expression": "",
        "element_view": "ElementText",
        "short_definition": ""
    },
    "pk": 19,
    "model": "element_type.elementtype"
},
{
    "fields": {
        "active": true,
        "entity_name": "Twitter",
        "created": "2015-07-06T23:09:43.747Z",
        "element_data_type": 1,
        "readable_plural_name": "Twitter",
        "modified": "2015-07-06T23:08:30.550Z",
        "readable_name": "Twitter",
        "editable": true,
        "long_definition": "",
        "sort": 300,
        "example": "",
        "schema_name": "twitter",
        "str_expression": "",
        "element_view": "ElementText",
        "short_definition": ""
    },
    "pk": 20,
    "model": "element_type.elementtype"
},
{
    "fields": {
        "active": true,
        "entity_name": "ActionStatus",
        "created": "2015-07-06T23:09:43.747Z",
        "element_data_type": 1,
        "readable_plural_name": "Statuses",
        "modified": "2015-07-06T23:08:30.550Z",
        "readable_name": "Status",
        "editable": true,
        "long_definition": "",
        "sort": 310,
        "example": "",
        "schema_name": "action_status",
        "str_expression": "",
        "element_view": "ElementSelect",
        "short_definition": ""
    },
    "pk": 21,
    "model": "element_type.elementtype"
},
{
    "fields": {
        "active": true,
        "entity_name": "ActionEffort",
        "created": "2015-07-06T23:09:43.747Z",
        "element_data_type": 5,
        "readable_plural_name": "Effort",
        "modified": "2015-07-06T23:08:30.550Z",
        "readable_name": "Effort",
        "editable": true,
        "long_definition": "",
        "sort": 320,
        "example": "",
        "schema_name": "action_effort",
        "str_expression": "{{ value|floatformat:0 }}",
        "element_view": "ElementSelect",
        "short_definition": ""
    },
    "pk": 22,
    "model": "element_type.elementtype"
},
{
    "fields": {
        "active": true,
        "entity_name": "ScheduleType",
        "created": "2015-07-06T23:09:43.747Z",
        "element_data_type": 1,
        "readable_plural_name": "Schedule Types",
        "modified": "2015-07-06T23:08:30.550Z",
        "readable_name": "Schedule Type",
        "editable": true,
        "long_definition": "",
        "sort": 330,
        "example": "",
        "schema_name": "schedule_type",
        "str_expression": "",
        "element_view": "ElementSelect",
        "short_definition": ""
    },
    "pk": 23,
    "model": "element_type.elementtype"
},
{
    "fields": {
        "active": true,
        "entity_name": "BeginningBuffer",
        "created": "2015-07-06T23:09:43.747Z",
        "element_data_type": 4,
        "readable_plural_name": "Beginning Buffers",
        "modified": "2015-07-06T23:08:30.550Z",
        "readable_name": "Beginning Buffer",
        "editable": true,
        "long_definition": "",
        "sort": 340,
        "example": "",
        "schema_name": "beginning_buffer",
        "str_expression": "{{ value|date:'F j, Y g:i A'}}",
        "element_view": "ElementDatetime",
        "short_definition": ""
    },
    "pk": 24,
    "model": "element_type.elementtype"
},
{
    "fields": {
        "active": true,
        "entity_name": "BeginningEvent",
        "created": "2015-07-06T23:09:43.747Z",
        "element_data_type": 4,
        "readable_plural_name": "Beginning Events",
        "modified": "2015-07-06T23:08:30.550Z",
        "readable_name": "Beginning Event",
        "editable": true,
        "long_definition": "",
        "sort": 350,
        "example": "",
        "schema_name": "beginning_event",
        "str_expression": "{{ value|date:'F j, Y g:i A'}}",
        "element_view": "ElementDatetime",
        "short_definition": ""
    },
    "pk": 25,
    "model": "element_type.elementtype"
},
{
    "fields": {
        "active": true,
        "entity_name": "EndingEvent",
        "created": "2015-07-06T23:09:43.747Z",
        "element_data_type": 4,
        "readable_plural_name": "Ending Events",
        "modified": "2015-07-06T23:08:30.550Z",
        "readable_name": "Ending Event",
        "editable": true,
        "long_definition": "",
        "sort": 360,
        "example": "",
        "schema_name": "ending_event",
        "str_expression": "{{ value|date:'F j, Y g:i A'}}",
        "element_view": "ElementDatetime",
        "short_definition": ""
    },
    "pk": 26,
    "model": "element_type.elementtype"
},
{
    "fields": {
        "active": true,
        "entity_name": "EndingBuffer",
        "created": "2015-07-06T23:09:43.747Z",
        "element_data_type": 4,
        "readable_plural_name": "Ending Buffers",
        "modified": "2015-07-06T23:08:30.550Z",
        "readable_name": "Ending Buffer",
        "editable": true,
        "long_definition": "",
        "sort": 370,
        "example": "",
        "schema_name": "ending_buffer",
        "str_expression": "{{ value|date:'F j, Y g:i A'}}",
        "element_view": "ElementDatetime",
        "short_definition": ""
    },
    "pk": 27,
    "model": "element_type.elementtype"
},
{
    "fields": {
        "active": true,
        "entity_name": "EventTime",
        "created": "2015-07-06T23:09:43.747Z",
        "element_data_type": 5,
        "readable_plural_name": "Event Times",
        "modified": "2015-07-06T23:08:30.550Z",
        "readable_name": "Event Time",
        "editable": true,
        "long_definition": "",
        "sort": 380,
        "example": "",
        "schema_name": "event_time",
        "str_expression": "{{ value|floatformat:2 }}",
        "element_view": "ElementText",
        "short_definition": ""
    },
    "pk": 28,
    "model": "element_type.elementtype"
},
{
    "fields": {
        "active": true,
        "entity_name": "TotalTime",
        "created": "2015-07-06T23:09:43.747Z",
        "element_data_type": 5,
        "readable_plural_name": "Total Times",
        "modified": "2015-07-06T23:08:30.550Z",
        "readable_name": "Total Time",
        "editable": true,
        "long_definition": "",
        "sort": 390,
        "example": "",
        "schema_name": "total_time",
        "str_expression": "{{ value|floatformat:2 }}",
        "element_view": "ElementText",
        "short_definition": ""
    },
    "pk": 29,
    "model": "element_type.elementtype"
},
{
    "fields": {
        "active": true,
        "entity_name": "RecurringOptions",
        "created": "2015-07-06T23:09:43.747Z",
        "element_data_type": 2,
        "readable_plural_name": "Recurring Optionss",
        "modified": "2015-07-06T23:08:30.550Z",
        "readable_name": "Recurring Options",
        "editable": true,
        "long_definition": null,
        "sort": 400,
        "example": null,
        "schema_name": "recurring_options",
        "str_expression": "",
        "element_view": "ElementText",
        "short_definition": null
    },
    "pk": 30,
    "model": "element_type.elementtype"
},
{
    "fields": {
        "active": true,
        "entity_name": "Alert",
        "created": "2015-07-06T23:09:43.747Z",
        "element_data_type": 4,
        "readable_plural_name": "Alerts",
        "modified": "2015-07-06T23:08:30.550Z",
        "readable_name": "Alert",
        "editable": true,
        "long_definition": "",
        "sort": 410,
        "example": "",
        "schema_name": "alert",
        "str_expression": "{{ value|date:'F j, Y g:i A'}}",
        "element_view": "ElementDatetime",
        "short_definition": ""
    },
    "pk": 31,
    "model": "element_type.elementtype"
},
{
    "fields": {
        "active": true,
        "entity_name": "LoggedIn",
        "created": "2015-07-06T23:09:43.747Z",
        "element_data_type": 3,
        "readable_plural_name": "Logged In",
        "modified": "2015-07-06T23:08:30.550Z",
        "readable_name": "Logged In",
        "editable": true,
        "long_definition": "",
        "sort": 420,
        "example": null,
        "schema_name": "logged_in",
        "str_expression": "",
        "element_view": "ElementText",
        "short_definition": ""
    },
    "pk": 32,
    "model": "element_type.elementtype"
},
{
    "fields": {
        "active": true,
        "entity_name": "ItemStatus",
        "created": "2015-07-06T23:09:43.747Z",
        "element_data_type": 1,
        "readable_plural_name": "Item Statuses",
        "modified": "2015-07-06T23:08:30.550Z",
        "readable_name": "Item Status",
        "editable": true,
        "long_definition": null,
        "sort": 430,
        "example": null,
        "schema_name": "item_status",
        "str_expression": "",
        "element_view": "ElementText",
        "short_definition": null
    },
    "pk": 33,
    "model": "element_type.elementtype"
},
{
    "fields": {
        "active": true,
        "entity_name": "ItemContent",
        "created": "2015-07-06T23:09:43.747Z",
        "element_data_type": 2,
        "readable_plural_name": "Item Contents",
        "modified": "2015-07-06T23:08:30.550Z",
        "readable_name": "Item Content",
        "editable": true,
        "long_definition": null,
        "sort": 440,
        "example": null,
        "schema_name": "item_content",
        "str_expression": "",
        "element_view": "ElementText",
        "short_definition": null
    },
    "pk": 34,
    "model": "element_type.elementtype"
},
{
    "fields": {
        "active": true,
        "entity_name": "From",
        "created": "2015-07-06T23:09:43.747Z",
        "element_data_type": 1,
        "readable_plural_name": "Froms",
        "modified": "2015-07-06T23:08:30.550Z",
        "readable_name": "From",
        "editable": true,
        "long_definition": null,
        "sort": 450,
        "example": null,
        "schema_name": "from",
        "str_expression": "",
        "element_view": "ElementText",
        "short_definition": null
    },
    "pk": 35,
    "model": "element_type.elementtype"
},
{
    "fields": {
        "active": true,
        "entity_name": "To",
        "created": "2015-07-06T23:09:43.747Z",
        "element_data_type": 1,
        "readable_plural_name": "Tos",
        "modified": "2015-07-06T23:08:30.550Z",
        "readable_name": "To",
        "editable": true,
        "long_definition": null,
        "sort": 460,
        "example": null,
        "schema_name": "to",
        "str_expression": "",
        "element_view": "ElementText",
        "short_definition": null
    },
    "pk": 36,
    "model": "element_type.elementtype"
},
{
    "fields": {
        "active": true,
        "entity_name": "Link",
        "created": "2015-07-06T23:09:43.747Z",
        "element_data_type": 1,
        "readable_plural_name": "Links",
        "modified": "2015-07-06T23:08:30.550Z",
        "readable_name": "Link",
        "editable": true,
        "long_definition": "Any local, network, or www address",
        "sort": 470,
        "example": "",
        "schema_name": "link",
        "str_expression": "",
        "element_view": "ElementText",
        "short_definition": "URL"
    },
    "pk": 37,
    "model": "element_type.elementtype"
},
{
    "fields": {
        "active": true,
        "entity_name": "Attachment",
        "created": "2015-07-06T23:09:43.747Z",
        "element_data_type": 1,
        "readable_plural_name": "Attachments",
        "modified": "2015-07-06T23:08:30.550Z",
        "readable_name": "Attachment",
        "editable": true,
        "long_definition": "File attachment",
        "sort": 480,
        "example": "",
        "schema_name": "attachment",
        "str_expression": "",
        "element_view": "ElementText",
        "short_definition": ""
    },
    "pk": 38,
    "model": "element_type.elementtype"
},
{
    "fields": {
        "active": true,
        "entity_name": "CreationDate",
        "created": "2015-07-06T23:09:43.747Z",
        "element_data_type": 4,
        "readable_plural_name": "Creation Dates",
        "modified": "2015-07-06T23:08:30.550Z",
        "readable_name": "Creation Date",
        "editable": true,
        "long_definition": "SHOULD THIS BE ROLLED INTO EVENTS?",
        "sort": 490,
        "example": "",
        "schema_name": "creation_date",
        "str_expression": "{{ value|date:'F j, Y g:i A'}}",
        "element_view": "ElementDatetime",
        "short_definition": ""
    },
    "pk": 39,
    "model": "element_type.elementtype"
},
{
    "fields": {
        "active": true,
        "entity_name": "ModificationDate",
        "created": "2015-07-06T23:09:43.747Z",
        "element_data_type": 4,
        "readable_plural_name": "Modification Dates",
        "modified": "2015-07-06T23:08:30.550Z",
        "readable_name": "Modification Date",
        "editable": true,
        "long_definition": "SHOULD THIS BE ROLLED INTO EVENTS?",
        "sort": 500,
        "example": "",
        "schema_name": "modification_date",
        "str_expression": "{{ value|date:'F j, Y g:i A'}}",
        "element_view": "ElementDatetime",
        "short_definition": ""
    },
    "pk": 40,
    "model": "element_type.elementtype"
},
{
    "fields": {
        "element_type": 7,
        "active": true,
        "entity_name": "Business",
        "created": "2015-07-06T23:09:43.452Z",
        "readable_plural_name": "Businesses",
        "modified": "2015-07-06T23:08:29.013Z",
        "readable_name": "Business",
        "long_definition": null,
        "sort": 17010,
        "example": null,
        "schema_name": "business",
        "short_definition": null
    },
    "pk": 1,
    "model": "element_type.elementoption"
},
{
    "fields": {
        "element_type": 7,
        "active": true,
        "entity_name": "Non-Profit",
        "created": "2015-07-06T23:09:43.452Z",
        "readable_plural_name": "Non-Profits",
        "modified": "2015-07-06T23:08:29.013Z",
        "readable_name": "Non-Profit",
        "long_definition": null,
        "sort": 17020,
        "example": null,
        "schema_name": "non-profit",
        "short_definition": null
    },
    "pk": 2,
    "model": "element_type.elementoption"
},
{
    "fields": {
        "element_type": 7,
        "active": true,
        "entity_name": "Education",
        "created": "2015-07-06T23:09:43.452Z",
        "readable_plural_name": "Education",
        "modified": "2015-07-06T23:08:29.013Z",
        "readable_name": "Education",
        "long_definition": null,
        "sort": 17030,
        "example": null,
        "schema_name": "education",
        "short_definition": null
    },
    "pk": 3,
    "model": "element_type.elementoption"
},
{
    "fields": {
        "element_type": 7,
        "active": true,
        "entity_name": "Food",
        "created": "2015-07-06T23:09:43.452Z",
        "readable_plural_name": "Food",
        "modified": "2015-07-06T23:08:29.013Z",
        "readable_name": "Food",
        "long_definition": null,
        "sort": 17040,
        "example": null,
        "schema_name": "food",
        "short_definition": null
    },
    "pk": 4,
    "model": "element_type.elementoption"
},
{
    "fields": {
        "element_type": 7,
        "active": true,
        "entity_name": "Service",
        "created": "2015-07-06T23:09:43.452Z",
        "readable_plural_name": "Services",
        "modified": "2015-07-06T23:08:29.013Z",
        "readable_name": "Service",
        "long_definition": null,
        "sort": 17050,
        "example": null,
        "schema_name": "service",
        "short_definition": null
    },
    "pk": 5,
    "model": "element_type.elementoption"
},
{
    "fields": {
        "element_type": 7,
        "active": true,
        "entity_name": "Cultural",
        "created": "2015-07-06T23:09:43.452Z",
        "readable_plural_name": "Cultural",
        "modified": "2015-07-06T23:08:29.013Z",
        "readable_name": "Cultural",
        "long_definition": null,
        "sort": 17060,
        "example": null,
        "schema_name": "cultural",
        "short_definition": null
    },
    "pk": 6,
    "model": "element_type.elementoption"
},
{
    "fields": {
        "element_type": 7,
        "active": true,
        "entity_name": "Religious",
        "created": "2015-07-06T23:09:43.452Z",
        "readable_plural_name": "Religious",
        "modified": "2015-07-06T23:08:29.013Z",
        "readable_name": "Religious",
        "long_definition": null,
        "sort": 17070,
        "example": null,
        "schema_name": "religious",
        "short_definition": null
    },
    "pk": 7,
    "model": "element_type.elementoption"
},
{
    "fields": {
        "element_type": 7,
        "active": true,
        "entity_name": "Government",
        "created": "2015-07-06T23:09:43.452Z",
        "readable_plural_name": "Governments",
        "modified": "2015-07-06T23:08:29.013Z",
        "readable_name": "Government",
        "long_definition": null,
        "sort": 17080,
        "example": null,
        "schema_name": "government",
        "short_definition": null
    },
    "pk": 8,
    "model": "element_type.elementoption"
},
{
    "fields": {
        "element_type": 7,
        "active": true,
        "entity_name": "Social",
        "created": "2015-07-06T23:09:43.452Z",
        "readable_plural_name": "Social",
        "modified": "2015-07-06T23:08:29.013Z",
        "readable_name": "Social",
        "long_definition": null,
        "sort": 17090,
        "example": null,
        "schema_name": "social",
        "short_definition": null
    },
    "pk": 9,
    "model": "element_type.elementoption"
},
{
    "fields": {
        "element_type": 21,
        "active": true,
        "entity_name": "ActionNew",
        "created": "2015-07-06T23:09:43.452Z",
        "readable_plural_name": "New",
        "modified": "2015-07-06T23:08:29.013Z",
        "readable_name": "New",
        "long_definition": "Action just added to Tracuse that need to be reviewed for reclassification.",
        "sort": 30010,
        "example": null,
        "schema_name": "new",
        "short_definition": "Just Created"
    },
    "pk": 10,
    "model": "element_type.elementoption"
},
{
    "fields": {
        "element_type": 21,
        "active": true,
        "entity_name": "ActionSomeday",
        "created": "2015-07-06T23:09:43.452Z",
        "readable_plural_name": "Someday",
        "modified": "2015-07-06T23:08:29.013Z",
        "readable_name": "Someday",
        "long_definition": "Action that may not complete for years, months, or ever.",
        "sort": 30020,
        "example": null,
        "schema_name": "someday",
        "short_definition": "Deferred Indefinitely"
    },
    "pk": 11,
    "model": "element_type.elementoption"
},
{
    "fields": {
        "element_type": 21,
        "active": true,
        "entity_name": "ActionUpcoming",
        "created": "2015-07-06T23:09:43.452Z",
        "readable_plural_name": "Upcoming",
        "modified": "2015-07-06T23:08:29.013Z",
        "readable_name": "Upcoming",
        "long_definition": "Action that is coming up in the next month or so and needs some basic attention.",
        "sort": 30030,
        "example": null,
        "schema_name": "upcoming",
        "short_definition": "On the Horizon"
    },
    "pk": 12,
    "model": "element_type.elementoption"
},
{
    "fields": {
        "element_type": 21,
        "active": true,
        "entity_name": "ActionCurrent",
        "created": "2015-07-06T23:09:43.452Z",
        "readable_plural_name": "Current",
        "modified": "2015-07-06T23:08:29.013Z",
        "readable_name": "Current",
        "long_definition": "Action to be completed immediately.  Highly visible on your lists.",
        "sort": 30040,
        "example": null,
        "schema_name": "current",
        "short_definition": "Active Now"
    },
    "pk": 13,
    "model": "element_type.elementoption"
},
{
    "fields": {
        "element_type": 21,
        "active": true,
        "entity_name": "ActionInProgress",
        "created": "2015-07-06T23:09:43.452Z",
        "readable_plural_name": "In Progress",
        "modified": "2015-07-06T23:08:29.013Z",
        "readable_name": "In Progress",
        "long_definition": "Action that has paused after starting. Should be used rarely.",
        "sort": 30050,
        "example": null,
        "schema_name": "in_progress",
        "short_definition": "Being Done"
    },
    "pk": 14,
    "model": "element_type.elementoption"
},
{
    "fields": {
        "element_type": 21,
        "active": true,
        "entity_name": "ActionComplete",
        "created": "2015-07-06T23:09:43.452Z",
        "readable_plural_name": "Complete",
        "modified": "2015-07-06T23:08:29.013Z",
        "readable_name": "Complete",
        "long_definition": "Action that has completed.  Way to go!",
        "sort": 30060,
        "example": null,
        "schema_name": "complete",
        "short_definition": "DONE"
    },
    "pk": 15,
    "model": "element_type.elementoption"
},
{
    "fields": {
        "element_type": 21,
        "active": true,
        "entity_name": "ActionWaitingFor",
        "created": "2015-07-06T23:09:43.452Z",
        "readable_plural_name": "WaitingFor",
        "modified": "2015-07-06T23:08:29.013Z",
        "readable_name": "WaitingFor",
        "long_definition": "Action that has been assigned to someone else, but you want to keep track of it.",
        "sort": 30070,
        "example": null,
        "schema_name": "waitingfor",
        "short_definition": "For Someone Else"
    },
    "pk": 16,
    "model": "element_type.elementoption"
},
{
    "fields": {
        "element_type": 22,
        "active": true,
        "entity_name": "1",
        "created": "2015-07-06T23:09:43.452Z",
        "readable_plural_name": "1",
        "modified": "2015-07-06T23:08:29.013Z",
        "readable_name": "1",
        "long_definition": null,
        "sort": 32010,
        "example": null,
        "schema_name": "1",
        "short_definition": "Very Easy"
    },
    "pk": 17,
    "model": "element_type.elementoption"
},
{
    "fields": {
        "element_type": 22,
        "active": true,
        "entity_name": "2",
        "created": "2015-07-06T23:09:43.452Z",
        "readable_plural_name": "2",
        "modified": "2015-07-06T23:08:29.013Z",
        "readable_name": "2",
        "long_definition": null,
        "sort": 32020,
        "example": null,
        "schema_name": "2",
        "short_definition": "Easy"
    },
    "pk": 18,
    "model": "element_type.elementoption"
},
{
    "fields": {
        "element_type": 22,
        "active": true,
        "entity_name": "3",
        "created": "2015-07-06T23:09:43.452Z",
        "readable_plural_name": "3",
        "modified": "2015-07-06T23:08:29.013Z",
        "readable_name": "3",
        "long_definition": null,
        "sort": 32030,
        "example": null,
        "schema_name": "3",
        "short_definition": "Neither Easy or Hard"
    },
    "pk": 19,
    "model": "element_type.elementoption"
},
{
    "fields": {
        "element_type": 22,
        "active": true,
        "entity_name": "4",
        "created": "2015-07-06T23:09:43.452Z",
        "readable_plural_name": "4",
        "modified": "2015-07-06T23:08:29.013Z",
        "readable_name": "4",
        "long_definition": null,
        "sort": 32040,
        "example": null,
        "schema_name": "4",
        "short_definition": "Hard"
    },
    "pk": 20,
    "model": "element_type.elementoption"
},
{
    "fields": {
        "element_type": 22,
        "active": true,
        "entity_name": "5",
        "created": "2015-07-06T23:09:43.452Z",
        "readable_plural_name": "5",
        "modified": "2015-07-06T23:08:29.013Z",
        "readable_name": "5",
        "long_definition": null,
        "sort": 32050,
        "example": null,
        "schema_name": "5",
        "short_definition": "Very Hard"
    },
    "pk": 21,
    "model": "element_type.elementoption"
},
{
    "fields": {
        "element_type": 23,
        "active": true,
        "entity_name": "Actual",
        "created": "2015-07-06T23:09:43.452Z",
        "readable_plural_name": "Actuals",
        "modified": "2015-07-06T23:08:29.013Z",
        "readable_name": "Actual",
        "long_definition": "Use for any events that actually occur",
        "sort": 32010,
        "example": null,
        "schema_name": "actual",
        "short_definition": "Events Occurred"
    },
    "pk": 22,
    "model": "element_type.elementoption"
},
{
    "fields": {
        "element_type": 23,
        "active": true,
        "entity_name": "Planned",
        "created": "2015-07-06T23:09:43.452Z",
        "readable_plural_name": "Planneds",
        "modified": "2015-07-06T23:08:29.013Z",
        "readable_name": "Planned",
        "long_definition": "Use for any expected events",
        "sort": 32020,
        "example": null,
        "schema_name": "planned",
        "short_definition": "Events Expected"
    },
    "pk": 23,
    "model": "element_type.elementoption"
},
{
    "fields": {
        "element_type": 30,
        "active": true,
        "entity_name": "Placeholder",
        "created": "2015-07-06T23:09:43.452Z",
        "readable_plural_name": "Placeholders",
        "modified": "2015-07-06T23:08:29.013Z",
        "readable_name": "Placeholder",
        "long_definition": null,
        "sort": 40010,
        "example": null,
        "schema_name": "placeholder",
        "short_definition": null
    },
    "pk": 24,
    "model": "element_type.elementoption"
},
{
    "fields": {
        "element_type": 33,
        "active": true,
        "entity_name": "ItemNew",
        "created": "2015-07-06T23:09:43.452Z",
        "readable_plural_name": "New",
        "modified": "2015-07-06T23:08:29.013Z",
        "readable_name": "New",
        "long_definition": "Item just added to Tracuse that need to be reviewed for reclassification.",
        "sort": 42010,
        "example": null,
        "schema_name": "new",
        "short_definition": "Just Created"
    },
    "pk": 25,
    "model": "element_type.elementoption"
},
{
    "fields": {
        "element_type": 33,
        "active": true,
        "entity_name": "ItemStart",
        "created": "2015-07-06T23:09:43.452Z",
        "readable_plural_name": "Start",
        "modified": "2015-07-06T23:08:29.013Z",
        "readable_name": "Start",
        "long_definition": "Item just begun, may include outlining, research, and other preparation.",
        "sort": 42020,
        "example": null,
        "schema_name": "start",
        "short_definition": "Initial Review"
    },
    "pk": 26,
    "model": "element_type.elementoption"
},
{
    "fields": {
        "element_type": 33,
        "active": true,
        "entity_name": "ItemWorking",
        "created": "2015-07-06T23:09:43.452Z",
        "readable_plural_name": "Working",
        "modified": "2015-07-06T23:08:29.013Z",
        "readable_name": "Working",
        "long_definition": "Primary work on Item. Can be reading, writing, consuming, producing, etc.",
        "sort": 42030,
        "example": null,
        "schema_name": "working",
        "short_definition": "Main Action"
    },
    "pk": 27,
    "model": "element_type.elementoption"
},
{
    "fields": {
        "element_type": 33,
        "active": true,
        "entity_name": "ItemConclusion",
        "created": "2015-07-06T23:09:43.452Z",
        "readable_plural_name": "Conclusion",
        "modified": "2015-07-06T23:08:29.013Z",
        "readable_name": "Conclusion",
        "long_definition": "Item in final stages.  Can be final draft, editing, or other wrap-up actions.",
        "sort": 42040,
        "example": null,
        "schema_name": "conclusion",
        "short_definition": "Almost Complete"
    },
    "pk": 28,
    "model": "element_type.elementoption"
},
{
    "fields": {
        "element_type": 33,
        "active": true,
        "entity_name": "ItemComplete",
        "created": "2015-07-06T23:09:43.452Z",
        "readable_plural_name": "Complete",
        "modified": "2015-07-06T23:08:29.013Z",
        "readable_name": "Complete",
        "long_definition": "Item that has completed.  Way to go!",
        "sort": 42050,
        "example": null,
        "schema_name": "complete",
        "short_definition": "DONE"
    },
    "pk": 29,
    "model": "element_type.elementoption"
},
{
    "fields": {
        "element_type": 1,
        "active": true,
        "entity_name": "CategoryName",
        "created": "2015-07-06T23:09:41.829Z",
        "readable_plural_name": "Categories - Names",
        "modified": "2015-07-06T23:08:25.981Z",
        "primary_view": true,
        "readable_name": "Category - Name",
        "datum_type": 1,
        "long_definition": "",
        "calc_expression": "",
        "sort": 10100110,
        "example": "Home",
        "schema_name": "category_name",
        "short_definition": ""
    },
    "pk": 1,
    "model": "element_type.elementdatumtype"
},
{
    "fields": {
        "element_type": 2,
        "active": true,
        "entity_name": "CategoryDescription",
        "created": "2015-07-06T23:09:41.829Z",
        "readable_plural_name": "Categories - Descriptions",
        "modified": "2015-07-06T23:08:25.981Z",
        "primary_view": false,
        "readable_name": "Category - Description",
        "datum_type": 1,
        "long_definition": null,
        "calc_expression": "",
        "sort": 10100120,
        "example": "Where the heart is",
        "schema_name": "category_description",
        "short_definition": null
    },
    "pk": 2,
    "model": "element_type.elementdatumtype"
},
{
    "fields": {
        "element_type": 1,
        "active": true,
        "entity_name": "ProjectName",
        "created": "2015-07-06T23:09:41.829Z",
        "readable_plural_name": "Projects - Names",
        "modified": "2015-07-06T23:08:25.981Z",
        "primary_view": true,
        "readable_name": "Project - Name",
        "datum_type": 2,
        "long_definition": "",
        "calc_expression": "",
        "sort": 10110110,
        "example": "Marketing Initiative",
        "schema_name": "project_name",
        "short_definition": ""
    },
    "pk": 3,
    "model": "element_type.elementdatumtype"
},
{
    "fields": {
        "element_type": 2,
        "active": true,
        "entity_name": "ProjectDescription",
        "created": "2015-07-06T23:09:41.829Z",
        "readable_plural_name": "Projects - Descriptions",
        "modified": "2015-07-06T23:08:25.981Z",
        "primary_view": false,
        "readable_name": "Project - Description",
        "datum_type": 2,
        "long_definition": null,
        "calc_expression": "",
        "sort": 10110120,
        "example": "Revamp marketing materials",
        "schema_name": "project_description",
        "short_definition": null
    },
    "pk": 4,
    "model": "element_type.elementdatumtype"
},
{
    "fields": {
        "element_type": 1,
        "active": true,
        "entity_name": "ContextName",
        "created": "2015-07-06T23:09:41.829Z",
        "readable_plural_name": "Contexts - Names",
        "modified": "2015-07-06T23:08:25.981Z",
        "primary_view": true,
        "readable_name": "Context - Name",
        "datum_type": 3,
        "long_definition": "",
        "calc_expression": "",
        "sort": 10120110,
        "example": "Call",
        "schema_name": "context_name",
        "short_definition": ""
    },
    "pk": 5,
    "model": "element_type.elementdatumtype"
},
{
    "fields": {
        "element_type": 2,
        "active": true,
        "entity_name": "ContextDescription",
        "created": "2015-07-06T23:09:41.829Z",
        "readable_plural_name": "Contexts - Descriptions",
        "modified": "2015-07-06T23:08:25.981Z",
        "primary_view": false,
        "readable_name": "Context - Description",
        "datum_type": 3,
        "long_definition": null,
        "calc_expression": "",
        "sort": 10120120,
        "example": "Speaking to someone over the phone",
        "schema_name": "context_description",
        "short_definition": null
    },
    "pk": 6,
    "model": "element_type.elementdatumtype"
},
{
    "fields": {
        "element_type": 1,
        "active": true,
        "entity_name": "PersonName",
        "created": "2015-07-06T23:09:41.829Z",
        "readable_plural_name": "Persons - Names",
        "modified": "2015-07-06T23:08:25.981Z",
        "primary_view": true,
        "readable_name": "Person - Name",
        "datum_type": 4,
        "long_definition": "Default = First Name + Last Name",
        "calc_expression": "{{ first_name }}{% if last_name %}{{ ' '|add:last_name }}{% endif %}",
        "sort": 10130110,
        "example": "John Smith",
        "schema_name": "person_name",
        "short_definition": ""
    },
    "pk": 7,
    "model": "element_type.elementdatumtype"
},
{
    "fields": {
        "element_type": 2,
        "active": true,
        "entity_name": "PersonDescription",
        "created": "2015-07-06T23:09:41.829Z",
        "readable_plural_name": "Persons - Descriptions",
        "modified": "2015-07-06T23:08:25.981Z",
        "primary_view": false,
        "readable_name": "Person - Description",
        "datum_type": 4,
        "long_definition": null,
        "calc_expression": "",
        "sort": 10130120,
        "example": "My pal John",
        "schema_name": "person_description",
        "short_definition": null
    },
    "pk": 8,
    "model": "element_type.elementdatumtype"
},
{
    "fields": {
        "element_type": 3,
        "active": true,
        "entity_name": "PersonFirstName",
        "created": "2015-07-06T23:09:41.829Z",
        "readable_plural_name": "Persons - First Names",
        "modified": "2015-07-06T23:08:25.981Z",
        "primary_view": false,
        "readable_name": "Person - First Name",
        "datum_type": 4,
        "long_definition": "",
        "calc_expression": "{{ name|truncatewords:1 }}",
        "sort": 10130130,
        "example": "John",
        "schema_name": "person_first_name",
        "short_definition": ""
    },
    "pk": 9,
    "model": "element_type.elementdatumtype"
},
{
    "fields": {
        "element_type": 4,
        "active": true,
        "entity_name": "PersonLastName",
        "created": "2015-07-06T23:09:41.829Z",
        "readable_plural_name": "Persons - Last Names",
        "modified": "2015-07-06T23:08:25.981Z",
        "primary_view": false,
        "readable_name": "Person - Last Name",
        "datum_type": 4,
        "long_definition": "",
        "calc_expression": "",
        "sort": 10130140,
        "example": "Smith",
        "schema_name": "person_last_name",
        "short_definition": ""
    },
    "pk": 10,
    "model": "element_type.elementdatumtype"
},
{
    "fields": {
        "element_type": 5,
        "active": true,
        "entity_name": "PersonNickname",
        "created": "2015-07-06T23:09:41.829Z",
        "readable_plural_name": "Persons - Nicknames",
        "modified": "2015-07-06T23:08:25.981Z",
        "primary_view": false,
        "readable_name": "Person - Nickname",
        "datum_type": 4,
        "long_definition": null,
        "calc_expression": "",
        "sort": 10130150,
        "example": "Johnny Boy",
        "schema_name": "person_nickname",
        "short_definition": null
    },
    "pk": 11,
    "model": "element_type.elementdatumtype"
},
{
    "fields": {
        "element_type": 6,
        "active": true,
        "entity_name": "PersonBirthday",
        "created": "2015-07-06T23:09:41.829Z",
        "readable_plural_name": "Persons - Birthdays",
        "modified": "2015-07-06T23:08:25.981Z",
        "primary_view": false,
        "readable_name": "Person - Birthday",
        "datum_type": 4,
        "long_definition": null,
        "calc_expression": "",
        "sort": 10130160,
        "example": "1/1/2001",
        "schema_name": "person_birthday",
        "short_definition": null
    },
    "pk": 12,
    "model": "element_type.elementdatumtype"
},
{
    "fields": {
        "element_type": 1,
        "active": true,
        "entity_name": "EntityName",
        "created": "2015-07-06T23:09:41.829Z",
        "readable_plural_name": "Entities - Names",
        "modified": "2015-07-06T23:08:25.981Z",
        "primary_view": true,
        "readable_name": "Entity - Name",
        "datum_type": 5,
        "long_definition": "",
        "calc_expression": "",
        "sort": 10140110,
        "example": "Joe's Auto Shop",
        "schema_name": "entity_name",
        "short_definition": ""
    },
    "pk": 13,
    "model": "element_type.elementdatumtype"
},
{
    "fields": {
        "element_type": 2,
        "active": true,
        "entity_name": "EntityDescription",
        "created": "2015-07-06T23:09:41.829Z",
        "readable_plural_name": "Entities - Descriptions",
        "modified": "2015-07-06T23:08:25.981Z",
        "primary_view": false,
        "readable_name": "Entity - Description",
        "datum_type": 5,
        "long_definition": null,
        "calc_expression": "",
        "sort": 10140120,
        "example": "Where I take my car",
        "schema_name": "entity_description",
        "short_definition": null
    },
    "pk": 14,
    "model": "element_type.elementdatumtype"
},
{
    "fields": {
        "element_type": 7,
        "active": true,
        "entity_name": "EntityEntityType",
        "created": "2015-07-06T23:09:41.829Z",
        "readable_plural_name": "Entities - Entity Types",
        "modified": "2015-07-06T23:08:25.981Z",
        "primary_view": false,
        "readable_name": "Entity - Entity Type",
        "datum_type": 5,
        "long_definition": null,
        "calc_expression": "",
        "sort": 10140170,
        "example": "Business",
        "schema_name": "entity_entity_type",
        "short_definition": null
    },
    "pk": 15,
    "model": "element_type.elementdatumtype"
},
{
    "fields": {
        "element_type": 1,
        "active": true,
        "entity_name": "LocationName",
        "created": "2015-07-06T23:09:41.829Z",
        "readable_plural_name": "Locations - Names",
        "modified": "2015-07-06T23:08:25.981Z",
        "primary_view": true,
        "readable_name": "Location - Name",
        "datum_type": 6,
        "long_definition": "Default = Person/Entity Name + *** + Location",
        "calc_expression": "",
        "sort": 10150110,
        "example": "Joe's Auto Shop Main Address",
        "schema_name": "location_name",
        "short_definition": ""
    },
    "pk": 16,
    "model": "element_type.elementdatumtype"
},
{
    "fields": {
        "element_type": 2,
        "active": true,
        "entity_name": "LocationDescription",
        "created": "2015-07-06T23:09:41.829Z",
        "readable_plural_name": "Locations - Descriptions",
        "modified": "2015-07-06T23:08:25.981Z",
        "primary_view": false,
        "readable_name": "Location - Description",
        "datum_type": 6,
        "long_definition": null,
        "calc_expression": "",
        "sort": 10150120,
        "example": "Next to the convenience store",
        "schema_name": "location_description",
        "short_definition": null
    },
    "pk": 17,
    "model": "element_type.elementdatumtype"
},
{
    "fields": {
        "element_type": 8,
        "active": true,
        "entity_name": "LocationStreetAddress",
        "created": "2015-07-06T23:09:41.829Z",
        "readable_plural_name": "Locations - Street Addresses",
        "modified": "2015-07-06T23:08:25.981Z",
        "primary_view": false,
        "readable_name": "Location - Street Address",
        "datum_type": 6,
        "long_definition": null,
        "calc_expression": "",
        "sort": 10150180,
        "example": "123 Main St",
        "schema_name": "location_street_address",
        "short_definition": null
    },
    "pk": 18,
    "model": "element_type.elementdatumtype"
},
{
    "fields": {
        "element_type": 9,
        "active": true,
        "entity_name": "LocationCity",
        "created": "2015-07-06T23:09:41.829Z",
        "readable_plural_name": "Locations - Citys",
        "modified": "2015-07-06T23:08:25.981Z",
        "primary_view": false,
        "readable_name": "Location - City",
        "datum_type": 6,
        "long_definition": null,
        "calc_expression": "",
        "sort": 10150190,
        "example": "Portland",
        "schema_name": "location_city",
        "short_definition": null
    },
    "pk": 19,
    "model": "element_type.elementdatumtype"
},
{
    "fields": {
        "element_type": 10,
        "active": true,
        "entity_name": "LocationState",
        "created": "2015-07-06T23:09:41.829Z",
        "readable_plural_name": "Locations - States",
        "modified": "2015-07-06T23:08:25.981Z",
        "primary_view": false,
        "readable_name": "Location - State",
        "datum_type": 6,
        "long_definition": null,
        "calc_expression": "",
        "sort": 10150200,
        "example": "OR",
        "schema_name": "location_state",
        "short_definition": null
    },
    "pk": 20,
    "model": "element_type.elementdatumtype"
},
{
    "fields": {
        "element_type": 11,
        "active": true,
        "entity_name": "LocationZip",
        "created": "2015-07-06T23:09:41.829Z",
        "readable_plural_name": "Locations - Zips",
        "modified": "2015-07-06T23:08:25.981Z",
        "primary_view": false,
        "readable_name": "Location - Zip",
        "datum_type": 6,
        "long_definition": null,
        "calc_expression": "",
        "sort": 10150210,
        "example": "97209",
        "schema_name": "location_zip",
        "short_definition": null
    },
    "pk": 21,
    "model": "element_type.elementdatumtype"
},
{
    "fields": {
        "element_type": 12,
        "active": true,
        "entity_name": "LocationCountry",
        "created": "2015-07-06T23:09:41.829Z",
        "readable_plural_name": "Locations - Countries",
        "modified": "2015-07-06T23:08:25.981Z",
        "primary_view": false,
        "readable_name": "Location - Country",
        "datum_type": 6,
        "long_definition": null,
        "calc_expression": "",
        "sort": 10150220,
        "example": "USA",
        "schema_name": "location_country",
        "short_definition": null
    },
    "pk": 22,
    "model": "element_type.elementdatumtype"
},
{
    "fields": {
        "element_type": 13,
        "active": true,
        "entity_name": "LocationLatitude",
        "created": "2015-07-06T23:09:41.829Z",
        "readable_plural_name": "Locations - Latitudes",
        "modified": "2015-07-06T23:08:25.981Z",
        "primary_view": false,
        "readable_name": "Location - Latitude",
        "datum_type": 6,
        "long_definition": null,
        "calc_expression": "",
        "sort": 10150230,
        "example": "45.515586",
        "schema_name": "location_latitude",
        "short_definition": null
    },
    "pk": 23,
    "model": "element_type.elementdatumtype"
},
{
    "fields": {
        "element_type": 14,
        "active": true,
        "entity_name": "LocationLongitude",
        "created": "2015-07-06T23:09:41.829Z",
        "readable_plural_name": "Locations - Longitudes",
        "modified": "2015-07-06T23:08:25.981Z",
        "primary_view": false,
        "readable_name": "Location - Longitude",
        "datum_type": 6,
        "long_definition": null,
        "calc_expression": "",
        "sort": 10150240,
        "example": "-122.692291",
        "schema_name": "location_longitude",
        "short_definition": null
    },
    "pk": 24,
    "model": "element_type.elementdatumtype"
},
{
    "fields": {
        "element_type": 1,
        "active": true,
        "entity_name": "ContactName",
        "created": "2015-07-06T23:09:41.829Z",
        "readable_plural_name": "Contacts - Names",
        "modified": "2015-07-06T23:08:25.981Z",
        "primary_view": true,
        "readable_name": "Contact - Name",
        "datum_type": 7,
        "long_definition": "Default = Person/Entity Name + *** + Contact",
        "calc_expression": "",
        "sort": 10160110,
        "example": "Joe's Auto Shop Main Contact",
        "schema_name": "contact_name",
        "short_definition": ""
    },
    "pk": 25,
    "model": "element_type.elementdatumtype"
},
{
    "fields": {
        "element_type": 2,
        "active": true,
        "entity_name": "ContactDescription",
        "created": "2015-07-06T23:09:41.829Z",
        "readable_plural_name": "Contacts - Descriptions",
        "modified": "2015-07-06T23:08:25.981Z",
        "primary_view": false,
        "readable_name": "Contact - Description",
        "datum_type": 7,
        "long_definition": null,
        "calc_expression": "",
        "sort": 10160120,
        "example": null,
        "schema_name": "contact_description",
        "short_definition": null
    },
    "pk": 26,
    "model": "element_type.elementdatumtype"
},
{
    "fields": {
        "element_type": 15,
        "active": true,
        "entity_name": "ContactPhone",
        "created": "2015-07-06T23:09:41.829Z",
        "readable_plural_name": "Contacts - Phones",
        "modified": "2015-07-06T23:08:25.981Z",
        "primary_view": false,
        "readable_name": "Contact - Phone",
        "datum_type": 7,
        "long_definition": null,
        "calc_expression": "",
        "sort": 10160250,
        "example": "(503) 555-1234",
        "schema_name": "contact_phone",
        "short_definition": null
    },
    "pk": 27,
    "model": "element_type.elementdatumtype"
},
{
    "fields": {
        "element_type": 16,
        "active": true,
        "entity_name": "ContactEmail",
        "created": "2015-07-06T23:09:41.829Z",
        "readable_plural_name": "Contacts - Emails",
        "modified": "2015-07-06T23:08:25.981Z",
        "primary_view": false,
        "readable_name": "Contact - Email",
        "datum_type": 7,
        "long_definition": null,
        "calc_expression": "",
        "sort": 10160260,
        "example": "joe@joesautoshop.com",
        "schema_name": "contact_email",
        "short_definition": null
    },
    "pk": 28,
    "model": "element_type.elementdatumtype"
},
{
    "fields": {
        "element_type": 17,
        "active": true,
        "entity_name": "ContactWebsite",
        "created": "2015-07-06T23:09:41.829Z",
        "readable_plural_name": "Contacts - Websites",
        "modified": "2015-07-06T23:08:25.981Z",
        "primary_view": false,
        "readable_name": "Contact - Website",
        "datum_type": 7,
        "long_definition": null,
        "calc_expression": "",
        "sort": 10160270,
        "example": "http://www.joesautoshop.com",
        "schema_name": "contact_website",
        "short_definition": null
    },
    "pk": 29,
    "model": "element_type.elementdatumtype"
},
{
    "fields": {
        "element_type": 18,
        "active": true,
        "entity_name": "ContactFacebook",
        "created": "2015-07-06T23:09:41.829Z",
        "readable_plural_name": "Contacts - Facebook",
        "modified": "2015-07-06T23:08:25.981Z",
        "primary_view": false,
        "readable_name": "Contact - Facebook",
        "datum_type": 7,
        "long_definition": null,
        "calc_expression": "",
        "sort": 10160280,
        "example": "https://www.facebook.com/joesautoshop",
        "schema_name": "contact_facebook",
        "short_definition": null
    },
    "pk": 30,
    "model": "element_type.elementdatumtype"
},
{
    "fields": {
        "element_type": 19,
        "active": true,
        "entity_name": "ContactLinkedIn",
        "created": "2015-07-06T23:09:41.829Z",
        "readable_plural_name": "Contacts - LinkedIn",
        "modified": "2015-07-06T23:08:25.981Z",
        "primary_view": false,
        "readable_name": "Contact - LinkedIn",
        "datum_type": 7,
        "long_definition": null,
        "calc_expression": "",
        "sort": 10160290,
        "example": "https://www.linkedin.com/in/joesautoshop",
        "schema_name": "contact_linkedin",
        "short_definition": null
    },
    "pk": 31,
    "model": "element_type.elementdatumtype"
},
{
    "fields": {
        "element_type": 20,
        "active": true,
        "entity_name": "ContactTwitter",
        "created": "2015-07-06T23:09:41.829Z",
        "readable_plural_name": "Contacts - Twitter",
        "modified": "2015-07-06T23:08:25.981Z",
        "primary_view": false,
        "readable_name": "Contact - Twitter",
        "datum_type": 7,
        "long_definition": null,
        "calc_expression": "",
        "sort": 10160300,
        "example": "@joesautoshop",
        "schema_name": "contact_twitter",
        "short_definition": null
    },
    "pk": 32,
    "model": "element_type.elementdatumtype"
},
{
    "fields": {
        "element_type": 2,
        "active": true,
        "entity_name": "ActionDescription",
        "created": "2015-07-06T23:09:41.829Z",
        "readable_plural_name": "Actions - Descriptions",
        "modified": "2015-07-06T23:08:25.981Z",
        "primary_view": true,
        "readable_name": "Action - Description",
        "datum_type": 8,
        "long_definition": "",
        "calc_expression": "",
        "sort": 20100120,
        "example": "Go to the gym",
        "schema_name": "action_description",
        "short_definition": ""
    },
    "pk": 33,
    "model": "element_type.elementdatumtype"
},
{
    "fields": {
        "element_type": 21,
        "active": true,
        "entity_name": "ActionActionStatus",
        "created": "2015-07-06T23:09:41.829Z",
        "readable_plural_name": "Actions - Action Statuses",
        "modified": "2015-07-06T23:08:25.981Z",
        "primary_view": true,
        "readable_name": "Action - Action Status",
        "datum_type": 8,
        "long_definition": "",
        "calc_expression": "",
        "sort": 20100310,
        "example": "Current",
        "schema_name": "action_action_status",
        "short_definition": ""
    },
    "pk": 34,
    "model": "element_type.elementdatumtype"
},
{
    "fields": {
        "element_type": 22,
        "active": true,
        "entity_name": "ActionActionEffort",
        "created": "2015-07-06T23:09:41.829Z",
        "readable_plural_name": "Actions - Action Efforts",
        "modified": "2015-07-06T23:08:25.981Z",
        "primary_view": true,
        "readable_name": "Action - Action Effort",
        "datum_type": 8,
        "long_definition": "",
        "calc_expression": "",
        "sort": 20100320,
        "example": "5",
        "schema_name": "action_action_effort",
        "short_definition": ""
    },
    "pk": 35,
    "model": "element_type.elementdatumtype"
},
{
    "fields": {
        "element_type": 2,
        "active": true,
        "entity_name": "PrincipleDescription",
        "created": "2015-07-06T23:09:41.829Z",
        "readable_plural_name": "Principles - Descriptions",
        "modified": "2015-07-06T23:08:25.981Z",
        "primary_view": true,
        "readable_name": "Principle - Description",
        "datum_type": 9,
        "long_definition": "",
        "calc_expression": "",
        "sort": 20110120,
        "example": "So I can be fit and healthy",
        "schema_name": "principle_description",
        "short_definition": ""
    },
    "pk": 36,
    "model": "element_type.elementdatumtype"
},
{
    "fields": {
        "element_type": 2,
        "active": true,
        "entity_name": "JournalDescription",
        "created": "2015-07-06T23:09:41.829Z",
        "readable_plural_name": "Journals - Descriptions",
        "modified": "2015-07-06T23:08:25.981Z",
        "primary_view": true,
        "readable_name": "Journal - Description",
        "datum_type": 10,
        "long_definition": "",
        "calc_expression": "",
        "sort": 20120120,
        "example": "Need to watch my bench press form",
        "schema_name": "journal_description",
        "short_definition": ""
    },
    "pk": 37,
    "model": "element_type.elementdatumtype"
},
{
    "fields": {
        "element_type": 1,
        "active": true,
        "entity_name": "ScheduleName",
        "created": "2015-07-06T23:09:41.829Z",
        "readable_plural_name": "Schedules - Names",
        "modified": "2015-07-06T23:08:25.981Z",
        "primary_view": true,
        "readable_name": "Schedule - Name",
        "datum_type": 11,
        "long_definition": "",
        "calc_expression": "",
        "sort": 30100110,
        "example": "Actual Schedule",
        "schema_name": "schedule_name",
        "short_definition": ""
    },
    "pk": 38,
    "model": "element_type.elementdatumtype"
},
{
    "fields": {
        "element_type": 23,
        "active": true,
        "entity_name": "ScheduleScheduleType",
        "created": "2015-07-06T23:09:41.829Z",
        "readable_plural_name": "Schedules - Schedule Types",
        "modified": "2015-07-06T23:08:25.981Z",
        "primary_view": false,
        "readable_name": "Schedule - Schedule Type",
        "datum_type": 11,
        "long_definition": null,
        "calc_expression": "",
        "sort": 30100330,
        "example": "Actual",
        "schema_name": "schedule_schedule_type",
        "short_definition": null
    },
    "pk": 39,
    "model": "element_type.elementdatumtype"
},
{
    "fields": {
        "element_type": 24,
        "active": true,
        "entity_name": "EventBeginningBuffer",
        "created": "2015-07-06T23:09:41.829Z",
        "readable_plural_name": "Events - Beginning Buffers",
        "modified": "2015-07-06T23:08:25.981Z",
        "primary_view": false,
        "readable_name": "Event - Beginning Buffer",
        "datum_type": 12,
        "long_definition": null,
        "calc_expression": "",
        "sort": 30110340,
        "example": "3/4/2015 1:00:00 PM",
        "schema_name": "event_beginning_buffer",
        "short_definition": null
    },
    "pk": 40,
    "model": "element_type.elementdatumtype"
},
{
    "fields": {
        "element_type": 25,
        "active": true,
        "entity_name": "EventBeginningEvent",
        "created": "2015-07-06T23:09:41.829Z",
        "readable_plural_name": "Events - Beginning Events",
        "modified": "2015-07-06T23:08:25.981Z",
        "primary_view": true,
        "readable_name": "Event - Beginning Event",
        "datum_type": 12,
        "long_definition": "",
        "calc_expression": "",
        "sort": 30110350,
        "example": "3/4/2015 1:30:00 PM",
        "schema_name": "event_beginning_event",
        "short_definition": ""
    },
    "pk": 41,
    "model": "element_type.elementdatumtype"
},
{
    "fields": {
        "element_type": 26,
        "active": true,
        "entity_name": "EventEndingEvent",
        "created": "2015-07-06T23:09:41.829Z",
        "readable_plural_name": "Events - Ending Events",
        "modified": "2015-07-06T23:08:25.981Z",
        "primary_view": true,
        "readable_name": "Event - Ending Event",
        "datum_type": 12,
        "long_definition": "",
        "calc_expression": "",
        "sort": 30110360,
        "example": "3/4/2015 2:30:00 PM",
        "schema_name": "event_ending_event",
        "short_definition": ""
    },
    "pk": 42,
    "model": "element_type.elementdatumtype"
},
{
    "fields": {
        "element_type": 27,
        "active": true,
        "entity_name": "EventEndingBuffer",
        "created": "2015-07-06T23:09:41.829Z",
        "readable_plural_name": "Events - Ending Buffers",
        "modified": "2015-07-06T23:08:25.981Z",
        "primary_view": false,
        "readable_name": "Event - Ending Buffer",
        "datum_type": 12,
        "long_definition": null,
        "calc_expression": "",
        "sort": 30110370,
        "example": "3/4/2015 3:00:00 PM",
        "schema_name": "event_ending_buffer",
        "short_definition": null
    },
    "pk": 43,
    "model": "element_type.elementdatumtype"
},
{
    "fields": {
        "element_type": 28,
        "active": true,
        "entity_name": "EventEventTime",
        "created": "2015-07-06T23:09:41.829Z",
        "readable_plural_name": "Events - Event Times",
        "modified": "2015-07-06T23:08:25.981Z",
        "primary_view": false,
        "readable_name": "Event - Event Time",
        "datum_type": 12,
        "long_definition": null,
        "calc_expression": "",
        "sort": 30110380,
        "example": "2",
        "schema_name": "event_event_time",
        "short_definition": null
    },
    "pk": 44,
    "model": "element_type.elementdatumtype"
},
{
    "fields": {
        "element_type": 29,
        "active": true,
        "entity_name": "EventTotalTime",
        "created": "2015-07-06T23:09:41.829Z",
        "readable_plural_name": "Events - Total Times",
        "modified": "2015-07-06T23:08:25.981Z",
        "primary_view": false,
        "readable_name": "Event - Total Time",
        "datum_type": 12,
        "long_definition": null,
        "calc_expression": "",
        "sort": 30110390,
        "example": "1",
        "schema_name": "event_total_time",
        "short_definition": null
    },
    "pk": 45,
    "model": "element_type.elementdatumtype"
},
{
    "fields": {
        "element_type": 30,
        "active": true,
        "entity_name": "EventRecurringOptions",
        "created": "2015-07-06T23:09:41.829Z",
        "readable_plural_name": "Events - Recurring Optionss",
        "modified": "2015-07-06T23:08:25.981Z",
        "primary_view": false,
        "readable_name": "Event - Recurring Options",
        "datum_type": 12,
        "long_definition": null,
        "calc_expression": "",
        "sort": 30110400,
        "example": null,
        "schema_name": "event_recurring_options",
        "short_definition": null
    },
    "pk": 46,
    "model": "element_type.elementdatumtype"
},
{
    "fields": {
        "element_type": 30,
        "active": true,
        "entity_name": "ReminderRecurringOptions",
        "created": "2015-07-06T23:09:41.829Z",
        "readable_plural_name": "Reminders - Recurring Optionss",
        "modified": "2015-07-06T23:08:25.981Z",
        "primary_view": false,
        "readable_name": "Reminder - Recurring Options",
        "datum_type": 13,
        "long_definition": null,
        "calc_expression": "",
        "sort": 30120400,
        "example": null,
        "schema_name": "reminder_recurring_options",
        "short_definition": null
    },
    "pk": 47,
    "model": "element_type.elementdatumtype"
},
{
    "fields": {
        "element_type": 31,
        "active": true,
        "entity_name": "ReminderAlert",
        "created": "2015-07-06T23:09:41.829Z",
        "readable_plural_name": "Reminders - Alerts",
        "modified": "2015-07-06T23:08:25.981Z",
        "primary_view": false,
        "readable_name": "Reminder - Alert",
        "datum_type": 13,
        "long_definition": null,
        "calc_expression": "",
        "sort": 30120410,
        "example": "5/13/2015 2:30:00 PM",
        "schema_name": "reminder_alert",
        "short_definition": null
    },
    "pk": 48,
    "model": "element_type.elementdatumtype"
},
{
    "fields": {
        "element_type": 32,
        "active": true,
        "entity_name": "ReminderLoggedIn",
        "created": "2015-07-06T23:09:41.829Z",
        "readable_plural_name": "Reminders - Logged In",
        "modified": "2015-07-06T23:08:25.981Z",
        "primary_view": false,
        "readable_name": "Reminder - Logged In",
        "datum_type": 13,
        "long_definition": null,
        "calc_expression": "",
        "sort": 30120420,
        "example": "0",
        "schema_name": "reminder_logged_in",
        "short_definition": null
    },
    "pk": 49,
    "model": "element_type.elementdatumtype"
},
{
    "fields": {
        "element_type": 1,
        "active": true,
        "entity_name": "NoteName",
        "created": "2015-07-06T23:09:41.829Z",
        "readable_plural_name": "Notes - Names",
        "modified": "2015-07-06T23:08:25.981Z",
        "primary_view": true,
        "readable_name": "Note - Name",
        "datum_type": 14,
        "long_definition": "",
        "calc_expression": "",
        "sort": 40100110,
        "example": "How to fix a flat tire",
        "schema_name": "note_name",
        "short_definition": ""
    },
    "pk": 50,
    "model": "element_type.elementdatumtype"
},
{
    "fields": {
        "element_type": 33,
        "active": true,
        "entity_name": "NoteItemStatus",
        "created": "2015-07-06T23:09:41.829Z",
        "readable_plural_name": "Notes - Item Statuses",
        "modified": "2015-07-06T23:08:25.981Z",
        "primary_view": false,
        "readable_name": "Note - Item Status",
        "datum_type": 14,
        "long_definition": null,
        "calc_expression": "",
        "sort": 40100430,
        "example": "ItemComplete",
        "schema_name": "note_item_status",
        "short_definition": null
    },
    "pk": 51,
    "model": "element_type.elementdatumtype"
},
{
    "fields": {
        "element_type": 34,
        "active": true,
        "entity_name": "NoteItemContent",
        "created": "2015-07-06T23:09:41.829Z",
        "readable_plural_name": "Notes - Item Contents",
        "modified": "2015-07-06T23:08:25.981Z",
        "primary_view": false,
        "readable_name": "Note - Item Content",
        "datum_type": 14,
        "long_definition": null,
        "calc_expression": "",
        "sort": 40100440,
        "example": "<h1>Fix a flat tire</h1><br><p>Step 1</p>",
        "schema_name": "note_item_content",
        "short_definition": null
    },
    "pk": 52,
    "model": "element_type.elementdatumtype"
},
{
    "fields": {
        "element_type": 37,
        "active": true,
        "entity_name": "NoteLink",
        "created": "2015-07-06T23:09:41.829Z",
        "readable_plural_name": "Notes - Links",
        "modified": "2015-07-06T23:08:25.981Z",
        "primary_view": false,
        "readable_name": "Note - Link",
        "datum_type": 14,
        "long_definition": null,
        "calc_expression": "",
        "sort": 40100470,
        "example": null,
        "schema_name": "note_link",
        "short_definition": null
    },
    "pk": 53,
    "model": "element_type.elementdatumtype"
},
{
    "fields": {
        "element_type": 1,
        "active": true,
        "entity_name": "FileName",
        "created": "2015-07-06T23:09:41.829Z",
        "readable_plural_name": "Files - Names",
        "modified": "2015-07-06T23:08:25.981Z",
        "primary_view": true,
        "readable_name": "File - Name",
        "datum_type": 15,
        "long_definition": "",
        "calc_expression": "",
        "sort": 40110110,
        "example": "",
        "schema_name": "file_name",
        "short_definition": ""
    },
    "pk": 54,
    "model": "element_type.elementdatumtype"
},
{
    "fields": {
        "element_type": 2,
        "active": true,
        "entity_name": "FileDescription",
        "created": "2015-07-06T23:09:41.829Z",
        "readable_plural_name": "Files - Descriptions",
        "modified": "2015-07-06T23:08:25.981Z",
        "primary_view": false,
        "readable_name": "File - Description",
        "datum_type": 15,
        "long_definition": null,
        "calc_expression": "",
        "sort": 40110120,
        "example": null,
        "schema_name": "file_description",
        "short_definition": null
    },
    "pk": 55,
    "model": "element_type.elementdatumtype"
},
{
    "fields": {
        "element_type": 33,
        "active": true,
        "entity_name": "FileItemStatus",
        "created": "2015-07-06T23:09:41.829Z",
        "readable_plural_name": "Files - Item Statuses",
        "modified": "2015-07-06T23:08:25.981Z",
        "primary_view": false,
        "readable_name": "File - Item Status",
        "datum_type": 15,
        "long_definition": null,
        "calc_expression": "",
        "sort": 40110430,
        "example": "ItemStart",
        "schema_name": "file_item_status",
        "short_definition": null
    },
    "pk": 56,
    "model": "element_type.elementdatumtype"
},
{
    "fields": {
        "element_type": 37,
        "active": true,
        "entity_name": "FileLink",
        "created": "2015-07-06T23:09:41.829Z",
        "readable_plural_name": "Files - Links",
        "modified": "2015-07-06T23:08:25.981Z",
        "primary_view": true,
        "readable_name": "File - Link",
        "datum_type": 15,
        "long_definition": "",
        "calc_expression": "",
        "sort": 40110470,
        "example": "",
        "schema_name": "file_link",
        "short_definition": ""
    },
    "pk": 57,
    "model": "element_type.elementdatumtype"
},
{
    "fields": {
        "element_type": 38,
        "active": true,
        "entity_name": "FileAttachment",
        "created": "2015-07-06T23:09:41.829Z",
        "readable_plural_name": "Files - Attachments",
        "modified": "2015-07-06T23:08:25.981Z",
        "primary_view": false,
        "readable_name": "File - Attachment",
        "datum_type": 15,
        "long_definition": "",
        "calc_expression": "",
        "sort": 40110480,
        "example": "",
        "schema_name": "file_attachment",
        "short_definition": ""
    },
    "pk": 58,
    "model": "element_type.elementdatumtype"
},
{
    "fields": {
        "element_type": 39,
        "active": true,
        "entity_name": "FileCreationDate",
        "created": "2015-07-06T23:09:41.829Z",
        "readable_plural_name": "Files - Creation Dates",
        "modified": "2015-07-06T23:08:25.981Z",
        "primary_view": false,
        "readable_name": "File - Creation Date",
        "datum_type": 15,
        "long_definition": null,
        "calc_expression": "",
        "sort": 40110490,
        "example": null,
        "schema_name": "file_creation_date",
        "short_definition": null
    },
    "pk": 59,
    "model": "element_type.elementdatumtype"
},
{
    "fields": {
        "element_type": 40,
        "active": true,
        "entity_name": "FileModificationDate",
        "created": "2015-07-06T23:09:41.829Z",
        "readable_plural_name": "Files - Modification Dates",
        "modified": "2015-07-06T23:08:25.981Z",
        "primary_view": false,
        "readable_name": "File - Modification Date",
        "datum_type": 15,
        "long_definition": null,
        "calc_expression": "",
        "sort": 40110500,
        "example": null,
        "schema_name": "file_modification_date",
        "short_definition": null
    },
    "pk": 60,
    "model": "element_type.elementdatumtype"
},
{
    "fields": {
        "element_type": 1,
        "active": true,
        "entity_name": "DirectoryName",
        "created": "2015-07-06T23:09:41.829Z",
        "readable_plural_name": "Directories - Names",
        "modified": "2015-07-06T23:08:25.981Z",
        "primary_view": true,
        "readable_name": "Directory - Name",
        "datum_type": 16,
        "long_definition": "",
        "calc_expression": "",
        "sort": 40120110,
        "example": "",
        "schema_name": "directory_name",
        "short_definition": ""
    },
    "pk": 61,
    "model": "element_type.elementdatumtype"
},
{
    "fields": {
        "element_type": 2,
        "active": true,
        "entity_name": "DirectoryDescription",
        "created": "2015-07-06T23:09:41.829Z",
        "readable_plural_name": "Directories - Descriptions",
        "modified": "2015-07-06T23:08:25.981Z",
        "primary_view": false,
        "readable_name": "Directory - Description",
        "datum_type": 16,
        "long_definition": null,
        "calc_expression": "",
        "sort": 40120120,
        "example": null,
        "schema_name": "directory_description",
        "short_definition": null
    },
    "pk": 62,
    "model": "element_type.elementdatumtype"
},
{
    "fields": {
        "element_type": 33,
        "active": true,
        "entity_name": "DirectoryItemStatus",
        "created": "2015-07-06T23:09:41.829Z",
        "readable_plural_name": "Directories - Item Statuses",
        "modified": "2015-07-06T23:08:25.981Z",
        "primary_view": false,
        "readable_name": "Directory - Item Status",
        "datum_type": 16,
        "long_definition": null,
        "calc_expression": "",
        "sort": 40120430,
        "example": "ItemComplete",
        "schema_name": "directory_item_status",
        "short_definition": null
    },
    "pk": 63,
    "model": "element_type.elementdatumtype"
},
{
    "fields": {
        "element_type": 37,
        "active": true,
        "entity_name": "DirectoryLink",
        "created": "2015-07-06T23:09:41.829Z",
        "readable_plural_name": "Directories - Links",
        "modified": "2015-07-06T23:08:25.981Z",
        "primary_view": true,
        "readable_name": "Directory - Link",
        "datum_type": 16,
        "long_definition": "",
        "calc_expression": "",
        "sort": 40120470,
        "example": "",
        "schema_name": "directory_link",
        "short_definition": ""
    },
    "pk": 64,
    "model": "element_type.elementdatumtype"
},
{
    "fields": {
        "element_type": 39,
        "active": true,
        "entity_name": "DirectoryCreationDate",
        "created": "2015-07-06T23:09:41.829Z",
        "readable_plural_name": "Directories - Creation Dates",
        "modified": "2015-07-06T23:08:25.981Z",
        "primary_view": false,
        "readable_name": "Directory - Creation Date",
        "datum_type": 16,
        "long_definition": null,
        "calc_expression": "",
        "sort": 40120490,
        "example": null,
        "schema_name": "directory_creation_date",
        "short_definition": null
    },
    "pk": 65,
    "model": "element_type.elementdatumtype"
},
{
    "fields": {
        "element_type": 40,
        "active": true,
        "entity_name": "DirectoryModificationDate",
        "created": "2015-07-06T23:09:41.829Z",
        "readable_plural_name": "Directories - Modification Dates",
        "modified": "2015-07-06T23:08:25.981Z",
        "primary_view": false,
        "readable_name": "Directory - Modification Date",
        "datum_type": 16,
        "long_definition": null,
        "calc_expression": "",
        "sort": 40120500,
        "example": null,
        "schema_name": "directory_modification_date",
        "short_definition": null
    },
    "pk": 66,
    "model": "element_type.elementdatumtype"
},
{
    "fields": {
        "element_type": 1,
        "active": true,
        "entity_name": "WebpageName",
        "created": "2015-07-06T23:09:41.829Z",
        "readable_plural_name": "Webpages - Names",
        "modified": "2015-07-06T23:08:25.981Z",
        "primary_view": true,
        "readable_name": "Webpage - Name",
        "datum_type": 17,
        "long_definition": "",
        "calc_expression": "",
        "sort": 40130110,
        "example": "",
        "schema_name": "webpage_name",
        "short_definition": ""
    },
    "pk": 67,
    "model": "element_type.elementdatumtype"
},
{
    "fields": {
        "element_type": 2,
        "active": true,
        "entity_name": "WebpageDescription",
        "created": "2015-07-06T23:09:41.829Z",
        "readable_plural_name": "Webpages - Descriptions",
        "modified": "2015-07-06T23:08:25.981Z",
        "primary_view": false,
        "readable_name": "Webpage - Description",
        "datum_type": 17,
        "long_definition": null,
        "calc_expression": "",
        "sort": 40130120,
        "example": null,
        "schema_name": "webpage_description",
        "short_definition": null
    },
    "pk": 68,
    "model": "element_type.elementdatumtype"
},
{
    "fields": {
        "element_type": 33,
        "active": true,
        "entity_name": "WebpageItemStatus",
        "created": "2015-07-06T23:09:41.829Z",
        "readable_plural_name": "Webpages - Item Statuses",
        "modified": "2015-07-06T23:08:25.981Z",
        "primary_view": false,
        "readable_name": "Webpage - Item Status",
        "datum_type": 17,
        "long_definition": null,
        "calc_expression": "",
        "sort": 40130430,
        "example": "ItemNew",
        "schema_name": "webpage_item_status",
        "short_definition": null
    },
    "pk": 69,
    "model": "element_type.elementdatumtype"
},
{
    "fields": {
        "element_type": 37,
        "active": true,
        "entity_name": "WebpageLink",
        "created": "2015-07-06T23:09:41.829Z",
        "readable_plural_name": "Webpages - Links",
        "modified": "2015-07-06T23:08:25.981Z",
        "primary_view": true,
        "readable_name": "Webpage - Link",
        "datum_type": 17,
        "long_definition": "",
        "calc_expression": "",
        "sort": 40130470,
        "example": "",
        "schema_name": "webpage_link",
        "short_definition": ""
    },
    "pk": 70,
    "model": "element_type.elementdatumtype"
},
{
    "fields": {
        "element_type": 1,
        "active": true,
        "entity_name": "MessageName",
        "created": "2015-07-06T23:09:41.829Z",
        "readable_plural_name": "Messages - Names",
        "modified": "2015-07-06T23:08:25.981Z",
        "primary_view": false,
        "readable_name": "Message - Name",
        "datum_type": 18,
        "long_definition": null,
        "calc_expression": "",
        "sort": 40140110,
        "example": null,
        "schema_name": "message_name",
        "short_definition": null
    },
    "pk": 71,
    "model": "element_type.elementdatumtype"
},
{
    "fields": {
        "element_type": 34,
        "active": true,
        "entity_name": "MessageItemContent",
        "created": "2015-07-06T23:09:41.829Z",
        "readable_plural_name": "Messages - Item Contents",
        "modified": "2015-07-06T23:08:25.981Z",
        "primary_view": false,
        "readable_name": "Message - Item Content",
        "datum_type": 18,
        "long_definition": null,
        "calc_expression": "",
        "sort": 40140440,
        "example": null,
        "schema_name": "message_item_content",
        "short_definition": null
    },
    "pk": 72,
    "model": "element_type.elementdatumtype"
},
{
    "fields": {
        "element_type": 35,
        "active": true,
        "entity_name": "MessageFrom",
        "created": "2015-07-06T23:09:41.829Z",
        "readable_plural_name": "Messages - Froms",
        "modified": "2015-07-06T23:08:25.981Z",
        "primary_view": true,
        "readable_name": "Message - From",
        "datum_type": 18,
        "long_definition": "",
        "calc_expression": "",
        "sort": 40140450,
        "example": "",
        "schema_name": "message_from",
        "short_definition": ""
    },
    "pk": 73,
    "model": "element_type.elementdatumtype"
},
{
    "fields": {
        "element_type": 36,
        "active": true,
        "entity_name": "MessageTo",
        "created": "2015-07-06T23:09:41.829Z",
        "readable_plural_name": "Messages - Tos",
        "modified": "2015-07-06T23:08:25.981Z",
        "primary_view": true,
        "readable_name": "Message - To",
        "datum_type": 18,
        "long_definition": "",
        "calc_expression": "",
        "sort": 40140460,
        "example": "",
        "schema_name": "message_to",
        "short_definition": ""
    },
    "pk": 74,
    "model": "element_type.elementdatumtype"
},
{
    "fields": {
        "element_type": 39,
        "active": true,
        "entity_name": "MessageCreationDate",
        "created": "2015-07-06T23:09:41.829Z",
        "readable_plural_name": "Messages - Creation Dates",
        "modified": "2015-07-06T23:08:25.981Z",
        "primary_view": false,
        "readable_name": "Message - Creation Date",
        "datum_type": 18,
        "long_definition": null,
        "calc_expression": "",
        "sort": 40140490,
        "example": null,
        "schema_name": "message_creation_date",
        "short_definition": null
    },
    "pk": 75,
    "model": "element_type.elementdatumtype"
},
{
    "fields": {
        "element_type": 1,
        "active": true,
        "entity_name": "PostName",
        "created": "2015-07-06T23:09:41.829Z",
        "readable_plural_name": "Posts - Names",
        "modified": "2015-07-06T23:08:25.981Z",
        "primary_view": true,
        "readable_name": "Post - Name",
        "datum_type": 19,
        "long_definition": "",
        "calc_expression": "",
        "sort": 40150110,
        "example": "",
        "schema_name": "post_name",
        "short_definition": ""
    },
    "pk": 76,
    "model": "element_type.elementdatumtype"
},
{
    "fields": {
        "element_type": 2,
        "active": true,
        "entity_name": "PostDescription",
        "created": "2015-07-06T23:09:41.829Z",
        "readable_plural_name": "Posts - Descriptions",
        "modified": "2015-07-06T23:08:25.981Z",
        "primary_view": false,
        "readable_name": "Post - Description",
        "datum_type": 19,
        "long_definition": null,
        "calc_expression": "",
        "sort": 40150120,
        "example": null,
        "schema_name": "post_description",
        "short_definition": null
    },
    "pk": 77,
    "model": "element_type.elementdatumtype"
},
{
    "fields": {
        "element_type": 33,
        "active": true,
        "entity_name": "PostItemStatus",
        "created": "2015-07-06T23:09:41.829Z",
        "readable_plural_name": "Posts - Item Statuses",
        "modified": "2015-07-06T23:08:25.981Z",
        "primary_view": false,
        "readable_name": "Post - Item Status",
        "datum_type": 19,
        "long_definition": null,
        "calc_expression": "",
        "sort": 40150430,
        "example": null,
        "schema_name": "post_item_status",
        "short_definition": null
    },
    "pk": 78,
    "model": "element_type.elementdatumtype"
},
{
    "fields": {
        "element_type": 34,
        "active": true,
        "entity_name": "PostItemContent",
        "created": "2015-07-06T23:09:41.829Z",
        "readable_plural_name": "Posts - Item Contents",
        "modified": "2015-07-06T23:08:25.981Z",
        "primary_view": false,
        "readable_name": "Post - Item Content",
        "datum_type": 19,
        "long_definition": null,
        "calc_expression": "",
        "sort": 40150440,
        "example": null,
        "schema_name": "post_item_content",
        "short_definition": null
    },
    "pk": 79,
    "model": "element_type.elementdatumtype"
},
{
    "fields": {
        "element_type": 37,
        "active": true,
        "entity_name": "PostLink",
        "created": "2015-07-06T23:09:41.829Z",
        "readable_plural_name": "Posts - Links",
        "modified": "2015-07-06T23:08:25.981Z",
        "primary_view": true,
        "readable_name": "Post - Link",
        "datum_type": 19,
        "long_definition": "",
        "calc_expression": "",
        "sort": 40150470,
        "example": "",
        "schema_name": "post_link",
        "short_definition": ""
    },
    "pk": 80,
    "model": "element_type.elementdatumtype"
},
{
    "fields": {
        "element_type": 39,
        "active": true,
        "entity_name": "PostCreationDate",
        "created": "2015-07-06T23:09:41.829Z",
        "readable_plural_name": "Posts - Creation Dates",
        "modified": "2015-07-06T23:08:25.981Z",
        "primary_view": false,
        "readable_name": "Post - Creation Date",
        "datum_type": 19,
        "long_definition": null,
        "calc_expression": "",
        "sort": 40150490,
        "example": null,
        "schema_name": "post_creation_date",
        "short_definition": null
    },
    "pk": 81,
    "model": "element_type.elementdatumtype"
},
{
    "fields": {
        "element_type": 33,
        "active": true,
        "entity_name": "MessageItemStatus",
        "created": "2015-07-06T23:09:41.829Z",
        "readable_plural_name": "Messages - Item Statuses",
        "modified": "2015-07-06T23:08:25.981Z",
        "primary_view": false,
        "readable_name": "Message - Item Status",
        "datum_type": 18,
        "long_definition": null,
        "calc_expression": "",
        "sort": 40140430,
        "example": null,
        "schema_name": "message_item_status",
        "short_definition": null
    },
    "pk": 83,
    "model": "element_type.elementdatumtype"
},
{
    "fields": {
        "element_type": 1,
        "sort": 101001110,
        "created": "2015-07-06T23:09:41.568Z",
        "datum_object": 1,
        "active": true,
        "modified": "2015-07-06T23:08:24.415Z"
    },
    "pk": 1,
    "model": "element_type.elementdatumobject"
},
{
    "fields": {
        "element_type": 2,
        "sort": 101001120,
        "created": "2015-07-06T23:09:41.568Z",
        "datum_object": 1,
        "active": true,
        "modified": "2015-07-06T23:08:24.415Z"
    },
    "pk": 2,
    "model": "element_type.elementdatumobject"
},
{
    "fields": {
        "element_type": 1,
        "sort": 101101110,
        "created": "2015-07-06T23:09:41.568Z",
        "datum_object": 2,
        "active": true,
        "modified": "2015-07-06T23:08:24.415Z"
    },
    "pk": 3,
    "model": "element_type.elementdatumobject"
},
{
    "fields": {
        "element_type": 2,
        "sort": 101101120,
        "created": "2015-07-06T23:09:41.568Z",
        "datum_object": 2,
        "active": true,
        "modified": "2015-07-06T23:08:24.415Z"
    },
    "pk": 4,
    "model": "element_type.elementdatumobject"
},
{
    "fields": {
        "element_type": 1,
        "sort": 101002110,
        "created": "2015-07-06T23:09:41.568Z",
        "datum_object": 3,
        "active": true,
        "modified": "2015-07-06T23:08:24.415Z"
    },
    "pk": 5,
    "model": "element_type.elementdatumobject"
},
{
    "fields": {
        "element_type": 2,
        "sort": 101002120,
        "created": "2015-07-06T23:09:41.568Z",
        "datum_object": 3,
        "active": true,
        "modified": "2015-07-06T23:08:24.415Z"
    },
    "pk": 6,
    "model": "element_type.elementdatumobject"
},
{
    "fields": {
        "element_type": 1,
        "sort": 101401110,
        "created": "2015-07-06T23:09:41.568Z",
        "datum_object": 6,
        "active": true,
        "modified": "2015-07-06T23:08:24.415Z"
    },
    "pk": 18,
    "model": "element_type.elementdatumobject"
},
{
    "fields": {
        "element_type": 2,
        "sort": 101401120,
        "created": "2015-07-06T23:09:41.568Z",
        "datum_object": 6,
        "active": true,
        "modified": "2015-07-06T23:08:24.415Z"
    },
    "pk": 19,
    "model": "element_type.elementdatumobject"
},
{
    "fields": {
        "element_type": 7,
        "sort": 101401170,
        "created": "2015-07-06T23:09:41.568Z",
        "datum_object": 6,
        "active": true,
        "modified": "2015-07-06T23:08:24.415Z"
    },
    "pk": 20,
    "model": "element_type.elementdatumobject"
},
{
    "fields": {
        "element_type": 1,
        "sort": 101501110,
        "created": "2015-07-06T23:09:41.568Z",
        "datum_object": 7,
        "active": true,
        "modified": "2015-07-06T23:08:24.415Z"
    },
    "pk": 21,
    "model": "element_type.elementdatumobject"
},
{
    "fields": {
        "element_type": 2,
        "sort": 101501120,
        "created": "2015-07-06T23:09:41.568Z",
        "datum_object": 7,
        "active": true,
        "modified": "2015-07-06T23:08:24.415Z"
    },
    "pk": 22,
    "model": "element_type.elementdatumobject"
},
{
    "fields": {
        "element_type": 8,
        "sort": 101501180,
        "created": "2015-07-06T23:09:41.568Z",
        "datum_object": 7,
        "active": true,
        "modified": "2015-07-06T23:08:24.415Z"
    },
    "pk": 23,
    "model": "element_type.elementdatumobject"
},
{
    "fields": {
        "element_type": 9,
        "sort": 101501190,
        "created": "2015-07-06T23:09:41.568Z",
        "datum_object": 7,
        "active": true,
        "modified": "2015-07-06T23:08:24.415Z"
    },
    "pk": 24,
    "model": "element_type.elementdatumobject"
},
{
    "fields": {
        "element_type": 10,
        "sort": 101501200,
        "created": "2015-07-06T23:09:41.568Z",
        "datum_object": 7,
        "active": true,
        "modified": "2015-07-06T23:08:24.415Z"
    },
    "pk": 25,
    "model": "element_type.elementdatumobject"
},
{
    "fields": {
        "element_type": 11,
        "sort": 101501210,
        "created": "2015-07-06T23:09:41.568Z",
        "datum_object": 7,
        "active": true,
        "modified": "2015-07-06T23:08:24.415Z"
    },
    "pk": 26,
    "model": "element_type.elementdatumobject"
},
{
    "fields": {
        "element_type": 12,
        "sort": 101501220,
        "created": "2015-07-06T23:09:41.568Z",
        "datum_object": 7,
        "active": true,
        "modified": "2015-07-06T23:08:24.415Z"
    },
    "pk": 27,
    "model": "element_type.elementdatumobject"
},
{
    "fields": {
        "element_type": 13,
        "sort": 101501230,
        "created": "2015-07-06T23:09:41.568Z",
        "datum_object": 7,
        "active": true,
        "modified": "2015-07-06T23:08:24.415Z"
    },
    "pk": 28,
    "model": "element_type.elementdatumobject"
},
{
    "fields": {
        "element_type": 14,
        "sort": 101501240,
        "created": "2015-07-06T23:09:41.568Z",
        "datum_object": 7,
        "active": true,
        "modified": "2015-07-06T23:08:24.415Z"
    },
    "pk": 29,
    "model": "element_type.elementdatumobject"
},
{
    "fields": {
        "element_type": 1,
        "sort": 101003110,
        "created": "2015-07-06T23:09:41.568Z",
        "datum_object": 8,
        "active": true,
        "modified": "2015-07-06T23:08:24.415Z"
    },
    "pk": 30,
    "model": "element_type.elementdatumobject"
},
{
    "fields": {
        "element_type": 2,
        "sort": 101003120,
        "created": "2015-07-06T23:09:41.568Z",
        "datum_object": 8,
        "active": true,
        "modified": "2015-07-06T23:08:24.415Z"
    },
    "pk": 31,
    "model": "element_type.elementdatumobject"
},
{
    "fields": {
        "element_type": 1,
        "sort": 101301110,
        "created": "2015-07-06T23:09:41.568Z",
        "datum_object": 9,
        "active": true,
        "modified": "2015-07-06T23:08:24.415Z"
    },
    "pk": 32,
    "model": "element_type.elementdatumobject"
},
{
    "fields": {
        "element_type": 2,
        "sort": 101301120,
        "created": "2015-07-06T23:09:41.568Z",
        "datum_object": 9,
        "active": true,
        "modified": "2015-07-06T23:08:24.415Z"
    },
    "pk": 33,
    "model": "element_type.elementdatumobject"
},
{
    "fields": {
        "element_type": 3,
        "sort": 101301130,
        "created": "2015-07-06T23:09:41.568Z",
        "datum_object": 9,
        "active": true,
        "modified": "2015-07-06T23:08:24.415Z"
    },
    "pk": 34,
    "model": "element_type.elementdatumobject"
},
{
    "fields": {
        "element_type": 4,
        "sort": 101301140,
        "created": "2015-07-06T23:09:41.568Z",
        "datum_object": 9,
        "active": true,
        "modified": "2015-07-06T23:08:24.415Z"
    },
    "pk": 35,
    "model": "element_type.elementdatumobject"
},
{
    "fields": {
        "element_type": 5,
        "sort": 101301150,
        "created": "2015-07-06T23:09:41.568Z",
        "datum_object": 9,
        "active": true,
        "modified": "2015-07-06T23:08:24.415Z"
    },
    "pk": 36,
    "model": "element_type.elementdatumobject"
},
{
    "fields": {
        "element_type": 6,
        "sort": 101301160,
        "created": "2015-07-06T23:09:41.568Z",
        "datum_object": 9,
        "active": true,
        "modified": "2015-07-06T23:08:24.415Z"
    },
    "pk": 37,
    "model": "element_type.elementdatumobject"
},
{
    "fields": {
        "element_type": 1,
        "sort": 101004110,
        "created": "2015-07-06T23:09:41.568Z",
        "datum_object": 10,
        "active": true,
        "modified": "2015-07-06T23:08:24.415Z"
    },
    "pk": 38,
    "model": "element_type.elementdatumobject"
},
{
    "fields": {
        "element_type": 2,
        "sort": 101004120,
        "created": "2015-07-06T23:09:41.568Z",
        "datum_object": 10,
        "active": true,
        "modified": "2015-07-06T23:08:24.415Z"
    },
    "pk": 39,
    "model": "element_type.elementdatumobject"
},
{
    "fields": {
        "element_type": 1,
        "sort": 101601110,
        "created": "2015-07-06T23:09:41.568Z",
        "datum_object": 11,
        "active": true,
        "modified": "2015-07-06T23:08:24.415Z"
    },
    "pk": 40,
    "model": "element_type.elementdatumobject"
},
{
    "fields": {
        "element_type": 2,
        "sort": 101601120,
        "created": "2015-07-06T23:09:41.568Z",
        "datum_object": 11,
        "active": true,
        "modified": "2015-07-06T23:08:24.415Z"
    },
    "pk": 41,
    "model": "element_type.elementdatumobject"
},
{
    "fields": {
        "element_type": 15,
        "sort": 101601250,
        "created": "2015-07-06T23:09:41.568Z",
        "datum_object": 11,
        "active": true,
        "modified": "2015-07-06T23:08:24.415Z"
    },
    "pk": 42,
    "model": "element_type.elementdatumobject"
},
{
    "fields": {
        "element_type": 16,
        "sort": 101601260,
        "created": "2015-07-06T23:09:41.568Z",
        "datum_object": 11,
        "active": true,
        "modified": "2015-07-06T23:08:24.415Z"
    },
    "pk": 43,
    "model": "element_type.elementdatumobject"
},
{
    "fields": {
        "element_type": 17,
        "sort": 101601270,
        "created": "2015-07-06T23:09:41.568Z",
        "datum_object": 11,
        "active": true,
        "modified": "2015-07-06T23:08:24.415Z"
    },
    "pk": 44,
    "model": "element_type.elementdatumobject"
},
{
    "fields": {
        "element_type": 18,
        "sort": 101601280,
        "created": "2015-07-06T23:09:41.568Z",
        "datum_object": 11,
        "active": true,
        "modified": "2015-07-06T23:08:24.415Z"
    },
    "pk": 45,
    "model": "element_type.elementdatumobject"
},
{
    "fields": {
        "element_type": 19,
        "sort": 101601290,
        "created": "2015-07-06T23:09:41.568Z",
        "datum_object": 11,
        "active": true,
        "modified": "2015-07-06T23:08:24.415Z"
    },
    "pk": 46,
    "model": "element_type.elementdatumobject"
},
{
    "fields": {
        "element_type": 20,
        "sort": 101601300,
        "created": "2015-07-06T23:09:41.568Z",
        "datum_object": 11,
        "active": true,
        "modified": "2015-07-06T23:08:24.415Z"
    },
    "pk": 47,
    "model": "element_type.elementdatumobject"
},
{
    "fields": {
        "element_type": 2,
        "sort": 201001120,
        "created": "2015-07-06T23:09:41.568Z",
        "datum_object": 12,
        "active": true,
        "modified": "2015-07-06T23:08:24.415Z"
    },
    "pk": 48,
    "model": "element_type.elementdatumobject"
},
{
    "fields": {
        "element_type": 21,
        "sort": 201001310,
        "created": "2015-07-06T23:09:41.568Z",
        "datum_object": 12,
        "active": true,
        "modified": "2015-07-06T23:08:24.415Z"
    },
    "pk": 49,
    "model": "element_type.elementdatumobject"
},
{
    "fields": {
        "element_type": 22,
        "sort": 201001320,
        "created": "2015-07-06T23:09:41.568Z",
        "datum_object": 12,
        "active": true,
        "modified": "2015-07-06T23:08:24.415Z"
    },
    "pk": 50,
    "model": "element_type.elementdatumobject"
},
{
    "fields": {
        "element_type": 2,
        "sort": 201002120,
        "created": "2015-07-06T23:09:41.568Z",
        "datum_object": 13,
        "active": true,
        "modified": "2015-07-06T23:08:24.415Z"
    },
    "pk": 51,
    "model": "element_type.elementdatumobject"
},
{
    "fields": {
        "element_type": 21,
        "sort": 201002310,
        "created": "2015-07-06T23:09:41.568Z",
        "datum_object": 13,
        "active": true,
        "modified": "2015-07-06T23:08:24.415Z"
    },
    "pk": 52,
    "model": "element_type.elementdatumobject"
},
{
    "fields": {
        "element_type": 22,
        "sort": 201002320,
        "created": "2015-07-06T23:09:41.568Z",
        "datum_object": 13,
        "active": true,
        "modified": "2015-07-06T23:08:24.415Z"
    },
    "pk": 53,
    "model": "element_type.elementdatumobject"
},
{
    "fields": {
        "element_type": 24,
        "sort": 301101340,
        "created": "2015-07-06T23:09:41.568Z",
        "datum_object": 14,
        "active": true,
        "modified": "2015-07-06T23:08:24.415Z"
    },
    "pk": 54,
    "model": "element_type.elementdatumobject"
},
{
    "fields": {
        "element_type": 25,
        "sort": 301101350,
        "created": "2015-07-06T23:09:41.568Z",
        "datum_object": 14,
        "active": true,
        "modified": "2015-07-06T23:08:24.415Z"
    },
    "pk": 55,
    "model": "element_type.elementdatumobject"
},
{
    "fields": {
        "element_type": 26,
        "sort": 301101360,
        "created": "2015-07-06T23:09:41.568Z",
        "datum_object": 14,
        "active": true,
        "modified": "2015-07-06T23:08:24.415Z"
    },
    "pk": 56,
    "model": "element_type.elementdatumobject"
},
{
    "fields": {
        "element_type": 27,
        "sort": 301101370,
        "created": "2015-07-06T23:09:41.568Z",
        "datum_object": 14,
        "active": true,
        "modified": "2015-07-06T23:08:24.415Z"
    },
    "pk": 57,
    "model": "element_type.elementdatumobject"
},
{
    "fields": {
        "element_type": 28,
        "sort": 301101380,
        "created": "2015-07-06T23:09:41.568Z",
        "datum_object": 14,
        "active": true,
        "modified": "2015-07-06T23:08:24.415Z"
    },
    "pk": 58,
    "model": "element_type.elementdatumobject"
},
{
    "fields": {
        "element_type": 29,
        "sort": 301101390,
        "created": "2015-07-06T23:09:41.568Z",
        "datum_object": 14,
        "active": true,
        "modified": "2015-07-06T23:08:24.415Z"
    },
    "pk": 59,
    "model": "element_type.elementdatumobject"
},
{
    "fields": {
        "element_type": 30,
        "sort": 301101400,
        "created": "2015-07-06T23:09:41.568Z",
        "datum_object": 14,
        "active": true,
        "modified": "2015-07-06T23:08:24.415Z"
    },
    "pk": 60,
    "model": "element_type.elementdatumobject"
},
{
    "fields": {
        "element_type": 2,
        "sort": 201003120,
        "created": "2015-07-06T23:09:41.568Z",
        "datum_object": 15,
        "active": true,
        "modified": "2015-07-06T23:08:24.415Z"
    },
    "pk": 61,
    "model": "element_type.elementdatumobject"
},
{
    "fields": {
        "element_type": 21,
        "sort": 201003310,
        "created": "2015-07-06T23:09:41.568Z",
        "datum_object": 15,
        "active": true,
        "modified": "2015-07-06T23:08:24.415Z"
    },
    "pk": 62,
    "model": "element_type.elementdatumobject"
},
{
    "fields": {
        "element_type": 22,
        "sort": 201003320,
        "created": "2015-07-06T23:09:41.568Z",
        "datum_object": 15,
        "active": true,
        "modified": "2015-07-06T23:08:24.415Z"
    },
    "pk": 63,
    "model": "element_type.elementdatumobject"
},
{
    "fields": {
        "element_type": 1,
        "sort": 101201110,
        "created": "2015-07-06T23:09:41.568Z",
        "datum_object": 16,
        "active": true,
        "modified": "2015-07-06T23:08:24.415Z"
    },
    "pk": 64,
    "model": "element_type.elementdatumobject"
},
{
    "fields": {
        "element_type": 2,
        "sort": 101201120,
        "created": "2015-07-06T23:09:41.568Z",
        "datum_object": 16,
        "active": true,
        "modified": "2015-07-06T23:08:24.415Z"
    },
    "pk": 65,
    "model": "element_type.elementdatumobject"
},
{
    "fields": {
        "element_type": 1,
        "sort": 101202110,
        "created": "2015-07-06T23:09:41.568Z",
        "datum_object": 17,
        "active": true,
        "modified": "2015-07-06T23:08:24.415Z"
    },
    "pk": 66,
    "model": "element_type.elementdatumobject"
},
{
    "fields": {
        "element_type": 2,
        "sort": 101202120,
        "created": "2015-07-06T23:09:41.568Z",
        "datum_object": 17,
        "active": true,
        "modified": "2015-07-06T23:08:24.415Z"
    },
    "pk": 67,
    "model": "element_type.elementdatumobject"
},
{
    "fields": {
        "element_type": 1,
        "sort": 101203110,
        "created": "2015-07-06T23:09:41.568Z",
        "datum_object": 18,
        "active": true,
        "modified": "2015-07-06T23:08:24.415Z"
    },
    "pk": 68,
    "model": "element_type.elementdatumobject"
},
{
    "fields": {
        "element_type": 2,
        "sort": 101203120,
        "created": "2015-07-06T23:09:41.568Z",
        "datum_object": 18,
        "active": true,
        "modified": "2015-07-06T23:08:24.415Z"
    },
    "pk": 69,
    "model": "element_type.elementdatumobject"
},
{
    "fields": {
        "element_type": 1,
        "sort": 301001110,
        "created": "2015-07-06T23:09:41.568Z",
        "datum_object": 19,
        "active": true,
        "modified": "2015-07-06T23:08:24.415Z"
    },
    "pk": 70,
    "model": "element_type.elementdatumobject"
},
{
    "fields": {
        "element_type": 23,
        "sort": 301001330,
        "created": "2015-07-06T23:09:41.568Z",
        "datum_object": 19,
        "active": true,
        "modified": "2015-07-06T23:08:24.415Z"
    },
    "pk": 71,
    "model": "element_type.elementdatumobject"
},
{
    "fields": {
        "element_type": 1,
        "sort": 401301110,
        "created": "2015-07-06T23:09:41.568Z",
        "datum_object": 20,
        "active": true,
        "modified": "2015-07-06T23:08:24.415Z"
    },
    "pk": 72,
    "model": "element_type.elementdatumobject"
},
{
    "fields": {
        "element_type": 2,
        "sort": 401301120,
        "created": "2015-07-06T23:09:41.568Z",
        "datum_object": 20,
        "active": true,
        "modified": "2015-07-06T23:08:24.415Z"
    },
    "pk": 73,
    "model": "element_type.elementdatumobject"
},
{
    "fields": {
        "element_type": 33,
        "sort": 401301430,
        "created": "2015-07-06T23:09:41.568Z",
        "datum_object": 20,
        "active": true,
        "modified": "2015-07-06T23:08:24.415Z"
    },
    "pk": 74,
    "model": "element_type.elementdatumobject"
},
{
    "fields": {
        "element_type": 37,
        "sort": 401301470,
        "created": "2015-07-06T23:09:41.568Z",
        "datum_object": 20,
        "active": true,
        "modified": "2015-07-06T23:08:24.415Z"
    },
    "pk": 75,
    "model": "element_type.elementdatumobject"
},
{
    "fields": {
        "element_type": 1,
        "sort": 101005110,
        "created": "2015-07-06T23:09:41.568Z",
        "datum_object": 21,
        "active": true,
        "modified": "2015-07-06T23:08:24.415Z"
    },
    "pk": 76,
    "model": "element_type.elementdatumobject"
},
{
    "fields": {
        "element_type": 2,
        "sort": 101005120,
        "created": "2015-07-06T23:09:41.568Z",
        "datum_object": 21,
        "active": true,
        "modified": "2015-07-06T23:08:24.415Z"
    },
    "pk": 77,
    "model": "element_type.elementdatumobject"
},
{
    "fields": {
        "element_type": 1,
        "sort": 101006110,
        "created": "2015-07-06T23:09:41.568Z",
        "datum_object": 22,
        "active": true,
        "modified": "2015-07-06T23:08:24.415Z"
    },
    "pk": 78,
    "model": "element_type.elementdatumobject"
},
{
    "fields": {
        "element_type": 2,
        "sort": 101006120,
        "created": "2015-07-06T23:09:41.568Z",
        "datum_object": 22,
        "active": true,
        "modified": "2015-07-06T23:08:24.415Z"
    },
    "pk": 79,
    "model": "element_type.elementdatumobject"
},
{
    "fields": {
        "element_type": 1,
        "sort": 401302110,
        "created": "2015-07-06T23:09:41.568Z",
        "datum_object": 23,
        "active": true,
        "modified": "2015-07-06T23:08:24.415Z"
    },
    "pk": 80,
    "model": "element_type.elementdatumobject"
},
{
    "fields": {
        "element_type": 2,
        "sort": 401302120,
        "created": "2015-07-06T23:09:41.568Z",
        "datum_object": 23,
        "active": true,
        "modified": "2015-07-06T23:08:24.415Z"
    },
    "pk": 81,
    "model": "element_type.elementdatumobject"
},
{
    "fields": {
        "element_type": 33,
        "sort": 401302430,
        "created": "2015-07-06T23:09:41.568Z",
        "datum_object": 23,
        "active": true,
        "modified": "2015-07-06T23:08:24.415Z"
    },
    "pk": 82,
    "model": "element_type.elementdatumobject"
},
{
    "fields": {
        "element_type": 37,
        "sort": 401302470,
        "created": "2015-07-06T23:09:41.568Z",
        "datum_object": 23,
        "active": true,
        "modified": "2015-07-06T23:08:24.415Z"
    },
    "pk": 83,
    "model": "element_type.elementdatumobject"
},
{
    "fields": {
        "element_type": 1,
        "sort": 401101110,
        "created": "2015-07-06T23:09:41.568Z",
        "datum_object": 25,
        "active": true,
        "modified": "2015-07-06T23:08:24.415Z"
    },
    "pk": 91,
    "model": "element_type.elementdatumobject"
},
{
    "fields": {
        "element_type": 2,
        "sort": 401101120,
        "created": "2015-07-06T23:09:41.568Z",
        "datum_object": 25,
        "active": true,
        "modified": "2015-07-06T23:08:24.415Z"
    },
    "pk": 92,
    "model": "element_type.elementdatumobject"
},
{
    "fields": {
        "element_type": 33,
        "sort": 401101430,
        "created": "2015-07-06T23:09:41.568Z",
        "datum_object": 25,
        "active": true,
        "modified": "2015-07-06T23:08:24.415Z"
    },
    "pk": 93,
    "model": "element_type.elementdatumobject"
},
{
    "fields": {
        "element_type": 37,
        "sort": 401101470,
        "created": "2015-07-06T23:09:41.568Z",
        "datum_object": 25,
        "active": true,
        "modified": "2015-07-06T23:08:24.415Z"
    },
    "pk": 94,
    "model": "element_type.elementdatumobject"
},
{
    "fields": {
        "element_type": 38,
        "sort": 401101480,
        "created": "2015-07-06T23:09:41.568Z",
        "datum_object": 25,
        "active": true,
        "modified": "2015-07-06T23:08:24.415Z"
    },
    "pk": 95,
    "model": "element_type.elementdatumobject"
},
{
    "fields": {
        "element_type": 39,
        "sort": 401101490,
        "created": "2015-07-06T23:09:41.568Z",
        "datum_object": 25,
        "active": true,
        "modified": "2015-07-06T23:08:24.415Z"
    },
    "pk": 96,
    "model": "element_type.elementdatumobject"
},
{
    "fields": {
        "element_type": 40,
        "sort": 401101500,
        "created": "2015-07-06T23:09:41.568Z",
        "datum_object": 25,
        "active": true,
        "modified": "2015-07-06T23:08:24.415Z"
    },
    "pk": 97,
    "model": "element_type.elementdatumobject"
},
{
    "fields": {
        "sort": 101001110,
        "elvalue": "Software",
        "created": "2015-07-06T23:09:47.869Z",
        "element_datum_object": 1,
        "active": true,
        "modified": "2015-07-06T23:08:38.980Z",
        "element_option": null
    },
    "pk": 1,
    "model": "element_value.elementvaluestring"
},
{
    "fields": {
        "sort": 101001120,
        "elvalue": "Ones and Zeroes",
        "created": "2015-07-06T23:09:47.869Z",
        "element_datum_object": 2,
        "active": true,
        "modified": "2015-07-06T23:08:38.980Z",
        "element_option": null
    },
    "pk": 2,
    "model": "element_value.elementvaluestring"
},
{
    "fields": {
        "sort": 101101110,
        "elvalue": "Tracuse App",
        "created": "2015-07-06T23:09:47.869Z",
        "element_datum_object": 3,
        "active": true,
        "modified": "2015-07-06T23:08:38.980Z",
        "element_option": null
    },
    "pk": 3,
    "model": "element_value.elementvaluestring"
},
{
    "fields": {
        "sort": 101101120,
        "elvalue": "",
        "created": "2015-07-06T23:09:47.869Z",
        "element_datum_object": 4,
        "active": true,
        "modified": "2015-07-06T23:08:38.980Z",
        "element_option": null
    },
    "pk": 4,
    "model": "element_value.elementvaluestring"
},
{
    "fields": {
        "sort": 101002110,
        "elvalue": "Python",
        "created": "2015-07-06T23:09:47.869Z",
        "element_datum_object": 5,
        "active": true,
        "modified": "2015-07-06T23:08:38.980Z",
        "element_option": null
    },
    "pk": 5,
    "model": "element_value.elementvaluestring"
},
{
    "fields": {
        "sort": 101002120,
        "elvalue": "Best language ever",
        "created": "2015-07-06T23:09:47.869Z",
        "element_datum_object": 6,
        "active": true,
        "modified": "2015-07-06T23:08:38.980Z",
        "element_option": null
    },
    "pk": 6,
    "model": "element_value.elementvaluestring"
},
{
    "fields": {
        "sort": 101401110,
        "elvalue": "PDX Code Guild",
        "created": "2015-07-06T23:09:47.869Z",
        "element_datum_object": 18,
        "active": true,
        "modified": "2015-07-06T23:08:38.980Z",
        "element_option": null
    },
    "pk": 16,
    "model": "element_value.elementvaluestring"
},
{
    "fields": {
        "sort": 101401120,
        "elvalue": "",
        "created": "2015-07-06T23:09:47.869Z",
        "element_datum_object": 19,
        "active": true,
        "modified": "2015-07-06T23:08:38.980Z",
        "element_option": null
    },
    "pk": 17,
    "model": "element_value.elementvaluestring"
},
{
    "fields": {
        "sort": 101401170,
        "elvalue": "Education",
        "created": "2015-07-06T23:09:47.869Z",
        "element_datum_object": 20,
        "active": true,
        "modified": "2015-07-06T23:08:38.980Z",
        "element_option": null
    },
    "pk": 18,
    "model": "element_value.elementvaluestring"
},
{
    "fields": {
        "sort": 101501110,
        "elvalue": "PDX Code Guild Main Location",
        "created": "2015-07-06T23:09:47.869Z",
        "element_datum_object": 21,
        "active": true,
        "modified": "2015-07-06T23:08:38.980Z",
        "element_option": null
    },
    "pk": 19,
    "model": "element_value.elementvaluestring"
},
{
    "fields": {
        "sort": 101501120,
        "elvalue": "",
        "created": "2015-07-06T23:09:47.869Z",
        "element_datum_object": 22,
        "active": true,
        "modified": "2015-07-06T23:08:38.980Z",
        "element_option": null
    },
    "pk": 20,
    "model": "element_value.elementvaluestring"
},
{
    "fields": {
        "sort": 101501180,
        "elvalue": "2626 SW Corbett Ave",
        "created": "2015-07-06T23:09:47.869Z",
        "element_datum_object": 23,
        "active": true,
        "modified": "2015-07-06T23:08:38.980Z",
        "element_option": null
    },
    "pk": 21,
    "model": "element_value.elementvaluestring"
},
{
    "fields": {
        "sort": 101501190,
        "elvalue": "Portland",
        "created": "2015-07-06T23:09:47.869Z",
        "element_datum_object": 24,
        "active": true,
        "modified": "2015-07-06T23:08:38.980Z",
        "element_option": null
    },
    "pk": 22,
    "model": "element_value.elementvaluestring"
},
{
    "fields": {
        "sort": 101501200,
        "elvalue": "OR",
        "created": "2015-07-06T23:09:47.869Z",
        "element_datum_object": 25,
        "active": true,
        "modified": "2015-07-06T23:08:38.980Z",
        "element_option": null
    },
    "pk": 23,
    "model": "element_value.elementvaluestring"
},
{
    "fields": {
        "sort": 101501210,
        "elvalue": "97201",
        "created": "2015-07-06T23:09:47.869Z",
        "element_datum_object": 26,
        "active": true,
        "modified": "2015-07-06T23:08:38.980Z",
        "element_option": null
    },
    "pk": 24,
    "model": "element_value.elementvaluestring"
},
{
    "fields": {
        "sort": 101501220,
        "elvalue": "",
        "created": "2015-07-06T23:09:47.869Z",
        "element_datum_object": 27,
        "active": true,
        "modified": "2015-07-06T23:08:38.980Z",
        "element_option": null
    },
    "pk": 25,
    "model": "element_value.elementvaluestring"
},
{
    "fields": {
        "sort": 101003110,
        "elvalue": "Family",
        "created": "2015-07-06T23:09:47.869Z",
        "element_datum_object": 30,
        "active": true,
        "modified": "2015-07-06T23:08:38.980Z",
        "element_option": null
    },
    "pk": 26,
    "model": "element_value.elementvaluestring"
},
{
    "fields": {
        "sort": 101003120,
        "elvalue": "Blood",
        "created": "2015-07-06T23:09:47.869Z",
        "element_datum_object": 31,
        "active": true,
        "modified": "2015-07-06T23:08:38.980Z",
        "element_option": null
    },
    "pk": 27,
    "model": "element_value.elementvaluestring"
},
{
    "fields": {
        "sort": 101301110,
        "elvalue": "Sam Baron",
        "created": "2015-07-06T23:09:47.869Z",
        "element_datum_object": 32,
        "active": true,
        "modified": "2015-07-06T23:08:38.980Z",
        "element_option": null
    },
    "pk": 28,
    "model": "element_value.elementvaluestring"
},
{
    "fields": {
        "sort": 101301120,
        "elvalue": "",
        "created": "2015-07-06T23:09:47.869Z",
        "element_datum_object": 33,
        "active": true,
        "modified": "2015-07-06T23:08:38.980Z",
        "element_option": null
    },
    "pk": 29,
    "model": "element_value.elementvaluestring"
},
{
    "fields": {
        "sort": 101301130,
        "elvalue": "Madeline",
        "created": "2015-07-06T23:09:47.869Z",
        "element_datum_object": 34,
        "active": true,
        "modified": "2015-07-06T23:08:38.980Z",
        "element_option": null
    },
    "pk": 30,
    "model": "element_value.elementvaluestring"
},
{
    "fields": {
        "sort": 101301140,
        "elvalue": "Baron",
        "created": "2015-07-06T23:09:47.869Z",
        "element_datum_object": 35,
        "active": true,
        "modified": "2015-07-06T23:08:38.980Z",
        "element_option": null
    },
    "pk": 31,
    "model": "element_value.elementvaluestring"
},
{
    "fields": {
        "sort": 101301150,
        "elvalue": "",
        "created": "2015-07-06T23:09:47.869Z",
        "element_datum_object": 36,
        "active": true,
        "modified": "2015-07-06T23:08:38.980Z",
        "element_option": null
    },
    "pk": 32,
    "model": "element_value.elementvaluestring"
},
{
    "fields": {
        "sort": 101004110,
        "elvalue": "Home",
        "created": "2015-07-06T23:09:47.869Z",
        "element_datum_object": 38,
        "active": true,
        "modified": "2015-07-06T23:08:38.980Z",
        "element_option": null
    },
    "pk": 33,
    "model": "element_value.elementvaluestring"
},
{
    "fields": {
        "sort": 101004120,
        "elvalue": "My castle",
        "created": "2015-07-06T23:09:47.869Z",
        "element_datum_object": 39,
        "active": true,
        "modified": "2015-07-06T23:08:38.980Z",
        "element_option": null
    },
    "pk": 34,
    "model": "element_value.elementvaluestring"
},
{
    "fields": {
        "sort": 101601110,
        "elvalue": "PDX Code Guild Main Contact",
        "created": "2015-07-06T23:09:47.869Z",
        "element_datum_object": 40,
        "active": true,
        "modified": "2015-07-06T23:08:38.980Z",
        "element_option": null
    },
    "pk": 35,
    "model": "element_value.elementvaluestring"
},
{
    "fields": {
        "sort": 101601120,
        "elvalue": "",
        "created": "2015-07-06T23:09:47.869Z",
        "element_datum_object": 41,
        "active": true,
        "modified": "2015-07-06T23:08:38.980Z",
        "element_option": null
    },
    "pk": 36,
    "model": "element_value.elementvaluestring"
},
{
    "fields": {
        "sort": 101601250,
        "elvalue": "",
        "created": "2015-07-06T23:09:47.869Z",
        "element_datum_object": 42,
        "active": true,
        "modified": "2015-07-06T23:08:38.980Z",
        "element_option": null
    },
    "pk": 37,
    "model": "element_value.elementvaluestring"
},
{
    "fields": {
        "sort": 101601260,
        "elvalue": "Sheri@PDXCodeGuild.com ",
        "created": "2015-07-06T23:09:47.869Z",
        "element_datum_object": 43,
        "active": true,
        "modified": "2015-07-06T23:08:38.980Z",
        "element_option": null
    },
    "pk": 38,
    "model": "element_value.elementvaluestring"
},
{
    "fields": {
        "sort": 101601270,
        "elvalue": "https://pdxcodeguild.com/",
        "created": "2015-07-06T23:09:47.869Z",
        "element_datum_object": 44,
        "active": true,
        "modified": "2015-07-06T23:08:38.980Z",
        "element_option": null
    },
    "pk": 39,
    "model": "element_value.elementvaluestring"
},
{
    "fields": {
        "sort": 101601280,
        "elvalue": "https://www.facebook.com/PDXCodeGuild",
        "created": "2015-07-06T23:09:47.869Z",
        "element_datum_object": 45,
        "active": true,
        "modified": "2015-07-06T23:08:38.980Z",
        "element_option": null
    },
    "pk": 40,
    "model": "element_value.elementvaluestring"
},
{
    "fields": {
        "sort": 101601290,
        "elvalue": "https://www.linkedin.com/company/pdx-code-guild/",
        "created": "2015-07-06T23:09:47.869Z",
        "element_datum_object": 46,
        "active": true,
        "modified": "2015-07-06T23:08:38.980Z",
        "element_option": null
    },
    "pk": 41,
    "model": "element_value.elementvaluestring"
},
{
    "fields": {
        "sort": 101601300,
        "elvalue": "https://twitter.com/pdxcodeguild",
        "created": "2015-07-06T23:09:47.869Z",
        "element_datum_object": 47,
        "active": true,
        "modified": "2015-07-06T23:08:38.980Z",
        "element_option": null
    },
    "pk": 42,
    "model": "element_value.elementvaluestring"
},
{
    "fields": {
        "sort": 201001120,
        "elvalue": "Look for new apartment",
        "created": "2015-07-06T23:09:47.869Z",
        "element_datum_object": 48,
        "active": true,
        "modified": "2015-07-06T23:08:38.980Z",
        "element_option": null
    },
    "pk": 43,
    "model": "element_value.elementvaluestring"
},
{
    "fields": {
        "sort": 201001310,
        "elvalue": "Complete",
        "created": "2015-07-06T23:09:47.869Z",
        "element_datum_object": 49,
        "active": true,
        "modified": "2015-07-06T23:08:38.980Z",
        "element_option": null
    },
    "pk": 44,
    "model": "element_value.elementvaluestring"
},
{
    "fields": {
        "sort": 201002120,
        "elvalue": "Review craigslist ads",
        "created": "2015-07-06T23:09:47.869Z",
        "element_datum_object": 51,
        "active": true,
        "modified": "2015-07-06T23:08:38.980Z",
        "element_option": null
    },
    "pk": 45,
    "model": "element_value.elementvaluestring"
},
{
    "fields": {
        "sort": 201002310,
        "elvalue": "Current",
        "created": "2015-07-06T23:09:47.869Z",
        "element_datum_object": 52,
        "active": true,
        "modified": "2015-07-06T23:08:38.980Z",
        "element_option": null
    },
    "pk": 46,
    "model": "element_value.elementvaluestring"
},
{
    "fields": {
        "sort": 201003120,
        "elvalue": "Contact landlords",
        "created": "2015-07-06T23:09:47.869Z",
        "element_datum_object": 61,
        "active": true,
        "modified": "2015-07-06T23:08:38.980Z",
        "element_option": null
    },
    "pk": 47,
    "model": "element_value.elementvaluestring"
},
{
    "fields": {
        "sort": 201003310,
        "elvalue": "In Progress",
        "created": "2015-07-06T23:09:47.869Z",
        "element_datum_object": 62,
        "active": true,
        "modified": "2015-07-06T23:08:38.980Z",
        "element_option": null
    },
    "pk": 48,
    "model": "element_value.elementvaluestring"
},
{
    "fields": {
        "sort": 101201110,
        "elvalue": "Call",
        "created": "2015-07-06T23:09:47.869Z",
        "element_datum_object": 64,
        "active": true,
        "modified": "2015-07-06T23:08:38.980Z",
        "element_option": null
    },
    "pk": 49,
    "model": "element_value.elementvaluestring"
},
{
    "fields": {
        "sort": 101201120,
        "elvalue": "Speaking over the phone",
        "created": "2015-07-06T23:09:47.869Z",
        "element_datum_object": 65,
        "active": true,
        "modified": "2015-07-06T23:08:38.980Z",
        "element_option": null
    },
    "pk": 50,
    "model": "element_value.elementvaluestring"
},
{
    "fields": {
        "sort": 101202110,
        "elvalue": "Online",
        "created": "2015-07-06T23:09:47.869Z",
        "element_datum_object": 66,
        "active": true,
        "modified": "2015-07-06T23:08:38.980Z",
        "element_option": null
    },
    "pk": 51,
    "model": "element_value.elementvaluestring"
},
{
    "fields": {
        "sort": 101202120,
        "elvalue": "Something over the internet",
        "created": "2015-07-06T23:09:47.869Z",
        "element_datum_object": 67,
        "active": true,
        "modified": "2015-07-06T23:08:38.980Z",
        "element_option": null
    },
    "pk": 52,
    "model": "element_value.elementvaluestring"
},
{
    "fields": {
        "sort": 101203110,
        "elvalue": "Email",
        "created": "2015-07-06T23:09:47.869Z",
        "element_datum_object": 68,
        "active": true,
        "modified": "2015-07-06T23:08:38.980Z",
        "element_option": null
    },
    "pk": 53,
    "model": "element_value.elementvaluestring"
},
{
    "fields": {
        "sort": 101203120,
        "elvalue": "Sending message",
        "created": "2015-07-06T23:09:47.869Z",
        "element_datum_object": 69,
        "active": true,
        "modified": "2015-07-06T23:08:38.980Z",
        "element_option": null
    },
    "pk": 54,
    "model": "element_value.elementvaluestring"
},
{
    "fields": {
        "sort": 301001110,
        "elvalue": "Actual Schedule",
        "created": "2015-07-06T23:09:47.869Z",
        "element_datum_object": 70,
        "active": true,
        "modified": "2015-07-06T23:08:38.980Z",
        "element_option": null
    },
    "pk": 55,
    "model": "element_value.elementvaluestring"
},
{
    "fields": {
        "sort": 301001330,
        "elvalue": "Actual",
        "created": "2015-07-06T23:09:47.869Z",
        "element_datum_object": 71,
        "active": true,
        "modified": "2015-07-06T23:08:38.980Z",
        "element_option": null
    },
    "pk": 56,
    "model": "element_value.elementvaluestring"
},
{
    "fields": {
        "sort": 401301110,
        "elvalue": "Django Docs",
        "created": "2015-07-06T23:09:47.869Z",
        "element_datum_object": 72,
        "active": true,
        "modified": "2015-07-06T23:08:38.980Z",
        "element_option": null
    },
    "pk": 57,
    "model": "element_value.elementvaluestring"
},
{
    "fields": {
        "sort": 401301120,
        "elvalue": "",
        "created": "2015-07-06T23:09:47.869Z",
        "element_datum_object": 73,
        "active": true,
        "modified": "2015-07-06T23:08:38.980Z",
        "element_option": null
    },
    "pk": 58,
    "model": "element_value.elementvaluestring"
},
{
    "fields": {
        "sort": 401301430,
        "elvalue": "Complete",
        "created": "2015-07-06T23:09:47.869Z",
        "element_datum_object": 74,
        "active": true,
        "modified": "2015-07-06T23:08:38.980Z",
        "element_option": null
    },
    "pk": 59,
    "model": "element_value.elementvaluestring"
},
{
    "fields": {
        "sort": 401301470,
        "elvalue": "https://docs.djangoproject.com/en/1.8/",
        "created": "2015-07-06T23:09:47.869Z",
        "element_datum_object": 75,
        "active": true,
        "modified": "2015-07-06T23:08:38.980Z",
        "element_option": null
    },
    "pk": 60,
    "model": "element_value.elementvaluestring"
},
{
    "fields": {
        "sort": 101005110,
        "elvalue": "Django",
        "created": "2015-07-06T23:09:47.869Z",
        "element_datum_object": 76,
        "active": true,
        "modified": "2015-07-06T23:08:38.980Z",
        "element_option": null
    },
    "pk": 61,
    "model": "element_value.elementvaluestring"
},
{
    "fields": {
        "sort": 101005120,
        "elvalue": "Web framework",
        "created": "2015-07-06T23:09:47.869Z",
        "element_datum_object": 77,
        "active": true,
        "modified": "2015-07-06T23:08:38.980Z",
        "element_option": null
    },
    "pk": 62,
    "model": "element_value.elementvaluestring"
},
{
    "fields": {
        "sort": 101006110,
        "elvalue": "Deployment",
        "created": "2015-07-06T23:09:47.869Z",
        "element_datum_object": 78,
        "active": true,
        "modified": "2015-07-06T23:08:38.980Z",
        "element_option": null
    },
    "pk": 63,
    "model": "element_value.elementvaluestring"
},
{
    "fields": {
        "sort": 101006120,
        "elvalue": "From development to production",
        "created": "2015-07-06T23:09:47.869Z",
        "element_datum_object": 79,
        "active": true,
        "modified": "2015-07-06T23:08:38.980Z",
        "element_option": null
    },
    "pk": 64,
    "model": "element_value.elementvaluestring"
},
{
    "fields": {
        "sort": 401302110,
        "elvalue": "Deploying Django on AWS",
        "created": "2015-07-06T23:09:47.869Z",
        "element_datum_object": 80,
        "active": true,
        "modified": "2015-07-06T23:08:38.980Z",
        "element_option": null
    },
    "pk": 65,
    "model": "element_value.elementvaluestring"
},
{
    "fields": {
        "sort": 401302120,
        "elvalue": "",
        "created": "2015-07-06T23:09:47.869Z",
        "element_datum_object": 81,
        "active": true,
        "modified": "2015-07-06T23:08:38.980Z",
        "element_option": null
    },
    "pk": 66,
    "model": "element_value.elementvaluestring"
},
{
    "fields": {
        "sort": 401302430,
        "elvalue": "Complete",
        "created": "2015-07-06T23:09:47.869Z",
        "element_datum_object": 82,
        "active": true,
        "modified": "2015-07-06T23:08:38.980Z",
        "element_option": null
    },
    "pk": 67,
    "model": "element_value.elementvaluestring"
},
{
    "fields": {
        "sort": 401302470,
        "elvalue": "http://nickpolet.com/blog/1/",
        "created": "2015-07-06T23:09:47.869Z",
        "element_datum_object": 83,
        "active": true,
        "modified": "2015-07-06T23:08:38.980Z",
        "element_option": null
    },
    "pk": 68,
    "model": "element_value.elementvaluestring"
},
{
    "fields": {
        "sort": 401101110,
        "elvalue": "Apartments Spreadsheet",
        "created": "2015-07-06T23:09:47.869Z",
        "element_datum_object": 91,
        "active": true,
        "modified": "2015-07-06T23:08:38.980Z",
        "element_option": null
    },
    "pk": 73,
    "model": "element_value.elementvaluestring"
},
{
    "fields": {
        "sort": 401101120,
        "elvalue": "Track potential apartments",
        "created": "2015-07-06T23:09:47.869Z",
        "element_datum_object": 92,
        "active": true,
        "modified": "2015-07-06T23:08:38.980Z",
        "element_option": null
    },
    "pk": 74,
    "model": "element_value.elementvaluestring"
},
{
    "fields": {
        "sort": 401101430,
        "elvalue": "Working",
        "created": "2015-07-06T23:09:47.869Z",
        "element_datum_object": 93,
        "active": true,
        "modified": "2015-07-06T23:08:38.980Z",
        "element_option": null
    },
    "pk": 75,
    "model": "element_value.elementvaluestring"
},
{
    "fields": {
        "sort": 401101470,
        "elvalue": "",
        "created": "2015-07-06T23:09:47.869Z",
        "element_datum_object": 94,
        "active": true,
        "modified": "2015-07-06T23:08:38.980Z",
        "element_option": null
    },
    "pk": 76,
    "model": "element_value.elementvaluestring"
},
{
    "fields": {
        "sort": 401101480,
        "elvalue": "",
        "created": "2015-07-06T23:09:47.869Z",
        "element_datum_object": 95,
        "active": true,
        "modified": "2015-07-06T23:08:38.980Z",
        "element_option": null
    },
    "pk": 77,
    "model": "element_value.elementvaluestring"
},
{
    "fields": {
        "sort": 301101400,
        "elvalue": "Placeholder",
        "created": "2015-07-06T23:09:48.376Z",
        "element_datum_object": 60,
        "active": true,
        "modified": "2015-07-06T23:08:40.604Z",
        "element_option": null
    },
    "pk": 1,
    "model": "element_value.elementvaluetextdata"
},
{
    "fields": {
        "sort": 101301160,
        "elvalue": "1987-06-07T07:00:00Z",
        "created": "2015-07-06T23:09:47.224Z",
        "element_datum_object": 37,
        "active": true,
        "modified": "2015-07-06T23:08:35.698Z",
        "element_option": null
    },
    "pk": 1,
    "model": "element_value.elementvaluedatetime"
},
{
    "fields": {
        "sort": 301101340,
        "elvalue": "2015-05-24T17:00:00Z",
        "created": "2015-07-06T23:09:47.224Z",
        "element_datum_object": 54,
        "active": true,
        "modified": "2015-07-06T23:08:35.698Z",
        "element_option": null
    },
    "pk": 2,
    "model": "element_value.elementvaluedatetime"
},
{
    "fields": {
        "sort": 301101350,
        "elvalue": "2015-06-26T22:00:00Z",
        "created": "2015-07-06T23:09:47.224Z",
        "element_datum_object": 55,
        "active": true,
        "modified": "2015-07-06T23:08:35.698Z",
        "element_option": null
    },
    "pk": 3,
    "model": "element_value.elementvaluedatetime"
},
{
    "fields": {
        "sort": 301101360,
        "elvalue": "2015-06-15T22:00:00Z",
        "created": "2015-07-06T23:09:47.224Z",
        "element_datum_object": 56,
        "active": true,
        "modified": "2015-07-06T23:08:35.698Z",
        "element_option": null
    },
    "pk": 4,
    "model": "element_value.elementvaluedatetime"
},
{
    "fields": {
        "sort": 301101370,
        "elvalue": "2015-05-24T18:00:00Z",
        "created": "2015-07-06T23:09:47.224Z",
        "element_datum_object": 57,
        "active": true,
        "modified": "2015-07-06T23:08:35.698Z",
        "element_option": null
    },
    "pk": 5,
    "model": "element_value.elementvaluedatetime"
},
{
    "fields": {
        "sort": 401101490,
        "elvalue": "2015-05-21T19:00:00Z",
        "created": "2015-07-06T23:09:47.224Z",
        "element_datum_object": 96,
        "active": true,
        "modified": "2015-07-06T23:08:35.698Z",
        "element_option": null
    },
    "pk": 8,
    "model": "element_value.elementvaluedatetime"
},
{
    "fields": {
        "sort": 401101500,
        "elvalue": "2015-05-21T19:00:00Z",
        "created": "2015-07-06T23:09:47.224Z",
        "element_datum_object": 97,
        "active": true,
        "modified": "2015-07-06T23:08:35.698Z",
        "element_option": null
    },
    "pk": 9,
    "model": "element_value.elementvaluedatetime"
},
{
    "fields": {
        "sort": 101501230,
        "elvalue": "0.00",
        "created": "2015-07-06T23:09:47.523Z",
        "element_datum_object": 28,
        "active": true,
        "modified": "2015-07-06T23:08:37.312Z",
        "element_option": null
    },
    "pk": 3,
    "model": "element_value.elementvaluedecimal"
},
{
    "fields": {
        "sort": 101501240,
        "elvalue": "0.00",
        "created": "2015-07-06T23:09:47.523Z",
        "element_datum_object": 29,
        "active": true,
        "modified": "2015-07-06T23:08:37.312Z",
        "element_option": null
    },
    "pk": 4,
    "model": "element_value.elementvaluedecimal"
},
{
    "fields": {
        "sort": 201001320,
        "elvalue": "3.00",
        "created": "2015-07-06T23:09:47.523Z",
        "element_datum_object": 50,
        "active": true,
        "modified": "2015-07-06T23:08:37.312Z",
        "element_option": null
    },
    "pk": 5,
    "model": "element_value.elementvaluedecimal"
},
{
    "fields": {
        "sort": 201002320,
        "elvalue": "4.00",
        "created": "2015-07-06T23:09:47.523Z",
        "element_datum_object": 53,
        "active": true,
        "modified": "2015-07-06T23:08:37.312Z",
        "element_option": null
    },
    "pk": 6,
    "model": "element_value.elementvaluedecimal"
},
{
    "fields": {
        "sort": 301101380,
        "elvalue": "0.00",
        "created": "2015-07-06T23:09:47.523Z",
        "element_datum_object": 58,
        "active": true,
        "modified": "2015-07-06T23:08:37.312Z",
        "element_option": null
    },
    "pk": 7,
    "model": "element_value.elementvaluedecimal"
},
{
    "fields": {
        "sort": 301101390,
        "elvalue": "0.00",
        "created": "2015-07-06T23:09:47.523Z",
        "element_datum_object": 59,
        "active": true,
        "modified": "2015-07-06T23:08:37.312Z",
        "element_option": null
    },
    "pk": 8,
    "model": "element_value.elementvaluedecimal"
},
{
    "fields": {
        "sort": 201003320,
        "elvalue": "4.00",
        "created": "2015-07-06T23:09:47.523Z",
        "element_datum_object": 63,
        "active": true,
        "modified": "2015-07-06T23:08:37.312Z",
        "element_option": null
    },
    "pk": 9,
    "model": "element_value.elementvaluedecimal"
},
{
    "fields": {
        "readable_plural_name": "Defaults",
        "long_definition": null,
        "schema_name": "default",
        "sort": 100,
        "created": "2015-07-06T23:09:37.969Z",
        "entity_name": "Default",
        "example": null,
        "active": true,
        "modified": "2015-07-06T23:08:14.749Z",
        "readable_name": "Default",
        "short_definition": "Default Association"
    },
    "pk": 1,
    "model": "association.associationtype"
},
{
    "fields": {
        "readable_plural_name": "Parents",
        "long_definition": null,
        "schema_name": "parent",
        "sort": 100,
        "created": "2015-07-06T23:09:37.610Z",
        "entity_name": "Parent",
        "example": null,
        "active": true,
        "modified": "2015-07-06T23:08:12.942Z",
        "readable_name": "Parent",
        "short_definition": "Ancestors"
    },
    "pk": -1,
    "model": "association.associationdirection"
},
{
    "fields": {
        "readable_plural_name": "Boths",
        "long_definition": null,
        "schema_name": "both",
        "sort": 101,
        "created": "2015-07-06T23:09:37.610Z",
        "entity_name": "Both",
        "example": null,
        "active": true,
        "modified": "2015-07-06T23:08:12.942Z",
        "readable_name": "Both",
        "short_definition": "Both Directions"
    },
    "pk": 0,
    "model": "association.associationdirection"
},
{
    "fields": {
        "readable_plural_name": "Children",
        "long_definition": null,
        "schema_name": "child",
        "sort": 120,
        "created": "2015-07-06T23:09:37.610Z",
        "entity_name": "Child",
        "example": null,
        "active": true,
        "modified": "2015-07-06T23:08:12.942Z",
        "readable_name": "Child",
        "short_definition": "Descendants"
    },
    "pk": 1,
    "model": "association.associationdirection"
},
{
    "fields": {
        "child_datum": 2,
        "parent_datum": 1,
        "created": "2015-07-06T23:09:35.932Z",
        "sort": 100,
        "active": true,
        "modified": "2015-07-06T23:08:06.408Z",
        "association_type": 1
    },
    "pk": 1,
    "model": "association.associationadjacent"
},
{
    "fields": {
        "child_datum": 3,
        "parent_datum": 1,
        "created": "2015-07-06T23:09:35.932Z",
        "sort": 101,
        "active": true,
        "modified": "2015-07-06T23:08:06.408Z",
        "association_type": 1
    },
    "pk": 2,
    "model": "association.associationadjacent"
},
{
    "fields": {
        "child_datum": 3,
        "parent_datum": 2,
        "created": "2015-07-06T23:09:35.932Z",
        "sort": 102,
        "active": true,
        "modified": "2015-07-06T23:08:06.408Z",
        "association_type": 1
    },
    "pk": 5,
    "model": "association.associationadjacent"
},
{
    "fields": {
        "child_datum": 6,
        "parent_datum": 3,
        "created": "2015-07-06T23:09:35.932Z",
        "sort": 103,
        "active": true,
        "modified": "2015-07-06T23:08:06.408Z",
        "association_type": 1
    },
    "pk": 9,
    "model": "association.associationadjacent"
},
{
    "fields": {
        "child_datum": 7,
        "parent_datum": 6,
        "created": "2015-07-06T23:09:35.932Z",
        "sort": 104,
        "active": true,
        "modified": "2015-07-06T23:08:06.408Z",
        "association_type": 1
    },
    "pk": 10,
    "model": "association.associationadjacent"
},
{
    "fields": {
        "child_datum": 9,
        "parent_datum": 8,
        "created": "2015-07-06T23:09:35.932Z",
        "sort": 105,
        "active": true,
        "modified": "2015-07-06T23:08:06.408Z",
        "association_type": 1
    },
    "pk": 11,
    "model": "association.associationadjacent"
},
{
    "fields": {
        "child_datum": 11,
        "parent_datum": 6,
        "created": "2015-07-06T23:09:35.932Z",
        "sort": 106,
        "active": true,
        "modified": "2015-07-06T23:08:06.408Z",
        "association_type": 1
    },
    "pk": 12,
    "model": "association.associationadjacent"
},
{
    "fields": {
        "child_datum": 12,
        "parent_datum": 10,
        "created": "2015-07-06T23:09:35.932Z",
        "sort": 107,
        "active": true,
        "modified": "2015-07-06T23:08:06.408Z",
        "association_type": 1
    },
    "pk": 13,
    "model": "association.associationadjacent"
},
{
    "fields": {
        "child_datum": 13,
        "parent_datum": 12,
        "created": "2015-07-06T23:09:35.932Z",
        "sort": 108,
        "active": true,
        "modified": "2015-07-06T23:08:06.408Z",
        "association_type": 1
    },
    "pk": 14,
    "model": "association.associationadjacent"
},
{
    "fields": {
        "child_datum": 14,
        "parent_datum": 13,
        "created": "2015-07-06T23:09:35.932Z",
        "sort": 109,
        "active": true,
        "modified": "2015-07-06T23:08:06.408Z",
        "association_type": 1
    },
    "pk": 15,
    "model": "association.associationadjacent"
},
{
    "fields": {
        "child_datum": 12,
        "parent_datum": 15,
        "created": "2015-07-06T23:09:35.932Z",
        "sort": 110,
        "active": true,
        "modified": "2015-07-06T23:08:06.408Z",
        "association_type": 1
    },
    "pk": 16,
    "model": "association.associationadjacent"
},
{
    "fields": {
        "child_datum": 15,
        "parent_datum": 18,
        "created": "2015-07-06T23:09:35.932Z",
        "sort": 111,
        "active": true,
        "modified": "2015-07-06T23:08:06.408Z",
        "association_type": 1
    },
    "pk": 17,
    "model": "association.associationadjacent"
},
{
    "fields": {
        "child_datum": 13,
        "parent_datum": 17,
        "created": "2015-07-06T23:09:35.932Z",
        "sort": 112,
        "active": true,
        "modified": "2015-07-06T23:08:06.408Z",
        "association_type": 1
    },
    "pk": 18,
    "model": "association.associationadjacent"
},
{
    "fields": {
        "child_datum": 14,
        "parent_datum": 19,
        "created": "2015-07-06T23:09:35.932Z",
        "sort": 113,
        "active": true,
        "modified": "2015-07-06T23:08:06.408Z",
        "association_type": 1
    },
    "pk": 19,
    "model": "association.associationadjacent"
},
{
    "fields": {
        "child_datum": 21,
        "parent_datum": 3,
        "created": "2015-07-06T23:09:35.932Z",
        "sort": 114,
        "active": true,
        "modified": "2015-07-06T23:08:06.408Z",
        "association_type": 1
    },
    "pk": 20,
    "model": "association.associationadjacent"
},
{
    "fields": {
        "child_datum": 20,
        "parent_datum": 21,
        "created": "2015-07-06T23:09:35.932Z",
        "sort": 115,
        "active": true,
        "modified": "2015-07-06T23:08:06.408Z",
        "association_type": 1
    },
    "pk": 21,
    "model": "association.associationadjacent"
},
{
    "fields": {
        "child_datum": 22,
        "parent_datum": 1,
        "created": "2015-07-06T23:09:35.932Z",
        "sort": 116,
        "active": true,
        "modified": "2015-07-06T23:08:06.408Z",
        "association_type": 1
    },
    "pk": 22,
    "model": "association.associationadjacent"
},
{
    "fields": {
        "child_datum": 23,
        "parent_datum": 22,
        "created": "2015-07-06T23:09:35.932Z",
        "sort": 117,
        "active": true,
        "modified": "2015-07-06T23:08:06.408Z",
        "association_type": 1
    },
    "pk": 28,
    "model": "association.associationadjacent"
},
{
    "fields": {
        "child_datum": 23,
        "parent_datum": 21,
        "created": "2015-07-06T23:09:35.932Z",
        "sort": 118,
        "active": true,
        "modified": "2015-07-06T23:08:06.408Z",
        "association_type": 1
    },
    "pk": 29,
    "model": "association.associationadjacent"
},
{
    "fields": {
        "child_datum": 25,
        "parent_datum": 12,
        "created": "2015-07-06T23:09:35.932Z",
        "sort": 119,
        "active": true,
        "modified": "2015-07-06T23:08:06.408Z",
        "association_type": 1
    },
    "pk": 30,
    "model": "association.associationadjacent"
},
{
    "fields": {
        "child_datum": 1,
        "parent_datum": 1,
        "created": "2015-07-06T23:09:37.244Z",
        "distance": 0,
        "sort": 100,
        "active": true,
        "modified": "2015-07-06T23:08:10.838Z"
    },
    "pk": 1,
    "model": "association.associationall"
},
{
    "fields": {
        "child_datum": 2,
        "parent_datum": 2,
        "created": "2015-07-06T23:09:37.244Z",
        "distance": 0,
        "sort": 101,
        "active": true,
        "modified": "2015-07-06T23:08:10.838Z"
    },
    "pk": 2,
    "model": "association.associationall"
},
{
    "fields": {
        "child_datum": 2,
        "parent_datum": 1,
        "created": "2015-07-06T23:09:37.244Z",
        "distance": 1,
        "sort": 102,
        "active": true,
        "modified": "2015-07-06T23:08:10.838Z"
    },
    "pk": 3,
    "model": "association.associationall"
},
{
    "fields": {
        "child_datum": 3,
        "parent_datum": 3,
        "created": "2015-07-06T23:09:37.244Z",
        "distance": 0,
        "sort": 103,
        "active": true,
        "modified": "2015-07-06T23:08:10.838Z"
    },
    "pk": 4,
    "model": "association.associationall"
},
{
    "fields": {
        "child_datum": 3,
        "parent_datum": 1,
        "created": "2015-07-06T23:09:37.244Z",
        "distance": 1,
        "sort": 104,
        "active": true,
        "modified": "2015-07-06T23:08:10.838Z"
    },
    "pk": 5,
    "model": "association.associationall"
},
{
    "fields": {
        "child_datum": 3,
        "parent_datum": 2,
        "created": "2015-07-06T23:09:37.244Z",
        "distance": 1,
        "sort": 105,
        "active": true,
        "modified": "2015-07-06T23:08:10.838Z"
    },
    "pk": 10,
    "model": "association.associationall"
},
{
    "fields": {
        "child_datum": 6,
        "parent_datum": 6,
        "created": "2015-07-06T23:09:37.244Z",
        "distance": 0,
        "sort": 106,
        "active": true,
        "modified": "2015-07-06T23:08:10.838Z"
    },
    "pk": 14,
    "model": "association.associationall"
},
{
    "fields": {
        "child_datum": 6,
        "parent_datum": 3,
        "created": "2015-07-06T23:09:37.244Z",
        "distance": 1,
        "sort": 107,
        "active": true,
        "modified": "2015-07-06T23:08:10.838Z"
    },
    "pk": 15,
    "model": "association.associationall"
},
{
    "fields": {
        "child_datum": 6,
        "parent_datum": 1,
        "created": "2015-07-06T23:09:37.244Z",
        "distance": 2,
        "sort": 108,
        "active": true,
        "modified": "2015-07-06T23:08:10.838Z"
    },
    "pk": 16,
    "model": "association.associationall"
},
{
    "fields": {
        "child_datum": 6,
        "parent_datum": 2,
        "created": "2015-07-06T23:09:37.244Z",
        "distance": 2,
        "sort": 109,
        "active": true,
        "modified": "2015-07-06T23:08:10.838Z"
    },
    "pk": 17,
    "model": "association.associationall"
},
{
    "fields": {
        "child_datum": 7,
        "parent_datum": 7,
        "created": "2015-07-06T23:09:37.244Z",
        "distance": 0,
        "sort": 110,
        "active": true,
        "modified": "2015-07-06T23:08:10.838Z"
    },
    "pk": 18,
    "model": "association.associationall"
},
{
    "fields": {
        "child_datum": 7,
        "parent_datum": 6,
        "created": "2015-07-06T23:09:37.244Z",
        "distance": 1,
        "sort": 111,
        "active": true,
        "modified": "2015-07-06T23:08:10.838Z"
    },
    "pk": 19,
    "model": "association.associationall"
},
{
    "fields": {
        "child_datum": 7,
        "parent_datum": 3,
        "created": "2015-07-06T23:09:37.244Z",
        "distance": 2,
        "sort": 112,
        "active": true,
        "modified": "2015-07-06T23:08:10.838Z"
    },
    "pk": 20,
    "model": "association.associationall"
},
{
    "fields": {
        "child_datum": 7,
        "parent_datum": 1,
        "created": "2015-07-06T23:09:37.244Z",
        "distance": 3,
        "sort": 113,
        "active": true,
        "modified": "2015-07-06T23:08:10.838Z"
    },
    "pk": 21,
    "model": "association.associationall"
},
{
    "fields": {
        "child_datum": 7,
        "parent_datum": 2,
        "created": "2015-07-06T23:09:37.244Z",
        "distance": 3,
        "sort": 114,
        "active": true,
        "modified": "2015-07-06T23:08:10.838Z"
    },
    "pk": 22,
    "model": "association.associationall"
},
{
    "fields": {
        "child_datum": 8,
        "parent_datum": 8,
        "created": "2015-07-06T23:09:37.244Z",
        "distance": 0,
        "sort": 115,
        "active": true,
        "modified": "2015-07-06T23:08:10.838Z"
    },
    "pk": 23,
    "model": "association.associationall"
},
{
    "fields": {
        "child_datum": 9,
        "parent_datum": 9,
        "created": "2015-07-06T23:09:37.244Z",
        "distance": 0,
        "sort": 116,
        "active": true,
        "modified": "2015-07-06T23:08:10.838Z"
    },
    "pk": 24,
    "model": "association.associationall"
},
{
    "fields": {
        "child_datum": 9,
        "parent_datum": 8,
        "created": "2015-07-06T23:09:37.244Z",
        "distance": 1,
        "sort": 117,
        "active": true,
        "modified": "2015-07-06T23:08:10.838Z"
    },
    "pk": 25,
    "model": "association.associationall"
},
{
    "fields": {
        "child_datum": 10,
        "parent_datum": 10,
        "created": "2015-07-06T23:09:37.244Z",
        "distance": 0,
        "sort": 118,
        "active": true,
        "modified": "2015-07-06T23:08:10.838Z"
    },
    "pk": 26,
    "model": "association.associationall"
},
{
    "fields": {
        "child_datum": 11,
        "parent_datum": 11,
        "created": "2015-07-06T23:09:37.244Z",
        "distance": 0,
        "sort": 119,
        "active": true,
        "modified": "2015-07-06T23:08:10.838Z"
    },
    "pk": 27,
    "model": "association.associationall"
},
{
    "fields": {
        "child_datum": 11,
        "parent_datum": 6,
        "created": "2015-07-06T23:09:37.244Z",
        "distance": 1,
        "sort": 120,
        "active": true,
        "modified": "2015-07-06T23:08:10.838Z"
    },
    "pk": 28,
    "model": "association.associationall"
},
{
    "fields": {
        "child_datum": 11,
        "parent_datum": 3,
        "created": "2015-07-06T23:09:37.244Z",
        "distance": 2,
        "sort": 121,
        "active": true,
        "modified": "2015-07-06T23:08:10.838Z"
    },
    "pk": 29,
    "model": "association.associationall"
},
{
    "fields": {
        "child_datum": 11,
        "parent_datum": 1,
        "created": "2015-07-06T23:09:37.244Z",
        "distance": 3,
        "sort": 122,
        "active": true,
        "modified": "2015-07-06T23:08:10.838Z"
    },
    "pk": 30,
    "model": "association.associationall"
},
{
    "fields": {
        "child_datum": 11,
        "parent_datum": 2,
        "created": "2015-07-06T23:09:37.244Z",
        "distance": 3,
        "sort": 123,
        "active": true,
        "modified": "2015-07-06T23:08:10.838Z"
    },
    "pk": 31,
    "model": "association.associationall"
},
{
    "fields": {
        "child_datum": 12,
        "parent_datum": 12,
        "created": "2015-07-06T23:09:37.244Z",
        "distance": 0,
        "sort": 124,
        "active": true,
        "modified": "2015-07-06T23:08:10.838Z"
    },
    "pk": 32,
    "model": "association.associationall"
},
{
    "fields": {
        "child_datum": 12,
        "parent_datum": 10,
        "created": "2015-07-06T23:09:37.244Z",
        "distance": 1,
        "sort": 125,
        "active": true,
        "modified": "2015-07-06T23:08:10.838Z"
    },
    "pk": 33,
    "model": "association.associationall"
},
{
    "fields": {
        "child_datum": 13,
        "parent_datum": 13,
        "created": "2015-07-06T23:09:37.244Z",
        "distance": 0,
        "sort": 126,
        "active": true,
        "modified": "2015-07-06T23:08:10.838Z"
    },
    "pk": 34,
    "model": "association.associationall"
},
{
    "fields": {
        "child_datum": 13,
        "parent_datum": 12,
        "created": "2015-07-06T23:09:37.244Z",
        "distance": 1,
        "sort": 127,
        "active": true,
        "modified": "2015-07-06T23:08:10.838Z"
    },
    "pk": 35,
    "model": "association.associationall"
},
{
    "fields": {
        "child_datum": 13,
        "parent_datum": 10,
        "created": "2015-07-06T23:09:37.244Z",
        "distance": 2,
        "sort": 128,
        "active": true,
        "modified": "2015-07-06T23:08:10.838Z"
    },
    "pk": 36,
    "model": "association.associationall"
},
{
    "fields": {
        "child_datum": 14,
        "parent_datum": 14,
        "created": "2015-07-06T23:09:37.244Z",
        "distance": 0,
        "sort": 129,
        "active": true,
        "modified": "2015-07-06T23:08:10.838Z"
    },
    "pk": 37,
    "model": "association.associationall"
},
{
    "fields": {
        "child_datum": 14,
        "parent_datum": 13,
        "created": "2015-07-06T23:09:37.244Z",
        "distance": 1,
        "sort": 130,
        "active": true,
        "modified": "2015-07-06T23:08:10.838Z"
    },
    "pk": 38,
    "model": "association.associationall"
},
{
    "fields": {
        "child_datum": 14,
        "parent_datum": 12,
        "created": "2015-07-06T23:09:37.244Z",
        "distance": 2,
        "sort": 131,
        "active": true,
        "modified": "2015-07-06T23:08:10.838Z"
    },
    "pk": 39,
    "model": "association.associationall"
},
{
    "fields": {
        "child_datum": 14,
        "parent_datum": 10,
        "created": "2015-07-06T23:09:37.244Z",
        "distance": 3,
        "sort": 132,
        "active": true,
        "modified": "2015-07-06T23:08:10.838Z"
    },
    "pk": 40,
    "model": "association.associationall"
},
{
    "fields": {
        "child_datum": 15,
        "parent_datum": 15,
        "created": "2015-07-06T23:09:37.244Z",
        "distance": 0,
        "sort": 133,
        "active": true,
        "modified": "2015-07-06T23:08:10.838Z"
    },
    "pk": 41,
    "model": "association.associationall"
},
{
    "fields": {
        "child_datum": 12,
        "parent_datum": 15,
        "created": "2015-07-06T23:09:37.244Z",
        "distance": 1,
        "sort": 134,
        "active": true,
        "modified": "2015-07-06T23:08:10.838Z"
    },
    "pk": 42,
    "model": "association.associationall"
},
{
    "fields": {
        "child_datum": 13,
        "parent_datum": 15,
        "created": "2015-07-06T23:09:37.244Z",
        "distance": 2,
        "sort": 135,
        "active": true,
        "modified": "2015-07-06T23:08:10.838Z"
    },
    "pk": 43,
    "model": "association.associationall"
},
{
    "fields": {
        "child_datum": 14,
        "parent_datum": 15,
        "created": "2015-07-06T23:09:37.244Z",
        "distance": 3,
        "sort": 136,
        "active": true,
        "modified": "2015-07-06T23:08:10.838Z"
    },
    "pk": 44,
    "model": "association.associationall"
},
{
    "fields": {
        "child_datum": 16,
        "parent_datum": 16,
        "created": "2015-07-06T23:09:37.244Z",
        "distance": 0,
        "sort": 137,
        "active": true,
        "modified": "2015-07-06T23:08:10.838Z"
    },
    "pk": 45,
    "model": "association.associationall"
},
{
    "fields": {
        "child_datum": 17,
        "parent_datum": 17,
        "created": "2015-07-06T23:09:37.244Z",
        "distance": 0,
        "sort": 138,
        "active": true,
        "modified": "2015-07-06T23:08:10.838Z"
    },
    "pk": 46,
    "model": "association.associationall"
},
{
    "fields": {
        "child_datum": 18,
        "parent_datum": 18,
        "created": "2015-07-06T23:09:37.244Z",
        "distance": 0,
        "sort": 139,
        "active": true,
        "modified": "2015-07-06T23:08:10.838Z"
    },
    "pk": 47,
    "model": "association.associationall"
},
{
    "fields": {
        "child_datum": 15,
        "parent_datum": 18,
        "created": "2015-07-06T23:09:37.244Z",
        "distance": 1,
        "sort": 140,
        "active": true,
        "modified": "2015-07-06T23:08:10.838Z"
    },
    "pk": 48,
    "model": "association.associationall"
},
{
    "fields": {
        "child_datum": 12,
        "parent_datum": 18,
        "created": "2015-07-06T23:09:37.244Z",
        "distance": 2,
        "sort": 141,
        "active": true,
        "modified": "2015-07-06T23:08:10.838Z"
    },
    "pk": 49,
    "model": "association.associationall"
},
{
    "fields": {
        "child_datum": 13,
        "parent_datum": 18,
        "created": "2015-07-06T23:09:37.244Z",
        "distance": 3,
        "sort": 142,
        "active": true,
        "modified": "2015-07-06T23:08:10.838Z"
    },
    "pk": 50,
    "model": "association.associationall"
},
{
    "fields": {
        "child_datum": 14,
        "parent_datum": 18,
        "created": "2015-07-06T23:09:37.244Z",
        "distance": 4,
        "sort": 143,
        "active": true,
        "modified": "2015-07-06T23:08:10.838Z"
    },
    "pk": 51,
    "model": "association.associationall"
},
{
    "fields": {
        "child_datum": 13,
        "parent_datum": 17,
        "created": "2015-07-06T23:09:37.244Z",
        "distance": 1,
        "sort": 144,
        "active": true,
        "modified": "2015-07-06T23:08:10.838Z"
    },
    "pk": 52,
    "model": "association.associationall"
},
{
    "fields": {
        "child_datum": 14,
        "parent_datum": 17,
        "created": "2015-07-06T23:09:37.244Z",
        "distance": 2,
        "sort": 145,
        "active": true,
        "modified": "2015-07-06T23:08:10.838Z"
    },
    "pk": 53,
    "model": "association.associationall"
},
{
    "fields": {
        "child_datum": 19,
        "parent_datum": 19,
        "created": "2015-07-06T23:09:37.244Z",
        "distance": 0,
        "sort": 146,
        "active": true,
        "modified": "2015-07-06T23:08:10.838Z"
    },
    "pk": 54,
    "model": "association.associationall"
},
{
    "fields": {
        "child_datum": 14,
        "parent_datum": 19,
        "created": "2015-07-06T23:09:37.244Z",
        "distance": 1,
        "sort": 147,
        "active": true,
        "modified": "2015-07-06T23:08:10.838Z"
    },
    "pk": 55,
    "model": "association.associationall"
},
{
    "fields": {
        "child_datum": 20,
        "parent_datum": 20,
        "created": "2015-07-06T23:09:37.244Z",
        "distance": 0,
        "sort": 148,
        "active": true,
        "modified": "2015-07-06T23:08:10.838Z"
    },
    "pk": 56,
    "model": "association.associationall"
},
{
    "fields": {
        "child_datum": 21,
        "parent_datum": 21,
        "created": "2015-07-06T23:09:37.244Z",
        "distance": 0,
        "sort": 149,
        "active": true,
        "modified": "2015-07-06T23:08:10.838Z"
    },
    "pk": 57,
    "model": "association.associationall"
},
{
    "fields": {
        "child_datum": 21,
        "parent_datum": 3,
        "created": "2015-07-06T23:09:37.244Z",
        "distance": 1,
        "sort": 150,
        "active": true,
        "modified": "2015-07-06T23:08:10.838Z"
    },
    "pk": 58,
    "model": "association.associationall"
},
{
    "fields": {
        "child_datum": 21,
        "parent_datum": 1,
        "created": "2015-07-06T23:09:37.244Z",
        "distance": 2,
        "sort": 151,
        "active": true,
        "modified": "2015-07-06T23:08:10.838Z"
    },
    "pk": 59,
    "model": "association.associationall"
},
{
    "fields": {
        "child_datum": 21,
        "parent_datum": 2,
        "created": "2015-07-06T23:09:37.244Z",
        "distance": 2,
        "sort": 152,
        "active": true,
        "modified": "2015-07-06T23:08:10.838Z"
    },
    "pk": 60,
    "model": "association.associationall"
},
{
    "fields": {
        "child_datum": 20,
        "parent_datum": 21,
        "created": "2015-07-06T23:09:37.244Z",
        "distance": 1,
        "sort": 153,
        "active": true,
        "modified": "2015-07-06T23:08:10.838Z"
    },
    "pk": 61,
    "model": "association.associationall"
},
{
    "fields": {
        "child_datum": 20,
        "parent_datum": 3,
        "created": "2015-07-06T23:09:37.244Z",
        "distance": 2,
        "sort": 154,
        "active": true,
        "modified": "2015-07-06T23:08:10.838Z"
    },
    "pk": 62,
    "model": "association.associationall"
},
{
    "fields": {
        "child_datum": 20,
        "parent_datum": 1,
        "created": "2015-07-06T23:09:37.244Z",
        "distance": 3,
        "sort": 155,
        "active": true,
        "modified": "2015-07-06T23:08:10.838Z"
    },
    "pk": 63,
    "model": "association.associationall"
},
{
    "fields": {
        "child_datum": 20,
        "parent_datum": 2,
        "created": "2015-07-06T23:09:37.244Z",
        "distance": 3,
        "sort": 156,
        "active": true,
        "modified": "2015-07-06T23:08:10.838Z"
    },
    "pk": 64,
    "model": "association.associationall"
},
{
    "fields": {
        "child_datum": 22,
        "parent_datum": 22,
        "created": "2015-07-06T23:09:37.244Z",
        "distance": 0,
        "sort": 157,
        "active": true,
        "modified": "2015-07-06T23:08:10.838Z"
    },
    "pk": 65,
    "model": "association.associationall"
},
{
    "fields": {
        "child_datum": 22,
        "parent_datum": 1,
        "created": "2015-07-06T23:09:37.244Z",
        "distance": 1,
        "sort": 158,
        "active": true,
        "modified": "2015-07-06T23:08:10.838Z"
    },
    "pk": 66,
    "model": "association.associationall"
},
{
    "fields": {
        "child_datum": 23,
        "parent_datum": 23,
        "created": "2015-07-06T23:09:37.244Z",
        "distance": 0,
        "sort": 159,
        "active": true,
        "modified": "2015-07-06T23:08:10.838Z"
    },
    "pk": 79,
    "model": "association.associationall"
},
{
    "fields": {
        "child_datum": 23,
        "parent_datum": 22,
        "created": "2015-07-06T23:09:37.244Z",
        "distance": 1,
        "sort": 160,
        "active": true,
        "modified": "2015-07-06T23:08:10.838Z"
    },
    "pk": 80,
    "model": "association.associationall"
},
{
    "fields": {
        "child_datum": 23,
        "parent_datum": 1,
        "created": "2015-07-06T23:09:37.244Z",
        "distance": 2,
        "sort": 161,
        "active": true,
        "modified": "2015-07-06T23:08:10.838Z"
    },
    "pk": 81,
    "model": "association.associationall"
},
{
    "fields": {
        "child_datum": 23,
        "parent_datum": 21,
        "created": "2015-07-06T23:09:37.244Z",
        "distance": 1,
        "sort": 162,
        "active": true,
        "modified": "2015-07-06T23:08:10.838Z"
    },
    "pk": 82,
    "model": "association.associationall"
},
{
    "fields": {
        "child_datum": 23,
        "parent_datum": 3,
        "created": "2015-07-06T23:09:37.244Z",
        "distance": 2,
        "sort": 163,
        "active": true,
        "modified": "2015-07-06T23:08:10.838Z"
    },
    "pk": 83,
    "model": "association.associationall"
},
{
    "fields": {
        "child_datum": 25,
        "parent_datum": 25,
        "created": "2015-07-06T23:09:37.244Z",
        "distance": 0,
        "sort": 164,
        "active": true,
        "modified": "2015-07-06T23:08:10.838Z"
    },
    "pk": 86,
    "model": "association.associationall"
},
{
    "fields": {
        "child_datum": 25,
        "parent_datum": 12,
        "created": "2015-07-06T23:09:37.244Z",
        "distance": 1,
        "sort": 165,
        "active": true,
        "modified": "2015-07-06T23:08:10.838Z"
    },
    "pk": 87,
    "model": "association.associationall"
},
{
    "fields": {
        "child_datum": 25,
        "parent_datum": 10,
        "created": "2015-07-06T23:09:37.244Z",
        "distance": 2,
        "sort": 166,
        "active": true,
        "modified": "2015-07-06T23:08:10.838Z"
    },
    "pk": 88,
    "model": "association.associationall"
},
{
    "fields": {
        "child_datum": 25,
        "parent_datum": 15,
        "created": "2015-07-06T23:09:37.244Z",
        "distance": 2,
        "sort": 167,
        "active": true,
        "modified": "2015-07-06T23:08:10.838Z"
    },
    "pk": 89,
    "model": "association.associationall"
},
{
    "fields": {
        "child_datum": 25,
        "parent_datum": 18,
        "created": "2015-07-06T23:09:37.244Z",
        "distance": 3,
        "sort": 168,
        "active": true,
        "modified": "2015-07-06T23:08:10.838Z"
    },
    "pk": 90,
    "model": "association.associationall"
},
{
    "fields": {
        "active": true,
        "entity_name": "AllAreas",
        "created": "2015-07-06T23:09:51.540Z",
        "readable_plural_name": "All Areas",
        "modified": "2015-07-06T23:08:53.619Z",
        "readable_name": "All Areas",
        "user": null,
        "long_definition": "",
        "sort": 100,
        "example": "",
        "schema_name": "all_areas",
        "short_definition": "All Areas"
    },
    "pk": 1,
    "model": "filter.filterset"
},
{
    "fields": {
        "user": null,
        "sort": 100,
        "description": null,
        "created": "2015-07-06T23:09:56.894Z",
        "viewuse_filter": "{\"FilterRuleAssociation\": [], \"FilterRuleGroup\": [{\"conditional\": \"OR\", \"datum_group_id\": 1}, {\"conditional\": \"OR\", \"datum_group_id\": 2}], \"FilterRuleElement\": [], \"FilterRuleUser\": [], \"FilterRuleDataType\": [], \"FilterRuleType\": []}",
        "title": "My Objects",
        "viewuse_datum": 2,
        "active": true,
        "modified": "2015-07-06T23:09:07.690Z",
        "viewuse_arrangement": 1
    },
    "pk": 1,
    "model": "viewuse.viewuseobject"
},
{
    "fields": {
        "user": null,
        "sort": 101,
        "description": null,
        "created": "2015-07-06T23:09:56.894Z",
        "viewuse_filter": "{\"FilterRuleGroup\": [], \"FilterRuleDataType\": [], \"FilterRuleElement\": [], \"FilterRuleAssociation\": [], \"FilterRuleUser\": [], \"FilterRuleType\": []}",
        "title": null,
        "viewuse_datum": 1,
        "active": true,
        "modified": "2015-07-06T23:09:07.690Z",
        "viewuse_arrangement": 1
    },
    "pk": 2,
    "model": "viewuse.viewuseobject"
},
{
    "fields": {
        "readable_plural_name": "\"\"",
        "long_definition": "",
        "schema_name": "datums_tile",
        "sort": 100,
        "created": "2015-07-06T23:09:55.403Z",
        "entity_name": "DatumsTile",
        "example": "",
        "active": true,
        "modified": "2015-07-06T23:09:04.866Z",
        "readable_name": "Tiled Objects",
        "short_definition": "Tiled Objects"
    },
    "pk": 1,
    "model": "viewuse.viewusearrangement"
},
{
    "fields": {
        "readable_plural_name": "Small Objects",
        "long_definition": "",
        "schema_name": "datum_small",
        "sort": 100,
        "created": "2015-07-06T23:09:55.870Z",
        "entity_name": "DatumSmall",
        "example": "",
        "active": true,
        "modified": "2015-07-06T23:09:06.263Z",
        "readable_name": "Small Object",
        "short_definition": "Icon + Headline"
    },
    "pk": 1,
    "model": "viewuse.viewusedatum"
},
{
    "fields": {
        "readable_plural_name": "Medium Objects",
        "long_definition": "",
        "schema_name": "datum_medium",
        "sort": 101,
        "created": "2015-07-06T23:09:55.870Z",
        "entity_name": "DatumMedium",
        "example": "",
        "active": true,
        "modified": "2015-07-06T23:09:06.263Z",
        "readable_name": "Medium Object",
        "short_definition": "Object + Primary Elements"
    },
    "pk": 2,
    "model": "viewuse.viewusedatum"
}
]
