[{"model": "auth.permission", "pk": 1, "fields": {"codename": "add_logentry", "content_type": 1, "name": "Can add log entry"}}, {"model": "auth.permission", "pk": 2, "fields": {"codename": "change_logentry", "content_type": 1, "name": "Can change log entry"}}, {"model": "auth.permission", "pk": 3, "fields": {"codename": "delete_logentry", "content_type": 1, "name": "Can delete log entry"}}, {"model": "auth.permission", "pk": 4, "fields": {"codename": "add_permission", "content_type": 2, "name": "Can add permission"}}, {"model": "auth.permission", "pk": 5, "fields": {"codename": "change_permission", "content_type": 2, "name": "Can change permission"}}, {"model": "auth.permission", "pk": 6, "fields": {"codename": "delete_permission", "content_type": 2, "name": "Can delete permission"}}, {"model": "auth.permission", "pk": 7, "fields": {"codename": "add_group", "content_type": 3, "name": "Can add group"}}, {"model": "auth.permission", "pk": 8, "fields": {"codename": "change_group", "content_type": 3, "name": "Can change group"}}, {"model": "auth.permission", "pk": 9, "fields": {"codename": "delete_group", "content_type": 3, "name": "Can delete group"}}, {"model": "auth.permission", "pk": 10, "fields": {"codename": "add_user", "content_type": 4, "name": "Can add user"}}, {"model": "auth.permission", "pk": 11, "fields": {"codename": "change_user", "content_type": 4, "name": "Can change user"}}, {"model": "auth.permission", "pk": 12, "fields": {"codename": "delete_user", "content_type": 4, "name": "Can delete user"}}, {"model": "auth.permission", "pk": 13, "fields": {"codename": "add_contenttype", "content_type": 5, "name": "Can add content type"}}, {"model": "auth.permission", "pk": 14, "fields": {"codename": "change_contenttype", "content_type": 5, "name": "Can change content type"}}, {"model": "auth.permission", "pk": 15, "fields": {"codename": "delete_contenttype", "content_type": 5, "name": "Can delete content type"}}, {"model": "auth.permission", "pk": 16, "fields": {"codename": "add_session", "content_type": 6, "name": "Can add session"}}, {"model": "auth.permission", "pk": 17, "fields": {"codename": "change_session", "content_type": 6, "name": "Can change session"}}, {"model": "auth.permission", "pk": 18, "fields": {"codename": "delete_session", "content_type": 6, "name": "Can delete session"}}, {"model": "auth.permission", "pk": 19, "fields": {"codename": "add_tracuserlanding", "content_type": 7, "name": "Can add User Landing Signup"}}, {"model": "auth.permission", "pk": 20, "fields": {"codename": "change_tracuserlanding", "content_type": 7, "name": "Can change User Landing Signup"}}, {"model": "auth.permission", "pk": 21, "fields": {"codename": "delete_tracuserlanding", "content_type": 7, "name": "Can delete User Landing Signup"}}, {"model": "auth.permission", "pk": 22, "fields": {"codename": "add_datumgroup", "content_type": 8, "name": "Can add Datum Group"}}, {"model": "auth.permission", "pk": 23, "fields": {"codename": "change_datumgroup", "content_type": 8, "name": "Can change Datum Group"}}, {"model": "auth.permission", "pk": 24, "fields": {"codename": "delete_datumgroup", "content_type": 8, "name": "Can delete Datum Group"}}, {"model": "auth.permission", "pk": 25, "fields": {"codename": "add_datumtype", "content_type": 9, "name": "Can add Datum Type"}}, {"model": "auth.permission", "pk": 26, "fields": {"codename": "change_datumtype", "content_type": 9, "name": "Can change Datum Type"}}, {"model": "auth.permission", "pk": 27, "fields": {"codename": "delete_datumtype", "content_type": 9, "name": "Can delete Datum Type"}}, {"model": "auth.permission", "pk": 28, "fields": {"codename": "add_datumobject", "content_type": 10, "name": "Can add Datum"}}, {"model": "auth.permission", "pk": 29, "fields": {"codename": "change_datumobject", "content_type": 10, "name": "Can change Datum"}}, {"model": "auth.permission", "pk": 30, "fields": {"codename": "delete_datumobject", "content_type": 10, "name": "Can delete Datum"}}, {"model": "auth.permission", "pk": 31, "fields": {"codename": "add_elementdatatype", "content_type": 11, "name": "Can add Element Data Type"}}, {"model": "auth.permission", "pk": 32, "fields": {"codename": "change_elementdatatype", "content_type": 11, "name": "Can change Element Data Type"}}, {"model": "auth.permission", "pk": 33, "fields": {"codename": "delete_elementdatatype", "content_type": 11, "name": "Can delete Element Data Type"}}, {"model": "auth.permission", "pk": 34, "fields": {"codename": "add_elementoperator", "content_type": 12, "name": "Can add Element Data Type Operator"}}, {"model": "auth.permission", "pk": 35, "fields": {"codename": "change_elementoperator", "content_type": 12, "name": "Can change Element Data Type Operator"}}, {"model": "auth.permission", "pk": 36, "fields": {"codename": "delete_elementoperator", "content_type": 12, "name": "Can delete Element Data Type Operator"}}, {"model": "auth.permission", "pk": 37, "fields": {"codename": "add_elementtype", "content_type": 13, "name": "Can add element type"}}, {"model": "auth.permission", "pk": 38, "fields": {"codename": "change_elementtype", "content_type": 13, "name": "Can change element type"}}, {"model": "auth.permission", "pk": 39, "fields": {"codename": "delete_elementtype", "content_type": 13, "name": "Can delete element type"}}, {"model": "auth.permission", "pk": 40, "fields": {"codename": "add_elementoption", "content_type": 14, "name": "Can add Element Option"}}, {"model": "auth.permission", "pk": 41, "fields": {"codename": "change_elementoption", "content_type": 14, "name": "Can change Element Option"}}, {"model": "auth.permission", "pk": 42, "fields": {"codename": "delete_elementoption", "content_type": 14, "name": "Can delete Element Option"}}, {"model": "auth.permission", "pk": 43, "fields": {"codename": "add_elementdatumtype", "content_type": 15, "name": "Can add Datum Type - Element"}}, {"model": "auth.permission", "pk": 44, "fields": {"codename": "change_elementdatumtype", "content_type": 15, "name": "Can change Datum Type - Element"}}, {"model": "auth.permission", "pk": 45, "fields": {"codename": "delete_elementdatumtype", "content_type": 15, "name": "Can delete Datum Type - Element"}}, {"model": "auth.permission", "pk": 46, "fields": {"codename": "add_elementdatumobject", "content_type": 16, "name": "Can add Datum Object - Element"}}, {"model": "auth.permission", "pk": 47, "fields": {"codename": "change_elementdatumobject", "content_type": 16, "name": "Can change Datum Object - Element"}}, {"model": "auth.permission", "pk": 48, "fields": {"codename": "delete_elementdatumobject", "content_type": 16, "name": "Can delete Datum Object - Element"}}, {"model": "auth.permission", "pk": 49, "fields": {"codename": "add_elementvaluestring", "content_type": 17, "name": "Can add Element Value"}}, {"model": "auth.permission", "pk": 50, "fields": {"codename": "change_elementvaluestring", "content_type": 17, "name": "Can change Element Value"}}, {"model": "auth.permission", "pk": 51, "fields": {"codename": "delete_elementvaluestring", "content_type": 17, "name": "Can delete Element Value"}}, {"model": "auth.permission", "pk": 52, "fields": {"codename": "add_elementvaluetextdata", "content_type": 18, "name": "Can add Element Value"}}, {"model": "auth.permission", "pk": 53, "fields": {"codename": "change_elementvaluetextdata", "content_type": 18, "name": "Can change Element Value"}}, {"model": "auth.permission", "pk": 54, "fields": {"codename": "delete_elementvaluetextdata", "content_type": 18, "name": "Can delete Element Value"}}, {"model": "auth.permission", "pk": 55, "fields": {"codename": "add_elementvalueboolean", "content_type": 19, "name": "Can add Element Value"}}, {"model": "auth.permission", "pk": 56, "fields": {"codename": "change_elementvalueboolean", "content_type": 19, "name": "Can change Element Value"}}, {"model": "auth.permission", "pk": 57, "fields": {"codename": "delete_elementvalueboolean", "content_type": 19, "name": "Can delete Element Value"}}, {"model": "auth.permission", "pk": 58, "fields": {"codename": "add_elementvaluedatetime", "content_type": 20, "name": "Can add Element Value"}}, {"model": "auth.permission", "pk": 59, "fields": {"codename": "change_elementvaluedatetime", "content_type": 20, "name": "Can change Element Value"}}, {"model": "auth.permission", "pk": 60, "fields": {"codename": "delete_elementvaluedatetime", "content_type": 20, "name": "Can delete Element Value"}}, {"model": "auth.permission", "pk": 61, "fields": {"codename": "add_elementvaluedecimal", "content_type": 21, "name": "Can add Element Value"}}, {"model": "auth.permission", "pk": 62, "fields": {"codename": "change_elementvaluedecimal", "content_type": 21, "name": "Can change Element Value"}}, {"model": "auth.permission", "pk": 63, "fields": {"codename": "delete_elementvaluedecimal", "content_type": 21, "name": "Can delete Element Value"}}, {"model": "auth.permission", "pk": 64, "fields": {"codename": "add_elementvaluebinary", "content_type": 22, "name": "Can add Element Value"}}, {"model": "auth.permission", "pk": 65, "fields": {"codename": "change_elementvaluebinary", "content_type": 22, "name": "Can change Element Value"}}, {"model": "auth.permission", "pk": 66, "fields": {"codename": "delete_elementvaluebinary", "content_type": 22, "name": "Can delete Element Value"}}, {"model": "auth.permission", "pk": 67, "fields": {"codename": "add_associationtype", "content_type": 23, "name": "Can add Association Type"}}, {"model": "auth.permission", "pk": 68, "fields": {"codename": "change_associationtype", "content_type": 23, "name": "Can change Association Type"}}, {"model": "auth.permission", "pk": 69, "fields": {"codename": "delete_associationtype", "content_type": 23, "name": "Can delete Association Type"}}, {"model": "auth.permission", "pk": 70, "fields": {"codename": "add_associationdirection", "content_type": 24, "name": "Can add Association Direction"}}, {"model": "auth.permission", "pk": 71, "fields": {"codename": "change_associationdirection", "content_type": 24, "name": "Can change Association Direction"}}, {"model": "auth.permission", "pk": 72, "fields": {"codename": "delete_associationdirection", "content_type": 24, "name": "Can delete Association Direction"}}, {"model": "auth.permission", "pk": 73, "fields": {"codename": "add_associationadjacent", "content_type": 25, "name": "Can add Association Adjacent"}}, {"model": "auth.permission", "pk": 74, "fields": {"codename": "change_associationadjacent", "content_type": 25, "name": "Can change Association Adjacent"}}, {"model": "auth.permission", "pk": 75, "fields": {"codename": "delete_associationadjacent", "content_type": 25, "name": "Can delete Association Adjacent"}}, {"model": "auth.permission", "pk": 76, "fields": {"codename": "add_associationall", "content_type": 26, "name": "Can add Association All"}}, {"model": "auth.permission", "pk": 77, "fields": {"codename": "change_associationall", "content_type": 26, "name": "Can change Association All"}}, {"model": "auth.permission", "pk": 78, "fields": {"codename": "delete_associationall", "content_type": 26, "name": "Can delete Association All"}}, {"model": "auth.permission", "pk": 79, "fields": {"codename": "add_filterruleuser", "content_type": 27, "name": "Can add Filter Rule - User"}}, {"model": "auth.permission", "pk": 80, "fields": {"codename": "change_filterruleuser", "content_type": 27, "name": "Can change Filter Rule - User"}}, {"model": "auth.permission", "pk": 81, "fields": {"codename": "delete_filterruleuser", "content_type": 27, "name": "Can delete Filter Rule - User"}}, {"model": "auth.permission", "pk": 82, "fields": {"codename": "add_filterrulegroup", "content_type": 28, "name": "Can add Filter Rule - Group"}}, {"model": "auth.permission", "pk": 83, "fields": {"codename": "change_filterrulegroup", "content_type": 28, "name": "Can change Filter Rule - Group"}}, {"model": "auth.permission", "pk": 84, "fields": {"codename": "delete_filterrulegroup", "content_type": 28, "name": "Can delete Filter Rule - Group"}}, {"model": "auth.permission", "pk": 85, "fields": {"codename": "add_filterruletype", "content_type": 29, "name": "Can add Filter Rule - Type"}}, {"model": "auth.permission", "pk": 86, "fields": {"codename": "change_filterruletype", "content_type": 29, "name": "Can change Filter Rule - Type"}}, {"model": "auth.permission", "pk": 87, "fields": {"codename": "delete_filterruletype", "content_type": 29, "name": "Can delete Filter Rule - Type"}}, {"model": "auth.permission", "pk": 88, "fields": {"codename": "add_filterruleassociation", "content_type": 30, "name": "Can add Filter Rule - Association"}}, {"model": "auth.permission", "pk": 89, "fields": {"codename": "change_filterruleassociation", "content_type": 30, "name": "Can change Filter Rule - Association"}}, {"model": "auth.permission", "pk": 90, "fields": {"codename": "delete_filterruleassociation", "content_type": 30, "name": "Can delete Filter Rule - Association"}}, {"model": "auth.permission", "pk": 91, "fields": {"codename": "add_filterruleelement", "content_type": 31, "name": "Can add Filter Rule - Element"}}, {"model": "auth.permission", "pk": 92, "fields": {"codename": "change_filterruleelement", "content_type": 31, "name": "Can change Filter Rule - Element"}}, {"model": "auth.permission", "pk": 93, "fields": {"codename": "delete_filterruleelement", "content_type": 31, "name": "Can delete Filter Rule - Element"}}, {"model": "auth.permission", "pk": 94, "fields": {"codename": "add_filterruledatatype", "content_type": 32, "name": "Can add Filter Rule - Element Data Type"}}, {"model": "auth.permission", "pk": 95, "fields": {"codename": "change_filterruledatatype", "content_type": 32, "name": "Can change Filter Rule - Element Data Type"}}, {"model": "auth.permission", "pk": 96, "fields": {"codename": "delete_filterruledatatype", "content_type": 32, "name": "Can delete Filter Rule - Element Data Type"}}, {"model": "auth.permission", "pk": 97, "fields": {"codename": "add_filterset", "content_type": 33, "name": "Can add Filter Set"}}, {"model": "auth.permission", "pk": 98, "fields": {"codename": "change_filterset", "content_type": 33, "name": "Can change Filter Set"}}, {"model": "auth.permission", "pk": 99, "fields": {"codename": "delete_filterset", "content_type": 33, "name": "Can delete Filter Set"}}, {"model": "auth.permission", "pk": 100, "fields": {"codename": "add_filtersetuserrule", "content_type": 34, "name": "Can add filter set user rule"}}, {"model": "auth.permission", "pk": 101, "fields": {"codename": "change_filtersetuserrule", "content_type": 34, "name": "Can change filter set user rule"}}, {"model": "auth.permission", "pk": 102, "fields": {"codename": "delete_filtersetuserrule", "content_type": 34, "name": "Can delete filter set user rule"}}, {"model": "auth.permission", "pk": 103, "fields": {"codename": "add_filtersetgrouprule", "content_type": 35, "name": "Can add filter set group rule"}}, {"model": "auth.permission", "pk": 104, "fields": {"codename": "change_filtersetgrouprule", "content_type": 35, "name": "Can change filter set group rule"}}, {"model": "auth.permission", "pk": 105, "fields": {"codename": "delete_filtersetgrouprule", "content_type": 35, "name": "Can delete filter set group rule"}}, {"model": "auth.permission", "pk": 106, "fields": {"codename": "add_filtersettyperule", "content_type": 36, "name": "Can add filter set type rule"}}, {"model": "auth.permission", "pk": 107, "fields": {"codename": "change_filtersettyperule", "content_type": 36, "name": "Can change filter set type rule"}}, {"model": "auth.permission", "pk": 108, "fields": {"codename": "delete_filtersettyperule", "content_type": 36, "name": "Can delete filter set type rule"}}, {"model": "auth.permission", "pk": 109, "fields": {"codename": "add_filtersetassociationrule", "content_type": 37, "name": "Can add filter set association rule"}}, {"model": "auth.permission", "pk": 110, "fields": {"codename": "change_filtersetassociationrule", "content_type": 37, "name": "Can change filter set association rule"}}, {"model": "auth.permission", "pk": 111, "fields": {"codename": "delete_filtersetassociationrule", "content_type": 37, "name": "Can delete filter set association rule"}}, {"model": "auth.permission", "pk": 112, "fields": {"codename": "add_filtersetelementrule", "content_type": 38, "name": "Can add filter set element rule"}}, {"model": "auth.permission", "pk": 113, "fields": {"codename": "change_filtersetelementrule", "content_type": 38, "name": "Can change filter set element rule"}}, {"model": "auth.permission", "pk": 114, "fields": {"codename": "delete_filtersetelementrule", "content_type": 38, "name": "Can delete filter set element rule"}}, {"model": "auth.permission", "pk": 115, "fields": {"codename": "add_filtersetdatatyperule", "content_type": 39, "name": "Can add filter set data type rule"}}, {"model": "auth.permission", "pk": 116, "fields": {"codename": "change_filtersetdatatyperule", "content_type": 39, "name": "Can change filter set data type rule"}}, {"model": "auth.permission", "pk": 117, "fields": {"codename": "delete_filtersetdatatyperule", "content_type": 39, "name": "Can delete filter set data type rule"}}, {"model": "auth.permission", "pk": 118, "fields": {"codename": "add_watchworddatumtype", "content_type": 40, "name": "Can add Datum Type Watchword"}}, {"model": "auth.permission", "pk": 119, "fields": {"codename": "change_watchworddatumtype", "content_type": 40, "name": "Can change Datum Type Watchword"}}, {"model": "auth.permission", "pk": 120, "fields": {"codename": "delete_watchworddatumtype", "content_type": 40, "name": "Can delete Datum Type Watchword"}}, {"model": "auth.permission", "pk": 121, "fields": {"codename": "add_watchworddatumobject", "content_type": 41, "name": "Can add Datum Object Watchword"}}, {"model": "auth.permission", "pk": 122, "fields": {"codename": "change_watchworddatumobject", "content_type": 41, "name": "Can change Datum Object Watchword"}}, {"model": "auth.permission", "pk": 123, "fields": {"codename": "delete_watchworddatumobject", "content_type": 41, "name": "Can delete Datum Object Watchword"}}, {"model": "auth.permission", "pk": 124, "fields": {"codename": "add_watchwordassociationtype", "content_type": 42, "name": "Can add Association Type Watchword"}}, {"model": "auth.permission", "pk": 125, "fields": {"codename": "change_watchwordassociationtype", "content_type": 42, "name": "Can change Association Type Watchword"}}, {"model": "auth.permission", "pk": 126, "fields": {"codename": "delete_watchwordassociationtype", "content_type": 42, "name": "Can delete Association Type Watchword"}}, {"model": "auth.permission", "pk": 127, "fields": {"codename": "add_uiarrangementtype", "content_type": 43, "name": "Can add Arrangement Type"}}, {"model": "auth.permission", "pk": 128, "fields": {"codename": "change_uiarrangementtype", "content_type": 43, "name": "Can change Arrangement Type"}}, {"model": "auth.permission", "pk": 129, "fields": {"codename": "delete_uiarrangementtype", "content_type": 43, "name": "Can delete Arrangement Type"}}, {"model": "auth.permission", "pk": 130, "fields": {"codename": "add_uiformattingtype", "content_type": 44, "name": "Can add Formatting Type"}}, {"model": "auth.permission", "pk": 131, "fields": {"codename": "change_uiformattingtype", "content_type": 44, "name": "Can change Formatting Type"}}, {"model": "auth.permission", "pk": 132, "fields": {"codename": "delete_uiformattingtype", "content_type": 44, "name": "Can delete Formatting Type"}}, {"model": "auth.permission", "pk": 133, "fields": {"codename": "add_viewuseobject", "content_type": 45, "name": "Can add Viewuse Object"}}, {"model": "auth.permission", "pk": 134, "fields": {"codename": "change_viewuseobject", "content_type": 45, "name": "Can change Viewuse Object"}}, {"model": "auth.permission", "pk": 135, "fields": {"codename": "delete_viewuseobject", "content_type": 45, "name": "Can delete Viewuse Object"}}, {"model": "auth.permission", "pk": 136, "fields": {"codename": "add_windowuseobject", "content_type": 46, "name": "Can add Windowuse Object"}}, {"model": "auth.permission", "pk": 137, "fields": {"codename": "change_windowuseobject", "content_type": 46, "name": "Can change Windowuse Object"}}, {"model": "auth.permission", "pk": 138, "fields": {"codename": "delete_windowuseobject", "content_type": 46, "name": "Can delete Windowuse Object"}}, {"model": "auth.permission", "pk": 139, "fields": {"codename": "add_windowuseviewuse", "content_type": 47, "name": "Can add Windowuse Viewuse"}}, {"model": "auth.permission", "pk": 140, "fields": {"codename": "change_windowuseviewuse", "content_type": 47, "name": "Can change Windowuse Viewuse"}}, {"model": "auth.permission", "pk": 141, "fields": {"codename": "delete_windowuseviewuse", "content_type": 47, "name": "Can delete Windowuse Viewuse"}}, {"model": "auth.user", "pk": 1, "fields": {"is_active": true, "password": "pbkdf2_sha256$20000$B5clPvWDubLD$mWKVhuiVMLhkfGfCNVQ5bB9Fu7qwdvgC99mVdu6kfkQ=", "last_name": "", "user_permissions": [], "groups": [], "email": "test@test.com", "username": "test", "is_staff": true, "is_superuser": true, "first_name": "", "date_joined": "2015-07-07T22:24:49.483Z", "last_login": "2015-07-10T18:52:24.120Z"}}, {"model": "datum.datumgroup", "pk": 1, "fields": {"created": "2015-07-06T23:09:39.310Z", "short_definition": "Categories, Nouns", "readable_name": "Area", "active": true, "example": "Home, Hobby, Job", "sort": 10, "readable_plural_name": "Areas", "long_definition": "The 'areas' of your life that are important to you.", "schema_name": "area", "entity_name": "Area", "modified": "2015-07-06T23:08:16.544Z"}}, {"model": "datum.datumgroup", "pk": 2, "fields": {"created": "2015-07-06T23:09:39.310Z", "short_definition": "Tasks, Verbs", "readable_name": "Activity", "active": true, "example": "Meet with Joe, Learn guitar", "sort": 20, "readable_plural_name": "Activities", "long_definition": "What you are doing, what you want to do, and what you did.", "schema_name": "activity", "entity_name": "Activity", "modified": "2015-07-06T23:08:16.544Z"}}, {"model": "datum.datumgroup", "pk": 3, "fields": {"created": "2015-07-06T23:09:39.310Z", "short_definition": "Events, Reminders", "readable_name": "Time", "active": true, "example": "Tomorrow between 1-2 PM", "sort": 30, "readable_plural_name": "Times", "long_definition": "When you are doing. Time-based events and deadlines.", "schema_name": "time", "entity_name": "Time", "modified": "2015-07-06T23:08:16.544Z"}}, {"model": "datum.datumgroup", "pk": 4, "fields": {"created": "2015-07-06T23:09:39.310Z", "short_definition": "Reference, Files", "readable_name": "Item", "active": true, "example": "PDF document, Email from Joe, important note", "sort": 40, "readable_plural_name": "Items", "long_definition": "What you know - your information storage.", "schema_name": "item", "entity_name": "Item", "modified": "2015-07-06T23:08:16.544Z"}}, {"model": "datum.datumtype", "pk": 1, "fields": {"created": "2015-07-06T23:09:40.020Z", "icon_class": "fa fa-square-o", "short_definition": "Topics, Folders", "active": true, "example": "House, Family, Job, Marketing", "schema_name": "category", "headline_expr": "{{name}}", "long_definition": "General container for anything of interest or importance.", "readable_name": "Category", "sort": 10100, "readable_plural_name": "Categories", "datum_group": 1, "entity_name": "Category", "modified": "2015-07-06T23:08:20.041Z"}}, {"model": "datum.datumtype", "pk": 2, "fields": {"created": "2015-07-06T23:09:40.020Z", "icon_class": "fa fa-check-square-o", "short_definition": "Named Plan", "active": true, "example": "Tracuse App, Morning Checklist, Department Reorganization", "schema_name": "project", "headline_expr": "{{name}}", "long_definition": "A label for a particular goal or purpose so you can organize all your information.", "readable_name": "Project", "sort": 10110, "readable_plural_name": "Projects", "datum_group": 1, "entity_name": "Project", "modified": "2015-07-06T23:08:20.041Z"}}, {"model": "datum.datumtype", "pk": 3, "fields": {"created": "2015-07-06T23:09:40.020Z", "icon_class": "fa fa-plus-square-o", "short_definition": "Settings, Tools", "active": true, "example": "Call, Computer, Read, Errands", "schema_name": "context", "headline_expr": "{{name}}", "long_definition": "What you use or general location for an action.", "readable_name": "Context", "sort": 10120, "readable_plural_name": "Contexts", "datum_group": 1, "entity_name": "Context", "modified": "2015-07-06T23:08:20.041Z"}}, {"model": "datum.datumtype", "pk": 4, "fields": {"created": "2015-07-06T23:09:40.020Z", "icon_class": "fa fa-user", "short_definition": "An Individual", "active": true, "example": "Sally Sister, Carl Coworker", "schema_name": "person", "headline_expr": "{{name}}", "long_definition": "Who you commonly interact with.", "readable_name": "Person", "sort": 10130, "readable_plural_name": "Persons", "datum_group": 1, "entity_name": "Person", "modified": "2015-07-06T23:08:20.041Z"}}, {"model": "datum.datumtype", "pk": 5, "fields": {"created": "2015-07-06T23:09:40.020Z", "icon_class": "fa fa-users", "short_definition": "Organizational Group", "active": true, "example": "Employer, Son's School, Softball League", "schema_name": "entity", "headline_expr": "{{name}}", "long_definition": "Any group, such as a business, government agency, religious, or social organization.", "readable_name": "Entity", "sort": 10140, "readable_plural_name": "Entities", "datum_group": 1, "entity_name": "Entity", "modified": "2015-07-06T23:08:20.041Z"}}, {"model": "datum.datumtype", "pk": 6, "fields": {"created": "2015-07-06T23:09:40.020Z", "icon_class": "fa fa-home", "short_definition": "A Place", "active": true, "example": "Office Address, School Address, The Garage", "schema_name": "location", "headline_expr": "{{name}}", "long_definition": "A formal address/geolocation, or any informal point of interest.", "readable_name": "Location", "sort": 10150, "readable_plural_name": "Locations", "datum_group": 1, "entity_name": "Location", "modified": "2015-07-06T23:08:20.041Z"}}, {"model": "datum.datumtype", "pk": 7, "fields": {"created": "2015-07-06T23:09:40.020Z", "icon_class": "fa fa-phone", "short_definition": "Contact Info", "active": true, "example": "Carl's Work Contact, Carl's Home Contact, Main Office Contact", "schema_name": "contact", "headline_expr": "{{name}}", "long_definition": "How to communicate with a Person or Entity, including phone, email, and social media.", "readable_name": "Contact", "sort": 10160, "readable_plural_name": "Contacts", "datum_group": 1, "entity_name": "Contact", "modified": "2015-07-06T23:08:20.041Z"}}, {"model": "datum.datumtype", "pk": 8, "fields": {"created": "2015-07-06T23:09:40.020Z", "icon_class": "fa fa-check-circle-o", "short_definition": "Task", "active": true, "example": "Call the auto mechanic, Review Q1 sales, Be a better husband", "schema_name": "action", "headline_expr": "{{description}}", "long_definition": "Any individual idea or thought about something you will do.", "readable_name": "Action", "sort": 20100, "readable_plural_name": "Actions", "datum_group": 2, "entity_name": "Action", "modified": "2015-07-06T23:08:20.041Z"}}, {"model": "datum.datumtype", "pk": 9, "fields": {"created": "2015-07-06T23:09:40.020Z", "icon_class": "fa fa-bullseye", "short_definition": "Purpose, Mantra", "active": true, "example": "So we can take that vacation, So I will be healthy and happy", "schema_name": "principle", "headline_expr": "{{description}}", "long_definition": "Why you are doing what you are doing. Represents your values and vision.", "readable_name": "Principle", "sort": 20110, "readable_plural_name": "Principles", "datum_group": 2, "entity_name": "Principle", "modified": "2015-07-06T23:08:20.041Z"}}, {"model": "datum.datumtype", "pk": 10, "fields": {"created": "2015-07-06T23:09:40.020Z", "icon_class": "fa fa-book", "short_definition": "Diary, Log", "active": true, "example": "Okay rehearsal practice song more, Good meeting but next time have firm agenda", "schema_name": "journal", "headline_expr": "{{description}}", "long_definition": "A record of what happened that you can use for next time.", "readable_name": "Journal", "sort": 20120, "readable_plural_name": "Journals", "datum_group": 2, "entity_name": "Journal", "modified": "2015-07-06T23:08:20.041Z"}}, {"model": "datum.datumtype", "pk": 11, "fields": {"created": "2015-07-06T23:09:40.020Z", "icon_class": "fa fa-calendar-o", "short_definition": "Collection of Events", "active": true, "example": "Actual Schedule, Planned Schedule 2, Project Schedule 5", "schema_name": "schedule", "headline_expr": "{{name}}", "long_definition": "Track multiple events for an object to compare what you planned to do versus what you did.", "readable_name": "Schedule", "sort": 30100, "readable_plural_name": "Schedules", "datum_group": 3, "entity_name": "Schedule", "modified": "2015-07-06T23:08:20.041Z"}}, {"model": "datum.datumtype", "pk": 12, "fields": {"created": "2015-07-06T23:09:40.020Z", "icon_class": "fa fa-calendar", "short_definition": "When Something Happens", "active": true, "example": "Next Thursday All Day, May 13 2-3 PM", "schema_name": "event", "headline_expr": "{{ending_event}}", "long_definition": "A meeting, appointment, or any other time-based occurrence.", "readable_name": "Event", "sort": 30110, "readable_plural_name": "Events", "datum_group": 3, "entity_name": "Event", "modified": "2015-07-06T23:08:20.041Z"}}, {"model": "datum.datumtype", "pk": 13, "fields": {"created": "2015-07-06T23:09:40.020Z", "icon_class": "fa fa-bell-o", "short_definition": "Date/Time Alert", "active": true, "example": "Every Friday at Noon, July 4 9:30 AM", "schema_name": "reminder", "headline_expr": "{{alert}}", "long_definition": "Simple alerts that can be used for short-term alarm or long-term tickler.", "readable_name": "Reminder", "sort": 30120, "readable_plural_name": "Reminders", "datum_group": 3, "entity_name": "Reminder", "modified": "2015-07-06T23:08:20.041Z"}}, {"model": "datum.datumtype", "pk": 14, "fields": {"created": "2015-07-06T23:09:40.020Z", "icon_class": "fa fa-file-text-o", "short_definition": "Reference", "active": true, "example": "How to, Saved Quote, Pi = 3.14159", "schema_name": "note", "headline_expr": "{{name}}", "long_definition": "A fact or idea to remember.", "readable_name": "Note", "sort": 40100, "readable_plural_name": "Notes", "datum_group": 4, "entity_name": "Note", "modified": "2015-07-06T23:08:20.041Z"}}, {"model": "datum.datumtype", "pk": 15, "fields": {"created": "2015-07-06T23:09:40.020Z", "icon_class": "fa fa-paperclip", "short_definition": "Document", "active": true, "example": "MS Excel Spreadsheet, Image, Movie", "schema_name": "file", "headline_expr": "{{name}}", "long_definition": "An external attachment or hyperlink to a digitial document.", "readable_name": "File", "sort": 40110, "readable_plural_name": "Files", "datum_group": 4, "entity_name": "File", "modified": "2015-07-06T23:08:20.041Z"}}, {"model": "datum.datumtype", "pk": 16, "fields": {"created": "2015-07-06T23:09:40.020Z", "icon_class": "fa fa-folder-open-o", "short_definition": "Collection of Files", "active": true, "example": "Project Folder, My Harddrive", "schema_name": "directory", "headline_expr": "{{name}}", "long_definition": "Any container or folder of documents, can be in local or cloud storage.", "readable_name": "Directory", "sort": 40120, "readable_plural_name": "Directories", "datum_group": 4, "entity_name": "Directory", "modified": "2015-07-06T23:08:20.041Z"}}, {"model": "datum.datumtype", "pk": 17, "fields": {"created": "2015-07-06T23:09:40.020Z", "icon_class": "fa fa-link", "short_definition": "Single Web Address", "active": true, "example": "www.cnn.com, www.example.com/section2/page3", "schema_name": "webpage", "headline_expr": "{{name}}", "long_definition": "A hyperlink to a favorite website. Can be to homepage or specific webpage within site.", "readable_name": "Webpage", "sort": 40130, "readable_plural_name": "Webpages", "datum_group": 4, "entity_name": "Webpage", "modified": "2015-07-06T23:08:20.041Z"}}, {"model": "datum.datumtype", "pk": 18, "fields": {"created": "2015-07-06T23:09:40.020Z", "icon_class": "fa fa-comment-o", "short_definition": "Communication", "active": true, "example": "Email from Carl, Facebook Message from Mom", "schema_name": "message", "headline_expr": "{{name}}", "long_definition": "Any electronic message, including emails, texts, and messages through social networking services.", "readable_name": "Message", "sort": 40140, "readable_plural_name": "Messages", "datum_group": 4, "entity_name": "Message", "modified": "2015-07-06T23:08:20.041Z"}}, {"model": "datum.datumtype", "pk": 19, "fields": {"created": "2015-07-06T23:09:40.020Z", "icon_class": "fa fa-rss", "short_definition": "Article", "active": true, "example": "Blog Post about Drum Technique, Facebook Post about Nephews", "schema_name": "post", "headline_expr": "{{name}}", "long_definition": "Content from a streaming service provider, such as a blog or social networking post.", "readable_name": "Post", "sort": 40150, "readable_plural_name": "Posts", "datum_group": 4, "entity_name": "Post", "modified": "2015-07-06T23:08:20.041Z"}}, {"model": "datum.datumobject", "pk": 1, "fields": {"created": "2015-07-06T23:09:39.772Z", "active": true, "sort": 101001, "user": 1, "modified": "2015-07-06T23:08:18.293Z", "datum_type": 1}}, {"model": "datum.datumobject", "pk": 2, "fields": {"created": "2015-07-06T23:09:39.772Z", "active": true, "sort": 101101, "user": 1, "modified": "2015-07-06T23:08:18.293Z", "datum_type": 2}}, {"model": "datum.datumobject", "pk": 3, "fields": {"created": "2015-07-06T23:09:39.772Z", "active": true, "sort": 101002, "user": 1, "modified": "2015-07-06T23:08:18.293Z", "datum_type": 1}}, {"model": "datum.datumobject", "pk": 6, "fields": {"created": "2015-07-06T23:09:39.772Z", "active": true, "sort": 101401, "user": 1, "modified": "2015-07-06T23:08:18.293Z", "datum_type": 5}}, {"model": "datum.datumobject", "pk": 7, "fields": {"created": "2015-07-06T23:09:39.772Z", "active": true, "sort": 101501, "user": 1, "modified": "2015-07-06T23:08:18.293Z", "datum_type": 6}}, {"model": "datum.datumobject", "pk": 8, "fields": {"created": "2015-07-06T23:09:39.772Z", "active": true, "sort": 101003, "user": 1, "modified": "2015-07-06T23:08:18.293Z", "datum_type": 1}}, {"model": "datum.datumobject", "pk": 9, "fields": {"created": "2015-07-06T23:09:39.772Z", "active": true, "sort": 101301, "user": 1, "modified": "2015-07-06T23:08:18.293Z", "datum_type": 4}}, {"model": "datum.datumobject", "pk": 10, "fields": {"created": "2015-07-06T23:09:39.772Z", "active": true, "sort": 101004, "user": 1, "modified": "2015-07-06T23:08:18.293Z", "datum_type": 1}}, {"model": "datum.datumobject", "pk": 11, "fields": {"created": "2015-07-06T23:09:39.772Z", "active": true, "sort": 101601, "user": 1, "modified": "2015-07-06T23:08:18.293Z", "datum_type": 7}}, {"model": "datum.datumobject", "pk": 12, "fields": {"created": "2015-07-06T23:09:39.772Z", "active": true, "sort": 201001, "user": 1, "modified": "2015-07-06T23:08:18.293Z", "datum_type": 8}}, {"model": "datum.datumobject", "pk": 13, "fields": {"created": "2015-07-06T23:09:39.772Z", "active": true, "sort": 201002, "user": 1, "modified": "2015-07-06T23:08:18.293Z", "datum_type": 8}}, {"model": "datum.datumobject", "pk": 14, "fields": {"created": "2015-07-06T23:09:39.772Z", "active": true, "sort": 301101, "user": 1, "modified": "2015-07-06T23:08:18.293Z", "datum_type": 12}}, {"model": "datum.datumobject", "pk": 15, "fields": {"created": "2015-07-06T23:09:39.772Z", "active": true, "sort": 201003, "user": 1, "modified": "2015-07-06T23:08:18.293Z", "datum_type": 8}}, {"model": "datum.datumobject", "pk": 16, "fields": {"created": "2015-07-06T23:09:39.772Z", "active": true, "sort": 101201, "user": 1, "modified": "2015-07-06T23:08:18.293Z", "datum_type": 3}}, {"model": "datum.datumobject", "pk": 17, "fields": {"created": "2015-07-06T23:09:39.772Z", "active": true, "sort": 101202, "user": 1, "modified": "2015-07-06T23:08:18.293Z", "datum_type": 3}}, {"model": "datum.datumobject", "pk": 18, "fields": {"created": "2015-07-06T23:09:39.772Z", "active": true, "sort": 101203, "user": 1, "modified": "2015-07-06T23:08:18.293Z", "datum_type": 3}}, {"model": "datum.datumobject", "pk": 19, "fields": {"created": "2015-07-06T23:09:39.772Z", "active": true, "sort": 301001, "user": 1, "modified": "2015-07-06T23:08:18.293Z", "datum_type": 11}}, {"model": "datum.datumobject", "pk": 20, "fields": {"created": "2015-07-06T23:09:39.772Z", "active": true, "sort": 401301, "user": 1, "modified": "2015-07-06T23:08:18.293Z", "datum_type": 17}}, {"model": "datum.datumobject", "pk": 21, "fields": {"created": "2015-07-06T23:09:39.772Z", "active": true, "sort": 101005, "user": 1, "modified": "2015-07-06T23:08:18.293Z", "datum_type": 1}}, {"model": "datum.datumobject", "pk": 22, "fields": {"created": "2015-07-06T23:09:39.772Z", "active": true, "sort": 101006, "user": 1, "modified": "2015-07-06T23:08:18.293Z", "datum_type": 1}}, {"model": "datum.datumobject", "pk": 23, "fields": {"created": "2015-07-06T23:09:39.772Z", "active": true, "sort": 401302, "user": 1, "modified": "2015-07-06T23:08:18.293Z", "datum_type": 17}}, {"model": "datum.datumobject", "pk": 25, "fields": {"created": "2015-07-06T23:09:39.772Z", "active": true, "sort": 401101, "user": 1, "modified": "2015-07-06T23:08:18.293Z", "datum_type": 15}}, {"model": "element_type.elementdatatype", "pk": 1, "fields": {"created": "2015-07-06T23:09:41.211Z", "short_definition": "VarChar(255)", "readable_name": "String", "active": true, "example": null, "sort": 10, "readable_plural_name": "Strings", "long_definition": "Used for all major text-based elements", "schema_name": "string", "entity_name": "String", "modified": "2015-07-06T23:08:22.548Z"}}, {"model": "element_type.elementdatatype", "pk": 2, "fields": {"created": "2015-07-06T23:09:41.211Z", "short_definition": "Text", "readable_name": "Text Data", "active": true, "example": null, "sort": 20, "readable_plural_name": "Text Data", "long_definition": "Only used for string-based sub-data types, such as json or html", "schema_name": "text_data", "entity_name": "TextData", "modified": "2015-07-06T23:08:22.548Z"}}, {"model": "element_type.elementdatatype", "pk": 3, "fields": {"created": "2015-07-06T23:09:41.211Z", "short_definition": "Boolean", "readable_name": "Boolean", "active": true, "example": null, "sort": 30, "readable_plural_name": "Booleans", "long_definition": null, "schema_name": "boolean", "entity_name": "Boolean", "modified": "2015-07-06T23:08:22.548Z"}}, {"model": "element_type.elementdatatype", "pk": 4, "fields": {"created": "2015-07-06T23:09:41.211Z", "short_definition": "Datetime with Timezone", "readable_name": "Datetime", "active": true, "example": null, "sort": 40, "readable_plural_name": "Datetimes", "long_definition": null, "schema_name": "datetime", "entity_name": "Datetime", "modified": "2015-07-06T23:08:22.548Z"}}, {"model": "element_type.elementdatatype", "pk": 5, "fields": {"created": "2015-07-06T23:09:41.211Z", "short_definition": "Number", "readable_name": "Decimal", "active": true, "example": null, "sort": 50, "readable_plural_name": "Decimals", "long_definition": "Use str_expression and UI to manage scale", "schema_name": "decimal", "entity_name": "Decimal", "modified": "2015-07-06T23:08:22.548Z"}}, {"model": "element_type.elementdatatype", "pk": 6, "fields": {"created": "2015-07-06T23:09:41.211Z", "short_definition": "Blob", "readable_name": "Binary", "active": true, "example": null, "sort": 60, "readable_plural_name": "Binarys", "long_definition": "Used for any attachments and large data", "schema_name": "binary", "entity_name": "Binary", "modified": "2015-07-06T23:08:22.548Z"}}, {"model": "element_type.elementtype", "pk": 1, "fields": {"created": "2015-07-06T23:09:43.747Z", "short_definition": null, "active": true, "example": null, "element_view": "ElementText", "str_expression": "", "schema_name": "name", "element_data_type": 1, "long_definition": "Commonly used for string representation of object.", "readable_name": "Name", "sort": 110, "readable_plural_name": "Names", "entity_name": "Name", "modified": "2015-07-06T23:08:30.550Z", "editable": true}}, {"model": "element_type.elementtype", "pk": 2, "fields": {"created": "2015-07-06T23:09:43.747Z", "short_definition": null, "active": true, "example": null, "element_view": "ElementText", "str_expression": "", "schema_name": "description", "element_data_type": 1, "long_definition": null, "readable_name": "Description", "sort": 120, "readable_plural_name": "Descriptions", "entity_name": "Description", "modified": "2015-07-06T23:08:30.550Z", "editable": true}}, {"model": "element_type.elementtype", "pk": 3, "fields": {"created": "2015-07-06T23:09:43.747Z", "short_definition": null, "active": true, "example": null, "element_view": "ElementText", "str_expression": "", "schema_name": "first_name", "element_data_type": 1, "long_definition": null, "readable_name": "First Name", "sort": 130, "readable_plural_name": "First Names", "entity_name": "FirstName", "modified": "2015-07-06T23:08:30.550Z", "editable": true}}, {"model": "element_type.elementtype", "pk": 4, "fields": {"created": "2015-07-06T23:09:43.747Z", "short_definition": null, "active": true, "example": null, "element_view": "ElementText", "str_expression": "", "schema_name": "last_name", "element_data_type": 1, "long_definition": null, "readable_name": "Last Name", "sort": 140, "readable_plural_name": "Last Names", "entity_name": "LastName", "modified": "2015-07-06T23:08:30.550Z", "editable": true}}, {"model": "element_type.elementtype", "pk": 5, "fields": {"created": "2015-07-06T23:09:43.747Z", "short_definition": null, "active": true, "example": null, "element_view": "ElementText", "str_expression": "", "schema_name": "nickname", "element_data_type": 1, "long_definition": null, "readable_name": "Nickname", "sort": 150, "readable_plural_name": "Nicknames", "entity_name": "Nickname", "modified": "2015-07-06T23:08:30.550Z", "editable": true}}, {"model": "element_type.elementtype", "pk": 6, "fields": {"created": "2015-07-06T23:09:43.747Z", "short_definition": "", "active": true, "example": "", "element_view": "ElementDate", "str_expression": "{{ value|date:'F j, Y' }}", "schema_name": "birthday", "element_data_type": 4, "long_definition": "", "readable_name": "Birthday", "sort": 160, "readable_plural_name": "Birthdays", "entity_name": "Birthday", "modified": "2015-07-06T23:08:30.550Z", "editable": true}}, {"model": "element_type.elementtype", "pk": 7, "fields": {"created": "2015-07-06T23:09:43.747Z", "short_definition": "", "active": true, "example": "", "element_view": "ElementSelect", "str_expression": "", "schema_name": "entity_type", "element_data_type": 1, "long_definition": "Organization types, including business, government, social, etc.", "readable_name": "Entity Type", "sort": 170, "readable_plural_name": "Entity Types", "entity_name": "EntityType", "modified": "2015-07-06T23:08:30.550Z", "editable": true}}, {"model": "element_type.elementtype", "pk": 8, "fields": {"created": "2015-07-06T23:09:43.747Z", "short_definition": null, "active": true, "example": null, "element_view": "ElementText", "str_expression": "", "schema_name": "street_address", "element_data_type": 1, "long_definition": null, "readable_name": "Street Address", "sort": 180, "readable_plural_name": "Street Addresses", "entity_name": "StreetAddress", "modified": "2015-07-06T23:08:30.550Z", "editable": true}}, {"model": "element_type.elementtype", "pk": 9, "fields": {"created": "2015-07-06T23:09:43.747Z", "short_definition": null, "active": true, "example": null, "element_view": "ElementText", "str_expression": "", "schema_name": "city", "element_data_type": 1, "long_definition": null, "readable_name": "City", "sort": 190, "readable_plural_name": "Citys", "entity_name": "City", "modified": "2015-07-06T23:08:30.550Z", "editable": true}}, {"model": "element_type.elementtype", "pk": 10, "fields": {"created": "2015-07-06T23:09:43.747Z", "short_definition": null, "active": true, "example": null, "element_view": "ElementText", "str_expression": "", "schema_name": "state", "element_data_type": 1, "long_definition": null, "readable_name": "State", "sort": 200, "readable_plural_name": "States", "entity_name": "State", "modified": "2015-07-06T23:08:30.550Z", "editable": true}}, {"model": "element_type.elementtype", "pk": 11, "fields": {"created": "2015-07-06T23:09:43.747Z", "short_definition": null, "active": true, "example": null, "element_view": "ElementText", "str_expression": "", "schema_name": "zip", "element_data_type": 1, "long_definition": null, "readable_name": "Zip", "sort": 210, "readable_plural_name": "Zips", "entity_name": "Zip", "modified": "2015-07-06T23:08:30.550Z", "editable": true}}, {"model": "element_type.elementtype", "pk": 12, "fields": {"created": "2015-07-06T23:09:43.747Z", "short_definition": null, "active": true, "example": null, "element_view": "ElementText", "str_expression": "", "schema_name": "country", "element_data_type": 1, "long_definition": null, "readable_name": "Country", "sort": 220, "readable_plural_name": "Countries", "entity_name": "Country", "modified": "2015-07-06T23:08:30.550Z", "editable": true}}, {"model": "element_type.elementtype", "pk": 13, "fields": {"created": "2015-07-06T23:09:43.747Z", "short_definition": "", "active": true, "example": "", "element_view": "ElementText", "str_expression": "{{ value|floatformat:6 }}", "schema_name": "latitude", "element_data_type": 5, "long_definition": "In decimal degrees", "readable_name": "Latitude", "sort": 230, "readable_plural_name": "Latitudes", "entity_name": "Latitude", "modified": "2015-07-06T23:08:30.550Z", "editable": true}}, {"model": "element_type.elementtype", "pk": 14, "fields": {"created": "2015-07-06T23:09:43.747Z", "short_definition": "", "active": true, "example": "", "element_view": "ElementText", "str_expression": "{{ value|floatformat:6 }}", "schema_name": "longitude", "element_data_type": 5, "long_definition": "In decimal degrees", "readable_name": "Longitude", "sort": 240, "readable_plural_name": "Longitudes", "entity_name": "Longitude", "modified": "2015-07-06T23:08:30.550Z", "editable": true}}, {"model": "element_type.elementtype", "pk": 15, "fields": {"created": "2015-07-06T23:09:43.747Z", "short_definition": "", "active": true, "example": "", "element_view": "ElementText", "str_expression": "", "schema_name": "phone", "element_data_type": 1, "long_definition": "", "readable_name": "Phone", "sort": 250, "readable_plural_name": "Phones", "entity_name": "Phone", "modified": "2015-07-06T23:08:30.550Z", "editable": true}}, {"model": "element_type.elementtype", "pk": 16, "fields": {"created": "2015-07-06T23:09:43.747Z", "short_definition": "", "active": true, "example": "", "element_view": "ElementText", "str_expression": "", "schema_name": "email", "element_data_type": 1, "long_definition": "", "readable_name": "Email", "sort": 260, "readable_plural_name": "Emails", "entity_name": "Email", "modified": "2015-07-06T23:08:30.550Z", "editable": true}}, {"model": "element_type.elementtype", "pk": 17, "fields": {"created": "2015-07-06T23:09:43.747Z", "short_definition": "", "active": true, "example": "", "element_view": "ElementText", "str_expression": "", "schema_name": "website", "element_data_type": 1, "long_definition": "", "readable_name": "Website", "sort": 270, "readable_plural_name": "Websites", "entity_name": "Website", "modified": "2015-07-06T23:08:30.550Z", "editable": true}}, {"model": "element_type.elementtype", "pk": 18, "fields": {"created": "2015-07-06T23:09:43.747Z", "short_definition": "", "active": true, "example": "", "element_view": "ElementText", "str_expression": "", "schema_name": "facebook", "element_data_type": 1, "long_definition": "", "readable_name": "Facebook", "sort": 280, "readable_plural_name": "Facebook", "entity_name": "Facebook", "modified": "2015-07-06T23:08:30.550Z", "editable": true}}, {"model": "element_type.elementtype", "pk": 19, "fields": {"created": "2015-07-06T23:09:43.747Z", "short_definition": "", "active": true, "example": "", "element_view": "ElementText", "str_expression": "", "schema_name": "linkedin", "element_data_type": 1, "long_definition": "", "readable_name": "LinkedIn", "sort": 290, "readable_plural_name": "LinkedIn", "entity_name": "LinkedIn", "modified": "2015-07-06T23:08:30.550Z", "editable": true}}, {"model": "element_type.elementtype", "pk": 20, "fields": {"created": "2015-07-06T23:09:43.747Z", "short_definition": "", "active": true, "example": "", "element_view": "ElementText", "str_expression": "", "schema_name": "twitter", "element_data_type": 1, "long_definition": "", "readable_name": "Twitter", "sort": 300, "readable_plural_name": "Twitter", "entity_name": "Twitter", "modified": "2015-07-06T23:08:30.550Z", "editable": true}}, {"model": "element_type.elementtype", "pk": 21, "fields": {"created": "2015-07-06T23:09:43.747Z", "short_definition": "", "active": true, "example": "", "element_view": "ElementSelect", "str_expression": "", "schema_name": "action_status", "element_data_type": 1, "long_definition": "", "readable_name": "Status", "sort": 310, "readable_plural_name": "Statuses", "entity_name": "ActionStatus", "modified": "2015-07-06T23:08:30.550Z", "editable": true}}, {"model": "element_type.elementtype", "pk": 22, "fields": {"created": "2015-07-06T23:09:43.747Z", "short_definition": "", "active": true, "example": "", "element_view": "ElementSelect", "str_expression": "{{ value|floatformat:0 }}", "schema_name": "action_effort", "element_data_type": 5, "long_definition": "", "readable_name": "Effort", "sort": 320, "readable_plural_name": "Effort", "entity_name": "ActionEffort", "modified": "2015-07-06T23:08:30.550Z", "editable": true}}, {"model": "element_type.elementtype", "pk": 23, "fields": {"created": "2015-07-06T23:09:43.747Z", "short_definition": "", "active": true, "example": "", "element_view": "ElementSelect", "str_expression": "", "schema_name": "schedule_type", "element_data_type": 1, "long_definition": "", "readable_name": "Schedule Type", "sort": 330, "readable_plural_name": "Schedule Types", "entity_name": "ScheduleType", "modified": "2015-07-06T23:08:30.550Z", "editable": true}}, {"model": "element_type.elementtype", "pk": 24, "fields": {"created": "2015-07-06T23:09:43.747Z", "short_definition": "", "active": true, "example": "", "element_view": "ElementDatetime", "str_expression": "{{ value|date:'F j, Y g:i A'}}", "schema_name": "beginning_buffer", "element_data_type": 4, "long_definition": "", "readable_name": "Beginning Buffer", "sort": 340, "readable_plural_name": "Beginning Buffers", "entity_name": "BeginningBuffer", "modified": "2015-07-06T23:08:30.550Z", "editable": true}}, {"model": "element_type.elementtype", "pk": 25, "fields": {"created": "2015-07-06T23:09:43.747Z", "short_definition": "", "active": true, "example": "", "element_view": "ElementDatetime", "str_expression": "{{ value|date:'F j, Y g:i A'}}", "schema_name": "beginning_event", "element_data_type": 4, "long_definition": "", "readable_name": "Beginning Event", "sort": 350, "readable_plural_name": "Beginning Events", "entity_name": "BeginningEvent", "modified": "2015-07-06T23:08:30.550Z", "editable": true}}, {"model": "element_type.elementtype", "pk": 26, "fields": {"created": "2015-07-06T23:09:43.747Z", "short_definition": "", "active": true, "example": "", "element_view": "ElementDatetime", "str_expression": "{{ value|date:'F j, Y g:i A'}}", "schema_name": "ending_event", "element_data_type": 4, "long_definition": "", "readable_name": "Ending Event", "sort": 360, "readable_plural_name": "Ending Events", "entity_name": "EndingEvent", "modified": "2015-07-06T23:08:30.550Z", "editable": true}}, {"model": "element_type.elementtype", "pk": 27, "fields": {"created": "2015-07-06T23:09:43.747Z", "short_definition": "", "active": true, "example": "", "element_view": "ElementDatetime", "str_expression": "{{ value|date:'F j, Y g:i A'}}", "schema_name": "ending_buffer", "element_data_type": 4, "long_definition": "", "readable_name": "Ending Buffer", "sort": 370, "readable_plural_name": "Ending Buffers", "entity_name": "EndingBuffer", "modified": "2015-07-06T23:08:30.550Z", "editable": true}}, {"model": "element_type.elementtype", "pk": 28, "fields": {"created": "2015-07-06T23:09:43.747Z", "short_definition": "", "active": true, "example": "", "element_view": "ElementText", "str_expression": "{{ value|floatformat:2 }}", "schema_name": "event_time", "element_data_type": 5, "long_definition": "", "readable_name": "Event Time", "sort": 380, "readable_plural_name": "Event Times", "entity_name": "EventTime", "modified": "2015-07-06T23:08:30.550Z", "editable": true}}, {"model": "element_type.elementtype", "pk": 29, "fields": {"created": "2015-07-06T23:09:43.747Z", "short_definition": "", "active": true, "example": "", "element_view": "ElementText", "str_expression": "{{ value|floatformat:2 }}", "schema_name": "total_time", "element_data_type": 5, "long_definition": "", "readable_name": "Total Time", "sort": 390, "readable_plural_name": "Total Times", "entity_name": "TotalTime", "modified": "2015-07-06T23:08:30.550Z", "editable": true}}, {"model": "element_type.elementtype", "pk": 30, "fields": {"created": "2015-07-06T23:09:43.747Z", "short_definition": null, "active": true, "example": null, "element_view": "ElementText", "str_expression": "", "schema_name": "recurring_options", "element_data_type": 2, "long_definition": null, "readable_name": "Recurring Options", "sort": 400, "readable_plural_name": "Recurring Optionss", "entity_name": "RecurringOptions", "modified": "2015-07-06T23:08:30.550Z", "editable": true}}, {"model": "element_type.elementtype", "pk": 31, "fields": {"created": "2015-07-06T23:09:43.747Z", "short_definition": "", "active": true, "example": "", "element_view": "ElementDatetime", "str_expression": "{{ value|date:'F j, Y g:i A'}}", "schema_name": "alert", "element_data_type": 4, "long_definition": "", "readable_name": "Alert", "sort": 410, "readable_plural_name": "Alerts", "entity_name": "Alert", "modified": "2015-07-06T23:08:30.550Z", "editable": true}}, {"model": "element_type.elementtype", "pk": 32, "fields": {"created": "2015-07-06T23:09:43.747Z", "short_definition": "", "active": true, "example": null, "element_view": "ElementText", "str_expression": "", "schema_name": "logged_in", "element_data_type": 3, "long_definition": "", "readable_name": "Logged In", "sort": 420, "readable_plural_name": "Logged In", "entity_name": "LoggedIn", "modified": "2015-07-06T23:08:30.550Z", "editable": true}}, {"model": "element_type.elementtype", "pk": 33, "fields": {"created": "2015-07-06T23:09:43.747Z", "short_definition": null, "active": true, "example": null, "element_view": "ElementText", "str_expression": "", "schema_name": "item_status", "element_data_type": 1, "long_definition": null, "readable_name": "Item Status", "sort": 430, "readable_plural_name": "Item Statuses", "entity_name": "ItemStatus", "modified": "2015-07-06T23:08:30.550Z", "editable": true}}, {"model": "element_type.elementtype", "pk": 34, "fields": {"created": "2015-07-06T23:09:43.747Z", "short_definition": null, "active": true, "example": null, "element_view": "ElementText", "str_expression": "", "schema_name": "item_content", "element_data_type": 2, "long_definition": null, "readable_name": "Item Content", "sort": 440, "readable_plural_name": "Item Contents", "entity_name": "ItemContent", "modified": "2015-07-06T23:08:30.550Z", "editable": true}}, {"model": "element_type.elementtype", "pk": 35, "fields": {"created": "2015-07-06T23:09:43.747Z", "short_definition": null, "active": true, "example": null, "element_view": "ElementText", "str_expression": "", "schema_name": "from", "element_data_type": 1, "long_definition": null, "readable_name": "From", "sort": 450, "readable_plural_name": "Froms", "entity_name": "From", "modified": "2015-07-06T23:08:30.550Z", "editable": true}}, {"model": "element_type.elementtype", "pk": 36, "fields": {"created": "2015-07-06T23:09:43.747Z", "short_definition": null, "active": true, "example": null, "element_view": "ElementText", "str_expression": "", "schema_name": "to", "element_data_type": 1, "long_definition": null, "readable_name": "To", "sort": 460, "readable_plural_name": "Tos", "entity_name": "To", "modified": "2015-07-06T23:08:30.550Z", "editable": true}}, {"model": "element_type.elementtype", "pk": 37, "fields": {"created": "2015-07-06T23:09:43.747Z", "short_definition": "URL", "active": true, "example": "", "element_view": "ElementText", "str_expression": "", "schema_name": "link", "element_data_type": 1, "long_definition": "Any local, network, or www address", "readable_name": "Link", "sort": 470, "readable_plural_name": "Links", "entity_name": "Link", "modified": "2015-07-06T23:08:30.550Z", "editable": true}}, {"model": "element_type.elementtype", "pk": 38, "fields": {"created": "2015-07-06T23:09:43.747Z", "short_definition": "", "active": true, "example": "", "element_view": "ElementText", "str_expression": "", "schema_name": "attachment", "element_data_type": 1, "long_definition": "File attachment", "readable_name": "Attachment", "sort": 480, "readable_plural_name": "Attachments", "entity_name": "Attachment", "modified": "2015-07-06T23:08:30.550Z", "editable": true}}, {"model": "element_type.elementtype", "pk": 39, "fields": {"created": "2015-07-06T23:09:43.747Z", "short_definition": "", "active": true, "example": "", "element_view": "ElementDatetime", "str_expression": "{{ value|date:'F j, Y g:i A'}}", "schema_name": "creation_date", "element_data_type": 4, "long_definition": "SHOULD THIS BE ROLLED INTO EVENTS?", "readable_name": "Creation Date", "sort": 490, "readable_plural_name": "Creation Dates", "entity_name": "CreationDate", "modified": "2015-07-06T23:08:30.550Z", "editable": true}}, {"model": "element_type.elementtype", "pk": 40, "fields": {"created": "2015-07-06T23:09:43.747Z", "short_definition": "", "active": true, "example": "", "element_view": "ElementDatetime", "str_expression": "{{ value|date:'F j, Y g:i A'}}", "schema_name": "modification_date", "element_data_type": 4, "long_definition": "SHOULD THIS BE ROLLED INTO EVENTS?", "readable_name": "Modification Date", "sort": 500, "readable_plural_name": "Modification Dates", "entity_name": "ModificationDate", "modified": "2015-07-06T23:08:30.550Z", "editable": true}}, {"model": "element_type.elementoption", "pk": 1, "fields": {"created": "2015-07-06T23:09:43.452Z", "short_definition": null, "active": true, "example": null, "schema_name": "business", "long_definition": null, "readable_name": "Business", "sort": 17010, "readable_plural_name": "Businesses", "entity_name": "Business", "modified": "2015-07-06T23:08:29.013Z", "element_type": 7}}, {"model": "element_type.elementoption", "pk": 2, "fields": {"created": "2015-07-06T23:09:43.452Z", "short_definition": null, "active": true, "example": null, "schema_name": "non-profit", "long_definition": null, "readable_name": "Non-Profit", "sort": 17020, "readable_plural_name": "Non-Profits", "entity_name": "Non-Profit", "modified": "2015-07-06T23:08:29.013Z", "element_type": 7}}, {"model": "element_type.elementoption", "pk": 3, "fields": {"created": "2015-07-06T23:09:43.452Z", "short_definition": null, "active": true, "example": null, "schema_name": "education", "long_definition": null, "readable_name": "Education", "sort": 17030, "readable_plural_name": "Education", "entity_name": "Education", "modified": "2015-07-06T23:08:29.013Z", "element_type": 7}}, {"model": "element_type.elementoption", "pk": 4, "fields": {"created": "2015-07-06T23:09:43.452Z", "short_definition": null, "active": true, "example": null, "schema_name": "food", "long_definition": null, "readable_name": "Food", "sort": 17040, "readable_plural_name": "Food", "entity_name": "Food", "modified": "2015-07-06T23:08:29.013Z", "element_type": 7}}, {"model": "element_type.elementoption", "pk": 5, "fields": {"created": "2015-07-06T23:09:43.452Z", "short_definition": null, "active": true, "example": null, "schema_name": "service", "long_definition": null, "readable_name": "Service", "sort": 17050, "readable_plural_name": "Services", "entity_name": "Service", "modified": "2015-07-06T23:08:29.013Z", "element_type": 7}}, {"model": "element_type.elementoption", "pk": 6, "fields": {"created": "2015-07-06T23:09:43.452Z", "short_definition": null, "active": true, "example": null, "schema_name": "cultural", "long_definition": null, "readable_name": "Cultural", "sort": 17060, "readable_plural_name": "Cultural", "entity_name": "Cultural", "modified": "2015-07-06T23:08:29.013Z", "element_type": 7}}, {"model": "element_type.elementoption", "pk": 7, "fields": {"created": "2015-07-06T23:09:43.452Z", "short_definition": null, "active": true, "example": null, "schema_name": "religious", "long_definition": null, "readable_name": "Religious", "sort": 17070, "readable_plural_name": "Religious", "entity_name": "Religious", "modified": "2015-07-06T23:08:29.013Z", "element_type": 7}}, {"model": "element_type.elementoption", "pk": 8, "fields": {"created": "2015-07-06T23:09:43.452Z", "short_definition": null, "active": true, "example": null, "schema_name": "government", "long_definition": null, "readable_name": "Government", "sort": 17080, "readable_plural_name": "Governments", "entity_name": "Government", "modified": "2015-07-06T23:08:29.013Z", "element_type": 7}}, {"model": "element_type.elementoption", "pk": 9, "fields": {"created": "2015-07-06T23:09:43.452Z", "short_definition": null, "active": true, "example": null, "schema_name": "social", "long_definition": null, "readable_name": "Social", "sort": 17090, "readable_plural_name": "Social", "entity_name": "Social", "modified": "2015-07-06T23:08:29.013Z", "element_type": 7}}, {"model": "element_type.elementoption", "pk": 10, "fields": {"created": "2015-07-06T23:09:43.452Z", "short_definition": "Just Created", "active": true, "example": null, "schema_name": "new", "long_definition": "Action just added to Tracuse that need to be reviewed for reclassification.", "readable_name": "New", "sort": 30010, "readable_plural_name": "New", "entity_name": "ActionNew", "modified": "2015-07-06T23:08:29.013Z", "element_type": 21}}, {"model": "element_type.elementoption", "pk": 11, "fields": {"created": "2015-07-06T23:09:43.452Z", "short_definition": "Deferred Indefinitely", "active": true, "example": null, "schema_name": "someday", "long_definition": "Action that may not complete for years, months, or ever.", "readable_name": "Someday", "sort": 30020, "readable_plural_name": "Someday", "entity_name": "ActionSomeday", "modified": "2015-07-06T23:08:29.013Z", "element_type": 21}}, {"model": "element_type.elementoption", "pk": 12, "fields": {"created": "2015-07-06T23:09:43.452Z", "short_definition": "On the Horizon", "active": true, "example": null, "schema_name": "upcoming", "long_definition": "Action that is coming up in the next month or so and needs some basic attention.", "readable_name": "Upcoming", "sort": 30030, "readable_plural_name": "Upcoming", "entity_name": "ActionUpcoming", "modified": "2015-07-06T23:08:29.013Z", "element_type": 21}}, {"model": "element_type.elementoption", "pk": 13, "fields": {"created": "2015-07-06T23:09:43.452Z", "short_definition": "Active Now", "active": true, "example": null, "schema_name": "current", "long_definition": "Action to be completed immediately.  Highly visible on your lists.", "readable_name": "Current", "sort": 30040, "readable_plural_name": "Current", "entity_name": "ActionCurrent", "modified": "2015-07-06T23:08:29.013Z", "element_type": 21}}, {"model": "element_type.elementoption", "pk": 14, "fields": {"created": "2015-07-06T23:09:43.452Z", "short_definition": "Being Done", "active": true, "example": null, "schema_name": "in_progress", "long_definition": "Action that has paused after starting. Should be used rarely.", "readable_name": "In Progress", "sort": 30050, "readable_plural_name": "In Progress", "entity_name": "ActionInProgress", "modified": "2015-07-06T23:08:29.013Z", "element_type": 21}}, {"model": "element_type.elementoption", "pk": 15, "fields": {"created": "2015-07-06T23:09:43.452Z", "short_definition": "DONE", "active": true, "example": null, "schema_name": "complete", "long_definition": "Action that has completed.  Way to go!", "readable_name": "Complete", "sort": 30060, "readable_plural_name": "Complete", "entity_name": "ActionComplete", "modified": "2015-07-06T23:08:29.013Z", "element_type": 21}}, {"model": "element_type.elementoption", "pk": 16, "fields": {"created": "2015-07-06T23:09:43.452Z", "short_definition": "For Someone Else", "active": true, "example": null, "schema_name": "waitingfor", "long_definition": "Action that has been assigned to someone else, but you want to keep track of it.", "readable_name": "WaitingFor", "sort": 30070, "readable_plural_name": "WaitingFor", "entity_name": "ActionWaitingFor", "modified": "2015-07-06T23:08:29.013Z", "element_type": 21}}, {"model": "element_type.elementoption", "pk": 17, "fields": {"created": "2015-07-06T23:09:43.452Z", "short_definition": "Very Easy", "active": true, "example": null, "schema_name": "1", "long_definition": null, "readable_name": "1", "sort": 32010, "readable_plural_name": "1", "entity_name": "1", "modified": "2015-07-06T23:08:29.013Z", "element_type": 22}}, {"model": "element_type.elementoption", "pk": 18, "fields": {"created": "2015-07-06T23:09:43.452Z", "short_definition": "Easy", "active": true, "example": null, "schema_name": "2", "long_definition": null, "readable_name": "2", "sort": 32020, "readable_plural_name": "2", "entity_name": "2", "modified": "2015-07-06T23:08:29.013Z", "element_type": 22}}, {"model": "element_type.elementoption", "pk": 19, "fields": {"created": "2015-07-06T23:09:43.452Z", "short_definition": "Neither Easy or Hard", "active": true, "example": null, "schema_name": "3", "long_definition": null, "readable_name": "3", "sort": 32030, "readable_plural_name": "3", "entity_name": "3", "modified": "2015-07-06T23:08:29.013Z", "element_type": 22}}, {"model": "element_type.elementoption", "pk": 20, "fields": {"created": "2015-07-06T23:09:43.452Z", "short_definition": "Hard", "active": true, "example": null, "schema_name": "4", "long_definition": null, "readable_name": "4", "sort": 32040, "readable_plural_name": "4", "entity_name": "4", "modified": "2015-07-06T23:08:29.013Z", "element_type": 22}}, {"model": "element_type.elementoption", "pk": 21, "fields": {"created": "2015-07-06T23:09:43.452Z", "short_definition": "Very Hard", "active": true, "example": null, "schema_name": "5", "long_definition": null, "readable_name": "5", "sort": 32050, "readable_plural_name": "5", "entity_name": "5", "modified": "2015-07-06T23:08:29.013Z", "element_type": 22}}, {"model": "element_type.elementoption", "pk": 22, "fields": {"created": "2015-07-06T23:09:43.452Z", "short_definition": "Events Occurred", "active": true, "example": null, "schema_name": "actual", "long_definition": "Use for any events that actually occur", "readable_name": "Actual", "sort": 32010, "readable_plural_name": "Actuals", "entity_name": "Actual", "modified": "2015-07-06T23:08:29.013Z", "element_type": 23}}, {"model": "element_type.elementoption", "pk": 23, "fields": {"created": "2015-07-06T23:09:43.452Z", "short_definition": "Events Expected", "active": true, "example": null, "schema_name": "planned", "long_definition": "Use for any expected events", "readable_name": "Planned", "sort": 32020, "readable_plural_name": "Planneds", "entity_name": "Planned", "modified": "2015-07-06T23:08:29.013Z", "element_type": 23}}, {"model": "element_type.elementoption", "pk": 24, "fields": {"created": "2015-07-06T23:09:43.452Z", "short_definition": null, "active": true, "example": null, "schema_name": "placeholder", "long_definition": null, "readable_name": "Placeholder", "sort": 40010, "readable_plural_name": "Placeholders", "entity_name": "Placeholder", "modified": "2015-07-06T23:08:29.013Z", "element_type": 30}}, {"model": "element_type.elementoption", "pk": 25, "fields": {"created": "2015-07-06T23:09:43.452Z", "short_definition": "Just Created", "active": true, "example": null, "schema_name": "new", "long_definition": "Item just added to Tracuse that need to be reviewed for reclassification.", "readable_name": "New", "sort": 42010, "readable_plural_name": "New", "entity_name": "ItemNew", "modified": "2015-07-06T23:08:29.013Z", "element_type": 33}}, {"model": "element_type.elementoption", "pk": 26, "fields": {"created": "2015-07-06T23:09:43.452Z", "short_definition": "Initial Review", "active": true, "example": null, "schema_name": "start", "long_definition": "Item just begun, may include outlining, research, and other preparation.", "readable_name": "Start", "sort": 42020, "readable_plural_name": "Start", "entity_name": "ItemStart", "modified": "2015-07-06T23:08:29.013Z", "element_type": 33}}, {"model": "element_type.elementoption", "pk": 27, "fields": {"created": "2015-07-06T23:09:43.452Z", "short_definition": "Main Action", "active": true, "example": null, "schema_name": "working", "long_definition": "Primary work on Item. Can be reading, writing, consuming, producing, etc.", "readable_name": "Working", "sort": 42030, "readable_plural_name": "Working", "entity_name": "ItemWorking", "modified": "2015-07-06T23:08:29.013Z", "element_type": 33}}, {"model": "element_type.elementoption", "pk": 28, "fields": {"created": "2015-07-06T23:09:43.452Z", "short_definition": "Almost Complete", "active": true, "example": null, "schema_name": "conclusion", "long_definition": "Item in final stages.  Can be final draft, editing, or other wrap-up actions.", "readable_name": "Conclusion", "sort": 42040, "readable_plural_name": "Conclusion", "entity_name": "ItemConclusion", "modified": "2015-07-06T23:08:29.013Z", "element_type": 33}}, {"model": "element_type.elementoption", "pk": 29, "fields": {"created": "2015-07-06T23:09:43.452Z", "short_definition": "DONE", "active": true, "example": null, "schema_name": "complete", "long_definition": "Item that has completed.  Way to go!", "readable_name": "Complete", "sort": 42050, "readable_plural_name": "Complete", "entity_name": "ItemComplete", "modified": "2015-07-06T23:08:29.013Z", "element_type": 33}}, {"model": "element_type.elementdatumtype", "pk": 1, "fields": {"created": "2015-07-06T23:09:41.829Z", "primary_view": true, "short_definition": "", "active": true, "example": "Home", "schema_name": "category_name", "calc_expression": "", "long_definition": "", "readable_name": "Category - Name", "element_type": 1, "sort": 10100110, "readable_plural_name": "Categories - Names", "entity_name": "CategoryName", "modified": "2015-07-06T23:08:25.981Z", "datum_type": 1}}, {"model": "element_type.elementdatumtype", "pk": 2, "fields": {"created": "2015-07-06T23:09:41.829Z", "primary_view": false, "short_definition": null, "active": true, "example": "Where the heart is", "schema_name": "category_description", "calc_expression": "", "long_definition": null, "readable_name": "Category - Description", "element_type": 2, "sort": 10100120, "readable_plural_name": "Categories - Descriptions", "entity_name": "CategoryDescription", "modified": "2015-07-06T23:08:25.981Z", "datum_type": 1}}, {"model": "element_type.elementdatumtype", "pk": 3, "fields": {"created": "2015-07-06T23:09:41.829Z", "primary_view": true, "short_definition": "", "active": true, "example": "Marketing Initiative", "schema_name": "project_name", "calc_expression": "", "long_definition": "", "readable_name": "Project - Name", "element_type": 1, "sort": 10110110, "readable_plural_name": "Projects - Names", "entity_name": "ProjectName", "modified": "2015-07-06T23:08:25.981Z", "datum_type": 2}}, {"model": "element_type.elementdatumtype", "pk": 4, "fields": {"created": "2015-07-06T23:09:41.829Z", "primary_view": false, "short_definition": null, "active": true, "example": "Revamp marketing materials", "schema_name": "project_description", "calc_expression": "", "long_definition": null, "readable_name": "Project - Description", "element_type": 2, "sort": 10110120, "readable_plural_name": "Projects - Descriptions", "entity_name": "ProjectDescription", "modified": "2015-07-06T23:08:25.981Z", "datum_type": 2}}, {"model": "element_type.elementdatumtype", "pk": 5, "fields": {"created": "2015-07-06T23:09:41.829Z", "primary_view": true, "short_definition": "", "active": true, "example": "Call", "schema_name": "context_name", "calc_expression": "", "long_definition": "", "readable_name": "Context - Name", "element_type": 1, "sort": 10120110, "readable_plural_name": "Contexts - Names", "entity_name": "ContextName", "modified": "2015-07-06T23:08:25.981Z", "datum_type": 3}}, {"model": "element_type.elementdatumtype", "pk": 6, "fields": {"created": "2015-07-06T23:09:41.829Z", "primary_view": false, "short_definition": null, "active": true, "example": "Speaking to someone over the phone", "schema_name": "context_description", "calc_expression": "", "long_definition": null, "readable_name": "Context - Description", "element_type": 2, "sort": 10120120, "readable_plural_name": "Contexts - Descriptions", "entity_name": "ContextDescription", "modified": "2015-07-06T23:08:25.981Z", "datum_type": 3}}, {"model": "element_type.elementdatumtype", "pk": 7, "fields": {"created": "2015-07-06T23:09:41.829Z", "primary_view": true, "short_definition": "", "active": true, "example": "John Smith", "schema_name": "person_name", "calc_expression": "{{ first_name }}{% if last_name %}{{ ' '|add:last_name }}{% endif %}", "long_definition": "Default = First Name + Last Name", "readable_name": "Person - Name", "element_type": 1, "sort": 10130110, "readable_plural_name": "Persons - Names", "entity_name": "PersonName", "modified": "2015-07-06T23:08:25.981Z", "datum_type": 4}}, {"model": "element_type.elementdatumtype", "pk": 8, "fields": {"created": "2015-07-06T23:09:41.829Z", "primary_view": false, "short_definition": null, "active": true, "example": "My pal John", "schema_name": "person_description", "calc_expression": "", "long_definition": null, "readable_name": "Person - Description", "element_type": 2, "sort": 10130120, "readable_plural_name": "Persons - Descriptions", "entity_name": "PersonDescription", "modified": "2015-07-06T23:08:25.981Z", "datum_type": 4}}, {"model": "element_type.elementdatumtype", "pk": 9, "fields": {"created": "2015-07-06T23:09:41.829Z", "primary_view": false, "short_definition": "", "active": true, "example": "John", "schema_name": "person_first_name", "calc_expression": "{{ name|truncatewords:1 }}", "long_definition": "", "readable_name": "Person - First Name", "element_type": 3, "sort": 10130130, "readable_plural_name": "Persons - First Names", "entity_name": "PersonFirstName", "modified": "2015-07-06T23:08:25.981Z", "datum_type": 4}}, {"model": "element_type.elementdatumtype", "pk": 10, "fields": {"created": "2015-07-06T23:09:41.829Z", "primary_view": false, "short_definition": "", "active": true, "example": "Smith", "schema_name": "person_last_name", "calc_expression": "", "long_definition": "", "readable_name": "Person - Last Name", "element_type": 4, "sort": 10130140, "readable_plural_name": "Persons - Last Names", "entity_name": "PersonLastName", "modified": "2015-07-06T23:08:25.981Z", "datum_type": 4}}, {"model": "element_type.elementdatumtype", "pk": 11, "fields": {"created": "2015-07-06T23:09:41.829Z", "primary_view": false, "short_definition": null, "active": true, "example": "Johnny Boy", "schema_name": "person_nickname", "calc_expression": "", "long_definition": null, "readable_name": "Person - Nickname", "element_type": 5, "sort": 10130150, "readable_plural_name": "Persons - Nicknames", "entity_name": "PersonNickname", "modified": "2015-07-06T23:08:25.981Z", "datum_type": 4}}, {"model": "element_type.elementdatumtype", "pk": 12, "fields": {"created": "2015-07-06T23:09:41.829Z", "primary_view": false, "short_definition": null, "active": true, "example": "1/1/2001", "schema_name": "person_birthday", "calc_expression": "", "long_definition": null, "readable_name": "Person - Birthday", "element_type": 6, "sort": 10130160, "readable_plural_name": "Persons - Birthdays", "entity_name": "PersonBirthday", "modified": "2015-07-06T23:08:25.981Z", "datum_type": 4}}, {"model": "element_type.elementdatumtype", "pk": 13, "fields": {"created": "2015-07-06T23:09:41.829Z", "primary_view": true, "short_definition": "", "active": true, "example": "Joe's Auto Shop", "schema_name": "entity_name", "calc_expression": "", "long_definition": "", "readable_name": "Entity - Name", "element_type": 1, "sort": 10140110, "readable_plural_name": "Entities - Names", "entity_name": "EntityName", "modified": "2015-07-06T23:08:25.981Z", "datum_type": 5}}, {"model": "element_type.elementdatumtype", "pk": 14, "fields": {"created": "2015-07-06T23:09:41.829Z", "primary_view": false, "short_definition": null, "active": true, "example": "Where I take my car", "schema_name": "entity_description", "calc_expression": "", "long_definition": null, "readable_name": "Entity - Description", "element_type": 2, "sort": 10140120, "readable_plural_name": "Entities - Descriptions", "entity_name": "EntityDescription", "modified": "2015-07-06T23:08:25.981Z", "datum_type": 5}}, {"model": "element_type.elementdatumtype", "pk": 15, "fields": {"created": "2015-07-06T23:09:41.829Z", "primary_view": false, "short_definition": null, "active": true, "example": "Business", "schema_name": "entity_entity_type", "calc_expression": "", "long_definition": null, "readable_name": "Entity - Entity Type", "element_type": 7, "sort": 10140170, "readable_plural_name": "Entities - Entity Types", "entity_name": "EntityEntityType", "modified": "2015-07-06T23:08:25.981Z", "datum_type": 5}}, {"model": "element_type.elementdatumtype", "pk": 16, "fields": {"created": "2015-07-06T23:09:41.829Z", "primary_view": true, "short_definition": "", "active": true, "example": "Joe's Auto Shop Main Address", "schema_name": "location_name", "calc_expression": "", "long_definition": "Default = Person/Entity Name + *** + Location", "readable_name": "Location - Name", "element_type": 1, "sort": 10150110, "readable_plural_name": "Locations - Names", "entity_name": "LocationName", "modified": "2015-07-06T23:08:25.981Z", "datum_type": 6}}, {"model": "element_type.elementdatumtype", "pk": 17, "fields": {"created": "2015-07-06T23:09:41.829Z", "primary_view": false, "short_definition": null, "active": true, "example": "Next to the convenience store", "schema_name": "location_description", "calc_expression": "", "long_definition": null, "readable_name": "Location - Description", "element_type": 2, "sort": 10150120, "readable_plural_name": "Locations - Descriptions", "entity_name": "LocationDescription", "modified": "2015-07-06T23:08:25.981Z", "datum_type": 6}}, {"model": "element_type.elementdatumtype", "pk": 18, "fields": {"created": "2015-07-06T23:09:41.829Z", "primary_view": false, "short_definition": null, "active": true, "example": "123 Main St", "schema_name": "location_street_address", "calc_expression": "", "long_definition": null, "readable_name": "Location - Street Address", "element_type": 8, "sort": 10150180, "readable_plural_name": "Locations - Street Addresses", "entity_name": "LocationStreetAddress", "modified": "2015-07-06T23:08:25.981Z", "datum_type": 6}}, {"model": "element_type.elementdatumtype", "pk": 19, "fields": {"created": "2015-07-06T23:09:41.829Z", "primary_view": false, "short_definition": null, "active": true, "example": "Portland", "schema_name": "location_city", "calc_expression": "", "long_definition": null, "readable_name": "Location - City", "element_type": 9, "sort": 10150190, "readable_plural_name": "Locations - Citys", "entity_name": "LocationCity", "modified": "2015-07-06T23:08:25.981Z", "datum_type": 6}}, {"model": "element_type.elementdatumtype", "pk": 20, "fields": {"created": "2015-07-06T23:09:41.829Z", "primary_view": false, "short_definition": null, "active": true, "example": "OR", "schema_name": "location_state", "calc_expression": "", "long_definition": null, "readable_name": "Location - State", "element_type": 10, "sort": 10150200, "readable_plural_name": "Locations - States", "entity_name": "LocationState", "modified": "2015-07-06T23:08:25.981Z", "datum_type": 6}}, {"model": "element_type.elementdatumtype", "pk": 21, "fields": {"created": "2015-07-06T23:09:41.829Z", "primary_view": false, "short_definition": null, "active": true, "example": "97209", "schema_name": "location_zip", "calc_expression": "", "long_definition": null, "readable_name": "Location - Zip", "element_type": 11, "sort": 10150210, "readable_plural_name": "Locations - Zips", "entity_name": "LocationZip", "modified": "2015-07-06T23:08:25.981Z", "datum_type": 6}}, {"model": "element_type.elementdatumtype", "pk": 22, "fields": {"created": "2015-07-06T23:09:41.829Z", "primary_view": false, "short_definition": null, "active": true, "example": "USA", "schema_name": "location_country", "calc_expression": "", "long_definition": null, "readable_name": "Location - Country", "element_type": 12, "sort": 10150220, "readable_plural_name": "Locations - Countries", "entity_name": "LocationCountry", "modified": "2015-07-06T23:08:25.981Z", "datum_type": 6}}, {"model": "element_type.elementdatumtype", "pk": 23, "fields": {"created": "2015-07-06T23:09:41.829Z", "primary_view": false, "short_definition": null, "active": true, "example": "45.515586", "schema_name": "location_latitude", "calc_expression": "", "long_definition": null, "readable_name": "Location - Latitude", "element_type": 13, "sort": 10150230, "readable_plural_name": "Locations - Latitudes", "entity_name": "LocationLatitude", "modified": "2015-07-06T23:08:25.981Z", "datum_type": 6}}, {"model": "element_type.elementdatumtype", "pk": 24, "fields": {"created": "2015-07-06T23:09:41.829Z", "primary_view": false, "short_definition": null, "active": true, "example": "-122.692291", "schema_name": "location_longitude", "calc_expression": "", "long_definition": null, "readable_name": "Location - Longitude", "element_type": 14, "sort": 10150240, "readable_plural_name": "Locations - Longitudes", "entity_name": "LocationLongitude", "modified": "2015-07-06T23:08:25.981Z", "datum_type": 6}}, {"model": "element_type.elementdatumtype", "pk": 25, "fields": {"created": "2015-07-06T23:09:41.829Z", "primary_view": true, "short_definition": "", "active": true, "example": "Joe's Auto Shop Main Contact", "schema_name": "contact_name", "calc_expression": "", "long_definition": "Default = Person/Entity Name + *** + Contact", "readable_name": "Contact - Name", "element_type": 1, "sort": 10160110, "readable_plural_name": "Contacts - Names", "entity_name": "ContactName", "modified": "2015-07-06T23:08:25.981Z", "datum_type": 7}}, {"model": "element_type.elementdatumtype", "pk": 26, "fields": {"created": "2015-07-06T23:09:41.829Z", "primary_view": false, "short_definition": null, "active": true, "example": null, "schema_name": "contact_description", "calc_expression": "", "long_definition": null, "readable_name": "Contact - Description", "element_type": 2, "sort": 10160120, "readable_plural_name": "Contacts - Descriptions", "entity_name": "ContactDescription", "modified": "2015-07-06T23:08:25.981Z", "datum_type": 7}}, {"model": "element_type.elementdatumtype", "pk": 27, "fields": {"created": "2015-07-06T23:09:41.829Z", "primary_view": false, "short_definition": null, "active": true, "example": "(503) 555-1234", "schema_name": "contact_phone", "calc_expression": "", "long_definition": null, "readable_name": "Contact - Phone", "element_type": 15, "sort": 10160250, "readable_plural_name": "Contacts - Phones", "entity_name": "ContactPhone", "modified": "2015-07-06T23:08:25.981Z", "datum_type": 7}}, {"model": "element_type.elementdatumtype", "pk": 28, "fields": {"created": "2015-07-06T23:09:41.829Z", "primary_view": false, "short_definition": null, "active": true, "example": "joe@joesautoshop.com", "schema_name": "contact_email", "calc_expression": "", "long_definition": null, "readable_name": "Contact - Email", "element_type": 16, "sort": 10160260, "readable_plural_name": "Contacts - Emails", "entity_name": "ContactEmail", "modified": "2015-07-06T23:08:25.981Z", "datum_type": 7}}, {"model": "element_type.elementdatumtype", "pk": 29, "fields": {"created": "2015-07-06T23:09:41.829Z", "primary_view": false, "short_definition": null, "active": true, "example": "http://www.joesautoshop.com", "schema_name": "contact_website", "calc_expression": "", "long_definition": null, "readable_name": "Contact - Website", "element_type": 17, "sort": 10160270, "readable_plural_name": "Contacts - Websites", "entity_name": "ContactWebsite", "modified": "2015-07-06T23:08:25.981Z", "datum_type": 7}}, {"model": "element_type.elementdatumtype", "pk": 30, "fields": {"created": "2015-07-06T23:09:41.829Z", "primary_view": false, "short_definition": null, "active": true, "example": "https://www.facebook.com/joesautoshop", "schema_name": "contact_facebook", "calc_expression": "", "long_definition": null, "readable_name": "Contact - Facebook", "element_type": 18, "sort": 10160280, "readable_plural_name": "Contacts - Facebook", "entity_name": "ContactFacebook", "modified": "2015-07-06T23:08:25.981Z", "datum_type": 7}}, {"model": "element_type.elementdatumtype", "pk": 31, "fields": {"created": "2015-07-06T23:09:41.829Z", "primary_view": false, "short_definition": null, "active": true, "example": "https://www.linkedin.com/in/joesautoshop", "schema_name": "contact_linkedin", "calc_expression": "", "long_definition": null, "readable_name": "Contact - LinkedIn", "element_type": 19, "sort": 10160290, "readable_plural_name": "Contacts - LinkedIn", "entity_name": "ContactLinkedIn", "modified": "2015-07-06T23:08:25.981Z", "datum_type": 7}}, {"model": "element_type.elementdatumtype", "pk": 32, "fields": {"created": "2015-07-06T23:09:41.829Z", "primary_view": false, "short_definition": null, "active": true, "example": "@joesautoshop", "schema_name": "contact_twitter", "calc_expression": "", "long_definition": null, "readable_name": "Contact - Twitter", "element_type": 20, "sort": 10160300, "readable_plural_name": "Contacts - Twitter", "entity_name": "ContactTwitter", "modified": "2015-07-06T23:08:25.981Z", "datum_type": 7}}, {"model": "element_type.elementdatumtype", "pk": 33, "fields": {"created": "2015-07-06T23:09:41.829Z", "primary_view": true, "short_definition": "", "active": true, "example": "Go to the gym", "schema_name": "action_description", "calc_expression": "", "long_definition": "", "readable_name": "Action - Description", "element_type": 2, "sort": 20100120, "readable_plural_name": "Actions - Descriptions", "entity_name": "ActionDescription", "modified": "2015-07-06T23:08:25.981Z", "datum_type": 8}}, {"model": "element_type.elementdatumtype", "pk": 34, "fields": {"created": "2015-07-06T23:09:41.829Z", "primary_view": true, "short_definition": "", "active": true, "example": "Current", "schema_name": "action_action_status", "calc_expression": "", "long_definition": "", "readable_name": "Action - Action Status", "element_type": 21, "sort": 20100310, "readable_plural_name": "Actions - Action Statuses", "entity_name": "ActionActionStatus", "modified": "2015-07-06T23:08:25.981Z", "datum_type": 8}}, {"model": "element_type.elementdatumtype", "pk": 35, "fields": {"created": "2015-07-06T23:09:41.829Z", "primary_view": true, "short_definition": "", "active": true, "example": "5", "schema_name": "action_action_effort", "calc_expression": "", "long_definition": "", "readable_name": "Action - Action Effort", "element_type": 22, "sort": 20100320, "readable_plural_name": "Actions - Action Efforts", "entity_name": "ActionActionEffort", "modified": "2015-07-06T23:08:25.981Z", "datum_type": 8}}, {"model": "element_type.elementdatumtype", "pk": 36, "fields": {"created": "2015-07-06T23:09:41.829Z", "primary_view": true, "short_definition": "", "active": true, "example": "So I can be fit and healthy", "schema_name": "principle_description", "calc_expression": "", "long_definition": "", "readable_name": "Principle - Description", "element_type": 2, "sort": 20110120, "readable_plural_name": "Principles - Descriptions", "entity_name": "PrincipleDescription", "modified": "2015-07-06T23:08:25.981Z", "datum_type": 9}}, {"model": "element_type.elementdatumtype", "pk": 37, "fields": {"created": "2015-07-06T23:09:41.829Z", "primary_view": true, "short_definition": "", "active": true, "example": "Need to watch my bench press form", "schema_name": "journal_description", "calc_expression": "", "long_definition": "", "readable_name": "Journal - Description", "element_type": 2, "sort": 20120120, "readable_plural_name": "Journals - Descriptions", "entity_name": "JournalDescription", "modified": "2015-07-06T23:08:25.981Z", "datum_type": 10}}, {"model": "element_type.elementdatumtype", "pk": 38, "fields": {"created": "2015-07-06T23:09:41.829Z", "primary_view": true, "short_definition": "", "active": true, "example": "Actual Schedule", "schema_name": "schedule_name", "calc_expression": "", "long_definition": "", "readable_name": "Schedule - Name", "element_type": 1, "sort": 30100110, "readable_plural_name": "Schedules - Names", "entity_name": "ScheduleName", "modified": "2015-07-06T23:08:25.981Z", "datum_type": 11}}, {"model": "element_type.elementdatumtype", "pk": 39, "fields": {"created": "2015-07-06T23:09:41.829Z", "primary_view": false, "short_definition": null, "active": true, "example": "Actual", "schema_name": "schedule_schedule_type", "calc_expression": "", "long_definition": null, "readable_name": "Schedule - Schedule Type", "element_type": 23, "sort": 30100330, "readable_plural_name": "Schedules - Schedule Types", "entity_name": "ScheduleScheduleType", "modified": "2015-07-06T23:08:25.981Z", "datum_type": 11}}, {"model": "element_type.elementdatumtype", "pk": 40, "fields": {"created": "2015-07-06T23:09:41.829Z", "primary_view": false, "short_definition": null, "active": true, "example": "3/4/2015 1:00:00 PM", "schema_name": "event_beginning_buffer", "calc_expression": "", "long_definition": null, "readable_name": "Event - Beginning Buffer", "element_type": 24, "sort": 30110340, "readable_plural_name": "Events - Beginning Buffers", "entity_name": "EventBeginningBuffer", "modified": "2015-07-06T23:08:25.981Z", "datum_type": 12}}, {"model": "element_type.elementdatumtype", "pk": 41, "fields": {"created": "2015-07-06T23:09:41.829Z", "primary_view": true, "short_definition": "", "active": true, "example": "3/4/2015 1:30:00 PM", "schema_name": "event_beginning_event", "calc_expression": "", "long_definition": "", "readable_name": "Event - Beginning Event", "element_type": 25, "sort": 30110350, "readable_plural_name": "Events - Beginning Events", "entity_name": "EventBeginningEvent", "modified": "2015-07-06T23:08:25.981Z", "datum_type": 12}}, {"model": "element_type.elementdatumtype", "pk": 42, "fields": {"created": "2015-07-06T23:09:41.829Z", "primary_view": true, "short_definition": "", "active": true, "example": "3/4/2015 2:30:00 PM", "schema_name": "event_ending_event", "calc_expression": "", "long_definition": "", "readable_name": "Event - Ending Event", "element_type": 26, "sort": 30110360, "readable_plural_name": "Events - Ending Events", "entity_name": "EventEndingEvent", "modified": "2015-07-06T23:08:25.981Z", "datum_type": 12}}, {"model": "element_type.elementdatumtype", "pk": 43, "fields": {"created": "2015-07-06T23:09:41.829Z", "primary_view": false, "short_definition": null, "active": true, "example": "3/4/2015 3:00:00 PM", "schema_name": "event_ending_buffer", "calc_expression": "", "long_definition": null, "readable_name": "Event - Ending Buffer", "element_type": 27, "sort": 30110370, "readable_plural_name": "Events - Ending Buffers", "entity_name": "EventEndingBuffer", "modified": "2015-07-06T23:08:25.981Z", "datum_type": 12}}, {"model": "element_type.elementdatumtype", "pk": 44, "fields": {"created": "2015-07-06T23:09:41.829Z", "primary_view": false, "short_definition": null, "active": true, "example": "2", "schema_name": "event_event_time", "calc_expression": "", "long_definition": null, "readable_name": "Event - Event Time", "element_type": 28, "sort": 30110380, "readable_plural_name": "Events - Event Times", "entity_name": "EventEventTime", "modified": "2015-07-06T23:08:25.981Z", "datum_type": 12}}, {"model": "element_type.elementdatumtype", "pk": 45, "fields": {"created": "2015-07-06T23:09:41.829Z", "primary_view": false, "short_definition": null, "active": true, "example": "1", "schema_name": "event_total_time", "calc_expression": "", "long_definition": null, "readable_name": "Event - Total Time", "element_type": 29, "sort": 30110390, "readable_plural_name": "Events - Total Times", "entity_name": "EventTotalTime", "modified": "2015-07-06T23:08:25.981Z", "datum_type": 12}}, {"model": "element_type.elementdatumtype", "pk": 46, "fields": {"created": "2015-07-06T23:09:41.829Z", "primary_view": false, "short_definition": null, "active": true, "example": null, "schema_name": "event_recurring_options", "calc_expression": "", "long_definition": null, "readable_name": "Event - Recurring Options", "element_type": 30, "sort": 30110400, "readable_plural_name": "Events - Recurring Optionss", "entity_name": "EventRecurringOptions", "modified": "2015-07-06T23:08:25.981Z", "datum_type": 12}}, {"model": "element_type.elementdatumtype", "pk": 47, "fields": {"created": "2015-07-06T23:09:41.829Z", "primary_view": false, "short_definition": null, "active": true, "example": null, "schema_name": "reminder_recurring_options", "calc_expression": "", "long_definition": null, "readable_name": "Reminder - Recurring Options", "element_type": 30, "sort": 30120400, "readable_plural_name": "Reminders - Recurring Optionss", "entity_name": "ReminderRecurringOptions", "modified": "2015-07-06T23:08:25.981Z", "datum_type": 13}}, {"model": "element_type.elementdatumtype", "pk": 48, "fields": {"created": "2015-07-06T23:09:41.829Z", "primary_view": false, "short_definition": null, "active": true, "example": "5/13/2015 2:30:00 PM", "schema_name": "reminder_alert", "calc_expression": "", "long_definition": null, "readable_name": "Reminder - Alert", "element_type": 31, "sort": 30120410, "readable_plural_name": "Reminders - Alerts", "entity_name": "ReminderAlert", "modified": "2015-07-06T23:08:25.981Z", "datum_type": 13}}, {"model": "element_type.elementdatumtype", "pk": 49, "fields": {"created": "2015-07-06T23:09:41.829Z", "primary_view": false, "short_definition": null, "active": true, "example": "0", "schema_name": "reminder_logged_in", "calc_expression": "", "long_definition": null, "readable_name": "Reminder - Logged In", "element_type": 32, "sort": 30120420, "readable_plural_name": "Reminders - Logged In", "entity_name": "ReminderLoggedIn", "modified": "2015-07-06T23:08:25.981Z", "datum_type": 13}}, {"model": "element_type.elementdatumtype", "pk": 50, "fields": {"created": "2015-07-06T23:09:41.829Z", "primary_view": true, "short_definition": "", "active": true, "example": "How to fix a flat tire", "schema_name": "note_name", "calc_expression": "", "long_definition": "", "readable_name": "Note - Name", "element_type": 1, "sort": 40100110, "readable_plural_name": "Notes - Names", "entity_name": "NoteName", "modified": "2015-07-06T23:08:25.981Z", "datum_type": 14}}, {"model": "element_type.elementdatumtype", "pk": 51, "fields": {"created": "2015-07-06T23:09:41.829Z", "primary_view": false, "short_definition": null, "active": true, "example": "ItemComplete", "schema_name": "note_item_status", "calc_expression": "", "long_definition": null, "readable_name": "Note - Item Status", "element_type": 33, "sort": 40100430, "readable_plural_name": "Notes - Item Statuses", "entity_name": "NoteItemStatus", "modified": "2015-07-06T23:08:25.981Z", "datum_type": 14}}, {"model": "element_type.elementdatumtype", "pk": 52, "fields": {"created": "2015-07-06T23:09:41.829Z", "primary_view": false, "short_definition": null, "active": true, "example": "<h1>Fix a flat tire</h1><br><p>Step 1</p>", "schema_name": "note_item_content", "calc_expression": "", "long_definition": null, "readable_name": "Note - Item Content", "element_type": 34, "sort": 40100440, "readable_plural_name": "Notes - Item Contents", "entity_name": "NoteItemContent", "modified": "2015-07-06T23:08:25.981Z", "datum_type": 14}}, {"model": "element_type.elementdatumtype", "pk": 53, "fields": {"created": "2015-07-06T23:09:41.829Z", "primary_view": false, "short_definition": null, "active": true, "example": null, "schema_name": "note_link", "calc_expression": "", "long_definition": null, "readable_name": "Note - Link", "element_type": 37, "sort": 40100470, "readable_plural_name": "Notes - Links", "entity_name": "NoteLink", "modified": "2015-07-06T23:08:25.981Z", "datum_type": 14}}, {"model": "element_type.elementdatumtype", "pk": 54, "fields": {"created": "2015-07-06T23:09:41.829Z", "primary_view": true, "short_definition": "", "active": true, "example": "", "schema_name": "file_name", "calc_expression": "", "long_definition": "", "readable_name": "File - Name", "element_type": 1, "sort": 40110110, "readable_plural_name": "Files - Names", "entity_name": "FileName", "modified": "2015-07-06T23:08:25.981Z", "datum_type": 15}}, {"model": "element_type.elementdatumtype", "pk": 55, "fields": {"created": "2015-07-06T23:09:41.829Z", "primary_view": false, "short_definition": null, "active": true, "example": null, "schema_name": "file_description", "calc_expression": "", "long_definition": null, "readable_name": "File - Description", "element_type": 2, "sort": 40110120, "readable_plural_name": "Files - Descriptions", "entity_name": "FileDescription", "modified": "2015-07-06T23:08:25.981Z", "datum_type": 15}}, {"model": "element_type.elementdatumtype", "pk": 56, "fields": {"created": "2015-07-06T23:09:41.829Z", "primary_view": false, "short_definition": null, "active": true, "example": "ItemStart", "schema_name": "file_item_status", "calc_expression": "", "long_definition": null, "readable_name": "File - Item Status", "element_type": 33, "sort": 40110430, "readable_plural_name": "Files - Item Statuses", "entity_name": "FileItemStatus", "modified": "2015-07-06T23:08:25.981Z", "datum_type": 15}}, {"model": "element_type.elementdatumtype", "pk": 57, "fields": {"created": "2015-07-06T23:09:41.829Z", "primary_view": true, "short_definition": "", "active": true, "example": "", "schema_name": "file_link", "calc_expression": "", "long_definition": "", "readable_name": "File - Link", "element_type": 37, "sort": 40110470, "readable_plural_name": "Files - Links", "entity_name": "FileLink", "modified": "2015-07-06T23:08:25.981Z", "datum_type": 15}}, {"model": "element_type.elementdatumtype", "pk": 58, "fields": {"created": "2015-07-06T23:09:41.829Z", "primary_view": false, "short_definition": "", "active": true, "example": "", "schema_name": "file_attachment", "calc_expression": "", "long_definition": "", "readable_name": "File - Attachment", "element_type": 38, "sort": 40110480, "readable_plural_name": "Files - Attachments", "entity_name": "FileAttachment", "modified": "2015-07-06T23:08:25.981Z", "datum_type": 15}}, {"model": "element_type.elementdatumtype", "pk": 59, "fields": {"created": "2015-07-06T23:09:41.829Z", "primary_view": false, "short_definition": null, "active": true, "example": null, "schema_name": "file_creation_date", "calc_expression": "", "long_definition": null, "readable_name": "File - Creation Date", "element_type": 39, "sort": 40110490, "readable_plural_name": "Files - Creation Dates", "entity_name": "FileCreationDate", "modified": "2015-07-06T23:08:25.981Z", "datum_type": 15}}, {"model": "element_type.elementdatumtype", "pk": 60, "fields": {"created": "2015-07-06T23:09:41.829Z", "primary_view": false, "short_definition": null, "active": true, "example": null, "schema_name": "file_modification_date", "calc_expression": "", "long_definition": null, "readable_name": "File - Modification Date", "element_type": 40, "sort": 40110500, "readable_plural_name": "Files - Modification Dates", "entity_name": "FileModificationDate", "modified": "2015-07-06T23:08:25.981Z", "datum_type": 15}}, {"model": "element_type.elementdatumtype", "pk": 61, "fields": {"created": "2015-07-06T23:09:41.829Z", "primary_view": true, "short_definition": "", "active": true, "example": "", "schema_name": "directory_name", "calc_expression": "", "long_definition": "", "readable_name": "Directory - Name", "element_type": 1, "sort": 40120110, "readable_plural_name": "Directories - Names", "entity_name": "DirectoryName", "modified": "2015-07-06T23:08:25.981Z", "datum_type": 16}}, {"model": "element_type.elementdatumtype", "pk": 62, "fields": {"created": "2015-07-06T23:09:41.829Z", "primary_view": false, "short_definition": null, "active": true, "example": null, "schema_name": "directory_description", "calc_expression": "", "long_definition": null, "readable_name": "Directory - Description", "element_type": 2, "sort": 40120120, "readable_plural_name": "Directories - Descriptions", "entity_name": "DirectoryDescription", "modified": "2015-07-06T23:08:25.981Z", "datum_type": 16}}, {"model": "element_type.elementdatumtype", "pk": 63, "fields": {"created": "2015-07-06T23:09:41.829Z", "primary_view": false, "short_definition": null, "active": true, "example": "ItemComplete", "schema_name": "directory_item_status", "calc_expression": "", "long_definition": null, "readable_name": "Directory - Item Status", "element_type": 33, "sort": 40120430, "readable_plural_name": "Directories - Item Statuses", "entity_name": "DirectoryItemStatus", "modified": "2015-07-06T23:08:25.981Z", "datum_type": 16}}, {"model": "element_type.elementdatumtype", "pk": 64, "fields": {"created": "2015-07-06T23:09:41.829Z", "primary_view": true, "short_definition": "", "active": true, "example": "", "schema_name": "directory_link", "calc_expression": "", "long_definition": "", "readable_name": "Directory - Link", "element_type": 37, "sort": 40120470, "readable_plural_name": "Directories - Links", "entity_name": "DirectoryLink", "modified": "2015-07-06T23:08:25.981Z", "datum_type": 16}}, {"model": "element_type.elementdatumtype", "pk": 65, "fields": {"created": "2015-07-06T23:09:41.829Z", "primary_view": false, "short_definition": null, "active": true, "example": null, "schema_name": "directory_creation_date", "calc_expression": "", "long_definition": null, "readable_name": "Directory - Creation Date", "element_type": 39, "sort": 40120490, "readable_plural_name": "Directories - Creation Dates", "entity_name": "DirectoryCreationDate", "modified": "2015-07-06T23:08:25.981Z", "datum_type": 16}}, {"model": "element_type.elementdatumtype", "pk": 66, "fields": {"created": "2015-07-06T23:09:41.829Z", "primary_view": false, "short_definition": null, "active": true, "example": null, "schema_name": "directory_modification_date", "calc_expression": "", "long_definition": null, "readable_name": "Directory - Modification Date", "element_type": 40, "sort": 40120500, "readable_plural_name": "Directories - Modification Dates", "entity_name": "DirectoryModificationDate", "modified": "2015-07-06T23:08:25.981Z", "datum_type": 16}}, {"model": "element_type.elementdatumtype", "pk": 67, "fields": {"created": "2015-07-06T23:09:41.829Z", "primary_view": true, "short_definition": "", "active": true, "example": "", "schema_name": "webpage_name", "calc_expression": "", "long_definition": "", "readable_name": "Webpage - Name", "element_type": 1, "sort": 40130110, "readable_plural_name": "Webpages - Names", "entity_name": "WebpageName", "modified": "2015-07-06T23:08:25.981Z", "datum_type": 17}}, {"model": "element_type.elementdatumtype", "pk": 68, "fields": {"created": "2015-07-06T23:09:41.829Z", "primary_view": false, "short_definition": null, "active": true, "example": null, "schema_name": "webpage_description", "calc_expression": "", "long_definition": null, "readable_name": "Webpage - Description", "element_type": 2, "sort": 40130120, "readable_plural_name": "Webpages - Descriptions", "entity_name": "WebpageDescription", "modified": "2015-07-06T23:08:25.981Z", "datum_type": 17}}, {"model": "element_type.elementdatumtype", "pk": 69, "fields": {"created": "2015-07-06T23:09:41.829Z", "primary_view": false, "short_definition": null, "active": true, "example": "ItemNew", "schema_name": "webpage_item_status", "calc_expression": "", "long_definition": null, "readable_name": "Webpage - Item Status", "element_type": 33, "sort": 40130430, "readable_plural_name": "Webpages - Item Statuses", "entity_name": "WebpageItemStatus", "modified": "2015-07-06T23:08:25.981Z", "datum_type": 17}}, {"model": "element_type.elementdatumtype", "pk": 70, "fields": {"created": "2015-07-06T23:09:41.829Z", "primary_view": true, "short_definition": "", "active": true, "example": "", "schema_name": "webpage_link", "calc_expression": "", "long_definition": "", "readable_name": "Webpage - Link", "element_type": 37, "sort": 40130470, "readable_plural_name": "Webpages - Links", "entity_name": "WebpageLink", "modified": "2015-07-06T23:08:25.981Z", "datum_type": 17}}, {"model": "element_type.elementdatumtype", "pk": 71, "fields": {"created": "2015-07-06T23:09:41.829Z", "primary_view": false, "short_definition": null, "active": true, "example": null, "schema_name": "message_name", "calc_expression": "", "long_definition": null, "readable_name": "Message - Name", "element_type": 1, "sort": 40140110, "readable_plural_name": "Messages - Names", "entity_name": "MessageName", "modified": "2015-07-06T23:08:25.981Z", "datum_type": 18}}, {"model": "element_type.elementdatumtype", "pk": 72, "fields": {"created": "2015-07-06T23:09:41.829Z", "primary_view": false, "short_definition": null, "active": true, "example": null, "schema_name": "message_item_content", "calc_expression": "", "long_definition": null, "readable_name": "Message - Item Content", "element_type": 34, "sort": 40140440, "readable_plural_name": "Messages - Item Contents", "entity_name": "MessageItemContent", "modified": "2015-07-06T23:08:25.981Z", "datum_type": 18}}, {"model": "element_type.elementdatumtype", "pk": 73, "fields": {"created": "2015-07-06T23:09:41.829Z", "primary_view": true, "short_definition": "", "active": true, "example": "", "schema_name": "message_from", "calc_expression": "", "long_definition": "", "readable_name": "Message - From", "element_type": 35, "sort": 40140450, "readable_plural_name": "Messages - Froms", "entity_name": "MessageFrom", "modified": "2015-07-06T23:08:25.981Z", "datum_type": 18}}, {"model": "element_type.elementdatumtype", "pk": 74, "fields": {"created": "2015-07-06T23:09:41.829Z", "primary_view": true, "short_definition": "", "active": true, "example": "", "schema_name": "message_to", "calc_expression": "", "long_definition": "", "readable_name": "Message - To", "element_type": 36, "sort": 40140460, "readable_plural_name": "Messages - Tos", "entity_name": "MessageTo", "modified": "2015-07-06T23:08:25.981Z", "datum_type": 18}}, {"model": "element_type.elementdatumtype", "pk": 75, "fields": {"created": "2015-07-06T23:09:41.829Z", "primary_view": false, "short_definition": null, "active": true, "example": null, "schema_name": "message_creation_date", "calc_expression": "", "long_definition": null, "readable_name": "Message - Creation Date", "element_type": 39, "sort": 40140490, "readable_plural_name": "Messages - Creation Dates", "entity_name": "MessageCreationDate", "modified": "2015-07-06T23:08:25.981Z", "datum_type": 18}}, {"model": "element_type.elementdatumtype", "pk": 76, "fields": {"created": "2015-07-06T23:09:41.829Z", "primary_view": true, "short_definition": "", "active": true, "example": "", "schema_name": "post_name", "calc_expression": "", "long_definition": "", "readable_name": "Post - Name", "element_type": 1, "sort": 40150110, "readable_plural_name": "Posts - Names", "entity_name": "PostName", "modified": "2015-07-06T23:08:25.981Z", "datum_type": 19}}, {"model": "element_type.elementdatumtype", "pk": 77, "fields": {"created": "2015-07-06T23:09:41.829Z", "primary_view": false, "short_definition": null, "active": true, "example": null, "schema_name": "post_description", "calc_expression": "", "long_definition": null, "readable_name": "Post - Description", "element_type": 2, "sort": 40150120, "readable_plural_name": "Posts - Descriptions", "entity_name": "PostDescription", "modified": "2015-07-06T23:08:25.981Z", "datum_type": 19}}, {"model": "element_type.elementdatumtype", "pk": 78, "fields": {"created": "2015-07-06T23:09:41.829Z", "primary_view": false, "short_definition": null, "active": true, "example": null, "schema_name": "post_item_status", "calc_expression": "", "long_definition": null, "readable_name": "Post - Item Status", "element_type": 33, "sort": 40150430, "readable_plural_name": "Posts - Item Statuses", "entity_name": "PostItemStatus", "modified": "2015-07-06T23:08:25.981Z", "datum_type": 19}}, {"model": "element_type.elementdatumtype", "pk": 79, "fields": {"created": "2015-07-06T23:09:41.829Z", "primary_view": false, "short_definition": null, "active": true, "example": null, "schema_name": "post_item_content", "calc_expression": "", "long_definition": null, "readable_name": "Post - Item Content", "element_type": 34, "sort": 40150440, "readable_plural_name": "Posts - Item Contents", "entity_name": "PostItemContent", "modified": "2015-07-06T23:08:25.981Z", "datum_type": 19}}, {"model": "element_type.elementdatumtype", "pk": 80, "fields": {"created": "2015-07-06T23:09:41.829Z", "primary_view": true, "short_definition": "", "active": true, "example": "", "schema_name": "post_link", "calc_expression": "", "long_definition": "", "readable_name": "Post - Link", "element_type": 37, "sort": 40150470, "readable_plural_name": "Posts - Links", "entity_name": "PostLink", "modified": "2015-07-06T23:08:25.981Z", "datum_type": 19}}, {"model": "element_type.elementdatumtype", "pk": 81, "fields": {"created": "2015-07-06T23:09:41.829Z", "primary_view": false, "short_definition": null, "active": true, "example": null, "schema_name": "post_creation_date", "calc_expression": "", "long_definition": null, "readable_name": "Post - Creation Date", "element_type": 39, "sort": 40150490, "readable_plural_name": "Posts - Creation Dates", "entity_name": "PostCreationDate", "modified": "2015-07-06T23:08:25.981Z", "datum_type": 19}}, {"model": "element_type.elementdatumtype", "pk": 83, "fields": {"created": "2015-07-06T23:09:41.829Z", "primary_view": false, "short_definition": null, "active": true, "example": null, "schema_name": "message_item_status", "calc_expression": "", "long_definition": null, "readable_name": "Message - Item Status", "element_type": 33, "sort": 40140430, "readable_plural_name": "Messages - Item Statuses", "entity_name": "MessageItemStatus", "modified": "2015-07-06T23:08:25.981Z", "datum_type": 18}}, {"model": "element_type.elementdatumobject", "pk": 1, "fields": {"created": "2015-07-06T23:09:41.568Z", "active": true, "sort": 101001110, "datum_object": 1, "modified": "2015-07-06T23:08:24.415Z", "element_type": 1}}, {"model": "element_type.elementdatumobject", "pk": 2, "fields": {"created": "2015-07-06T23:09:41.568Z", "active": true, "sort": 101001120, "datum_object": 1, "modified": "2015-07-06T23:08:24.415Z", "element_type": 2}}, {"model": "element_type.elementdatumobject", "pk": 3, "fields": {"created": "2015-07-06T23:09:41.568Z", "active": true, "sort": 101101110, "datum_object": 2, "modified": "2015-07-06T23:08:24.415Z", "element_type": 1}}, {"model": "element_type.elementdatumobject", "pk": 4, "fields": {"created": "2015-07-06T23:09:41.568Z", "active": true, "sort": 101101120, "datum_object": 2, "modified": "2015-07-06T23:08:24.415Z", "element_type": 2}}, {"model": "element_type.elementdatumobject", "pk": 5, "fields": {"created": "2015-07-06T23:09:41.568Z", "active": true, "sort": 101002110, "datum_object": 3, "modified": "2015-07-06T23:08:24.415Z", "element_type": 1}}, {"model": "element_type.elementdatumobject", "pk": 6, "fields": {"created": "2015-07-06T23:09:41.568Z", "active": true, "sort": 101002120, "datum_object": 3, "modified": "2015-07-06T23:08:24.415Z", "element_type": 2}}, {"model": "element_type.elementdatumobject", "pk": 18, "fields": {"created": "2015-07-06T23:09:41.568Z", "active": true, "sort": 101401110, "datum_object": 6, "modified": "2015-07-06T23:08:24.415Z", "element_type": 1}}, {"model": "element_type.elementdatumobject", "pk": 19, "fields": {"created": "2015-07-06T23:09:41.568Z", "active": true, "sort": 101401120, "datum_object": 6, "modified": "2015-07-06T23:08:24.415Z", "element_type": 2}}, {"model": "element_type.elementdatumobject", "pk": 20, "fields": {"created": "2015-07-06T23:09:41.568Z", "active": true, "sort": 101401170, "datum_object": 6, "modified": "2015-07-06T23:08:24.415Z", "element_type": 7}}, {"model": "element_type.elementdatumobject", "pk": 21, "fields": {"created": "2015-07-06T23:09:41.568Z", "active": true, "sort": 101501110, "datum_object": 7, "modified": "2015-07-06T23:08:24.415Z", "element_type": 1}}, {"model": "element_type.elementdatumobject", "pk": 22, "fields": {"created": "2015-07-06T23:09:41.568Z", "active": true, "sort": 101501120, "datum_object": 7, "modified": "2015-07-06T23:08:24.415Z", "element_type": 2}}, {"model": "element_type.elementdatumobject", "pk": 23, "fields": {"created": "2015-07-06T23:09:41.568Z", "active": true, "sort": 101501180, "datum_object": 7, "modified": "2015-07-06T23:08:24.415Z", "element_type": 8}}, {"model": "element_type.elementdatumobject", "pk": 24, "fields": {"created": "2015-07-06T23:09:41.568Z", "active": true, "sort": 101501190, "datum_object": 7, "modified": "2015-07-06T23:08:24.415Z", "element_type": 9}}, {"model": "element_type.elementdatumobject", "pk": 25, "fields": {"created": "2015-07-06T23:09:41.568Z", "active": true, "sort": 101501200, "datum_object": 7, "modified": "2015-07-06T23:08:24.415Z", "element_type": 10}}, {"model": "element_type.elementdatumobject", "pk": 26, "fields": {"created": "2015-07-06T23:09:41.568Z", "active": true, "sort": 101501210, "datum_object": 7, "modified": "2015-07-06T23:08:24.415Z", "element_type": 11}}, {"model": "element_type.elementdatumobject", "pk": 27, "fields": {"created": "2015-07-06T23:09:41.568Z", "active": true, "sort": 101501220, "datum_object": 7, "modified": "2015-07-06T23:08:24.415Z", "element_type": 12}}, {"model": "element_type.elementdatumobject", "pk": 28, "fields": {"created": "2015-07-06T23:09:41.568Z", "active": true, "sort": 101501230, "datum_object": 7, "modified": "2015-07-06T23:08:24.415Z", "element_type": 13}}, {"model": "element_type.elementdatumobject", "pk": 29, "fields": {"created": "2015-07-06T23:09:41.568Z", "active": true, "sort": 101501240, "datum_object": 7, "modified": "2015-07-06T23:08:24.415Z", "element_type": 14}}, {"model": "element_type.elementdatumobject", "pk": 30, "fields": {"created": "2015-07-06T23:09:41.568Z", "active": true, "sort": 101003110, "datum_object": 8, "modified": "2015-07-06T23:08:24.415Z", "element_type": 1}}, {"model": "element_type.elementdatumobject", "pk": 31, "fields": {"created": "2015-07-06T23:09:41.568Z", "active": true, "sort": 101003120, "datum_object": 8, "modified": "2015-07-06T23:08:24.415Z", "element_type": 2}}, {"model": "element_type.elementdatumobject", "pk": 32, "fields": {"created": "2015-07-06T23:09:41.568Z", "active": true, "sort": 101301110, "datum_object": 9, "modified": "2015-07-06T23:08:24.415Z", "element_type": 1}}, {"model": "element_type.elementdatumobject", "pk": 33, "fields": {"created": "2015-07-06T23:09:41.568Z", "active": true, "sort": 101301120, "datum_object": 9, "modified": "2015-07-06T23:08:24.415Z", "element_type": 2}}, {"model": "element_type.elementdatumobject", "pk": 34, "fields": {"created": "2015-07-06T23:09:41.568Z", "active": true, "sort": 101301130, "datum_object": 9, "modified": "2015-07-06T23:08:24.415Z", "element_type": 3}}, {"model": "element_type.elementdatumobject", "pk": 35, "fields": {"created": "2015-07-06T23:09:41.568Z", "active": true, "sort": 101301140, "datum_object": 9, "modified": "2015-07-06T23:08:24.415Z", "element_type": 4}}, {"model": "element_type.elementdatumobject", "pk": 36, "fields": {"created": "2015-07-06T23:09:41.568Z", "active": true, "sort": 101301150, "datum_object": 9, "modified": "2015-07-06T23:08:24.415Z", "element_type": 5}}, {"model": "element_type.elementdatumobject", "pk": 37, "fields": {"created": "2015-07-06T23:09:41.568Z", "active": true, "sort": 101301160, "datum_object": 9, "modified": "2015-07-06T23:08:24.415Z", "element_type": 6}}, {"model": "element_type.elementdatumobject", "pk": 38, "fields": {"created": "2015-07-06T23:09:41.568Z", "active": true, "sort": 101004110, "datum_object": 10, "modified": "2015-07-06T23:08:24.415Z", "element_type": 1}}, {"model": "element_type.elementdatumobject", "pk": 39, "fields": {"created": "2015-07-06T23:09:41.568Z", "active": true, "sort": 101004120, "datum_object": 10, "modified": "2015-07-06T23:08:24.415Z", "element_type": 2}}, {"model": "element_type.elementdatumobject", "pk": 40, "fields": {"created": "2015-07-06T23:09:41.568Z", "active": true, "sort": 101601110, "datum_object": 11, "modified": "2015-07-06T23:08:24.415Z", "element_type": 1}}, {"model": "element_type.elementdatumobject", "pk": 41, "fields": {"created": "2015-07-06T23:09:41.568Z", "active": true, "sort": 101601120, "datum_object": 11, "modified": "2015-07-06T23:08:24.415Z", "element_type": 2}}, {"model": "element_type.elementdatumobject", "pk": 42, "fields": {"created": "2015-07-06T23:09:41.568Z", "active": true, "sort": 101601250, "datum_object": 11, "modified": "2015-07-06T23:08:24.415Z", "element_type": 15}}, {"model": "element_type.elementdatumobject", "pk": 43, "fields": {"created": "2015-07-06T23:09:41.568Z", "active": true, "sort": 101601260, "datum_object": 11, "modified": "2015-07-06T23:08:24.415Z", "element_type": 16}}, {"model": "element_type.elementdatumobject", "pk": 44, "fields": {"created": "2015-07-06T23:09:41.568Z", "active": true, "sort": 101601270, "datum_object": 11, "modified": "2015-07-06T23:08:24.415Z", "element_type": 17}}, {"model": "element_type.elementdatumobject", "pk": 45, "fields": {"created": "2015-07-06T23:09:41.568Z", "active": true, "sort": 101601280, "datum_object": 11, "modified": "2015-07-06T23:08:24.415Z", "element_type": 18}}, {"model": "element_type.elementdatumobject", "pk": 46, "fields": {"created": "2015-07-06T23:09:41.568Z", "active": true, "sort": 101601290, "datum_object": 11, "modified": "2015-07-06T23:08:24.415Z", "element_type": 19}}, {"model": "element_type.elementdatumobject", "pk": 47, "fields": {"created": "2015-07-06T23:09:41.568Z", "active": true, "sort": 101601300, "datum_object": 11, "modified": "2015-07-06T23:08:24.415Z", "element_type": 20}}, {"model": "element_type.elementdatumobject", "pk": 48, "fields": {"created": "2015-07-06T23:09:41.568Z", "active": true, "sort": 201001120, "datum_object": 12, "modified": "2015-07-06T23:08:24.415Z", "element_type": 2}}, {"model": "element_type.elementdatumobject", "pk": 49, "fields": {"created": "2015-07-06T23:09:41.568Z", "active": true, "sort": 201001310, "datum_object": 12, "modified": "2015-07-06T23:08:24.415Z", "element_type": 21}}, {"model": "element_type.elementdatumobject", "pk": 50, "fields": {"created": "2015-07-06T23:09:41.568Z", "active": true, "sort": 201001320, "datum_object": 12, "modified": "2015-07-06T23:08:24.415Z", "element_type": 22}}, {"model": "element_type.elementdatumobject", "pk": 51, "fields": {"created": "2015-07-06T23:09:41.568Z", "active": true, "sort": 201002120, "datum_object": 13, "modified": "2015-07-06T23:08:24.415Z", "element_type": 2}}, {"model": "element_type.elementdatumobject", "pk": 52, "fields": {"created": "2015-07-06T23:09:41.568Z", "active": true, "sort": 201002310, "datum_object": 13, "modified": "2015-07-06T23:08:24.415Z", "element_type": 21}}, {"model": "element_type.elementdatumobject", "pk": 53, "fields": {"created": "2015-07-06T23:09:41.568Z", "active": true, "sort": 201002320, "datum_object": 13, "modified": "2015-07-06T23:08:24.415Z", "element_type": 22}}, {"model": "element_type.elementdatumobject", "pk": 54, "fields": {"created": "2015-07-06T23:09:41.568Z", "active": true, "sort": 301101340, "datum_object": 14, "modified": "2015-07-06T23:08:24.415Z", "element_type": 24}}, {"model": "element_type.elementdatumobject", "pk": 55, "fields": {"created": "2015-07-06T23:09:41.568Z", "active": true, "sort": 301101350, "datum_object": 14, "modified": "2015-07-06T23:08:24.415Z", "element_type": 25}}, {"model": "element_type.elementdatumobject", "pk": 56, "fields": {"created": "2015-07-06T23:09:41.568Z", "active": true, "sort": 301101360, "datum_object": 14, "modified": "2015-07-06T23:08:24.415Z", "element_type": 26}}, {"model": "element_type.elementdatumobject", "pk": 57, "fields": {"created": "2015-07-06T23:09:41.568Z", "active": true, "sort": 301101370, "datum_object": 14, "modified": "2015-07-06T23:08:24.415Z", "element_type": 27}}, {"model": "element_type.elementdatumobject", "pk": 58, "fields": {"created": "2015-07-06T23:09:41.568Z", "active": true, "sort": 301101380, "datum_object": 14, "modified": "2015-07-06T23:08:24.415Z", "element_type": 28}}, {"model": "element_type.elementdatumobject", "pk": 59, "fields": {"created": "2015-07-06T23:09:41.568Z", "active": true, "sort": 301101390, "datum_object": 14, "modified": "2015-07-06T23:08:24.415Z", "element_type": 29}}, {"model": "element_type.elementdatumobject", "pk": 60, "fields": {"created": "2015-07-06T23:09:41.568Z", "active": true, "sort": 301101400, "datum_object": 14, "modified": "2015-07-06T23:08:24.415Z", "element_type": 30}}, {"model": "element_type.elementdatumobject", "pk": 61, "fields": {"created": "2015-07-06T23:09:41.568Z", "active": true, "sort": 201003120, "datum_object": 15, "modified": "2015-07-06T23:08:24.415Z", "element_type": 2}}, {"model": "element_type.elementdatumobject", "pk": 62, "fields": {"created": "2015-07-06T23:09:41.568Z", "active": true, "sort": 201003310, "datum_object": 15, "modified": "2015-07-06T23:08:24.415Z", "element_type": 21}}, {"model": "element_type.elementdatumobject", "pk": 63, "fields": {"created": "2015-07-06T23:09:41.568Z", "active": true, "sort": 201003320, "datum_object": 15, "modified": "2015-07-06T23:08:24.415Z", "element_type": 22}}, {"model": "element_type.elementdatumobject", "pk": 64, "fields": {"created": "2015-07-06T23:09:41.568Z", "active": true, "sort": 101201110, "datum_object": 16, "modified": "2015-07-06T23:08:24.415Z", "element_type": 1}}, {"model": "element_type.elementdatumobject", "pk": 65, "fields": {"created": "2015-07-06T23:09:41.568Z", "active": true, "sort": 101201120, "datum_object": 16, "modified": "2015-07-06T23:08:24.415Z", "element_type": 2}}, {"model": "element_type.elementdatumobject", "pk": 66, "fields": {"created": "2015-07-06T23:09:41.568Z", "active": true, "sort": 101202110, "datum_object": 17, "modified": "2015-07-06T23:08:24.415Z", "element_type": 1}}, {"model": "element_type.elementdatumobject", "pk": 67, "fields": {"created": "2015-07-06T23:09:41.568Z", "active": true, "sort": 101202120, "datum_object": 17, "modified": "2015-07-06T23:08:24.415Z", "element_type": 2}}, {"model": "element_type.elementdatumobject", "pk": 68, "fields": {"created": "2015-07-06T23:09:41.568Z", "active": true, "sort": 101203110, "datum_object": 18, "modified": "2015-07-06T23:08:24.415Z", "element_type": 1}}, {"model": "element_type.elementdatumobject", "pk": 69, "fields": {"created": "2015-07-06T23:09:41.568Z", "active": true, "sort": 101203120, "datum_object": 18, "modified": "2015-07-06T23:08:24.415Z", "element_type": 2}}, {"model": "element_type.elementdatumobject", "pk": 70, "fields": {"created": "2015-07-06T23:09:41.568Z", "active": true, "sort": 301001110, "datum_object": 19, "modified": "2015-07-06T23:08:24.415Z", "element_type": 1}}, {"model": "element_type.elementdatumobject", "pk": 71, "fields": {"created": "2015-07-06T23:09:41.568Z", "active": true, "sort": 301001330, "datum_object": 19, "modified": "2015-07-06T23:08:24.415Z", "element_type": 23}}, {"model": "element_type.elementdatumobject", "pk": 72, "fields": {"created": "2015-07-06T23:09:41.568Z", "active": true, "sort": 401301110, "datum_object": 20, "modified": "2015-07-06T23:08:24.415Z", "element_type": 1}}, {"model": "element_type.elementdatumobject", "pk": 73, "fields": {"created": "2015-07-06T23:09:41.568Z", "active": true, "sort": 401301120, "datum_object": 20, "modified": "2015-07-06T23:08:24.415Z", "element_type": 2}}, {"model": "element_type.elementdatumobject", "pk": 74, "fields": {"created": "2015-07-06T23:09:41.568Z", "active": true, "sort": 401301430, "datum_object": 20, "modified": "2015-07-06T23:08:24.415Z", "element_type": 33}}, {"model": "element_type.elementdatumobject", "pk": 75, "fields": {"created": "2015-07-06T23:09:41.568Z", "active": true, "sort": 401301470, "datum_object": 20, "modified": "2015-07-06T23:08:24.415Z", "element_type": 37}}, {"model": "element_type.elementdatumobject", "pk": 76, "fields": {"created": "2015-07-06T23:09:41.568Z", "active": true, "sort": 101005110, "datum_object": 21, "modified": "2015-07-06T23:08:24.415Z", "element_type": 1}}, {"model": "element_type.elementdatumobject", "pk": 77, "fields": {"created": "2015-07-06T23:09:41.568Z", "active": true, "sort": 101005120, "datum_object": 21, "modified": "2015-07-06T23:08:24.415Z", "element_type": 2}}, {"model": "element_type.elementdatumobject", "pk": 78, "fields": {"created": "2015-07-06T23:09:41.568Z", "active": true, "sort": 101006110, "datum_object": 22, "modified": "2015-07-06T23:08:24.415Z", "element_type": 1}}, {"model": "element_type.elementdatumobject", "pk": 79, "fields": {"created": "2015-07-06T23:09:41.568Z", "active": true, "sort": 101006120, "datum_object": 22, "modified": "2015-07-06T23:08:24.415Z", "element_type": 2}}, {"model": "element_type.elementdatumobject", "pk": 80, "fields": {"created": "2015-07-06T23:09:41.568Z", "active": true, "sort": 401302110, "datum_object": 23, "modified": "2015-07-06T23:08:24.415Z", "element_type": 1}}, {"model": "element_type.elementdatumobject", "pk": 81, "fields": {"created": "2015-07-06T23:09:41.568Z", "active": true, "sort": 401302120, "datum_object": 23, "modified": "2015-07-06T23:08:24.415Z", "element_type": 2}}, {"model": "element_type.elementdatumobject", "pk": 82, "fields": {"created": "2015-07-06T23:09:41.568Z", "active": true, "sort": 401302430, "datum_object": 23, "modified": "2015-07-06T23:08:24.415Z", "element_type": 33}}, {"model": "element_type.elementdatumobject", "pk": 83, "fields": {"created": "2015-07-06T23:09:41.568Z", "active": true, "sort": 401302470, "datum_object": 23, "modified": "2015-07-06T23:08:24.415Z", "element_type": 37}}, {"model": "element_type.elementdatumobject", "pk": 91, "fields": {"created": "2015-07-06T23:09:41.568Z", "active": true, "sort": 401101110, "datum_object": 25, "modified": "2015-07-06T23:08:24.415Z", "element_type": 1}}, {"model": "element_type.elementdatumobject", "pk": 92, "fields": {"created": "2015-07-06T23:09:41.568Z", "active": true, "sort": 401101120, "datum_object": 25, "modified": "2015-07-06T23:08:24.415Z", "element_type": 2}}, {"model": "element_type.elementdatumobject", "pk": 93, "fields": {"created": "2015-07-06T23:09:41.568Z", "active": true, "sort": 401101430, "datum_object": 25, "modified": "2015-07-06T23:08:24.415Z", "element_type": 33}}, {"model": "element_type.elementdatumobject", "pk": 94, "fields": {"created": "2015-07-06T23:09:41.568Z", "active": true, "sort": 401101470, "datum_object": 25, "modified": "2015-07-06T23:08:24.415Z", "element_type": 37}}, {"model": "element_type.elementdatumobject", "pk": 95, "fields": {"created": "2015-07-06T23:09:41.568Z", "active": true, "sort": 401101480, "datum_object": 25, "modified": "2015-07-06T23:08:24.415Z", "element_type": 38}}, {"model": "element_type.elementdatumobject", "pk": 96, "fields": {"created": "2015-07-06T23:09:41.568Z", "active": true, "sort": 401101490, "datum_object": 25, "modified": "2015-07-06T23:08:24.415Z", "element_type": 39}}, {"model": "element_type.elementdatumobject", "pk": 97, "fields": {"created": "2015-07-06T23:09:41.568Z", "active": true, "sort": 401101500, "datum_object": 25, "modified": "2015-07-06T23:08:24.415Z", "element_type": 40}}, {"model": "element_value.elementvaluestring", "pk": 1, "fields": {"elvalue": "Software", "created": "2015-07-06T23:09:47.869Z", "element_datum_object": 1, "active": true, "sort": 101001110, "modified": "2015-07-06T23:08:38.980Z", "element_option": null}}, {"model": "element_value.elementvaluestring", "pk": 2, "fields": {"elvalue": "Ones and Zeroes", "created": "2015-07-06T23:09:47.869Z", "element_datum_object": 2, "active": true, "sort": 101001120, "modified": "2015-07-06T23:08:38.980Z", "element_option": null}}, {"model": "element_value.elementvaluestring", "pk": 3, "fields": {"elvalue": "Tracuse App", "created": "2015-07-06T23:09:47.869Z", "element_datum_object": 3, "active": true, "sort": 101101110, "modified": "2015-07-06T23:08:38.980Z", "element_option": null}}, {"model": "element_value.elementvaluestring", "pk": 4, "fields": {"elvalue": "", "created": "2015-07-06T23:09:47.869Z", "element_datum_object": 4, "active": true, "sort": 101101120, "modified": "2015-07-06T23:08:38.980Z", "element_option": null}}, {"model": "element_value.elementvaluestring", "pk": 5, "fields": {"elvalue": "Python", "created": "2015-07-06T23:09:47.869Z", "element_datum_object": 5, "active": true, "sort": 101002110, "modified": "2015-07-06T23:08:38.980Z", "element_option": null}}, {"model": "element_value.elementvaluestring", "pk": 6, "fields": {"elvalue": "Best language ever", "created": "2015-07-06T23:09:47.869Z", "element_datum_object": 6, "active": true, "sort": 101002120, "modified": "2015-07-06T23:08:38.980Z", "element_option": null}}, {"model": "element_value.elementvaluestring", "pk": 16, "fields": {"elvalue": "PDX Code Guild", "created": "2015-07-06T23:09:47.869Z", "element_datum_object": 18, "active": true, "sort": 101401110, "modified": "2015-07-06T23:08:38.980Z", "element_option": null}}, {"model": "element_value.elementvaluestring", "pk": 17, "fields": {"elvalue": "", "created": "2015-07-06T23:09:47.869Z", "element_datum_object": 19, "active": true, "sort": 101401120, "modified": "2015-07-06T23:08:38.980Z", "element_option": null}}, {"model": "element_value.elementvaluestring", "pk": 18, "fields": {"elvalue": "Education", "created": "2015-07-06T23:09:47.869Z", "element_datum_object": 20, "active": true, "sort": 101401170, "modified": "2015-07-06T23:08:38.980Z", "element_option": null}}, {"model": "element_value.elementvaluestring", "pk": 19, "fields": {"elvalue": "PDX Code Guild Main Location", "created": "2015-07-06T23:09:47.869Z", "element_datum_object": 21, "active": true, "sort": 101501110, "modified": "2015-07-06T23:08:38.980Z", "element_option": null}}, {"model": "element_value.elementvaluestring", "pk": 20, "fields": {"elvalue": "", "created": "2015-07-06T23:09:47.869Z", "element_datum_object": 22, "active": true, "sort": 101501120, "modified": "2015-07-06T23:08:38.980Z", "element_option": null}}, {"model": "element_value.elementvaluestring", "pk": 21, "fields": {"elvalue": "2626 SW Corbett Ave", "created": "2015-07-06T23:09:47.869Z", "element_datum_object": 23, "active": true, "sort": 101501180, "modified": "2015-07-06T23:08:38.980Z", "element_option": null}}, {"model": "element_value.elementvaluestring", "pk": 22, "fields": {"elvalue": "Portland", "created": "2015-07-06T23:09:47.869Z", "element_datum_object": 24, "active": true, "sort": 101501190, "modified": "2015-07-06T23:08:38.980Z", "element_option": null}}, {"model": "element_value.elementvaluestring", "pk": 23, "fields": {"elvalue": "OR", "created": "2015-07-06T23:09:47.869Z", "element_datum_object": 25, "active": true, "sort": 101501200, "modified": "2015-07-06T23:08:38.980Z", "element_option": null}}, {"model": "element_value.elementvaluestring", "pk": 24, "fields": {"elvalue": "97201", "created": "2015-07-06T23:09:47.869Z", "element_datum_object": 26, "active": true, "sort": 101501210, "modified": "2015-07-06T23:08:38.980Z", "element_option": null}}, {"model": "element_value.elementvaluestring", "pk": 25, "fields": {"elvalue": "", "created": "2015-07-06T23:09:47.869Z", "element_datum_object": 27, "active": true, "sort": 101501220, "modified": "2015-07-06T23:08:38.980Z", "element_option": null}}, {"model": "element_value.elementvaluestring", "pk": 26, "fields": {"elvalue": "Family", "created": "2015-07-06T23:09:47.869Z", "element_datum_object": 30, "active": true, "sort": 101003110, "modified": "2015-07-06T23:08:38.980Z", "element_option": null}}, {"model": "element_value.elementvaluestring", "pk": 27, "fields": {"elvalue": "Blood", "created": "2015-07-06T23:09:47.869Z", "element_datum_object": 31, "active": true, "sort": 101003120, "modified": "2015-07-06T23:08:38.980Z", "element_option": null}}, {"model": "element_value.elementvaluestring", "pk": 28, "fields": {"elvalue": "Sam Baron", "created": "2015-07-06T23:09:47.869Z", "element_datum_object": 32, "active": true, "sort": 101301110, "modified": "2015-07-06T23:08:38.980Z", "element_option": null}}, {"model": "element_value.elementvaluestring", "pk": 29, "fields": {"elvalue": "", "created": "2015-07-06T23:09:47.869Z", "element_datum_object": 33, "active": true, "sort": 101301120, "modified": "2015-07-06T23:08:38.980Z", "element_option": null}}, {"model": "element_value.elementvaluestring", "pk": 30, "fields": {"elvalue": "Madeline", "created": "2015-07-06T23:09:47.869Z", "element_datum_object": 34, "active": true, "sort": 101301130, "modified": "2015-07-06T23:08:38.980Z", "element_option": null}}, {"model": "element_value.elementvaluestring", "pk": 31, "fields": {"elvalue": "Baron", "created": "2015-07-06T23:09:47.869Z", "element_datum_object": 35, "active": true, "sort": 101301140, "modified": "2015-07-06T23:08:38.980Z", "element_option": null}}, {"model": "element_value.elementvaluestring", "pk": 32, "fields": {"elvalue": "", "created": "2015-07-06T23:09:47.869Z", "element_datum_object": 36, "active": true, "sort": 101301150, "modified": "2015-07-06T23:08:38.980Z", "element_option": null}}, {"model": "element_value.elementvaluestring", "pk": 33, "fields": {"elvalue": "Home", "created": "2015-07-06T23:09:47.869Z", "element_datum_object": 38, "active": true, "sort": 101004110, "modified": "2015-07-06T23:08:38.980Z", "element_option": null}}, {"model": "element_value.elementvaluestring", "pk": 34, "fields": {"elvalue": "My castle", "created": "2015-07-06T23:09:47.869Z", "element_datum_object": 39, "active": true, "sort": 101004120, "modified": "2015-07-06T23:08:38.980Z", "element_option": null}}, {"model": "element_value.elementvaluestring", "pk": 35, "fields": {"elvalue": "PDX Code Guild Main Contact", "created": "2015-07-06T23:09:47.869Z", "element_datum_object": 40, "active": true, "sort": 101601110, "modified": "2015-07-06T23:08:38.980Z", "element_option": null}}, {"model": "element_value.elementvaluestring", "pk": 36, "fields": {"elvalue": "", "created": "2015-07-06T23:09:47.869Z", "element_datum_object": 41, "active": true, "sort": 101601120, "modified": "2015-07-06T23:08:38.980Z", "element_option": null}}, {"model": "element_value.elementvaluestring", "pk": 37, "fields": {"elvalue": "", "created": "2015-07-06T23:09:47.869Z", "element_datum_object": 42, "active": true, "sort": 101601250, "modified": "2015-07-06T23:08:38.980Z", "element_option": null}}, {"model": "element_value.elementvaluestring", "pk": 38, "fields": {"elvalue": "Sheri@PDXCodeGuild.com ", "created": "2015-07-06T23:09:47.869Z", "element_datum_object": 43, "active": true, "sort": 101601260, "modified": "2015-07-06T23:08:38.980Z", "element_option": null}}, {"model": "element_value.elementvaluestring", "pk": 39, "fields": {"elvalue": "https://pdxcodeguild.com/", "created": "2015-07-06T23:09:47.869Z", "element_datum_object": 44, "active": true, "sort": 101601270, "modified": "2015-07-06T23:08:38.980Z", "element_option": null}}, {"model": "element_value.elementvaluestring", "pk": 40, "fields": {"elvalue": "https://www.facebook.com/PDXCodeGuild", "created": "2015-07-06T23:09:47.869Z", "element_datum_object": 45, "active": true, "sort": 101601280, "modified": "2015-07-06T23:08:38.980Z", "element_option": null}}, {"model": "element_value.elementvaluestring", "pk": 41, "fields": {"elvalue": "https://www.linkedin.com/company/pdx-code-guild/", "created": "2015-07-06T23:09:47.869Z", "element_datum_object": 46, "active": true, "sort": 101601290, "modified": "2015-07-06T23:08:38.980Z", "element_option": null}}, {"model": "element_value.elementvaluestring", "pk": 42, "fields": {"elvalue": "https://twitter.com/pdxcodeguild", "created": "2015-07-06T23:09:47.869Z", "element_datum_object": 47, "active": true, "sort": 101601300, "modified": "2015-07-06T23:08:38.980Z", "element_option": null}}, {"model": "element_value.elementvaluestring", "pk": 43, "fields": {"elvalue": "Look for new apartment", "created": "2015-07-06T23:09:47.869Z", "element_datum_object": 48, "active": true, "sort": 201001120, "modified": "2015-07-06T23:08:38.980Z", "element_option": null}}, {"model": "element_value.elementvaluestring", "pk": 44, "fields": {"elvalue": "Complete", "created": "2015-07-06T23:09:47.869Z", "element_datum_object": 49, "active": true, "sort": 201001310, "modified": "2015-07-06T23:08:38.980Z", "element_option": null}}, {"model": "element_value.elementvaluestring", "pk": 45, "fields": {"elvalue": "Review craigslist ads", "created": "2015-07-06T23:09:47.869Z", "element_datum_object": 51, "active": true, "sort": 201002120, "modified": "2015-07-06T23:08:38.980Z", "element_option": null}}, {"model": "element_value.elementvaluestring", "pk": 46, "fields": {"elvalue": "Current", "created": "2015-07-06T23:09:47.869Z", "element_datum_object": 52, "active": true, "sort": 201002310, "modified": "2015-07-06T23:08:38.980Z", "element_option": null}}, {"model": "element_value.elementvaluestring", "pk": 47, "fields": {"elvalue": "Contact landlords", "created": "2015-07-06T23:09:47.869Z", "element_datum_object": 61, "active": true, "sort": 201003120, "modified": "2015-07-06T23:08:38.980Z", "element_option": null}}, {"model": "element_value.elementvaluestring", "pk": 48, "fields": {"elvalue": "In Progress", "created": "2015-07-06T23:09:47.869Z", "element_datum_object": 62, "active": true, "sort": 201003310, "modified": "2015-07-06T23:08:38.980Z", "element_option": null}}, {"model": "element_value.elementvaluestring", "pk": 49, "fields": {"elvalue": "Call", "created": "2015-07-06T23:09:47.869Z", "element_datum_object": 64, "active": true, "sort": 101201110, "modified": "2015-07-06T23:08:38.980Z", "element_option": null}}, {"model": "element_value.elementvaluestring", "pk": 50, "fields": {"elvalue": "Speaking over the phone", "created": "2015-07-06T23:09:47.869Z", "element_datum_object": 65, "active": true, "sort": 101201120, "modified": "2015-07-06T23:08:38.980Z", "element_option": null}}, {"model": "element_value.elementvaluestring", "pk": 51, "fields": {"elvalue": "Online", "created": "2015-07-06T23:09:47.869Z", "element_datum_object": 66, "active": true, "sort": 101202110, "modified": "2015-07-06T23:08:38.980Z", "element_option": null}}, {"model": "element_value.elementvaluestring", "pk": 52, "fields": {"elvalue": "Something over the internet", "created": "2015-07-06T23:09:47.869Z", "element_datum_object": 67, "active": true, "sort": 101202120, "modified": "2015-07-06T23:08:38.980Z", "element_option": null}}, {"model": "element_value.elementvaluestring", "pk": 53, "fields": {"elvalue": "Email", "created": "2015-07-06T23:09:47.869Z", "element_datum_object": 68, "active": true, "sort": 101203110, "modified": "2015-07-06T23:08:38.980Z", "element_option": null}}, {"model": "element_value.elementvaluestring", "pk": 54, "fields": {"elvalue": "Sending message", "created": "2015-07-06T23:09:47.869Z", "element_datum_object": 69, "active": true, "sort": 101203120, "modified": "2015-07-06T23:08:38.980Z", "element_option": null}}, {"model": "element_value.elementvaluestring", "pk": 55, "fields": {"elvalue": "Actual Schedule", "created": "2015-07-06T23:09:47.869Z", "element_datum_object": 70, "active": true, "sort": 301001110, "modified": "2015-07-06T23:08:38.980Z", "element_option": null}}, {"model": "element_value.elementvaluestring", "pk": 56, "fields": {"elvalue": "Actual", "created": "2015-07-06T23:09:47.869Z", "element_datum_object": 71, "active": true, "sort": 301001330, "modified": "2015-07-06T23:08:38.980Z", "element_option": null}}, {"model": "element_value.elementvaluestring", "pk": 57, "fields": {"elvalue": "Django Docs", "created": "2015-07-06T23:09:47.869Z", "element_datum_object": 72, "active": true, "sort": 401301110, "modified": "2015-07-06T23:08:38.980Z", "element_option": null}}, {"model": "element_value.elementvaluestring", "pk": 58, "fields": {"elvalue": "", "created": "2015-07-06T23:09:47.869Z", "element_datum_object": 73, "active": true, "sort": 401301120, "modified": "2015-07-06T23:08:38.980Z", "element_option": null}}, {"model": "element_value.elementvaluestring", "pk": 59, "fields": {"elvalue": "Complete", "created": "2015-07-06T23:09:47.869Z", "element_datum_object": 74, "active": true, "sort": 401301430, "modified": "2015-07-06T23:08:38.980Z", "element_option": null}}, {"model": "element_value.elementvaluestring", "pk": 60, "fields": {"elvalue": "https://docs.djangoproject.com/en/1.8/", "created": "2015-07-06T23:09:47.869Z", "element_datum_object": 75, "active": true, "sort": 401301470, "modified": "2015-07-06T23:08:38.980Z", "element_option": null}}, {"model": "element_value.elementvaluestring", "pk": 61, "fields": {"elvalue": "Django", "created": "2015-07-06T23:09:47.869Z", "element_datum_object": 76, "active": true, "sort": 101005110, "modified": "2015-07-06T23:08:38.980Z", "element_option": null}}, {"model": "element_value.elementvaluestring", "pk": 62, "fields": {"elvalue": "Web framework", "created": "2015-07-06T23:09:47.869Z", "element_datum_object": 77, "active": true, "sort": 101005120, "modified": "2015-07-06T23:08:38.980Z", "element_option": null}}, {"model": "element_value.elementvaluestring", "pk": 63, "fields": {"elvalue": "Deployment", "created": "2015-07-06T23:09:47.869Z", "element_datum_object": 78, "active": true, "sort": 101006110, "modified": "2015-07-06T23:08:38.980Z", "element_option": null}}, {"model": "element_value.elementvaluestring", "pk": 64, "fields": {"elvalue": "From development to production", "created": "2015-07-06T23:09:47.869Z", "element_datum_object": 79, "active": true, "sort": 101006120, "modified": "2015-07-06T23:08:38.980Z", "element_option": null}}, {"model": "element_value.elementvaluestring", "pk": 65, "fields": {"elvalue": "Deploying Django on AWS", "created": "2015-07-06T23:09:47.869Z", "element_datum_object": 80, "active": true, "sort": 401302110, "modified": "2015-07-06T23:08:38.980Z", "element_option": null}}, {"model": "element_value.elementvaluestring", "pk": 66, "fields": {"elvalue": "", "created": "2015-07-06T23:09:47.869Z", "element_datum_object": 81, "active": true, "sort": 401302120, "modified": "2015-07-06T23:08:38.980Z", "element_option": null}}, {"model": "element_value.elementvaluestring", "pk": 67, "fields": {"elvalue": "Complete", "created": "2015-07-06T23:09:47.869Z", "element_datum_object": 82, "active": true, "sort": 401302430, "modified": "2015-07-06T23:08:38.980Z", "element_option": null}}, {"model": "element_value.elementvaluestring", "pk": 68, "fields": {"elvalue": "http://nickpolet.com/blog/1/", "created": "2015-07-06T23:09:47.869Z", "element_datum_object": 83, "active": true, "sort": 401302470, "modified": "2015-07-06T23:08:38.980Z", "element_option": null}}, {"model": "element_value.elementvaluestring", "pk": 73, "fields": {"elvalue": "Apartments Spreadsheet", "created": "2015-07-06T23:09:47.869Z", "element_datum_object": 91, "active": true, "sort": 401101110, "modified": "2015-07-06T23:08:38.980Z", "element_option": null}}, {"model": "element_value.elementvaluestring", "pk": 74, "fields": {"elvalue": "Track potential apartments", "created": "2015-07-06T23:09:47.869Z", "element_datum_object": 92, "active": true, "sort": 401101120, "modified": "2015-07-06T23:08:38.980Z", "element_option": null}}, {"model": "element_value.elementvaluestring", "pk": 75, "fields": {"elvalue": "Working", "created": "2015-07-06T23:09:47.869Z", "element_datum_object": 93, "active": true, "sort": 401101430, "modified": "2015-07-06T23:08:38.980Z", "element_option": null}}, {"model": "element_value.elementvaluestring", "pk": 76, "fields": {"elvalue": "", "created": "2015-07-06T23:09:47.869Z", "element_datum_object": 94, "active": true, "sort": 401101470, "modified": "2015-07-06T23:08:38.980Z", "element_option": null}}, {"model": "element_value.elementvaluestring", "pk": 77, "fields": {"elvalue": "", "created": "2015-07-06T23:09:47.869Z", "element_datum_object": 95, "active": true, "sort": 401101480, "modified": "2015-07-06T23:08:38.980Z", "element_option": null}}, {"model": "element_value.elementvaluetextdata", "pk": 1, "fields": {"elvalue": "Placeholder", "created": "2015-07-06T23:09:48.376Z", "element_datum_object": 60, "active": true, "sort": 301101400, "modified": "2015-07-06T23:08:40.604Z", "element_option": null}}, {"model": "element_value.elementvaluedatetime", "pk": 1, "fields": {"elvalue": "1987-06-07T07:00:00Z", "created": "2015-07-06T23:09:47.224Z", "element_datum_object": 37, "active": true, "sort": 101301160, "modified": "2015-07-06T23:08:35.698Z", "element_option": null}}, {"model": "element_value.elementvaluedatetime", "pk": 2, "fields": {"elvalue": "2015-05-24T17:00:00Z", "created": "2015-07-06T23:09:47.224Z", "element_datum_object": 54, "active": true, "sort": 301101340, "modified": "2015-07-06T23:08:35.698Z", "element_option": null}}, {"model": "element_value.elementvaluedatetime", "pk": 3, "fields": {"elvalue": "2015-06-26T22:00:00Z", "created": "2015-07-06T23:09:47.224Z", "element_datum_object": 55, "active": true, "sort": 301101350, "modified": "2015-07-06T23:08:35.698Z", "element_option": null}}, {"model": "element_value.elementvaluedatetime", "pk": 4, "fields": {"elvalue": "2015-06-15T22:00:00Z", "created": "2015-07-06T23:09:47.224Z", "element_datum_object": 56, "active": true, "sort": 301101360, "modified": "2015-07-06T23:08:35.698Z", "element_option": null}}, {"model": "element_value.elementvaluedatetime", "pk": 5, "fields": {"elvalue": "2015-05-24T18:00:00Z", "created": "2015-07-06T23:09:47.224Z", "element_datum_object": 57, "active": true, "sort": 301101370, "modified": "2015-07-06T23:08:35.698Z", "element_option": null}}, {"model": "element_value.elementvaluedatetime", "pk": 8, "fields": {"elvalue": "2015-05-21T19:00:00Z", "created": "2015-07-06T23:09:47.224Z", "element_datum_object": 96, "active": true, "sort": 401101490, "modified": "2015-07-06T23:08:35.698Z", "element_option": null}}, {"model": "element_value.elementvaluedatetime", "pk": 9, "fields": {"elvalue": "2015-05-21T19:00:00Z", "created": "2015-07-06T23:09:47.224Z", "element_datum_object": 97, "active": true, "sort": 401101500, "modified": "2015-07-06T23:08:35.698Z", "element_option": null}}, {"model": "element_value.elementvaluedecimal", "pk": 3, "fields": {"elvalue": "0.00", "created": "2015-07-06T23:09:47.523Z", "element_datum_object": 28, "active": true, "sort": 101501230, "modified": "2015-07-06T23:08:37.312Z", "element_option": null}}, {"model": "element_value.elementvaluedecimal", "pk": 4, "fields": {"elvalue": "0.00", "created": "2015-07-06T23:09:47.523Z", "element_datum_object": 29, "active": true, "sort": 101501240, "modified": "2015-07-06T23:08:37.312Z", "element_option": null}}, {"model": "element_value.elementvaluedecimal", "pk": 5, "fields": {"elvalue": "3.00", "created": "2015-07-06T23:09:47.523Z", "element_datum_object": 50, "active": true, "sort": 201001320, "modified": "2015-07-06T23:08:37.312Z", "element_option": null}}, {"model": "element_value.elementvaluedecimal", "pk": 6, "fields": {"elvalue": "4.00", "created": "2015-07-06T23:09:47.523Z", "element_datum_object": 53, "active": true, "sort": 201002320, "modified": "2015-07-06T23:08:37.312Z", "element_option": null}}, {"model": "element_value.elementvaluedecimal", "pk": 7, "fields": {"elvalue": "0.00", "created": "2015-07-06T23:09:47.523Z", "element_datum_object": 58, "active": true, "sort": 301101380, "modified": "2015-07-06T23:08:37.312Z", "element_option": null}}, {"model": "element_value.elementvaluedecimal", "pk": 8, "fields": {"elvalue": "0.00", "created": "2015-07-06T23:09:47.523Z", "element_datum_object": 59, "active": true, "sort": 301101390, "modified": "2015-07-06T23:08:37.312Z", "element_option": null}}, {"model": "element_value.elementvaluedecimal", "pk": 9, "fields": {"elvalue": "4.00", "created": "2015-07-06T23:09:47.523Z", "element_datum_object": 63, "active": true, "sort": 201003320, "modified": "2015-07-06T23:08:37.312Z", "element_option": null}}, {"model": "association.associationtype", "pk": 1, "fields": {"created": "2015-07-06T23:09:37.969Z", "short_definition": "Default Association", "readable_name": "Default", "active": true, "example": null, "sort": 100, "readable_plural_name": "Defaults", "long_definition": null, "schema_name": "default", "entity_name": "Default", "modified": "2015-07-06T23:08:14.749Z"}}, {"model": "association.associationdirection", "pk": -1, "fields": {"created": "2015-07-06T23:09:37.610Z", "short_definition": "Ancestors", "readable_name": "Parent", "active": true, "example": null, "sort": 100, "readable_plural_name": "Parents", "long_definition": null, "schema_name": "parent", "entity_name": "Parent", "modified": "2015-07-06T23:08:12.942Z"}}, {"model": "association.associationdirection", "pk": 0, "fields": {"created": "2015-07-06T23:09:37.610Z", "short_definition": "Both Directions", "readable_name": "Both", "active": true, "example": null, "sort": 101, "readable_plural_name": "Boths", "long_definition": null, "schema_name": "both", "entity_name": "Both", "modified": "2015-07-06T23:08:12.942Z"}}, {"model": "association.associationdirection", "pk": 1, "fields": {"created": "2015-07-06T23:09:37.610Z", "short_definition": "Descendants", "readable_name": "Child", "active": true, "example": null, "sort": 120, "readable_plural_name": "Children", "long_definition": null, "schema_name": "child", "entity_name": "Child", "modified": "2015-07-06T23:08:12.942Z"}}, {"model": "association.associationadjacent", "pk": 1, "fields": {"association_type": 1, "created": "2015-07-06T23:09:35.932Z", "parent_datum": 1, "active": true, "sort": 100, "child_datum": 2, "modified": "2015-07-06T23:08:06.408Z"}}, {"model": "association.associationadjacent", "pk": 2, "fields": {"association_type": 1, "created": "2015-07-06T23:09:35.932Z", "parent_datum": 1, "active": true, "sort": 101, "child_datum": 3, "modified": "2015-07-06T23:08:06.408Z"}}, {"model": "association.associationadjacent", "pk": 5, "fields": {"association_type": 1, "created": "2015-07-06T23:09:35.932Z", "parent_datum": 2, "active": true, "sort": 102, "child_datum": 3, "modified": "2015-07-06T23:08:06.408Z"}}, {"model": "association.associationadjacent", "pk": 9, "fields": {"association_type": 1, "created": "2015-07-06T23:09:35.932Z", "parent_datum": 3, "active": true, "sort": 103, "child_datum": 6, "modified": "2015-07-06T23:08:06.408Z"}}, {"model": "association.associationadjacent", "pk": 10, "fields": {"association_type": 1, "created": "2015-07-06T23:09:35.932Z", "parent_datum": 6, "active": true, "sort": 104, "child_datum": 7, "modified": "2015-07-06T23:08:06.408Z"}}, {"model": "association.associationadjacent", "pk": 11, "fields": {"association_type": 1, "created": "2015-07-06T23:09:35.932Z", "parent_datum": 8, "active": true, "sort": 105, "child_datum": 9, "modified": "2015-07-06T23:08:06.408Z"}}, {"model": "association.associationadjacent", "pk": 12, "fields": {"association_type": 1, "created": "2015-07-06T23:09:35.932Z", "parent_datum": 6, "active": true, "sort": 106, "child_datum": 11, "modified": "2015-07-06T23:08:06.408Z"}}, {"model": "association.associationadjacent", "pk": 13, "fields": {"association_type": 1, "created": "2015-07-06T23:09:35.932Z", "parent_datum": 10, "active": true, "sort": 107, "child_datum": 12, "modified": "2015-07-06T23:08:06.408Z"}}, {"model": "association.associationadjacent", "pk": 14, "fields": {"association_type": 1, "created": "2015-07-06T23:09:35.932Z", "parent_datum": 12, "active": true, "sort": 108, "child_datum": 13, "modified": "2015-07-06T23:08:06.408Z"}}, {"model": "association.associationadjacent", "pk": 15, "fields": {"association_type": 1, "created": "2015-07-06T23:09:35.932Z", "parent_datum": 13, "active": true, "sort": 109, "child_datum": 14, "modified": "2015-07-06T23:08:06.408Z"}}, {"model": "association.associationadjacent", "pk": 16, "fields": {"association_type": 1, "created": "2015-07-06T23:09:35.932Z", "parent_datum": 15, "active": true, "sort": 110, "child_datum": 12, "modified": "2015-07-06T23:08:06.408Z"}}, {"model": "association.associationadjacent", "pk": 17, "fields": {"association_type": 1, "created": "2015-07-06T23:09:35.932Z", "parent_datum": 18, "active": true, "sort": 111, "child_datum": 15, "modified": "2015-07-06T23:08:06.408Z"}}, {"model": "association.associationadjacent", "pk": 18, "fields": {"association_type": 1, "created": "2015-07-06T23:09:35.932Z", "parent_datum": 17, "active": true, "sort": 112, "child_datum": 13, "modified": "2015-07-06T23:08:06.408Z"}}, {"model": "association.associationadjacent", "pk": 19, "fields": {"association_type": 1, "created": "2015-07-06T23:09:35.932Z", "parent_datum": 19, "active": true, "sort": 113, "child_datum": 14, "modified": "2015-07-06T23:08:06.408Z"}}, {"model": "association.associationadjacent", "pk": 20, "fields": {"association_type": 1, "created": "2015-07-06T23:09:35.932Z", "parent_datum": 3, "active": true, "sort": 114, "child_datum": 21, "modified": "2015-07-06T23:08:06.408Z"}}, {"model": "association.associationadjacent", "pk": 21, "fields": {"association_type": 1, "created": "2015-07-06T23:09:35.932Z", "parent_datum": 21, "active": true, "sort": 115, "child_datum": 20, "modified": "2015-07-06T23:08:06.408Z"}}, {"model": "association.associationadjacent", "pk": 22, "fields": {"association_type": 1, "created": "2015-07-06T23:09:35.932Z", "parent_datum": 1, "active": true, "sort": 116, "child_datum": 22, "modified": "2015-07-06T23:08:06.408Z"}}, {"model": "association.associationadjacent", "pk": 28, "fields": {"association_type": 1, "created": "2015-07-06T23:09:35.932Z", "parent_datum": 22, "active": true, "sort": 117, "child_datum": 23, "modified": "2015-07-06T23:08:06.408Z"}}, {"model": "association.associationadjacent", "pk": 29, "fields": {"association_type": 1, "created": "2015-07-06T23:09:35.932Z", "parent_datum": 21, "active": true, "sort": 118, "child_datum": 23, "modified": "2015-07-06T23:08:06.408Z"}}, {"model": "association.associationadjacent", "pk": 30, "fields": {"association_type": 1, "created": "2015-07-06T23:09:35.932Z", "parent_datum": 12, "active": true, "sort": 119, "child_datum": 25, "modified": "2015-07-06T23:08:06.408Z"}}, {"model": "association.associationall", "pk": 1, "fields": {"created": "2015-07-06T23:09:37.244Z", "parent_datum": 1, "active": true, "distance": 0, "sort": 100, "child_datum": 1, "modified": "2015-07-06T23:08:10.838Z"}}, {"model": "association.associationall", "pk": 2, "fields": {"created": "2015-07-06T23:09:37.244Z", "parent_datum": 2, "active": true, "distance": 0, "sort": 101, "child_datum": 2, "modified": "2015-07-06T23:08:10.838Z"}}, {"model": "association.associationall", "pk": 3, "fields": {"created": "2015-07-06T23:09:37.244Z", "parent_datum": 1, "active": true, "distance": 1, "sort": 102, "child_datum": 2, "modified": "2015-07-06T23:08:10.838Z"}}, {"model": "association.associationall", "pk": 4, "fields": {"created": "2015-07-06T23:09:37.244Z", "parent_datum": 3, "active": true, "distance": 0, "sort": 103, "child_datum": 3, "modified": "2015-07-06T23:08:10.838Z"}}, {"model": "association.associationall", "pk": 5, "fields": {"created": "2015-07-06T23:09:37.244Z", "parent_datum": 1, "active": true, "distance": 1, "sort": 104, "child_datum": 3, "modified": "2015-07-06T23:08:10.838Z"}}, {"model": "association.associationall", "pk": 10, "fields": {"created": "2015-07-06T23:09:37.244Z", "parent_datum": 2, "active": true, "distance": 1, "sort": 105, "child_datum": 3, "modified": "2015-07-06T23:08:10.838Z"}}, {"model": "association.associationall", "pk": 14, "fields": {"created": "2015-07-06T23:09:37.244Z", "parent_datum": 6, "active": true, "distance": 0, "sort": 106, "child_datum": 6, "modified": "2015-07-06T23:08:10.838Z"}}, {"model": "association.associationall", "pk": 15, "fields": {"created": "2015-07-06T23:09:37.244Z", "parent_datum": 3, "active": true, "distance": 1, "sort": 107, "child_datum": 6, "modified": "2015-07-06T23:08:10.838Z"}}, {"model": "association.associationall", "pk": 16, "fields": {"created": "2015-07-06T23:09:37.244Z", "parent_datum": 1, "active": true, "distance": 2, "sort": 108, "child_datum": 6, "modified": "2015-07-06T23:08:10.838Z"}}, {"model": "association.associationall", "pk": 17, "fields": {"created": "2015-07-06T23:09:37.244Z", "parent_datum": 2, "active": true, "distance": 2, "sort": 109, "child_datum": 6, "modified": "2015-07-06T23:08:10.838Z"}}, {"model": "association.associationall", "pk": 18, "fields": {"created": "2015-07-06T23:09:37.244Z", "parent_datum": 7, "active": true, "distance": 0, "sort": 110, "child_datum": 7, "modified": "2015-07-06T23:08:10.838Z"}}, {"model": "association.associationall", "pk": 19, "fields": {"created": "2015-07-06T23:09:37.244Z", "parent_datum": 6, "active": true, "distance": 1, "sort": 111, "child_datum": 7, "modified": "2015-07-06T23:08:10.838Z"}}, {"model": "association.associationall", "pk": 20, "fields": {"created": "2015-07-06T23:09:37.244Z", "parent_datum": 3, "active": true, "distance": 2, "sort": 112, "child_datum": 7, "modified": "2015-07-06T23:08:10.838Z"}}, {"model": "association.associationall", "pk": 21, "fields": {"created": "2015-07-06T23:09:37.244Z", "parent_datum": 1, "active": true, "distance": 3, "sort": 113, "child_datum": 7, "modified": "2015-07-06T23:08:10.838Z"}}, {"model": "association.associationall", "pk": 22, "fields": {"created": "2015-07-06T23:09:37.244Z", "parent_datum": 2, "active": true, "distance": 3, "sort": 114, "child_datum": 7, "modified": "2015-07-06T23:08:10.838Z"}}, {"model": "association.associationall", "pk": 23, "fields": {"created": "2015-07-06T23:09:37.244Z", "parent_datum": 8, "active": true, "distance": 0, "sort": 115, "child_datum": 8, "modified": "2015-07-06T23:08:10.838Z"}}, {"model": "association.associationall", "pk": 24, "fields": {"created": "2015-07-06T23:09:37.244Z", "parent_datum": 9, "active": true, "distance": 0, "sort": 116, "child_datum": 9, "modified": "2015-07-06T23:08:10.838Z"}}, {"model": "association.associationall", "pk": 25, "fields": {"created": "2015-07-06T23:09:37.244Z", "parent_datum": 8, "active": true, "distance": 1, "sort": 117, "child_datum": 9, "modified": "2015-07-06T23:08:10.838Z"}}, {"model": "association.associationall", "pk": 26, "fields": {"created": "2015-07-06T23:09:37.244Z", "parent_datum": 10, "active": true, "distance": 0, "sort": 118, "child_datum": 10, "modified": "2015-07-06T23:08:10.838Z"}}, {"model": "association.associationall", "pk": 27, "fields": {"created": "2015-07-06T23:09:37.244Z", "parent_datum": 11, "active": true, "distance": 0, "sort": 119, "child_datum": 11, "modified": "2015-07-06T23:08:10.838Z"}}, {"model": "association.associationall", "pk": 28, "fields": {"created": "2015-07-06T23:09:37.244Z", "parent_datum": 6, "active": true, "distance": 1, "sort": 120, "child_datum": 11, "modified": "2015-07-06T23:08:10.838Z"}}, {"model": "association.associationall", "pk": 29, "fields": {"created": "2015-07-06T23:09:37.244Z", "parent_datum": 3, "active": true, "distance": 2, "sort": 121, "child_datum": 11, "modified": "2015-07-06T23:08:10.838Z"}}, {"model": "association.associationall", "pk": 30, "fields": {"created": "2015-07-06T23:09:37.244Z", "parent_datum": 1, "active": true, "distance": 3, "sort": 122, "child_datum": 11, "modified": "2015-07-06T23:08:10.838Z"}}, {"model": "association.associationall", "pk": 31, "fields": {"created": "2015-07-06T23:09:37.244Z", "parent_datum": 2, "active": true, "distance": 3, "sort": 123, "child_datum": 11, "modified": "2015-07-06T23:08:10.838Z"}}, {"model": "association.associationall", "pk": 32, "fields": {"created": "2015-07-06T23:09:37.244Z", "parent_datum": 12, "active": true, "distance": 0, "sort": 124, "child_datum": 12, "modified": "2015-07-06T23:08:10.838Z"}}, {"model": "association.associationall", "pk": 33, "fields": {"created": "2015-07-06T23:09:37.244Z", "parent_datum": 10, "active": true, "distance": 1, "sort": 125, "child_datum": 12, "modified": "2015-07-06T23:08:10.838Z"}}, {"model": "association.associationall", "pk": 34, "fields": {"created": "2015-07-06T23:09:37.244Z", "parent_datum": 13, "active": true, "distance": 0, "sort": 126, "child_datum": 13, "modified": "2015-07-06T23:08:10.838Z"}}, {"model": "association.associationall", "pk": 35, "fields": {"created": "2015-07-06T23:09:37.244Z", "parent_datum": 12, "active": true, "distance": 1, "sort": 127, "child_datum": 13, "modified": "2015-07-06T23:08:10.838Z"}}, {"model": "association.associationall", "pk": 36, "fields": {"created": "2015-07-06T23:09:37.244Z", "parent_datum": 10, "active": true, "distance": 2, "sort": 128, "child_datum": 13, "modified": "2015-07-06T23:08:10.838Z"}}, {"model": "association.associationall", "pk": 37, "fields": {"created": "2015-07-06T23:09:37.244Z", "parent_datum": 14, "active": true, "distance": 0, "sort": 129, "child_datum": 14, "modified": "2015-07-06T23:08:10.838Z"}}, {"model": "association.associationall", "pk": 38, "fields": {"created": "2015-07-06T23:09:37.244Z", "parent_datum": 13, "active": true, "distance": 1, "sort": 130, "child_datum": 14, "modified": "2015-07-06T23:08:10.838Z"}}, {"model": "association.associationall", "pk": 39, "fields": {"created": "2015-07-06T23:09:37.244Z", "parent_datum": 12, "active": true, "distance": 2, "sort": 131, "child_datum": 14, "modified": "2015-07-06T23:08:10.838Z"}}, {"model": "association.associationall", "pk": 40, "fields": {"created": "2015-07-06T23:09:37.244Z", "parent_datum": 10, "active": true, "distance": 3, "sort": 132, "child_datum": 14, "modified": "2015-07-06T23:08:10.838Z"}}, {"model": "association.associationall", "pk": 41, "fields": {"created": "2015-07-06T23:09:37.244Z", "parent_datum": 15, "active": true, "distance": 0, "sort": 133, "child_datum": 15, "modified": "2015-07-06T23:08:10.838Z"}}, {"model": "association.associationall", "pk": 42, "fields": {"created": "2015-07-06T23:09:37.244Z", "parent_datum": 15, "active": true, "distance": 1, "sort": 134, "child_datum": 12, "modified": "2015-07-06T23:08:10.838Z"}}, {"model": "association.associationall", "pk": 43, "fields": {"created": "2015-07-06T23:09:37.244Z", "parent_datum": 15, "active": true, "distance": 2, "sort": 135, "child_datum": 13, "modified": "2015-07-06T23:08:10.838Z"}}, {"model": "association.associationall", "pk": 44, "fields": {"created": "2015-07-06T23:09:37.244Z", "parent_datum": 15, "active": true, "distance": 3, "sort": 136, "child_datum": 14, "modified": "2015-07-06T23:08:10.838Z"}}, {"model": "association.associationall", "pk": 45, "fields": {"created": "2015-07-06T23:09:37.244Z", "parent_datum": 16, "active": true, "distance": 0, "sort": 137, "child_datum": 16, "modified": "2015-07-06T23:08:10.838Z"}}, {"model": "association.associationall", "pk": 46, "fields": {"created": "2015-07-06T23:09:37.244Z", "parent_datum": 17, "active": true, "distance": 0, "sort": 138, "child_datum": 17, "modified": "2015-07-06T23:08:10.838Z"}}, {"model": "association.associationall", "pk": 47, "fields": {"created": "2015-07-06T23:09:37.244Z", "parent_datum": 18, "active": true, "distance": 0, "sort": 139, "child_datum": 18, "modified": "2015-07-06T23:08:10.838Z"}}, {"model": "association.associationall", "pk": 48, "fields": {"created": "2015-07-06T23:09:37.244Z", "parent_datum": 18, "active": true, "distance": 1, "sort": 140, "child_datum": 15, "modified": "2015-07-06T23:08:10.838Z"}}, {"model": "association.associationall", "pk": 49, "fields": {"created": "2015-07-06T23:09:37.244Z", "parent_datum": 18, "active": true, "distance": 2, "sort": 141, "child_datum": 12, "modified": "2015-07-06T23:08:10.838Z"}}, {"model": "association.associationall", "pk": 50, "fields": {"created": "2015-07-06T23:09:37.244Z", "parent_datum": 18, "active": true, "distance": 3, "sort": 142, "child_datum": 13, "modified": "2015-07-06T23:08:10.838Z"}}, {"model": "association.associationall", "pk": 51, "fields": {"created": "2015-07-06T23:09:37.244Z", "parent_datum": 18, "active": true, "distance": 4, "sort": 143, "child_datum": 14, "modified": "2015-07-06T23:08:10.838Z"}}, {"model": "association.associationall", "pk": 52, "fields": {"created": "2015-07-06T23:09:37.244Z", "parent_datum": 17, "active": true, "distance": 1, "sort": 144, "child_datum": 13, "modified": "2015-07-06T23:08:10.838Z"}}, {"model": "association.associationall", "pk": 53, "fields": {"created": "2015-07-06T23:09:37.244Z", "parent_datum": 17, "active": true, "distance": 2, "sort": 145, "child_datum": 14, "modified": "2015-07-06T23:08:10.838Z"}}, {"model": "association.associationall", "pk": 54, "fields": {"created": "2015-07-06T23:09:37.244Z", "parent_datum": 19, "active": true, "distance": 0, "sort": 146, "child_datum": 19, "modified": "2015-07-06T23:08:10.838Z"}}, {"model": "association.associationall", "pk": 55, "fields": {"created": "2015-07-06T23:09:37.244Z", "parent_datum": 19, "active": true, "distance": 1, "sort": 147, "child_datum": 14, "modified": "2015-07-06T23:08:10.838Z"}}, {"model": "association.associationall", "pk": 56, "fields": {"created": "2015-07-06T23:09:37.244Z", "parent_datum": 20, "active": true, "distance": 0, "sort": 148, "child_datum": 20, "modified": "2015-07-06T23:08:10.838Z"}}, {"model": "association.associationall", "pk": 57, "fields": {"created": "2015-07-06T23:09:37.244Z", "parent_datum": 21, "active": true, "distance": 0, "sort": 149, "child_datum": 21, "modified": "2015-07-06T23:08:10.838Z"}}, {"model": "association.associationall", "pk": 58, "fields": {"created": "2015-07-06T23:09:37.244Z", "parent_datum": 3, "active": true, "distance": 1, "sort": 150, "child_datum": 21, "modified": "2015-07-06T23:08:10.838Z"}}, {"model": "association.associationall", "pk": 59, "fields": {"created": "2015-07-06T23:09:37.244Z", "parent_datum": 1, "active": true, "distance": 2, "sort": 151, "child_datum": 21, "modified": "2015-07-06T23:08:10.838Z"}}, {"model": "association.associationall", "pk": 60, "fields": {"created": "2015-07-06T23:09:37.244Z", "parent_datum": 2, "active": true, "distance": 2, "sort": 152, "child_datum": 21, "modified": "2015-07-06T23:08:10.838Z"}}, {"model": "association.associationall", "pk": 61, "fields": {"created": "2015-07-06T23:09:37.244Z", "parent_datum": 21, "active": true, "distance": 1, "sort": 153, "child_datum": 20, "modified": "2015-07-06T23:08:10.838Z"}}, {"model": "association.associationall", "pk": 62, "fields": {"created": "2015-07-06T23:09:37.244Z", "parent_datum": 3, "active": true, "distance": 2, "sort": 154, "child_datum": 20, "modified": "2015-07-06T23:08:10.838Z"}}, {"model": "association.associationall", "pk": 63, "fields": {"created": "2015-07-06T23:09:37.244Z", "parent_datum": 1, "active": true, "distance": 3, "sort": 155, "child_datum": 20, "modified": "2015-07-06T23:08:10.838Z"}}, {"model": "association.associationall", "pk": 64, "fields": {"created": "2015-07-06T23:09:37.244Z", "parent_datum": 2, "active": true, "distance": 3, "sort": 156, "child_datum": 20, "modified": "2015-07-06T23:08:10.838Z"}}, {"model": "association.associationall", "pk": 65, "fields": {"created": "2015-07-06T23:09:37.244Z", "parent_datum": 22, "active": true, "distance": 0, "sort": 157, "child_datum": 22, "modified": "2015-07-06T23:08:10.838Z"}}, {"model": "association.associationall", "pk": 66, "fields": {"created": "2015-07-06T23:09:37.244Z", "parent_datum": 1, "active": true, "distance": 1, "sort": 158, "child_datum": 22, "modified": "2015-07-06T23:08:10.838Z"}}, {"model": "association.associationall", "pk": 79, "fields": {"created": "2015-07-06T23:09:37.244Z", "parent_datum": 23, "active": true, "distance": 0, "sort": 159, "child_datum": 23, "modified": "2015-07-06T23:08:10.838Z"}}, {"model": "association.associationall", "pk": 80, "fields": {"created": "2015-07-06T23:09:37.244Z", "parent_datum": 22, "active": true, "distance": 1, "sort": 160, "child_datum": 23, "modified": "2015-07-06T23:08:10.838Z"}}, {"model": "association.associationall", "pk": 81, "fields": {"created": "2015-07-06T23:09:37.244Z", "parent_datum": 1, "active": true, "distance": 2, "sort": 161, "child_datum": 23, "modified": "2015-07-06T23:08:10.838Z"}}, {"model": "association.associationall", "pk": 82, "fields": {"created": "2015-07-06T23:09:37.244Z", "parent_datum": 21, "active": true, "distance": 1, "sort": 162, "child_datum": 23, "modified": "2015-07-06T23:08:10.838Z"}}, {"model": "association.associationall", "pk": 83, "fields": {"created": "2015-07-06T23:09:37.244Z", "parent_datum": 3, "active": true, "distance": 2, "sort": 163, "child_datum": 23, "modified": "2015-07-06T23:08:10.838Z"}}, {"model": "association.associationall", "pk": 86, "fields": {"created": "2015-07-06T23:09:37.244Z", "parent_datum": 25, "active": true, "distance": 0, "sort": 164, "child_datum": 25, "modified": "2015-07-06T23:08:10.838Z"}}, {"model": "association.associationall", "pk": 87, "fields": {"created": "2015-07-06T23:09:37.244Z", "parent_datum": 12, "active": true, "distance": 1, "sort": 165, "child_datum": 25, "modified": "2015-07-06T23:08:10.838Z"}}, {"model": "association.associationall", "pk": 88, "fields": {"created": "2015-07-06T23:09:37.244Z", "parent_datum": 10, "active": true, "distance": 2, "sort": 166, "child_datum": 25, "modified": "2015-07-06T23:08:10.838Z"}}, {"model": "association.associationall", "pk": 89, "fields": {"created": "2015-07-06T23:09:37.244Z", "parent_datum": 15, "active": true, "distance": 2, "sort": 167, "child_datum": 25, "modified": "2015-07-06T23:08:10.838Z"}}, {"model": "association.associationall", "pk": 90, "fields": {"created": "2015-07-06T23:09:37.244Z", "parent_datum": 18, "active": true, "distance": 3, "sort": 168, "child_datum": 25, "modified": "2015-07-06T23:08:10.838Z"}}, {"model": "viewuse.viewuseobject", "pk": 1, "fields": {"created": "2015-07-22T02:09:58.036Z", "description": "", "ui_arrangement_type": 1, "active": true, "datum_filter": "{\"filter\":\"filter\"}", "title": "Current Actions", "sort": 100, "ui_formatting_type": null, "user": null, "modified": "2015-07-22T02:12:07.440Z"}}, {"model": "viewuse.viewuseobject", "pk": 2, "fields": {"created": "2015-07-22T02:10:16.597Z", "description": "", "ui_arrangement_type": 1, "active": true, "datum_filter": "{\"filter\":\"filter\"}", "title": "Upcoming Actions", "sort": 101, "ui_formatting_type": null, "user": null, "modified": "2015-07-22T02:12:07.446Z"}}, {"model": "windowuse.windowuseobject", "pk": 1, "fields": {"created": "2015-07-22T02:10:36.880Z", "description": "", "ui_arrangement_type": null, "active": true, "datum_filter": "{\"filter\":\"filter\"}", "title": "Work Actions", "sort": 100, "ui_formatting_type": null, "user": null, "modified": "2015-07-22T02:12:15.934Z"}}, {"model": "windowuse.windowuseviewuse", "pk": 1, "fields": {"created": "2015-07-22T02:10:47.896Z", "windowuse_object": 1, "sort": 100, "viewuse_object": 1, "modified": "2015-07-22T02:10:47.915Z", "active": true}}, {"model": "windowuse.windowuseviewuse", "pk": 2, "fields": {"created": "2015-07-22T02:10:47.898Z", "windowuse_object": 1, "sort": 101, "viewuse_object": 2, "modified": "2015-07-22T02:10:47.919Z", "active": true}}]