[
  {
    "model": "contenttypes.contenttype",
    "pk": 1,
    "fields": {
      "model": "logentry",
      "app_label": "admin"
    }
  },
  {
    "model": "contenttypes.contenttype",
    "pk": 2,
    "fields": {
      "model": "permission",
      "app_label": "auth"
    }
  },
  {
    "model": "contenttypes.contenttype",
    "pk": 3,
    "fields": {
      "model": "group",
      "app_label": "auth"
    }
  },
  {
    "model": "contenttypes.contenttype",
    "pk": 4,
    "fields": {
      "model": "user",
      "app_label": "auth"
    }
  },
  {
    "model": "contenttypes.contenttype",
    "pk": 5,
    "fields": {
      "model": "contenttype",
      "app_label": "contenttypes"
    }
  },
  {
    "model": "contenttypes.contenttype",
    "pk": 6,
    "fields": {
      "model": "session",
      "app_label": "sessions"
    }
  },
  {
    "model": "contenttypes.contenttype",
    "pk": 7,
    "fields": {
      "model": "datumgroup",
      "app_label": "datum"
    }
  },
  {
    "model": "contenttypes.contenttype",
    "pk": 8,
    "fields": {
      "model": "datumtype",
      "app_label": "datum"
    }
  },
  {
    "model": "contenttypes.contenttype",
    "pk": 9,
    "fields": {
      "model": "datumobject",
      "app_label": "datum"
    }
  },
  {
    "model": "contenttypes.contenttype",
    "pk": 10,
    "fields": {
      "model": "elementdatatype",
      "app_label": "element_type"
    }
  },
  {
    "model": "contenttypes.contenttype",
    "pk": 11,
    "fields": {
      "model": "elementtype",
      "app_label": "element_type"
    }
  },
  {
    "model": "contenttypes.contenttype",
    "pk": 12,
    "fields": {
      "model": "elementoption",
      "app_label": "element_type"
    }
  },
  {
    "model": "contenttypes.contenttype",
    "pk": 13,
    "fields": {
      "model": "elementtypedatumtype",
      "app_label": "element_type"
    }
  },
  {
    "model": "contenttypes.contenttype",
    "pk": 14,
    "fields": {
      "model": "elementtypedatumobject",
      "app_label": "element_type"
    }
  },
  {
    "model": "contenttypes.contenttype",
    "pk": 15,
    "fields": {
      "model": "elementvaluestring",
      "app_label": "element_value"
    }
  },
  {
    "model": "contenttypes.contenttype",
    "pk": 16,
    "fields": {
      "model": "elementvaluetextdata",
      "app_label": "element_value"
    }
  },
  {
    "model": "contenttypes.contenttype",
    "pk": 17,
    "fields": {
      "model": "elementvalueboolean",
      "app_label": "element_value"
    }
  },
  {
    "model": "contenttypes.contenttype",
    "pk": 18,
    "fields": {
      "model": "elementvaluedatetime",
      "app_label": "element_value"
    }
  },
  {
    "model": "contenttypes.contenttype",
    "pk": 19,
    "fields": {
      "model": "elementvaluedecimal",
      "app_label": "element_value"
    }
  },
  {
    "model": "contenttypes.contenttype",
    "pk": 20,
    "fields": {
      "model": "elementvaluebinary",
      "app_label": "element_value"
    }
  },
  {
    "model": "contenttypes.contenttype",
    "pk": 21,
    "fields": {
      "model": "associationtype",
      "app_label": "association"
    }
  },
  {
    "model": "contenttypes.contenttype",
    "pk": 22,
    "fields": {
      "model": "associationdirection",
      "app_label": "association"
    }
  },
  {
    "model": "contenttypes.contenttype",
    "pk": 23,
    "fields": {
      "model": "associationadjacent",
      "app_label": "association"
    }
  },
  {
    "model": "contenttypes.contenttype",
    "pk": 24,
    "fields": {
      "model": "associationall",
      "app_label": "association"
    }
  },
  {
    "model": "contenttypes.contenttype",
    "pk": 25,
    "fields": {
      "model": "filterrulegroup",
      "app_label": "filter"
    }
  },
  {
    "model": "contenttypes.contenttype",
    "pk": 26,
    "fields": {
      "model": "filterruletype",
      "app_label": "filter"
    }
  },
  {
    "model": "contenttypes.contenttype",
    "pk": 27,
    "fields": {
      "model": "filterruleassociation",
      "app_label": "filter"
    }
  },
  {
    "model": "contenttypes.contenttype",
    "pk": 28,
    "fields": {
      "model": "filterruleelement",
      "app_label": "filter"
    }
  },
  {
    "model": "contenttypes.contenttype",
    "pk": 29,
    "fields": {
      "model": "filterset",
      "app_label": "filter"
    }
  },
  {
    "model": "contenttypes.contenttype",
    "pk": 30,
    "fields": {
      "model": "filtersetgrouprule",
      "app_label": "filter"
    }
  },
  {
    "model": "contenttypes.contenttype",
    "pk": 31,
    "fields": {
      "model": "filtersettyperule",
      "app_label": "filter"
    }
  },
  {
    "model": "contenttypes.contenttype",
    "pk": 32,
    "fields": {
      "model": "filtersetassociationrule",
      "app_label": "filter"
    }
  },
  {
    "model": "contenttypes.contenttype",
    "pk": 33,
    "fields": {
      "model": "filtersetelementrule",
      "app_label": "filter"
    }
  },
  {
    "model": "contenttypes.contenttype",
    "pk": 34,
    "fields": {
      "model": "watchworddatumtype",
      "app_label": "watchword"
    }
  },
  {
    "model": "contenttypes.contenttype",
    "pk": 35,
    "fields": {
      "model": "watchworddatumobject",
      "app_label": "watchword"
    }
  },
  {
    "model": "contenttypes.contenttype",
    "pk": 36,
    "fields": {
      "model": "watchwordassociationtype",
      "app_label": "watchword"
    }
  },
  {
    "model": "datum.datumgroup",
    "pk": 1,
    "fields": {
      "entity_name": "Area",
      "short_definition": null,
      "active": true,
      "sort": 10,
      "long_definition": null
    }
  },
  {
    "model": "datum.datumgroup",
    "pk": 2,
    "fields": {
      "entity_name": "Activity",
      "short_definition": null,
      "active": true,
      "sort": 20,
      "long_definition": null
    }
  },
  {
    "model": "datum.datumgroup",
    "pk": 3,
    "fields": {
      "entity_name": "Time",
      "short_definition": null,
      "active": true,
      "sort": 30,
      "long_definition": null
    }
  },
  {
    "model": "datum.datumgroup",
    "pk": 4,
    "fields": {
      "entity_name": "Item",
      "short_definition": null,
      "active": true,
      "sort": 40,
      "long_definition": null
    }
  },
  {
    "model": "datum.datumtype",
    "pk": 1,
    "fields": {
      "long_definition": null,
      "short_definition": null,
      "sort": 1010,
      "active": true,
      "entity_name": "Category",
      "datum_group": 1,
      "repr_expression": "name"
    }
  },
  {
    "model": "datum.datumtype",
    "pk": 2,
    "fields": {
      "long_definition": null,
      "short_definition": null,
      "sort": 1020,
      "active": true,
      "entity_name": "Project",
      "datum_group": 1,
      "repr_expression": "name"
    }
  },
  {
    "model": "datum.datumtype",
    "pk": 3,
    "fields": {
      "long_definition": null,
      "short_definition": null,
      "sort": 1030,
      "active": true,
      "entity_name": "Context",
      "datum_group": 1,
      "repr_expression": "name"
    }
  },
  {
    "model": "datum.datumtype",
    "pk": 4,
    "fields": {
      "long_definition": null,
      "short_definition": null,
      "sort": 1040,
      "active": true,
      "entity_name": "Person",
      "datum_group": 1,
      "repr_expression": "name"
    }
  },
  {
    "model": "datum.datumtype",
    "pk": 5,
    "fields": {
      "long_definition": null,
      "short_definition": null,
      "sort": 1050,
      "active": true,
      "entity_name": "Entity",
      "datum_group": 1,
      "repr_expression": "name"
    }
  },
  {
    "model": "datum.datumtype",
    "pk": 6,
    "fields": {
      "long_definition": null,
      "short_definition": null,
      "sort": 1060,
      "active": true,
      "entity_name": "Location",
      "datum_group": 1,
      "repr_expression": "name"
    }
  },
  {
    "model": "datum.datumtype",
    "pk": 7,
    "fields": {
      "long_definition": null,
      "short_definition": null,
      "sort": 1070,
      "active": true,
      "entity_name": "Contact",
      "datum_group": 1,
      "repr_expression": "name"
    }
  },
  {
    "model": "datum.datumtype",
    "pk": 8,
    "fields": {
      "long_definition": null,
      "short_definition": null,
      "sort": 2010,
      "active": true,
      "entity_name": "Action",
      "datum_group": 2,
      "repr_expression": "name"
    }
  },
  {
    "model": "datum.datumtype",
    "pk": 9,
    "fields": {
      "long_definition": null,
      "short_definition": null,
      "sort": 2020,
      "active": true,
      "entity_name": "Principle",
      "datum_group": 2,
      "repr_expression": "name"
    }
  },
  {
    "model": "datum.datumtype",
    "pk": 10,
    "fields": {
      "long_definition": null,
      "short_definition": null,
      "sort": 2030,
      "active": true,
      "entity_name": "Journal",
      "datum_group": 2,
      "repr_expression": "name"
    }
  },
  {
    "model": "datum.datumtype",
    "pk": 11,
    "fields": {
      "long_definition": null,
      "short_definition": null,
      "sort": 3010,
      "active": true,
      "entity_name": "Schedule",
      "datum_group": 3,
      "repr_expression": "name"
    }
  },
  {
    "model": "datum.datumtype",
    "pk": 12,
    "fields": {
      "long_definition": null,
      "short_definition": null,
      "sort": 3020,
      "active": true,
      "entity_name": "Event",
      "datum_group": 3,
      "repr_expression": "name"
    }
  },
  {
    "model": "datum.datumtype",
    "pk": 13,
    "fields": {
      "long_definition": null,
      "short_definition": null,
      "sort": 3030,
      "active": true,
      "entity_name": "Reminder",
      "datum_group": 3,
      "repr_expression": "name"
    }
  },
  {
    "model": "datum.datumtype",
    "pk": 14,
    "fields": {
      "long_definition": null,
      "short_definition": null,
      "sort": 4010,
      "active": true,
      "entity_name": "Note",
      "datum_group": 4,
      "repr_expression": "name"
    }
  },
  {
    "model": "datum.datumtype",
    "pk": 15,
    "fields": {
      "long_definition": null,
      "short_definition": null,
      "sort": 4020,
      "active": true,
      "entity_name": "File",
      "datum_group": 4,
      "repr_expression": "name"
    }
  },
  {
    "model": "datum.datumtype",
    "pk": 16,
    "fields": {
      "long_definition": null,
      "short_definition": null,
      "sort": 4030,
      "active": true,
      "entity_name": "Directory",
      "datum_group": 4,
      "repr_expression": "name"
    }
  },
  {
    "model": "datum.datumtype",
    "pk": 17,
    "fields": {
      "long_definition": null,
      "short_definition": null,
      "sort": 4040,
      "active": true,
      "entity_name": "Webpage",
      "datum_group": 4,
      "repr_expression": "name"
    }
  },
  {
    "model": "datum.datumtype",
    "pk": 18,
    "fields": {
      "long_definition": null,
      "short_definition": null,
      "sort": 4050,
      "active": true,
      "entity_name": "Message",
      "datum_group": 4,
      "repr_expression": "name"
    }
  },
  {
    "model": "datum.datumtype",
    "pk": 19,
    "fields": {
      "long_definition": null,
      "short_definition": null,
      "sort": 4060,
      "active": true,
      "entity_name": "Post",
      "datum_group": 4,
      "repr_expression": "name"
    }
  },
  {
    "model": "element_type.elementdatatype",
    "pk": 1,
    "fields": {
      "entity_name": "String",
      "short_definition": "VarChar(255)",
      "active": true,
      "sort": 10,
      "long_definition": "Used for all major text-based elements"
    }
  },
  {
    "model": "element_type.elementdatatype",
    "pk": 2,
    "fields": {
      "entity_name": "TextData",
      "short_definition": "Text",
      "active": true,
      "sort": 20,
      "long_definition": "Only used for string-based sub-data types, such as json or html"
    }
  },
  {
    "model": "element_type.elementdatatype",
    "pk": 3,
    "fields": {
      "entity_name": "Boolean",
      "short_definition": "Boolean",
      "active": true,
      "sort": 30,
      "long_definition": null
    }
  },
  {
    "model": "element_type.elementdatatype",
    "pk": 4,
    "fields": {
      "entity_name": "Datetime",
      "short_definition": "Datetime with Timezone",
      "active": true,
      "sort": 40,
      "long_definition": null
    }
  },
  {
    "model": "element_type.elementdatatype",
    "pk": 5,
    "fields": {
      "entity_name": "Decimal",
      "short_definition": "Decimal(scale=2)",
      "active": true,
      "sort": 50,
      "long_definition": null
    }
  },
  {
    "model": "element_type.elementdatatype",
    "pk": 6,
    "fields": {
      "entity_name": "Binary",
      "short_definition": "Blob",
      "active": true,
      "sort": 60,
      "long_definition": "Used for any attachments and large data"
    }
  },
  {
    "model": "element_type.elementtype",
    "pk": 1,
    "fields": {
      "long_definition": null,
      "short_definition": null,
      "sort": 110,
      "active": true,
      "default_expression": null,
      "entity_name": "Name",
      "element_data_type": 1,
      "editable": true
    }
  },
  {
    "model": "element_type.elementtype",
    "pk": 2,
    "fields": {
      "long_definition": null,
      "short_definition": null,
      "sort": 120,
      "active": true,
      "default_expression": null,
      "entity_name": "Description",
      "element_data_type": 1,
      "editable": true
    }
  },
  {
    "model": "element_type.elementtype",
    "pk": 3,
    "fields": {
      "long_definition": null,
      "short_definition": null,
      "sort": 130,
      "active": true,
      "default_expression": null,
      "entity_name": "FirstName",
      "element_data_type": 1,
      "editable": true
    }
  },
  {
    "model": "element_type.elementtype",
    "pk": 4,
    "fields": {
      "long_definition": null,
      "short_definition": null,
      "sort": 140,
      "active": true,
      "default_expression": null,
      "entity_name": "LastName",
      "element_data_type": 1,
      "editable": true
    }
  },
  {
    "model": "element_type.elementtype",
    "pk": 5,
    "fields": {
      "long_definition": null,
      "short_definition": null,
      "sort": 150,
      "active": true,
      "default_expression": null,
      "entity_name": "Nickname",
      "element_data_type": 1,
      "editable": true
    }
  },
  {
    "model": "element_type.elementtype",
    "pk": 6,
    "fields": {
      "long_definition": null,
      "short_definition": null,
      "sort": 160,
      "active": true,
      "default_expression": null,
      "entity_name": "Birthday",
      "element_data_type": 4,
      "editable": true
    }
  },
  {
    "model": "element_type.elementtype",
    "pk": 7,
    "fields": {
      "long_definition": null,
      "short_definition": null,
      "sort": 170,
      "active": true,
      "default_expression": null,
      "entity_name": "EntityType",
      "element_data_type": 1,
      "editable": true
    }
  },
  {
    "model": "element_type.elementtype",
    "pk": 8,
    "fields": {
      "long_definition": null,
      "short_definition": null,
      "sort": 180,
      "active": true,
      "default_expression": null,
      "entity_name": "StreetAddress",
      "element_data_type": 1,
      "editable": true
    }
  },
  {
    "model": "element_type.elementtype",
    "pk": 9,
    "fields": {
      "long_definition": null,
      "short_definition": null,
      "sort": 190,
      "active": true,
      "default_expression": null,
      "entity_name": "City",
      "element_data_type": 1,
      "editable": true
    }
  },
  {
    "model": "element_type.elementtype",
    "pk": 10,
    "fields": {
      "long_definition": null,
      "short_definition": null,
      "sort": 200,
      "active": true,
      "default_expression": null,
      "entity_name": "State",
      "element_data_type": 1,
      "editable": true
    }
  },
  {
    "model": "element_type.elementtype",
    "pk": 11,
    "fields": {
      "long_definition": null,
      "short_definition": null,
      "sort": 210,
      "active": true,
      "default_expression": null,
      "entity_name": "Zip",
      "element_data_type": 1,
      "editable": true
    }
  },
  {
    "model": "element_type.elementtype",
    "pk": 12,
    "fields": {
      "long_definition": null,
      "short_definition": null,
      "sort": 220,
      "active": true,
      "default_expression": null,
      "entity_name": "Country",
      "element_data_type": 1,
      "editable": true
    }
  },
  {
    "model": "element_type.elementtype",
    "pk": 13,
    "fields": {
      "long_definition": null,
      "short_definition": null,
      "sort": 230,
      "active": true,
      "default_expression": null,
      "entity_name": "Latitude",
      "element_data_type": 1,
      "editable": true
    }
  },
  {
    "model": "element_type.elementtype",
    "pk": 14,
    "fields": {
      "long_definition": null,
      "short_definition": null,
      "sort": 240,
      "active": true,
      "default_expression": null,
      "entity_name": "Longitude",
      "element_data_type": 1,
      "editable": true
    }
  },
  {
    "model": "element_type.elementtype",
    "pk": 15,
    "fields": {
      "long_definition": null,
      "short_definition": null,
      "sort": 250,
      "active": true,
      "default_expression": null,
      "entity_name": "Phone",
      "element_data_type": 1,
      "editable": true
    }
  },
  {
    "model": "element_type.elementtype",
    "pk": 16,
    "fields": {
      "long_definition": null,
      "short_definition": null,
      "sort": 260,
      "active": true,
      "default_expression": null,
      "entity_name": "Email",
      "element_data_type": 1,
      "editable": true
    }
  },
  {
    "model": "element_type.elementtype",
    "pk": 17,
    "fields": {
      "long_definition": null,
      "short_definition": null,
      "sort": 270,
      "active": true,
      "default_expression": null,
      "entity_name": "Website",
      "element_data_type": 1,
      "editable": true
    }
  },
  {
    "model": "element_type.elementtype",
    "pk": 18,
    "fields": {
      "long_definition": null,
      "short_definition": null,
      "sort": 280,
      "active": true,
      "default_expression": null,
      "entity_name": "Facebook",
      "element_data_type": 1,
      "editable": true
    }
  },
  {
    "model": "element_type.elementtype",
    "pk": 19,
    "fields": {
      "long_definition": null,
      "short_definition": null,
      "sort": 290,
      "active": true,
      "default_expression": null,
      "entity_name": "LinkedIn",
      "element_data_type": 1,
      "editable": true
    }
  },
  {
    "model": "element_type.elementtype",
    "pk": 20,
    "fields": {
      "long_definition": null,
      "short_definition": null,
      "sort": 300,
      "active": true,
      "default_expression": null,
      "entity_name": "Twitter",
      "element_data_type": 1,
      "editable": true
    }
  },
  {
    "model": "element_type.elementtype",
    "pk": 21,
    "fields": {
      "long_definition": null,
      "short_definition": null,
      "sort": 310,
      "active": true,
      "default_expression": null,
      "entity_name": "ActionStatus",
      "element_data_type": 1,
      "editable": true
    }
  },
  {
    "model": "element_type.elementtype",
    "pk": 22,
    "fields": {
      "long_definition": null,
      "short_definition": null,
      "sort": 320,
      "active": true,
      "default_expression": null,
      "entity_name": "ActionEffort",
      "element_data_type": 1,
      "editable": true
    }
  },
  {
    "model": "element_type.elementtype",
    "pk": 23,
    "fields": {
      "long_definition": null,
      "short_definition": null,
      "sort": 330,
      "active": true,
      "default_expression": null,
      "entity_name": "ScheduleType",
      "element_data_type": 1,
      "editable": true
    }
  },
  {
    "model": "element_type.elementtype",
    "pk": 24,
    "fields": {
      "long_definition": null,
      "short_definition": null,
      "sort": 340,
      "active": true,
      "default_expression": null,
      "entity_name": "BeginningBuffer",
      "element_data_type": 4,
      "editable": true
    }
  },
  {
    "model": "element_type.elementtype",
    "pk": 25,
    "fields": {
      "long_definition": null,
      "short_definition": null,
      "sort": 350,
      "active": true,
      "default_expression": null,
      "entity_name": "BeginningEvent",
      "element_data_type": 4,
      "editable": true
    }
  },
  {
    "model": "element_type.elementtype",
    "pk": 26,
    "fields": {
      "long_definition": null,
      "short_definition": null,
      "sort": 360,
      "active": true,
      "default_expression": null,
      "entity_name": "EndingEvent",
      "element_data_type": 4,
      "editable": true
    }
  },
  {
    "model": "element_type.elementtype",
    "pk": 27,
    "fields": {
      "long_definition": null,
      "short_definition": null,
      "sort": 370,
      "active": true,
      "default_expression": null,
      "entity_name": "EndingBuffer",
      "element_data_type": 4,
      "editable": true
    }
  },
  {
    "model": "element_type.elementtype",
    "pk": 28,
    "fields": {
      "long_definition": null,
      "short_definition": null,
      "sort": 380,
      "active": true,
      "default_expression": null,
      "entity_name": "EventTime",
      "element_data_type": 5,
      "editable": true
    }
  },
  {
    "model": "element_type.elementtype",
    "pk": 29,
    "fields": {
      "long_definition": null,
      "short_definition": null,
      "sort": 390,
      "active": true,
      "default_expression": null,
      "entity_name": "TotalTime",
      "element_data_type": 5,
      "editable": true
    }
  },
  {
    "model": "element_type.elementtype",
    "pk": 30,
    "fields": {
      "long_definition": null,
      "short_definition": null,
      "sort": 400,
      "active": true,
      "default_expression": null,
      "entity_name": "RecurringOptions",
      "element_data_type": 2,
      "editable": true
    }
  },
  {
    "model": "element_type.elementtype",
    "pk": 31,
    "fields": {
      "long_definition": null,
      "short_definition": null,
      "sort": 410,
      "active": true,
      "default_expression": null,
      "entity_name": "Alert",
      "element_data_type": 4,
      "editable": true
    }
  },
  {
    "model": "element_type.elementtype",
    "pk": 32,
    "fields": {
      "long_definition": null,
      "short_definition": null,
      "sort": 420,
      "active": true,
      "default_expression": null,
      "entity_name": "LoggedIn",
      "element_data_type": 3,
      "editable": true
    }
  },
  {
    "model": "element_type.elementtype",
    "pk": 33,
    "fields": {
      "long_definition": null,
      "short_definition": null,
      "sort": 430,
      "active": true,
      "default_expression": null,
      "entity_name": "ItemStatus",
      "element_data_type": 1,
      "editable": true
    }
  },
  {
    "model": "element_type.elementtype",
    "pk": 34,
    "fields": {
      "long_definition": null,
      "short_definition": null,
      "sort": 440,
      "active": true,
      "default_expression": null,
      "entity_name": "ItemContent",
      "element_data_type": 2,
      "editable": true
    }
  },
  {
    "model": "element_type.elementtype",
    "pk": 35,
    "fields": {
      "long_definition": null,
      "short_definition": null,
      "sort": 450,
      "active": true,
      "default_expression": null,
      "entity_name": "From",
      "element_data_type": 1,
      "editable": true
    }
  },
  {
    "model": "element_type.elementtype",
    "pk": 36,
    "fields": {
      "long_definition": null,
      "short_definition": null,
      "sort": 460,
      "active": true,
      "default_expression": null,
      "entity_name": "To",
      "element_data_type": 1,
      "editable": true
    }
  },
  {
    "model": "element_type.elementtype",
    "pk": 37,
    "fields": {
      "long_definition": "Any local, network, or www address",
      "short_definition": "URL",
      "sort": 470,
      "active": true,
      "default_expression": null,
      "entity_name": "Link",
      "element_data_type": 1,
      "editable": true
    }
  },
  {
    "model": "element_type.elementtype",
    "pk": 38,
    "fields": {
      "long_definition": "File attachment",
      "short_definition": null,
      "sort": 480,
      "active": true,
      "default_expression": null,
      "entity_name": "Attachment",
      "element_data_type": 6,
      "editable": true
    }
  },
  {
    "model": "element_type.elementtype",
    "pk": 39,
    "fields": {
      "long_definition": "SHOULD THIS BE ROLLED INTO EVENTS?",
      "short_definition": null,
      "sort": 490,
      "active": true,
      "default_expression": null,
      "entity_name": "CreationDate",
      "element_data_type": 4,
      "editable": true
    }
  },
  {
    "model": "element_type.elementtype",
    "pk": 40,
    "fields": {
      "long_definition": "SHOULD THIS BE ROLLED INTO EVENTS?",
      "short_definition": null,
      "sort": 500,
      "active": true,
      "default_expression": null,
      "entity_name": "ModificationDate",
      "element_data_type": 4,
      "editable": true
    }
  },
  {
    "model": "element_type.elementoption",
    "pk": 1,
    "fields": {
      "long_definition": null,
      "short_definition": null,
      "sort": 17010,
      "active": true,
      "entity_name": "Business",
      "element_type": 7
    }
  },
  {
    "model": "element_type.elementoption",
    "pk": 2,
    "fields": {
      "long_definition": null,
      "short_definition": null,
      "sort": 17020,
      "active": true,
      "entity_name": "Non-Profit",
      "element_type": 7
    }
  },
  {
    "model": "element_type.elementoption",
    "pk": 3,
    "fields": {
      "long_definition": null,
      "short_definition": null,
      "sort": 17030,
      "active": true,
      "entity_name": "Education",
      "element_type": 7
    }
  },
  {
    "model": "element_type.elementoption",
    "pk": 4,
    "fields": {
      "long_definition": null,
      "short_definition": null,
      "sort": 17040,
      "active": true,
      "entity_name": "Food",
      "element_type": 7
    }
  },
  {
    "model": "element_type.elementoption",
    "pk": 5,
    "fields": {
      "long_definition": null,
      "short_definition": null,
      "sort": 17050,
      "active": true,
      "entity_name": "Service",
      "element_type": 7
    }
  },
  {
    "model": "element_type.elementoption",
    "pk": 6,
    "fields": {
      "long_definition": null,
      "short_definition": null,
      "sort": 17060,
      "active": true,
      "entity_name": "Cultural",
      "element_type": 7
    }
  },
  {
    "model": "element_type.elementoption",
    "pk": 7,
    "fields": {
      "long_definition": null,
      "short_definition": null,
      "sort": 17070,
      "active": true,
      "entity_name": "Religious",
      "element_type": 7
    }
  },
  {
    "model": "element_type.elementoption",
    "pk": 8,
    "fields": {
      "long_definition": null,
      "short_definition": null,
      "sort": 17080,
      "active": true,
      "entity_name": "Government",
      "element_type": 7
    }
  },
  {
    "model": "element_type.elementoption",
    "pk": 9,
    "fields": {
      "long_definition": null,
      "short_definition": null,
      "sort": 17090,
      "active": true,
      "entity_name": "Social",
      "element_type": 7
    }
  },
  {
    "model": "element_type.elementoption",
    "pk": 10,
    "fields": {
      "long_definition": null,
      "short_definition": null,
      "sort": 31010,
      "active": true,
      "entity_name": "New",
      "element_type": 21
    }
  },
  {
    "model": "element_type.elementoption",
    "pk": 11,
    "fields": {
      "long_definition": null,
      "short_definition": null,
      "sort": 31020,
      "active": true,
      "entity_name": "Someday",
      "element_type": 21
    }
  },
  {
    "model": "element_type.elementoption",
    "pk": 12,
    "fields": {
      "long_definition": null,
      "short_definition": null,
      "sort": 31030,
      "active": true,
      "entity_name": "Upcoming",
      "element_type": 21
    }
  },
  {
    "model": "element_type.elementoption",
    "pk": 13,
    "fields": {
      "long_definition": null,
      "short_definition": null,
      "sort": 31040,
      "active": true,
      "entity_name": "Current",
      "element_type": 21
    }
  },
  {
    "model": "element_type.elementoption",
    "pk": 14,
    "fields": {
      "long_definition": null,
      "short_definition": null,
      "sort": 31050,
      "active": true,
      "entity_name": "InProgress",
      "element_type": 21
    }
  },
  {
    "model": "element_type.elementoption",
    "pk": 15,
    "fields": {
      "long_definition": null,
      "short_definition": null,
      "sort": 31060,
      "active": true,
      "entity_name": "Complete",
      "element_type": 21
    }
  },
  {
    "model": "element_type.elementoption",
    "pk": 16,
    "fields": {
      "long_definition": null,
      "short_definition": null,
      "sort": 31070,
      "active": true,
      "entity_name": "WaitingFor",
      "element_type": 21
    }
  },
  {
    "model": "element_type.elementoption",
    "pk": 17,
    "fields": {
      "long_definition": null,
      "short_definition": "Very Easy",
      "sort": 32010,
      "active": true,
      "entity_name": "1",
      "element_type": 22
    }
  },
  {
    "model": "element_type.elementoption",
    "pk": 18,
    "fields": {
      "long_definition": null,
      "short_definition": "Easy",
      "sort": 32020,
      "active": true,
      "entity_name": "2",
      "element_type": 22
    }
  },
  {
    "model": "element_type.elementoption",
    "pk": 19,
    "fields": {
      "long_definition": null,
      "short_definition": "Neither Easy or Hard",
      "sort": 32030,
      "active": true,
      "entity_name": "3",
      "element_type": 22
    }
  },
  {
    "model": "element_type.elementoption",
    "pk": 20,
    "fields": {
      "long_definition": null,
      "short_definition": "Hard",
      "sort": 32040,
      "active": true,
      "entity_name": "4",
      "element_type": 22
    }
  },
  {
    "model": "element_type.elementoption",
    "pk": 21,
    "fields": {
      "long_definition": null,
      "short_definition": "Very Hard",
      "sort": 32050,
      "active": true,
      "entity_name": "5",
      "element_type": 22
    }
  },
  {
    "model": "element_type.elementoption",
    "pk": 22,
    "fields": {
      "long_definition": null,
      "short_definition": null,
      "sort": 33010,
      "active": true,
      "entity_name": "Actual",
      "element_type": 23
    }
  },
  {
    "model": "element_type.elementoption",
    "pk": 23,
    "fields": {
      "long_definition": null,
      "short_definition": null,
      "sort": 33020,
      "active": true,
      "entity_name": "Planned",
      "element_type": 23
    }
  },
  {
    "model": "element_type.elementoption",
    "pk": 24,
    "fields": {
      "long_definition": null,
      "short_definition": null,
      "sort": 40010,
      "active": true,
      "entity_name": "Placeholder",
      "element_type": 30
    }
  },
  {
    "model": "element_type.elementoption",
    "pk": 25,
    "fields": {
      "long_definition": null,
      "short_definition": null,
      "sort": 43010,
      "active": true,
      "entity_name": "New",
      "element_type": 33
    }
  },
  {
    "model": "element_type.elementoption",
    "pk": 26,
    "fields": {
      "long_definition": null,
      "short_definition": null,
      "sort": 43020,
      "active": true,
      "entity_name": "Start",
      "element_type": 33
    }
  },
  {
    "model": "element_type.elementoption",
    "pk": 27,
    "fields": {
      "long_definition": null,
      "short_definition": null,
      "sort": 43030,
      "active": true,
      "entity_name": "Working",
      "element_type": 33
    }
  },
  {
    "model": "element_type.elementoption",
    "pk": 28,
    "fields": {
      "long_definition": null,
      "short_definition": null,
      "sort": 43040,
      "active": true,
      "entity_name": "Edit",
      "element_type": 33
    }
  },
  {
    "model": "element_type.elementoption",
    "pk": 29,
    "fields": {
      "long_definition": null,
      "short_definition": null,
      "sort": 43050,
      "active": true,
      "entity_name": "Complete",
      "element_type": 33
    }
  },
  {
    "model": "element_type.elementtypedatumtype",
    "pk": 1,
    "fields": {
      "datum_type": 1,
      "active": true,
      "sort": 1010110,
      "element_type": 1
    }
  },
  {
    "model": "element_type.elementtypedatumtype",
    "pk": 2,
    "fields": {
      "datum_type": 1,
      "active": true,
      "sort": 1010120,
      "element_type": 2
    }
  },
  {
    "model": "element_type.elementtypedatumtype",
    "pk": 3,
    "fields": {
      "datum_type": 2,
      "active": true,
      "sort": 1020110,
      "element_type": 1
    }
  },
  {
    "model": "element_type.elementtypedatumtype",
    "pk": 4,
    "fields": {
      "datum_type": 2,
      "active": true,
      "sort": 1020120,
      "element_type": 2
    }
  },
  {
    "model": "element_type.elementtypedatumtype",
    "pk": 5,
    "fields": {
      "datum_type": 3,
      "active": true,
      "sort": 1030110,
      "element_type": 1
    }
  },
  {
    "model": "element_type.elementtypedatumtype",
    "pk": 6,
    "fields": {
      "datum_type": 3,
      "active": true,
      "sort": 1030120,
      "element_type": 2
    }
  },
  {
    "model": "element_type.elementtypedatumtype",
    "pk": 7,
    "fields": {
      "datum_type": 4,
      "active": true,
      "sort": 1040110,
      "element_type": 1
    }
  },
  {
    "model": "element_type.elementtypedatumtype",
    "pk": 8,
    "fields": {
      "datum_type": 4,
      "active": true,
      "sort": 1040120,
      "element_type": 2
    }
  },
  {
    "model": "element_type.elementtypedatumtype",
    "pk": 9,
    "fields": {
      "datum_type": 4,
      "active": true,
      "sort": 1040130,
      "element_type": 3
    }
  },
  {
    "model": "element_type.elementtypedatumtype",
    "pk": 10,
    "fields": {
      "datum_type": 4,
      "active": true,
      "sort": 1040140,
      "element_type": 4
    }
  },
  {
    "model": "element_type.elementtypedatumtype",
    "pk": 11,
    "fields": {
      "datum_type": 4,
      "active": true,
      "sort": 1040150,
      "element_type": 5
    }
  },
  {
    "model": "element_type.elementtypedatumtype",
    "pk": 12,
    "fields": {
      "datum_type": 4,
      "active": true,
      "sort": 1040160,
      "element_type": 6
    }
  },
  {
    "model": "element_type.elementtypedatumtype",
    "pk": 13,
    "fields": {
      "datum_type": 5,
      "active": true,
      "sort": 1050110,
      "element_type": 1
    }
  },
  {
    "model": "element_type.elementtypedatumtype",
    "pk": 14,
    "fields": {
      "datum_type": 5,
      "active": true,
      "sort": 1050120,
      "element_type": 2
    }
  },
  {
    "model": "element_type.elementtypedatumtype",
    "pk": 15,
    "fields": {
      "datum_type": 5,
      "active": true,
      "sort": 1050170,
      "element_type": 7
    }
  },
  {
    "model": "element_type.elementtypedatumtype",
    "pk": 16,
    "fields": {
      "datum_type": 6,
      "active": true,
      "sort": 1060110,
      "element_type": 1
    }
  },
  {
    "model": "element_type.elementtypedatumtype",
    "pk": 17,
    "fields": {
      "datum_type": 6,
      "active": true,
      "sort": 1060120,
      "element_type": 2
    }
  },
  {
    "model": "element_type.elementtypedatumtype",
    "pk": 18,
    "fields": {
      "datum_type": 6,
      "active": true,
      "sort": 1060180,
      "element_type": 8
    }
  },
  {
    "model": "element_type.elementtypedatumtype",
    "pk": 19,
    "fields": {
      "datum_type": 6,
      "active": true,
      "sort": 1060190,
      "element_type": 9
    }
  },
  {
    "model": "element_type.elementtypedatumtype",
    "pk": 20,
    "fields": {
      "datum_type": 6,
      "active": true,
      "sort": 1060200,
      "element_type": 10
    }
  },
  {
    "model": "element_type.elementtypedatumtype",
    "pk": 21,
    "fields": {
      "datum_type": 6,
      "active": true,
      "sort": 1060210,
      "element_type": 11
    }
  },
  {
    "model": "element_type.elementtypedatumtype",
    "pk": 22,
    "fields": {
      "datum_type": 6,
      "active": true,
      "sort": 1060220,
      "element_type": 12
    }
  },
  {
    "model": "element_type.elementtypedatumtype",
    "pk": 23,
    "fields": {
      "datum_type": 6,
      "active": true,
      "sort": 1060230,
      "element_type": 13
    }
  },
  {
    "model": "element_type.elementtypedatumtype",
    "pk": 24,
    "fields": {
      "datum_type": 6,
      "active": true,
      "sort": 1060240,
      "element_type": 14
    }
  },
  {
    "model": "element_type.elementtypedatumtype",
    "pk": 25,
    "fields": {
      "datum_type": 7,
      "active": true,
      "sort": 1070110,
      "element_type": 1
    }
  },
  {
    "model": "element_type.elementtypedatumtype",
    "pk": 26,
    "fields": {
      "datum_type": 7,
      "active": true,
      "sort": 1070120,
      "element_type": 2
    }
  },
  {
    "model": "element_type.elementtypedatumtype",
    "pk": 27,
    "fields": {
      "datum_type": 7,
      "active": true,
      "sort": 1070250,
      "element_type": 15
    }
  },
  {
    "model": "element_type.elementtypedatumtype",
    "pk": 28,
    "fields": {
      "datum_type": 7,
      "active": true,
      "sort": 1070260,
      "element_type": 16
    }
  },
  {
    "model": "element_type.elementtypedatumtype",
    "pk": 29,
    "fields": {
      "datum_type": 7,
      "active": true,
      "sort": 1070270,
      "element_type": 17
    }
  },
  {
    "model": "element_type.elementtypedatumtype",
    "pk": 30,
    "fields": {
      "datum_type": 7,
      "active": true,
      "sort": 1070280,
      "element_type": 18
    }
  },
  {
    "model": "element_type.elementtypedatumtype",
    "pk": 31,
    "fields": {
      "datum_type": 7,
      "active": true,
      "sort": 1070290,
      "element_type": 19
    }
  },
  {
    "model": "element_type.elementtypedatumtype",
    "pk": 32,
    "fields": {
      "datum_type": 7,
      "active": true,
      "sort": 1070300,
      "element_type": 20
    }
  },
  {
    "model": "element_type.elementtypedatumtype",
    "pk": 33,
    "fields": {
      "datum_type": 8,
      "active": true,
      "sort": 2010120,
      "element_type": 2
    }
  },
  {
    "model": "element_type.elementtypedatumtype",
    "pk": 34,
    "fields": {
      "datum_type": 8,
      "active": true,
      "sort": 2010310,
      "element_type": 21
    }
  },
  {
    "model": "element_type.elementtypedatumtype",
    "pk": 35,
    "fields": {
      "datum_type": 8,
      "active": true,
      "sort": 2010320,
      "element_type": 22
    }
  },
  {
    "model": "element_type.elementtypedatumtype",
    "pk": 36,
    "fields": {
      "datum_type": 9,
      "active": true,
      "sort": 2020120,
      "element_type": 2
    }
  },
  {
    "model": "element_type.elementtypedatumtype",
    "pk": 37,
    "fields": {
      "datum_type": 10,
      "active": true,
      "sort": 2030120,
      "element_type": 2
    }
  },
  {
    "model": "element_type.elementtypedatumtype",
    "pk": 38,
    "fields": {
      "datum_type": 11,
      "active": true,
      "sort": 3010110,
      "element_type": 1
    }
  },
  {
    "model": "element_type.elementtypedatumtype",
    "pk": 39,
    "fields": {
      "datum_type": 11,
      "active": true,
      "sort": 3010330,
      "element_type": 23
    }
  },
  {
    "model": "element_type.elementtypedatumtype",
    "pk": 40,
    "fields": {
      "datum_type": 12,
      "active": true,
      "sort": 3020340,
      "element_type": 24
    }
  },
  {
    "model": "element_type.elementtypedatumtype",
    "pk": 41,
    "fields": {
      "datum_type": 12,
      "active": true,
      "sort": 3020350,
      "element_type": 25
    }
  },
  {
    "model": "element_type.elementtypedatumtype",
    "pk": 42,
    "fields": {
      "datum_type": 12,
      "active": true,
      "sort": 3020360,
      "element_type": 26
    }
  },
  {
    "model": "element_type.elementtypedatumtype",
    "pk": 43,
    "fields": {
      "datum_type": 12,
      "active": true,
      "sort": 3020370,
      "element_type": 27
    }
  },
  {
    "model": "element_type.elementtypedatumtype",
    "pk": 44,
    "fields": {
      "datum_type": 12,
      "active": true,
      "sort": 3020380,
      "element_type": 28
    }
  },
  {
    "model": "element_type.elementtypedatumtype",
    "pk": 45,
    "fields": {
      "datum_type": 12,
      "active": true,
      "sort": 3020390,
      "element_type": 29
    }
  },
  {
    "model": "element_type.elementtypedatumtype",
    "pk": 46,
    "fields": {
      "datum_type": 12,
      "active": true,
      "sort": 3020400,
      "element_type": 30
    }
  },
  {
    "model": "element_type.elementtypedatumtype",
    "pk": 47,
    "fields": {
      "datum_type": 13,
      "active": true,
      "sort": 3030400,
      "element_type": 30
    }
  },
  {
    "model": "element_type.elementtypedatumtype",
    "pk": 48,
    "fields": {
      "datum_type": 13,
      "active": true,
      "sort": 3030410,
      "element_type": 31
    }
  },
  {
    "model": "element_type.elementtypedatumtype",
    "pk": 49,
    "fields": {
      "datum_type": 13,
      "active": true,
      "sort": 3030420,
      "element_type": 32
    }
  },
  {
    "model": "element_type.elementtypedatumtype",
    "pk": 50,
    "fields": {
      "datum_type": 14,
      "active": true,
      "sort": 4010110,
      "element_type": 1
    }
  },
  {
    "model": "element_type.elementtypedatumtype",
    "pk": 51,
    "fields": {
      "datum_type": 14,
      "active": true,
      "sort": 4010430,
      "element_type": 33
    }
  },
  {
    "model": "element_type.elementtypedatumtype",
    "pk": 52,
    "fields": {
      "datum_type": 14,
      "active": true,
      "sort": 4010440,
      "element_type": 34
    }
  },
  {
    "model": "element_type.elementtypedatumtype",
    "pk": 53,
    "fields": {
      "datum_type": 14,
      "active": true,
      "sort": 4010470,
      "element_type": 37
    }
  },
  {
    "model": "element_type.elementtypedatumtype",
    "pk": 54,
    "fields": {
      "datum_type": 15,
      "active": true,
      "sort": 4020110,
      "element_type": 1
    }
  },
  {
    "model": "element_type.elementtypedatumtype",
    "pk": 55,
    "fields": {
      "datum_type": 15,
      "active": true,
      "sort": 4020120,
      "element_type": 2
    }
  },
  {
    "model": "element_type.elementtypedatumtype",
    "pk": 56,
    "fields": {
      "datum_type": 15,
      "active": true,
      "sort": 4020430,
      "element_type": 33
    }
  },
  {
    "model": "element_type.elementtypedatumtype",
    "pk": 57,
    "fields": {
      "datum_type": 15,
      "active": true,
      "sort": 4020470,
      "element_type": 37
    }
  },
  {
    "model": "element_type.elementtypedatumtype",
    "pk": 58,
    "fields": {
      "datum_type": 15,
      "active": true,
      "sort": 4020480,
      "element_type": 38
    }
  },
  {
    "model": "element_type.elementtypedatumtype",
    "pk": 59,
    "fields": {
      "datum_type": 15,
      "active": true,
      "sort": 4020490,
      "element_type": 39
    }
  },
  {
    "model": "element_type.elementtypedatumtype",
    "pk": 60,
    "fields": {
      "datum_type": 15,
      "active": true,
      "sort": 4020500,
      "element_type": 40
    }
  },
  {
    "model": "element_type.elementtypedatumtype",
    "pk": 61,
    "fields": {
      "datum_type": 16,
      "active": true,
      "sort": 4030110,
      "element_type": 1
    }
  },
  {
    "model": "element_type.elementtypedatumtype",
    "pk": 62,
    "fields": {
      "datum_type": 16,
      "active": true,
      "sort": 4030120,
      "element_type": 2
    }
  },
  {
    "model": "element_type.elementtypedatumtype",
    "pk": 63,
    "fields": {
      "datum_type": 16,
      "active": true,
      "sort": 4030430,
      "element_type": 33
    }
  },
  {
    "model": "element_type.elementtypedatumtype",
    "pk": 64,
    "fields": {
      "datum_type": 16,
      "active": true,
      "sort": 4030470,
      "element_type": 37
    }
  },
  {
    "model": "element_type.elementtypedatumtype",
    "pk": 65,
    "fields": {
      "datum_type": 16,
      "active": true,
      "sort": 4030490,
      "element_type": 39
    }
  },
  {
    "model": "element_type.elementtypedatumtype",
    "pk": 66,
    "fields": {
      "datum_type": 16,
      "active": true,
      "sort": 4030500,
      "element_type": 40
    }
  },
  {
    "model": "element_type.elementtypedatumtype",
    "pk": 67,
    "fields": {
      "datum_type": 17,
      "active": true,
      "sort": 4040110,
      "element_type": 1
    }
  },
  {
    "model": "element_type.elementtypedatumtype",
    "pk": 68,
    "fields": {
      "datum_type": 17,
      "active": true,
      "sort": 4040120,
      "element_type": 2
    }
  },
  {
    "model": "element_type.elementtypedatumtype",
    "pk": 69,
    "fields": {
      "datum_type": 17,
      "active": true,
      "sort": 4040430,
      "element_type": 33
    }
  },
  {
    "model": "element_type.elementtypedatumtype",
    "pk": 70,
    "fields": {
      "datum_type": 17,
      "active": true,
      "sort": 4040470,
      "element_type": 37
    }
  },
  {
    "model": "element_type.elementtypedatumtype",
    "pk": 71,
    "fields": {
      "datum_type": 18,
      "active": true,
      "sort": 4050110,
      "element_type": 1
    }
  },
  {
    "model": "element_type.elementtypedatumtype",
    "pk": 72,
    "fields": {
      "datum_type": 18,
      "active": true,
      "sort": 4050440,
      "element_type": 34
    }
  },
  {
    "model": "element_type.elementtypedatumtype",
    "pk": 73,
    "fields": {
      "datum_type": 18,
      "active": true,
      "sort": 4050450,
      "element_type": 35
    }
  },
  {
    "model": "element_type.elementtypedatumtype",
    "pk": 74,
    "fields": {
      "datum_type": 18,
      "active": true,
      "sort": 4050460,
      "element_type": 36
    }
  },
  {
    "model": "element_type.elementtypedatumtype",
    "pk": 75,
    "fields": {
      "datum_type": 18,
      "active": true,
      "sort": 4050490,
      "element_type": 39
    }
  },
  {
    "model": "element_type.elementtypedatumtype",
    "pk": 76,
    "fields": {
      "datum_type": 19,
      "active": true,
      "sort": 4060110,
      "element_type": 1
    }
  },
  {
    "model": "element_type.elementtypedatumtype",
    "pk": 77,
    "fields": {
      "datum_type": 19,
      "active": true,
      "sort": 4060120,
      "element_type": 2
    }
  },
  {
    "model": "element_type.elementtypedatumtype",
    "pk": 78,
    "fields": {
      "datum_type": 19,
      "active": true,
      "sort": 4060430,
      "element_type": 33
    }
  },
  {
    "model": "element_type.elementtypedatumtype",
    "pk": 79,
    "fields": {
      "datum_type": 19,
      "active": true,
      "sort": 4060440,
      "element_type": 34
    }
  },
  {
    "model": "element_type.elementtypedatumtype",
    "pk": 80,
    "fields": {
      "datum_type": 19,
      "active": true,
      "sort": 4060470,
      "element_type": 37
    }
  },
  {
    "model": "element_type.elementtypedatumtype",
    "pk": 81,
    "fields": {
      "datum_type": 19,
      "active": true,
      "sort": 4060490,
      "element_type": 39
    }
  },
  {
    "model": "auth.permission",
    "pk": 1,
    "fields": {
      "name": "Can add log entry",
      "content_type": 1,
      "codename": "add_logentry"
    }
  },
  {
    "model": "auth.permission",
    "pk": 2,
    "fields": {
      "name": "Can change log entry",
      "content_type": 1,
      "codename": "change_logentry"
    }
  },
  {
    "model": "auth.permission",
    "pk": 3,
    "fields": {
      "name": "Can delete log entry",
      "content_type": 1,
      "codename": "delete_logentry"
    }
  },
  {
    "model": "auth.permission",
    "pk": 4,
    "fields": {
      "name": "Can add permission",
      "content_type": 2,
      "codename": "add_permission"
    }
  },
  {
    "model": "auth.permission",
    "pk": 5,
    "fields": {
      "name": "Can change permission",
      "content_type": 2,
      "codename": "change_permission"
    }
  },
  {
    "model": "auth.permission",
    "pk": 6,
    "fields": {
      "name": "Can delete permission",
      "content_type": 2,
      "codename": "delete_permission"
    }
  },
  {
    "model": "auth.permission",
    "pk": 7,
    "fields": {
      "name": "Can add group",
      "content_type": 3,
      "codename": "add_group"
    }
  },
  {
    "model": "auth.permission",
    "pk": 8,
    "fields": {
      "name": "Can change group",
      "content_type": 3,
      "codename": "change_group"
    }
  },
  {
    "model": "auth.permission",
    "pk": 9,
    "fields": {
      "name": "Can delete group",
      "content_type": 3,
      "codename": "delete_group"
    }
  },
  {
    "model": "auth.permission",
    "pk": 10,
    "fields": {
      "name": "Can add user",
      "content_type": 4,
      "codename": "add_user"
    }
  },
  {
    "model": "auth.permission",
    "pk": 11,
    "fields": {
      "name": "Can change user",
      "content_type": 4,
      "codename": "change_user"
    }
  },
  {
    "model": "auth.permission",
    "pk": 12,
    "fields": {
      "name": "Can delete user",
      "content_type": 4,
      "codename": "delete_user"
    }
  },
  {
    "model": "auth.permission",
    "pk": 13,
    "fields": {
      "name": "Can add content type",
      "content_type": 5,
      "codename": "add_contenttype"
    }
  },
  {
    "model": "auth.permission",
    "pk": 14,
    "fields": {
      "name": "Can change content type",
      "content_type": 5,
      "codename": "change_contenttype"
    }
  },
  {
    "model": "auth.permission",
    "pk": 15,
    "fields": {
      "name": "Can delete content type",
      "content_type": 5,
      "codename": "delete_contenttype"
    }
  },
  {
    "model": "auth.permission",
    "pk": 16,
    "fields": {
      "name": "Can add session",
      "content_type": 6,
      "codename": "add_session"
    }
  },
  {
    "model": "auth.permission",
    "pk": 17,
    "fields": {
      "name": "Can change session",
      "content_type": 6,
      "codename": "change_session"
    }
  },
  {
    "model": "auth.permission",
    "pk": 18,
    "fields": {
      "name": "Can delete session",
      "content_type": 6,
      "codename": "delete_session"
    }
  },
  {
    "model": "auth.permission",
    "pk": 19,
    "fields": {
      "name": "Can add Datum Group",
      "content_type": 7,
      "codename": "add_datumgroup"
    }
  },
  {
    "model": "auth.permission",
    "pk": 20,
    "fields": {
      "name": "Can change Datum Group",
      "content_type": 7,
      "codename": "change_datumgroup"
    }
  },
  {
    "model": "auth.permission",
    "pk": 21,
    "fields": {
      "name": "Can delete Datum Group",
      "content_type": 7,
      "codename": "delete_datumgroup"
    }
  },
  {
    "model": "auth.permission",
    "pk": 22,
    "fields": {
      "name": "Can add Datum Type",
      "content_type": 8,
      "codename": "add_datumtype"
    }
  },
  {
    "model": "auth.permission",
    "pk": 23,
    "fields": {
      "name": "Can change Datum Type",
      "content_type": 8,
      "codename": "change_datumtype"
    }
  },
  {
    "model": "auth.permission",
    "pk": 24,
    "fields": {
      "name": "Can delete Datum Type",
      "content_type": 8,
      "codename": "delete_datumtype"
    }
  },
  {
    "model": "auth.permission",
    "pk": 25,
    "fields": {
      "name": "Can add Datum",
      "content_type": 9,
      "codename": "add_datumobject"
    }
  },
  {
    "model": "auth.permission",
    "pk": 26,
    "fields": {
      "name": "Can change Datum",
      "content_type": 9,
      "codename": "change_datumobject"
    }
  },
  {
    "model": "auth.permission",
    "pk": 27,
    "fields": {
      "name": "Can delete Datum",
      "content_type": 9,
      "codename": "delete_datumobject"
    }
  },
  {
    "model": "auth.permission",
    "pk": 28,
    "fields": {
      "name": "Can add Element Data Type",
      "content_type": 10,
      "codename": "add_elementdatatype"
    }
  },
  {
    "model": "auth.permission",
    "pk": 29,
    "fields": {
      "name": "Can change Element Data Type",
      "content_type": 10,
      "codename": "change_elementdatatype"
    }
  },
  {
    "model": "auth.permission",
    "pk": 30,
    "fields": {
      "name": "Can delete Element Data Type",
      "content_type": 10,
      "codename": "delete_elementdatatype"
    }
  },
  {
    "model": "auth.permission",
    "pk": 31,
    "fields": {
      "name": "Can add element type",
      "content_type": 11,
      "codename": "add_elementtype"
    }
  },
  {
    "model": "auth.permission",
    "pk": 32,
    "fields": {
      "name": "Can change element type",
      "content_type": 11,
      "codename": "change_elementtype"
    }
  },
  {
    "model": "auth.permission",
    "pk": 33,
    "fields": {
      "name": "Can delete element type",
      "content_type": 11,
      "codename": "delete_elementtype"
    }
  },
  {
    "model": "auth.permission",
    "pk": 34,
    "fields": {
      "name": "Can add Element Option",
      "content_type": 12,
      "codename": "add_elementoption"
    }
  },
  {
    "model": "auth.permission",
    "pk": 35,
    "fields": {
      "name": "Can change Element Option",
      "content_type": 12,
      "codename": "change_elementoption"
    }
  },
  {
    "model": "auth.permission",
    "pk": 36,
    "fields": {
      "name": "Can delete Element Option",
      "content_type": 12,
      "codename": "delete_elementoption"
    }
  },
  {
    "model": "auth.permission",
    "pk": 37,
    "fields": {
      "name": "Can add Element Type - Datum Type",
      "content_type": 13,
      "codename": "add_elementtypedatumtype"
    }
  },
  {
    "model": "auth.permission",
    "pk": 38,
    "fields": {
      "name": "Can change Element Type - Datum Type",
      "content_type": 13,
      "codename": "change_elementtypedatumtype"
    }
  },
  {
    "model": "auth.permission",
    "pk": 39,
    "fields": {
      "name": "Can delete Element Type - Datum Type",
      "content_type": 13,
      "codename": "delete_elementtypedatumtype"
    }
  },
  {
    "model": "auth.permission",
    "pk": 40,
    "fields": {
      "name": "Can add Element Type - Datum Object",
      "content_type": 14,
      "codename": "add_elementtypedatumobject"
    }
  },
  {
    "model": "auth.permission",
    "pk": 41,
    "fields": {
      "name": "Can change Element Type - Datum Object",
      "content_type": 14,
      "codename": "change_elementtypedatumobject"
    }
  },
  {
    "model": "auth.permission",
    "pk": 42,
    "fields": {
      "name": "Can delete Element Type - Datum Object",
      "content_type": 14,
      "codename": "delete_elementtypedatumobject"
    }
  },
  {
    "model": "auth.permission",
    "pk": 43,
    "fields": {
      "name": "Can add Element Value",
      "content_type": 15,
      "codename": "add_elementvaluestring"
    }
  },
  {
    "model": "auth.permission",
    "pk": 44,
    "fields": {
      "name": "Can change Element Value",
      "content_type": 15,
      "codename": "change_elementvaluestring"
    }
  },
  {
    "model": "auth.permission",
    "pk": 45,
    "fields": {
      "name": "Can delete Element Value",
      "content_type": 15,
      "codename": "delete_elementvaluestring"
    }
  },
  {
    "model": "auth.permission",
    "pk": 46,
    "fields": {
      "name": "Can add Element Value",
      "content_type": 16,
      "codename": "add_elementvaluetextdata"
    }
  },
  {
    "model": "auth.permission",
    "pk": 47,
    "fields": {
      "name": "Can change Element Value",
      "content_type": 16,
      "codename": "change_elementvaluetextdata"
    }
  },
  {
    "model": "auth.permission",
    "pk": 48,
    "fields": {
      "name": "Can delete Element Value",
      "content_type": 16,
      "codename": "delete_elementvaluetextdata"
    }
  },
  {
    "model": "auth.permission",
    "pk": 49,
    "fields": {
      "name": "Can add Element Value",
      "content_type": 17,
      "codename": "add_elementvalueboolean"
    }
  },
  {
    "model": "auth.permission",
    "pk": 50,
    "fields": {
      "name": "Can change Element Value",
      "content_type": 17,
      "codename": "change_elementvalueboolean"
    }
  },
  {
    "model": "auth.permission",
    "pk": 51,
    "fields": {
      "name": "Can delete Element Value",
      "content_type": 17,
      "codename": "delete_elementvalueboolean"
    }
  },
  {
    "model": "auth.permission",
    "pk": 52,
    "fields": {
      "name": "Can add Element Value",
      "content_type": 18,
      "codename": "add_elementvaluedatetime"
    }
  },
  {
    "model": "auth.permission",
    "pk": 53,
    "fields": {
      "name": "Can change Element Value",
      "content_type": 18,
      "codename": "change_elementvaluedatetime"
    }
  },
  {
    "model": "auth.permission",
    "pk": 54,
    "fields": {
      "name": "Can delete Element Value",
      "content_type": 18,
      "codename": "delete_elementvaluedatetime"
    }
  },
  {
    "model": "auth.permission",
    "pk": 55,
    "fields": {
      "name": "Can add Element Value",
      "content_type": 19,
      "codename": "add_elementvaluedecimal"
    }
  },
  {
    "model": "auth.permission",
    "pk": 56,
    "fields": {
      "name": "Can change Element Value",
      "content_type": 19,
      "codename": "change_elementvaluedecimal"
    }
  },
  {
    "model": "auth.permission",
    "pk": 57,
    "fields": {
      "name": "Can delete Element Value",
      "content_type": 19,
      "codename": "delete_elementvaluedecimal"
    }
  },
  {
    "model": "auth.permission",
    "pk": 58,
    "fields": {
      "name": "Can add Element Value",
      "content_type": 20,
      "codename": "add_elementvaluebinary"
    }
  },
  {
    "model": "auth.permission",
    "pk": 59,
    "fields": {
      "name": "Can change Element Value",
      "content_type": 20,
      "codename": "change_elementvaluebinary"
    }
  },
  {
    "model": "auth.permission",
    "pk": 60,
    "fields": {
      "name": "Can delete Element Value",
      "content_type": 20,
      "codename": "delete_elementvaluebinary"
    }
  },
  {
    "model": "auth.permission",
    "pk": 61,
    "fields": {
      "name": "Can add Association Type",
      "content_type": 21,
      "codename": "add_associationtype"
    }
  },
  {
    "model": "auth.permission",
    "pk": 62,
    "fields": {
      "name": "Can change Association Type",
      "content_type": 21,
      "codename": "change_associationtype"
    }
  },
  {
    "model": "auth.permission",
    "pk": 63,
    "fields": {
      "name": "Can delete Association Type",
      "content_type": 21,
      "codename": "delete_associationtype"
    }
  },
  {
    "model": "auth.permission",
    "pk": 64,
    "fields": {
      "name": "Can add Association Direction",
      "content_type": 22,
      "codename": "add_associationdirection"
    }
  },
  {
    "model": "auth.permission",
    "pk": 65,
    "fields": {
      "name": "Can change Association Direction",
      "content_type": 22,
      "codename": "change_associationdirection"
    }
  },
  {
    "model": "auth.permission",
    "pk": 66,
    "fields": {
      "name": "Can delete Association Direction",
      "content_type": 22,
      "codename": "delete_associationdirection"
    }
  },
  {
    "model": "auth.permission",
    "pk": 67,
    "fields": {
      "name": "Can add Association Adjacent",
      "content_type": 23,
      "codename": "add_associationadjacent"
    }
  },
  {
    "model": "auth.permission",
    "pk": 68,
    "fields": {
      "name": "Can change Association Adjacent",
      "content_type": 23,
      "codename": "change_associationadjacent"
    }
  },
  {
    "model": "auth.permission",
    "pk": 69,
    "fields": {
      "name": "Can delete Association Adjacent",
      "content_type": 23,
      "codename": "delete_associationadjacent"
    }
  },
  {
    "model": "auth.permission",
    "pk": 70,
    "fields": {
      "name": "Can add Association All",
      "content_type": 24,
      "codename": "add_associationall"
    }
  },
  {
    "model": "auth.permission",
    "pk": 71,
    "fields": {
      "name": "Can change Association All",
      "content_type": 24,
      "codename": "change_associationall"
    }
  },
  {
    "model": "auth.permission",
    "pk": 72,
    "fields": {
      "name": "Can delete Association All",
      "content_type": 24,
      "codename": "delete_associationall"
    }
  },
  {
    "model": "auth.permission",
    "pk": 73,
    "fields": {
      "name": "Can add Filter Rule - Group",
      "content_type": 25,
      "codename": "add_filterrulegroup"
    }
  },
  {
    "model": "auth.permission",
    "pk": 74,
    "fields": {
      "name": "Can change Filter Rule - Group",
      "content_type": 25,
      "codename": "change_filterrulegroup"
    }
  },
  {
    "model": "auth.permission",
    "pk": 75,
    "fields": {
      "name": "Can delete Filter Rule - Group",
      "content_type": 25,
      "codename": "delete_filterrulegroup"
    }
  },
  {
    "model": "auth.permission",
    "pk": 76,
    "fields": {
      "name": "Can add Filter Rule - Type",
      "content_type": 26,
      "codename": "add_filterruletype"
    }
  },
  {
    "model": "auth.permission",
    "pk": 77,
    "fields": {
      "name": "Can change Filter Rule - Type",
      "content_type": 26,
      "codename": "change_filterruletype"
    }
  },
  {
    "model": "auth.permission",
    "pk": 78,
    "fields": {
      "name": "Can delete Filter Rule - Type",
      "content_type": 26,
      "codename": "delete_filterruletype"
    }
  },
  {
    "model": "auth.permission",
    "pk": 79,
    "fields": {
      "name": "Can add Filter Rule - Association",
      "content_type": 27,
      "codename": "add_filterruleassociation"
    }
  },
  {
    "model": "auth.permission",
    "pk": 80,
    "fields": {
      "name": "Can change Filter Rule - Association",
      "content_type": 27,
      "codename": "change_filterruleassociation"
    }
  },
  {
    "model": "auth.permission",
    "pk": 81,
    "fields": {
      "name": "Can delete Filter Rule - Association",
      "content_type": 27,
      "codename": "delete_filterruleassociation"
    }
  },
  {
    "model": "auth.permission",
    "pk": 82,
    "fields": {
      "name": "Can add Filter Rule - Element",
      "content_type": 28,
      "codename": "add_filterruleelement"
    }
  },
  {
    "model": "auth.permission",
    "pk": 83,
    "fields": {
      "name": "Can change Filter Rule - Element",
      "content_type": 28,
      "codename": "change_filterruleelement"
    }
  },
  {
    "model": "auth.permission",
    "pk": 84,
    "fields": {
      "name": "Can delete Filter Rule - Element",
      "content_type": 28,
      "codename": "delete_filterruleelement"
    }
  },
  {
    "model": "auth.permission",
    "pk": 85,
    "fields": {
      "name": "Can add Filter Set",
      "content_type": 29,
      "codename": "add_filterset"
    }
  },
  {
    "model": "auth.permission",
    "pk": 86,
    "fields": {
      "name": "Can change Filter Set",
      "content_type": 29,
      "codename": "change_filterset"
    }
  },
  {
    "model": "auth.permission",
    "pk": 87,
    "fields": {
      "name": "Can delete Filter Set",
      "content_type": 29,
      "codename": "delete_filterset"
    }
  },
  {
    "model": "auth.permission",
    "pk": 88,
    "fields": {
      "name": "Can add filter set group rule",
      "content_type": 30,
      "codename": "add_filtersetgrouprule"
    }
  },
  {
    "model": "auth.permission",
    "pk": 89,
    "fields": {
      "name": "Can change filter set group rule",
      "content_type": 30,
      "codename": "change_filtersetgrouprule"
    }
  },
  {
    "model": "auth.permission",
    "pk": 90,
    "fields": {
      "name": "Can delete filter set group rule",
      "content_type": 30,
      "codename": "delete_filtersetgrouprule"
    }
  },
  {
    "model": "auth.permission",
    "pk": 91,
    "fields": {
      "name": "Can add filter set type rule",
      "content_type": 31,
      "codename": "add_filtersettyperule"
    }
  },
  {
    "model": "auth.permission",
    "pk": 92,
    "fields": {
      "name": "Can change filter set type rule",
      "content_type": 31,
      "codename": "change_filtersettyperule"
    }
  },
  {
    "model": "auth.permission",
    "pk": 93,
    "fields": {
      "name": "Can delete filter set type rule",
      "content_type": 31,
      "codename": "delete_filtersettyperule"
    }
  },
  {
    "model": "auth.permission",
    "pk": 94,
    "fields": {
      "name": "Can add filter set association rule",
      "content_type": 32,
      "codename": "add_filtersetassociationrule"
    }
  },
  {
    "model": "auth.permission",
    "pk": 95,
    "fields": {
      "name": "Can change filter set association rule",
      "content_type": 32,
      "codename": "change_filtersetassociationrule"
    }
  },
  {
    "model": "auth.permission",
    "pk": 96,
    "fields": {
      "name": "Can delete filter set association rule",
      "content_type": 32,
      "codename": "delete_filtersetassociationrule"
    }
  },
  {
    "model": "auth.permission",
    "pk": 97,
    "fields": {
      "name": "Can add filter set element rule",
      "content_type": 33,
      "codename": "add_filtersetelementrule"
    }
  },
  {
    "model": "auth.permission",
    "pk": 98,
    "fields": {
      "name": "Can change filter set element rule",
      "content_type": 33,
      "codename": "change_filtersetelementrule"
    }
  },
  {
    "model": "auth.permission",
    "pk": 99,
    "fields": {
      "name": "Can delete filter set element rule",
      "content_type": 33,
      "codename": "delete_filtersetelementrule"
    }
  },
  {
    "model": "auth.permission",
    "pk": 100,
    "fields": {
      "name": "Can add Datum Type Watchword",
      "content_type": 34,
      "codename": "add_watchworddatumtype"
    }
  },
  {
    "model": "auth.permission",
    "pk": 101,
    "fields": {
      "name": "Can change Datum Type Watchword",
      "content_type": 34,
      "codename": "change_watchworddatumtype"
    }
  },
  {
    "model": "auth.permission",
    "pk": 102,
    "fields": {
      "name": "Can delete Datum Type Watchword",
      "content_type": 34,
      "codename": "delete_watchworddatumtype"
    }
  },
  {
    "model": "auth.permission",
    "pk": 103,
    "fields": {
      "name": "Can add Datum Object Watchword",
      "content_type": 35,
      "codename": "add_watchworddatumobject"
    }
  },
  {
    "model": "auth.permission",
    "pk": 104,
    "fields": {
      "name": "Can change Datum Object Watchword",
      "content_type": 35,
      "codename": "change_watchworddatumobject"
    }
  },
  {
    "model": "auth.permission",
    "pk": 105,
    "fields": {
      "name": "Can delete Datum Object Watchword",
      "content_type": 35,
      "codename": "delete_watchworddatumobject"
    }
  },
  {
    "model": "auth.permission",
    "pk": 106,
    "fields": {
      "name": "Can add Association Type Watchword",
      "content_type": 36,
      "codename": "add_watchwordassociationtype"
    }
  },
  {
    "model": "auth.permission",
    "pk": 107,
    "fields": {
      "name": "Can change Association Type Watchword",
      "content_type": 36,
      "codename": "change_watchwordassociationtype"
    }
  },
  {
    "model": "auth.permission",
    "pk": 108,
    "fields": {
      "name": "Can delete Association Type Watchword",
      "content_type": 36,
      "codename": "delete_watchwordassociationtype"
    }
  },
  {
    "model": "auth.user",
    "pk": 1,
    "fields": {
      "date_joined": "2015-04-29T18:57:48.622Z",
      "groups": [],
      "email": "test@test.com",
      "is_active": true,
      "is_staff": true,
      "is_superuser": true,
      "first_name": "",
      "last_login": null,
      "password": "pbkdf2_sha256$20000$gYGqzMGtvVFI$FpKYqlDiu36k7biz34q3qPpSf5E6SHaX3hMbW2cy7HE=",
      "last_name": "",
      "user_permissions": [],
      "username": "test"
    }
  }
]