[
  {
    "fields": {
      "created": "2015-07-06T23:09:39.772Z",
      "user": 1,
      "datum_type": 1,
      "modified": "2015-07-06T23:08:18.293Z",
      "active": true,
      "sort": 101001
    },
    "pk": 1,
    "model": "datum.datumobject"
  },
  {
    "fields": {
      "created": "2015-07-06T23:09:39.772Z",
      "user": 1,
      "datum_type": 2,
      "modified": "2015-07-06T23:08:18.293Z",
      "active": true,
      "sort": 101101
    },
    "pk": 2,
    "model": "datum.datumobject"
  },
  {
    "fields": {
      "created": "2015-07-06T23:09:39.772Z",
      "user": 1,
      "datum_type": 1,
      "modified": "2015-07-06T23:08:18.293Z",
      "active": true,
      "sort": 101002
    },
    "pk": 3,
    "model": "datum.datumobject"
  },
  {
    "fields": {
      "created": "2015-07-06T23:09:39.772Z",
      "user": 1,
      "datum_type": 5,
      "modified": "2015-07-06T23:08:18.293Z",
      "active": true,
      "sort": 101401
    },
    "pk": 6,
    "model": "datum.datumobject"
  },
  {
    "fields": {
      "created": "2015-07-06T23:09:39.772Z",
      "user": 1,
      "datum_type": 6,
      "modified": "2015-07-06T23:08:18.293Z",
      "active": true,
      "sort": 101501
    },
    "pk": 7,
    "model": "datum.datumobject"
  },
  {
    "fields": {
      "created": "2015-07-06T23:09:39.772Z",
      "user": 1,
      "datum_type": 1,
      "modified": "2015-07-06T23:08:18.293Z",
      "active": true,
      "sort": 101003
    },
    "pk": 8,
    "model": "datum.datumobject"
  },
  {
    "fields": {
      "created": "2015-07-06T23:09:39.772Z",
      "user": 1,
      "datum_type": 4,
      "modified": "2015-07-06T23:08:18.293Z",
      "active": true,
      "sort": 101301
    },
    "pk": 9,
    "model": "datum.datumobject"
  },
  {
    "fields": {
      "created": "2015-07-06T23:09:39.772Z",
      "user": 1,
      "datum_type": 1,
      "modified": "2015-07-06T23:08:18.293Z",
      "active": true,
      "sort": 101004
    },
    "pk": 10,
    "model": "datum.datumobject"
  },
  {
    "fields": {
      "created": "2015-07-06T23:09:39.772Z",
      "user": 1,
      "datum_type": 7,
      "modified": "2015-07-06T23:08:18.293Z",
      "active": true,
      "sort": 101601
    },
    "pk": 11,
    "model": "datum.datumobject"
  },
  {
    "fields": {
      "created": "2015-07-06T23:09:39.772Z",
      "user": 1,
      "datum_type": 8,
      "modified": "2015-07-06T23:08:18.293Z",
      "active": true,
      "sort": 201001
    },
    "pk": 12,
    "model": "datum.datumobject"
  },
  {
    "fields": {
      "created": "2015-07-06T23:09:39.772Z",
      "user": 1,
      "datum_type": 8,
      "modified": "2015-07-06T23:08:18.293Z",
      "active": true,
      "sort": 201002
    },
    "pk": 13,
    "model": "datum.datumobject"
  },
  {
    "fields": {
      "created": "2015-07-06T23:09:39.772Z",
      "user": 1,
      "datum_type": 12,
      "modified": "2015-07-06T23:08:18.293Z",
      "active": true,
      "sort": 301101
    },
    "pk": 14,
    "model": "datum.datumobject"
  },
  {
    "fields": {
      "created": "2015-07-06T23:09:39.772Z",
      "user": 1,
      "datum_type": 8,
      "modified": "2015-07-06T23:08:18.293Z",
      "active": true,
      "sort": 201003
    },
    "pk": 15,
    "model": "datum.datumobject"
  },
  {
    "fields": {
      "created": "2015-07-06T23:09:39.772Z",
      "user": 1,
      "datum_type": 3,
      "modified": "2015-07-06T23:08:18.293Z",
      "active": true,
      "sort": 101201
    },
    "pk": 16,
    "model": "datum.datumobject"
  },
  {
    "fields": {
      "created": "2015-07-06T23:09:39.772Z",
      "user": 1,
      "datum_type": 3,
      "modified": "2015-07-06T23:08:18.293Z",
      "active": true,
      "sort": 101202
    },
    "pk": 17,
    "model": "datum.datumobject"
  },
  {
    "fields": {
      "created": "2015-07-06T23:09:39.772Z",
      "user": 1,
      "datum_type": 3,
      "modified": "2015-07-06T23:08:18.293Z",
      "active": true,
      "sort": 101203
    },
    "pk": 18,
    "model": "datum.datumobject"
  },
  {
    "fields": {
      "created": "2015-07-06T23:09:39.772Z",
      "user": 1,
      "datum_type": 11,
      "modified": "2015-07-06T23:08:18.293Z",
      "active": true,
      "sort": 301001
    },
    "pk": 19,
    "model": "datum.datumobject"
  },
  {
    "fields": {
      "created": "2015-07-06T23:09:39.772Z",
      "user": 1,
      "datum_type": 17,
      "modified": "2015-07-06T23:08:18.293Z",
      "active": true,
      "sort": 401301
    },
    "pk": 20,
    "model": "datum.datumobject"
  },
  {
    "fields": {
      "created": "2015-07-06T23:09:39.772Z",
      "user": 1,
      "datum_type": 1,
      "modified": "2015-07-06T23:08:18.293Z",
      "active": true,
      "sort": 101005
    },
    "pk": 21,
    "model": "datum.datumobject"
  },
  {
    "fields": {
      "created": "2015-07-06T23:09:39.772Z",
      "user": 1,
      "datum_type": 1,
      "modified": "2015-07-06T23:08:18.293Z",
      "active": true,
      "sort": 101006
    },
    "pk": 22,
    "model": "datum.datumobject"
  },
  {
    "fields": {
      "created": "2015-07-06T23:09:39.772Z",
      "user": 1,
      "datum_type": 17,
      "modified": "2015-07-06T23:08:18.293Z",
      "active": true,
      "sort": 401302
    },
    "pk": 23,
    "model": "datum.datumobject"
  },
  {
    "fields": {
      "created": "2015-07-06T23:09:39.772Z",
      "user": 1,
      "datum_type": 15,
      "modified": "2015-07-06T23:08:18.293Z",
      "active": true,
      "sort": 401101
    },
    "pk": 25,
    "model": "datum.datumobject"
  },
  {
    "fields": {
      "created": "2015-07-06T23:09:41.568Z",
      "modified": "2015-07-06T23:08:24.415Z",
      "element_type": 1,
      "active": true,
      "datum_object": 1,
      "sort": 101001110
    },
    "pk": 1,
    "model": "element_type.elementdatumobject"
  },
  {
    "fields": {
      "created": "2015-07-06T23:09:41.568Z",
      "modified": "2015-07-06T23:08:24.415Z",
      "element_type": 2,
      "active": true,
      "datum_object": 1,
      "sort": 101001120
    },
    "pk": 2,
    "model": "element_type.elementdatumobject"
  },
  {
    "fields": {
      "created": "2015-07-06T23:09:41.568Z",
      "modified": "2015-07-06T23:08:24.415Z",
      "element_type": 1,
      "active": true,
      "datum_object": 2,
      "sort": 101101110
    },
    "pk": 3,
    "model": "element_type.elementdatumobject"
  },
  {
    "fields": {
      "created": "2015-07-06T23:09:41.568Z",
      "modified": "2015-07-06T23:08:24.415Z",
      "element_type": 2,
      "active": true,
      "datum_object": 2,
      "sort": 101101120
    },
    "pk": 4,
    "model": "element_type.elementdatumobject"
  },
  {
    "fields": {
      "created": "2015-07-06T23:09:41.568Z",
      "modified": "2015-07-06T23:08:24.415Z",
      "element_type": 1,
      "active": true,
      "datum_object": 3,
      "sort": 101002110
    },
    "pk": 5,
    "model": "element_type.elementdatumobject"
  },
  {
    "fields": {
      "created": "2015-07-06T23:09:41.568Z",
      "modified": "2015-07-06T23:08:24.415Z",
      "element_type": 2,
      "active": true,
      "datum_object": 3,
      "sort": 101002120
    },
    "pk": 6,
    "model": "element_type.elementdatumobject"
  },
  {
    "fields": {
      "created": "2015-07-06T23:09:41.568Z",
      "modified": "2015-07-06T23:08:24.415Z",
      "element_type": 1,
      "active": true,
      "datum_object": 6,
      "sort": 101401110
    },
    "pk": 18,
    "model": "element_type.elementdatumobject"
  },
  {
    "fields": {
      "created": "2015-07-06T23:09:41.568Z",
      "modified": "2015-07-06T23:08:24.415Z",
      "element_type": 2,
      "active": true,
      "datum_object": 6,
      "sort": 101401120
    },
    "pk": 19,
    "model": "element_type.elementdatumobject"
  },
  {
    "fields": {
      "created": "2015-07-06T23:09:41.568Z",
      "modified": "2015-07-06T23:08:24.415Z",
      "element_type": 7,
      "active": true,
      "datum_object": 6,
      "sort": 101401170
    },
    "pk": 20,
    "model": "element_type.elementdatumobject"
  },
  {
    "fields": {
      "created": "2015-07-06T23:09:41.568Z",
      "modified": "2015-07-06T23:08:24.415Z",
      "element_type": 1,
      "active": true,
      "datum_object": 7,
      "sort": 101501110
    },
    "pk": 21,
    "model": "element_type.elementdatumobject"
  },
  {
    "fields": {
      "created": "2015-07-06T23:09:41.568Z",
      "modified": "2015-07-06T23:08:24.415Z",
      "element_type": 2,
      "active": true,
      "datum_object": 7,
      "sort": 101501120
    },
    "pk": 22,
    "model": "element_type.elementdatumobject"
  },
  {
    "fields": {
      "created": "2015-07-06T23:09:41.568Z",
      "modified": "2015-07-06T23:08:24.415Z",
      "element_type": 8,
      "active": true,
      "datum_object": 7,
      "sort": 101501180
    },
    "pk": 23,
    "model": "element_type.elementdatumobject"
  },
  {
    "fields": {
      "created": "2015-07-06T23:09:41.568Z",
      "modified": "2015-07-06T23:08:24.415Z",
      "element_type": 9,
      "active": true,
      "datum_object": 7,
      "sort": 101501190
    },
    "pk": 24,
    "model": "element_type.elementdatumobject"
  },
  {
    "fields": {
      "created": "2015-07-06T23:09:41.568Z",
      "modified": "2015-07-06T23:08:24.415Z",
      "element_type": 10,
      "active": true,
      "datum_object": 7,
      "sort": 101501200
    },
    "pk": 25,
    "model": "element_type.elementdatumobject"
  },
  {
    "fields": {
      "created": "2015-07-06T23:09:41.568Z",
      "modified": "2015-07-06T23:08:24.415Z",
      "element_type": 11,
      "active": true,
      "datum_object": 7,
      "sort": 101501210
    },
    "pk": 26,
    "model": "element_type.elementdatumobject"
  },
  {
    "fields": {
      "created": "2015-07-06T23:09:41.568Z",
      "modified": "2015-07-06T23:08:24.415Z",
      "element_type": 12,
      "active": true,
      "datum_object": 7,
      "sort": 101501220
    },
    "pk": 27,
    "model": "element_type.elementdatumobject"
  },
  {
    "fields": {
      "created": "2015-07-06T23:09:41.568Z",
      "modified": "2015-07-06T23:08:24.415Z",
      "element_type": 13,
      "active": true,
      "datum_object": 7,
      "sort": 101501230
    },
    "pk": 28,
    "model": "element_type.elementdatumobject"
  },
  {
    "fields": {
      "created": "2015-07-06T23:09:41.568Z",
      "modified": "2015-07-06T23:08:24.415Z",
      "element_type": 14,
      "active": true,
      "datum_object": 7,
      "sort": 101501240
    },
    "pk": 29,
    "model": "element_type.elementdatumobject"
  },
  {
    "fields": {
      "created": "2015-07-06T23:09:41.568Z",
      "modified": "2015-07-06T23:08:24.415Z",
      "element_type": 1,
      "active": true,
      "datum_object": 8,
      "sort": 101003110
    },
    "pk": 30,
    "model": "element_type.elementdatumobject"
  },
  {
    "fields": {
      "created": "2015-07-06T23:09:41.568Z",
      "modified": "2015-07-06T23:08:24.415Z",
      "element_type": 2,
      "active": true,
      "datum_object": 8,
      "sort": 101003120
    },
    "pk": 31,
    "model": "element_type.elementdatumobject"
  },
  {
    "fields": {
      "created": "2015-07-06T23:09:41.568Z",
      "modified": "2015-07-06T23:08:24.415Z",
      "element_type": 1,
      "active": true,
      "datum_object": 9,
      "sort": 101301110
    },
    "pk": 32,
    "model": "element_type.elementdatumobject"
  },
  {
    "fields": {
      "created": "2015-07-06T23:09:41.568Z",
      "modified": "2015-07-06T23:08:24.415Z",
      "element_type": 2,
      "active": true,
      "datum_object": 9,
      "sort": 101301120
    },
    "pk": 33,
    "model": "element_type.elementdatumobject"
  },
  {
    "fields": {
      "created": "2015-07-06T23:09:41.568Z",
      "modified": "2015-07-06T23:08:24.415Z",
      "element_type": 3,
      "active": true,
      "datum_object": 9,
      "sort": 101301130
    },
    "pk": 34,
    "model": "element_type.elementdatumobject"
  },
  {
    "fields": {
      "created": "2015-07-06T23:09:41.568Z",
      "modified": "2015-07-06T23:08:24.415Z",
      "element_type": 4,
      "active": true,
      "datum_object": 9,
      "sort": 101301140
    },
    "pk": 35,
    "model": "element_type.elementdatumobject"
  },
  {
    "fields": {
      "created": "2015-07-06T23:09:41.568Z",
      "modified": "2015-07-06T23:08:24.415Z",
      "element_type": 5,
      "active": true,
      "datum_object": 9,
      "sort": 101301150
    },
    "pk": 36,
    "model": "element_type.elementdatumobject"
  },
  {
    "fields": {
      "created": "2015-07-06T23:09:41.568Z",
      "modified": "2015-07-06T23:08:24.415Z",
      "element_type": 6,
      "active": true,
      "datum_object": 9,
      "sort": 101301160
    },
    "pk": 37,
    "model": "element_type.elementdatumobject"
  },
  {
    "fields": {
      "created": "2015-07-06T23:09:41.568Z",
      "modified": "2015-07-06T23:08:24.415Z",
      "element_type": 1,
      "active": true,
      "datum_object": 10,
      "sort": 101004110
    },
    "pk": 38,
    "model": "element_type.elementdatumobject"
  },
  {
    "fields": {
      "created": "2015-07-06T23:09:41.568Z",
      "modified": "2015-07-06T23:08:24.415Z",
      "element_type": 2,
      "active": true,
      "datum_object": 10,
      "sort": 101004120
    },
    "pk": 39,
    "model": "element_type.elementdatumobject"
  },
  {
    "fields": {
      "created": "2015-07-06T23:09:41.568Z",
      "modified": "2015-07-06T23:08:24.415Z",
      "element_type": 1,
      "active": true,
      "datum_object": 11,
      "sort": 101601110
    },
    "pk": 40,
    "model": "element_type.elementdatumobject"
  },
  {
    "fields": {
      "created": "2015-07-06T23:09:41.568Z",
      "modified": "2015-07-06T23:08:24.415Z",
      "element_type": 2,
      "active": true,
      "datum_object": 11,
      "sort": 101601120
    },
    "pk": 41,
    "model": "element_type.elementdatumobject"
  },
  {
    "fields": {
      "created": "2015-07-06T23:09:41.568Z",
      "modified": "2015-07-06T23:08:24.415Z",
      "element_type": 15,
      "active": true,
      "datum_object": 11,
      "sort": 101601250
    },
    "pk": 42,
    "model": "element_type.elementdatumobject"
  },
  {
    "fields": {
      "created": "2015-07-06T23:09:41.568Z",
      "modified": "2015-07-06T23:08:24.415Z",
      "element_type": 16,
      "active": true,
      "datum_object": 11,
      "sort": 101601260
    },
    "pk": 43,
    "model": "element_type.elementdatumobject"
  },
  {
    "fields": {
      "created": "2015-07-06T23:09:41.568Z",
      "modified": "2015-07-06T23:08:24.415Z",
      "element_type": 17,
      "active": true,
      "datum_object": 11,
      "sort": 101601270
    },
    "pk": 44,
    "model": "element_type.elementdatumobject"
  },
  {
    "fields": {
      "created": "2015-07-06T23:09:41.568Z",
      "modified": "2015-07-06T23:08:24.415Z",
      "element_type": 18,
      "active": true,
      "datum_object": 11,
      "sort": 101601280
    },
    "pk": 45,
    "model": "element_type.elementdatumobject"
  },
  {
    "fields": {
      "created": "2015-07-06T23:09:41.568Z",
      "modified": "2015-07-06T23:08:24.415Z",
      "element_type": 19,
      "active": true,
      "datum_object": 11,
      "sort": 101601290
    },
    "pk": 46,
    "model": "element_type.elementdatumobject"
  },
  {
    "fields": {
      "created": "2015-07-06T23:09:41.568Z",
      "modified": "2015-07-06T23:08:24.415Z",
      "element_type": 20,
      "active": true,
      "datum_object": 11,
      "sort": 101601300
    },
    "pk": 47,
    "model": "element_type.elementdatumobject"
  },
  {
    "fields": {
      "created": "2015-07-06T23:09:41.568Z",
      "modified": "2015-07-06T23:08:24.415Z",
      "element_type": 2,
      "active": true,
      "datum_object": 12,
      "sort": 201001120
    },
    "pk": 48,
    "model": "element_type.elementdatumobject"
  },
  {
    "fields": {
      "created": "2015-07-06T23:09:41.568Z",
      "modified": "2015-07-06T23:08:24.415Z",
      "element_type": 21,
      "active": true,
      "datum_object": 12,
      "sort": 201001310
    },
    "pk": 49,
    "model": "element_type.elementdatumobject"
  },
  {
    "fields": {
      "created": "2015-07-06T23:09:41.568Z",
      "modified": "2015-07-06T23:08:24.415Z",
      "element_type": 22,
      "active": true,
      "datum_object": 12,
      "sort": 201001320
    },
    "pk": 50,
    "model": "element_type.elementdatumobject"
  },
  {
    "fields": {
      "created": "2015-07-06T23:09:41.568Z",
      "modified": "2015-07-06T23:08:24.415Z",
      "element_type": 2,
      "active": true,
      "datum_object": 13,
      "sort": 201002120
    },
    "pk": 51,
    "model": "element_type.elementdatumobject"
  },
  {
    "fields": {
      "created": "2015-07-06T23:09:41.568Z",
      "modified": "2015-07-06T23:08:24.415Z",
      "element_type": 21,
      "active": true,
      "datum_object": 13,
      "sort": 201002310
    },
    "pk": 52,
    "model": "element_type.elementdatumobject"
  },
  {
    "fields": {
      "created": "2015-07-06T23:09:41.568Z",
      "modified": "2015-07-06T23:08:24.415Z",
      "element_type": 22,
      "active": true,
      "datum_object": 13,
      "sort": 201002320
    },
    "pk": 53,
    "model": "element_type.elementdatumobject"
  },
  {
    "fields": {
      "created": "2015-07-06T23:09:41.568Z",
      "modified": "2015-07-06T23:08:24.415Z",
      "element_type": 24,
      "active": true,
      "datum_object": 14,
      "sort": 301101340
    },
    "pk": 54,
    "model": "element_type.elementdatumobject"
  },
  {
    "fields": {
      "created": "2015-07-06T23:09:41.568Z",
      "modified": "2015-07-06T23:08:24.415Z",
      "element_type": 25,
      "active": true,
      "datum_object": 14,
      "sort": 301101350
    },
    "pk": 55,
    "model": "element_type.elementdatumobject"
  },
  {
    "fields": {
      "created": "2015-07-06T23:09:41.568Z",
      "modified": "2015-07-06T23:08:24.415Z",
      "element_type": 26,
      "active": true,
      "datum_object": 14,
      "sort": 301101360
    },
    "pk": 56,
    "model": "element_type.elementdatumobject"
  },
  {
    "fields": {
      "created": "2015-07-06T23:09:41.568Z",
      "modified": "2015-07-06T23:08:24.415Z",
      "element_type": 27,
      "active": true,
      "datum_object": 14,
      "sort": 301101370
    },
    "pk": 57,
    "model": "element_type.elementdatumobject"
  },
  {
    "fields": {
      "created": "2015-07-06T23:09:41.568Z",
      "modified": "2015-07-06T23:08:24.415Z",
      "element_type": 28,
      "active": true,
      "datum_object": 14,
      "sort": 301101380
    },
    "pk": 58,
    "model": "element_type.elementdatumobject"
  },
  {
    "fields": {
      "created": "2015-07-06T23:09:41.568Z",
      "modified": "2015-07-06T23:08:24.415Z",
      "element_type": 29,
      "active": true,
      "datum_object": 14,
      "sort": 301101390
    },
    "pk": 59,
    "model": "element_type.elementdatumobject"
  },
  {
    "fields": {
      "created": "2015-07-06T23:09:41.568Z",
      "modified": "2015-07-06T23:08:24.415Z",
      "element_type": 30,
      "active": true,
      "datum_object": 14,
      "sort": 301101400
    },
    "pk": 60,
    "model": "element_type.elementdatumobject"
  },
  {
    "fields": {
      "created": "2015-07-06T23:09:41.568Z",
      "modified": "2015-07-06T23:08:24.415Z",
      "element_type": 2,
      "active": true,
      "datum_object": 15,
      "sort": 201003120
    },
    "pk": 61,
    "model": "element_type.elementdatumobject"
  },
  {
    "fields": {
      "created": "2015-07-06T23:09:41.568Z",
      "modified": "2015-07-06T23:08:24.415Z",
      "element_type": 21,
      "active": true,
      "datum_object": 15,
      "sort": 201003310
    },
    "pk": 62,
    "model": "element_type.elementdatumobject"
  },
  {
    "fields": {
      "created": "2015-07-06T23:09:41.568Z",
      "modified": "2015-07-06T23:08:24.415Z",
      "element_type": 22,
      "active": true,
      "datum_object": 15,
      "sort": 201003320
    },
    "pk": 63,
    "model": "element_type.elementdatumobject"
  },
  {
    "fields": {
      "created": "2015-07-06T23:09:41.568Z",
      "modified": "2015-07-06T23:08:24.415Z",
      "element_type": 1,
      "active": true,
      "datum_object": 16,
      "sort": 101201110
    },
    "pk": 64,
    "model": "element_type.elementdatumobject"
  },
  {
    "fields": {
      "created": "2015-07-06T23:09:41.568Z",
      "modified": "2015-07-06T23:08:24.415Z",
      "element_type": 2,
      "active": true,
      "datum_object": 16,
      "sort": 101201120
    },
    "pk": 65,
    "model": "element_type.elementdatumobject"
  },
  {
    "fields": {
      "created": "2015-07-06T23:09:41.568Z",
      "modified": "2015-07-06T23:08:24.415Z",
      "element_type": 1,
      "active": true,
      "datum_object": 17,
      "sort": 101202110
    },
    "pk": 66,
    "model": "element_type.elementdatumobject"
  },
  {
    "fields": {
      "created": "2015-07-06T23:09:41.568Z",
      "modified": "2015-07-06T23:08:24.415Z",
      "element_type": 2,
      "active": true,
      "datum_object": 17,
      "sort": 101202120
    },
    "pk": 67,
    "model": "element_type.elementdatumobject"
  },
  {
    "fields": {
      "created": "2015-07-06T23:09:41.568Z",
      "modified": "2015-07-06T23:08:24.415Z",
      "element_type": 1,
      "active": true,
      "datum_object": 18,
      "sort": 101203110
    },
    "pk": 68,
    "model": "element_type.elementdatumobject"
  },
  {
    "fields": {
      "created": "2015-07-06T23:09:41.568Z",
      "modified": "2015-07-06T23:08:24.415Z",
      "element_type": 2,
      "active": true,
      "datum_object": 18,
      "sort": 101203120
    },
    "pk": 69,
    "model": "element_type.elementdatumobject"
  },
  {
    "fields": {
      "created": "2015-07-06T23:09:41.568Z",
      "modified": "2015-07-06T23:08:24.415Z",
      "element_type": 1,
      "active": true,
      "datum_object": 19,
      "sort": 301001110
    },
    "pk": 70,
    "model": "element_type.elementdatumobject"
  },
  {
    "fields": {
      "created": "2015-07-06T23:09:41.568Z",
      "modified": "2015-07-06T23:08:24.415Z",
      "element_type": 23,
      "active": true,
      "datum_object": 19,
      "sort": 301001330
    },
    "pk": 71,
    "model": "element_type.elementdatumobject"
  },
  {
    "fields": {
      "created": "2015-07-06T23:09:41.568Z",
      "modified": "2015-07-06T23:08:24.415Z",
      "element_type": 1,
      "active": true,
      "datum_object": 20,
      "sort": 401301110
    },
    "pk": 72,
    "model": "element_type.elementdatumobject"
  },
  {
    "fields": {
      "created": "2015-07-06T23:09:41.568Z",
      "modified": "2015-07-06T23:08:24.415Z",
      "element_type": 2,
      "active": true,
      "datum_object": 20,
      "sort": 401301120
    },
    "pk": 73,
    "model": "element_type.elementdatumobject"
  },
  {
    "fields": {
      "created": "2015-07-06T23:09:41.568Z",
      "modified": "2015-07-06T23:08:24.415Z",
      "element_type": 33,
      "active": true,
      "datum_object": 20,
      "sort": 401301430
    },
    "pk": 74,
    "model": "element_type.elementdatumobject"
  },
  {
    "fields": {
      "created": "2015-07-06T23:09:41.568Z",
      "modified": "2015-07-06T23:08:24.415Z",
      "element_type": 37,
      "active": true,
      "datum_object": 20,
      "sort": 401301470
    },
    "pk": 75,
    "model": "element_type.elementdatumobject"
  },
  {
    "fields": {
      "created": "2015-07-06T23:09:41.568Z",
      "modified": "2015-07-06T23:08:24.415Z",
      "element_type": 1,
      "active": true,
      "datum_object": 21,
      "sort": 101005110
    },
    "pk": 76,
    "model": "element_type.elementdatumobject"
  },
  {
    "fields": {
      "created": "2015-07-06T23:09:41.568Z",
      "modified": "2015-07-06T23:08:24.415Z",
      "element_type": 2,
      "active": true,
      "datum_object": 21,
      "sort": 101005120
    },
    "pk": 77,
    "model": "element_type.elementdatumobject"
  },
  {
    "fields": {
      "created": "2015-07-06T23:09:41.568Z",
      "modified": "2015-07-06T23:08:24.415Z",
      "element_type": 1,
      "active": true,
      "datum_object": 22,
      "sort": 101006110
    },
    "pk": 78,
    "model": "element_type.elementdatumobject"
  },
  {
    "fields": {
      "created": "2015-07-06T23:09:41.568Z",
      "modified": "2015-07-06T23:08:24.415Z",
      "element_type": 2,
      "active": true,
      "datum_object": 22,
      "sort": 101006120
    },
    "pk": 79,
    "model": "element_type.elementdatumobject"
  },
  {
    "fields": {
      "created": "2015-07-06T23:09:41.568Z",
      "modified": "2015-07-06T23:08:24.415Z",
      "element_type": 1,
      "active": true,
      "datum_object": 23,
      "sort": 401302110
    },
    "pk": 80,
    "model": "element_type.elementdatumobject"
  },
  {
    "fields": {
      "created": "2015-07-06T23:09:41.568Z",
      "modified": "2015-07-06T23:08:24.415Z",
      "element_type": 2,
      "active": true,
      "datum_object": 23,
      "sort": 401302120
    },
    "pk": 81,
    "model": "element_type.elementdatumobject"
  },
  {
    "fields": {
      "created": "2015-07-06T23:09:41.568Z",
      "modified": "2015-07-06T23:08:24.415Z",
      "element_type": 33,
      "active": true,
      "datum_object": 23,
      "sort": 401302430
    },
    "pk": 82,
    "model": "element_type.elementdatumobject"
  },
  {
    "fields": {
      "created": "2015-07-06T23:09:41.568Z",
      "modified": "2015-07-06T23:08:24.415Z",
      "element_type": 37,
      "active": true,
      "datum_object": 23,
      "sort": 401302470
    },
    "pk": 83,
    "model": "element_type.elementdatumobject"
  },
  {
    "fields": {
      "created": "2015-07-06T23:09:41.568Z",
      "modified": "2015-07-06T23:08:24.415Z",
      "element_type": 1,
      "active": true,
      "datum_object": 25,
      "sort": 401101110
    },
    "pk": 91,
    "model": "element_type.elementdatumobject"
  },
  {
    "fields": {
      "created": "2015-07-06T23:09:41.568Z",
      "modified": "2015-07-06T23:08:24.415Z",
      "element_type": 2,
      "active": true,
      "datum_object": 25,
      "sort": 401101120
    },
    "pk": 92,
    "model": "element_type.elementdatumobject"
  },
  {
    "fields": {
      "created": "2015-07-06T23:09:41.568Z",
      "modified": "2015-07-06T23:08:24.415Z",
      "element_type": 33,
      "active": true,
      "datum_object": 25,
      "sort": 401101430
    },
    "pk": 93,
    "model": "element_type.elementdatumobject"
  },
  {
    "fields": {
      "created": "2015-07-06T23:09:41.568Z",
      "modified": "2015-07-06T23:08:24.415Z",
      "element_type": 37,
      "active": true,
      "datum_object": 25,
      "sort": 401101470
    },
    "pk": 94,
    "model": "element_type.elementdatumobject"
  },
  {
    "fields": {
      "created": "2015-07-06T23:09:41.568Z",
      "modified": "2015-07-06T23:08:24.415Z",
      "element_type": 38,
      "active": true,
      "datum_object": 25,
      "sort": 401101480
    },
    "pk": 95,
    "model": "element_type.elementdatumobject"
  },
  {
    "fields": {
      "created": "2015-07-06T23:09:41.568Z",
      "modified": "2015-07-06T23:08:24.415Z",
      "element_type": 39,
      "active": true,
      "datum_object": 25,
      "sort": 401101490
    },
    "pk": 96,
    "model": "element_type.elementdatumobject"
  },
  {
    "fields": {
      "created": "2015-07-06T23:09:41.568Z",
      "modified": "2015-07-06T23:08:24.415Z",
      "element_type": 40,
      "active": true,
      "datum_object": 25,
      "sort": 401101500
    },
    "pk": 97,
    "model": "element_type.elementdatumobject"
  },
  {
    "fields": {
      "created": "2015-07-06T23:09:47.869Z",
      "element_option": null,
      "elvalue": "Software",
      "modified": "2015-07-06T23:08:38.980Z",
      "active": true,
      "sort": 101001110,
      "element_datum_object": 1
    },
    "pk": 1,
    "model": "element_value.elementvaluestring"
  },
  {
    "fields": {
      "created": "2015-07-06T23:09:47.869Z",
      "element_option": null,
      "elvalue": "Ones and Zeroes",
      "modified": "2015-07-06T23:08:38.980Z",
      "active": true,
      "sort": 101001120,
      "element_datum_object": 2
    },
    "pk": 2,
    "model": "element_value.elementvaluestring"
  },
  {
    "fields": {
      "created": "2015-07-06T23:09:47.869Z",
      "element_option": null,
      "elvalue": "Tracuse App",
      "modified": "2015-07-06T23:08:38.980Z",
      "active": true,
      "sort": 101101110,
      "element_datum_object": 3
    },
    "pk": 3,
    "model": "element_value.elementvaluestring"
  },
  {
    "fields": {
      "created": "2015-07-06T23:09:47.869Z",
      "element_option": null,
      "elvalue": "",
      "modified": "2015-07-06T23:08:38.980Z",
      "active": true,
      "sort": 101101120,
      "element_datum_object": 4
    },
    "pk": 4,
    "model": "element_value.elementvaluestring"
  },
  {
    "fields": {
      "created": "2015-07-06T23:09:47.869Z",
      "element_option": null,
      "elvalue": "Python",
      "modified": "2015-07-06T23:08:38.980Z",
      "active": true,
      "sort": 101002110,
      "element_datum_object": 5
    },
    "pk": 5,
    "model": "element_value.elementvaluestring"
  },
  {
    "fields": {
      "created": "2015-07-06T23:09:47.869Z",
      "element_option": null,
      "elvalue": "Best language ever",
      "modified": "2015-07-06T23:08:38.980Z",
      "active": true,
      "sort": 101002120,
      "element_datum_object": 6
    },
    "pk": 6,
    "model": "element_value.elementvaluestring"
  },
  {
    "fields": {
      "created": "2015-07-06T23:09:47.869Z",
      "element_option": null,
      "elvalue": "PDX Code Guild",
      "modified": "2015-07-06T23:08:38.980Z",
      "active": true,
      "sort": 101401110,
      "element_datum_object": 18
    },
    "pk": 16,
    "model": "element_value.elementvaluestring"
  },
  {
    "fields": {
      "created": "2015-07-06T23:09:47.869Z",
      "element_option": null,
      "elvalue": "",
      "modified": "2015-07-06T23:08:38.980Z",
      "active": true,
      "sort": 101401120,
      "element_datum_object": 19
    },
    "pk": 17,
    "model": "element_value.elementvaluestring"
  },
  {
    "fields": {
      "created": "2015-07-06T23:09:47.869Z",
      "element_option": null,
      "elvalue": "Education",
      "modified": "2015-07-06T23:08:38.980Z",
      "active": true,
      "sort": 101401170,
      "element_datum_object": 20
    },
    "pk": 18,
    "model": "element_value.elementvaluestring"
  },
  {
    "fields": {
      "created": "2015-07-06T23:09:47.869Z",
      "element_option": null,
      "elvalue": "PDX Code Guild Main Location",
      "modified": "2015-07-06T23:08:38.980Z",
      "active": true,
      "sort": 101501110,
      "element_datum_object": 21
    },
    "pk": 19,
    "model": "element_value.elementvaluestring"
  },
  {
    "fields": {
      "created": "2015-07-06T23:09:47.869Z",
      "element_option": null,
      "elvalue": "",
      "modified": "2015-07-06T23:08:38.980Z",
      "active": true,
      "sort": 101501120,
      "element_datum_object": 22
    },
    "pk": 20,
    "model": "element_value.elementvaluestring"
  },
  {
    "fields": {
      "created": "2015-07-06T23:09:47.869Z",
      "element_option": null,
      "elvalue": "2626 SW Corbett Ave",
      "modified": "2015-07-06T23:08:38.980Z",
      "active": true,
      "sort": 101501180,
      "element_datum_object": 23
    },
    "pk": 21,
    "model": "element_value.elementvaluestring"
  },
  {
    "fields": {
      "created": "2015-07-06T23:09:47.869Z",
      "element_option": null,
      "elvalue": "Portland",
      "modified": "2015-07-06T23:08:38.980Z",
      "active": true,
      "sort": 101501190,
      "element_datum_object": 24
    },
    "pk": 22,
    "model": "element_value.elementvaluestring"
  },
  {
    "fields": {
      "created": "2015-07-06T23:09:47.869Z",
      "element_option": null,
      "elvalue": "OR",
      "modified": "2015-07-06T23:08:38.980Z",
      "active": true,
      "sort": 101501200,
      "element_datum_object": 25
    },
    "pk": 23,
    "model": "element_value.elementvaluestring"
  },
  {
    "fields": {
      "created": "2015-07-06T23:09:47.869Z",
      "element_option": null,
      "elvalue": "97201",
      "modified": "2015-07-06T23:08:38.980Z",
      "active": true,
      "sort": 101501210,
      "element_datum_object": 26
    },
    "pk": 24,
    "model": "element_value.elementvaluestring"
  },
  {
    "fields": {
      "created": "2015-07-06T23:09:47.869Z",
      "element_option": null,
      "elvalue": "",
      "modified": "2015-07-06T23:08:38.980Z",
      "active": true,
      "sort": 101501220,
      "element_datum_object": 27
    },
    "pk": 25,
    "model": "element_value.elementvaluestring"
  },
  {
    "fields": {
      "created": "2015-07-06T23:09:47.869Z",
      "element_option": null,
      "elvalue": "Family",
      "modified": "2015-07-06T23:08:38.980Z",
      "active": true,
      "sort": 101003110,
      "element_datum_object": 30
    },
    "pk": 26,
    "model": "element_value.elementvaluestring"
  },
  {
    "fields": {
      "created": "2015-07-06T23:09:47.869Z",
      "element_option": null,
      "elvalue": "Blood",
      "modified": "2015-07-06T23:08:38.980Z",
      "active": true,
      "sort": 101003120,
      "element_datum_object": 31
    },
    "pk": 27,
    "model": "element_value.elementvaluestring"
  },
  {
    "fields": {
      "created": "2015-07-06T23:09:47.869Z",
      "element_option": null,
      "elvalue": "Sam Baron",
      "modified": "2015-07-06T23:08:38.980Z",
      "active": true,
      "sort": 101301110,
      "element_datum_object": 32
    },
    "pk": 28,
    "model": "element_value.elementvaluestring"
  },
  {
    "fields": {
      "created": "2015-07-06T23:09:47.869Z",
      "element_option": null,
      "elvalue": "",
      "modified": "2015-07-06T23:08:38.980Z",
      "active": true,
      "sort": 101301120,
      "element_datum_object": 33
    },
    "pk": 29,
    "model": "element_value.elementvaluestring"
  },
  {
    "fields": {
      "created": "2015-07-06T23:09:47.869Z",
      "element_option": null,
      "elvalue": "Madeline",
      "modified": "2015-07-06T23:08:38.980Z",
      "active": true,
      "sort": 101301130,
      "element_datum_object": 34
    },
    "pk": 30,
    "model": "element_value.elementvaluestring"
  },
  {
    "fields": {
      "created": "2015-07-06T23:09:47.869Z",
      "element_option": null,
      "elvalue": "Baron",
      "modified": "2015-07-06T23:08:38.980Z",
      "active": true,
      "sort": 101301140,
      "element_datum_object": 35
    },
    "pk": 31,
    "model": "element_value.elementvaluestring"
  },
  {
    "fields": {
      "created": "2015-07-06T23:09:47.869Z",
      "element_option": null,
      "elvalue": "",
      "modified": "2015-07-06T23:08:38.980Z",
      "active": true,
      "sort": 101301150,
      "element_datum_object": 36
    },
    "pk": 32,
    "model": "element_value.elementvaluestring"
  },
  {
    "fields": {
      "created": "2015-07-06T23:09:47.869Z",
      "element_option": null,
      "elvalue": "Home",
      "modified": "2015-07-06T23:08:38.980Z",
      "active": true,
      "sort": 101004110,
      "element_datum_object": 38
    },
    "pk": 33,
    "model": "element_value.elementvaluestring"
  },
  {
    "fields": {
      "created": "2015-07-06T23:09:47.869Z",
      "element_option": null,
      "elvalue": "My castle",
      "modified": "2015-07-06T23:08:38.980Z",
      "active": true,
      "sort": 101004120,
      "element_datum_object": 39
    },
    "pk": 34,
    "model": "element_value.elementvaluestring"
  },
  {
    "fields": {
      "created": "2015-07-06T23:09:47.869Z",
      "element_option": null,
      "elvalue": "PDX Code Guild Main Contact",
      "modified": "2015-07-06T23:08:38.980Z",
      "active": true,
      "sort": 101601110,
      "element_datum_object": 40
    },
    "pk": 35,
    "model": "element_value.elementvaluestring"
  },
  {
    "fields": {
      "created": "2015-07-06T23:09:47.869Z",
      "element_option": null,
      "elvalue": "",
      "modified": "2015-07-06T23:08:38.980Z",
      "active": true,
      "sort": 101601120,
      "element_datum_object": 41
    },
    "pk": 36,
    "model": "element_value.elementvaluestring"
  },
  {
    "fields": {
      "created": "2015-07-06T23:09:47.869Z",
      "element_option": null,
      "elvalue": "",
      "modified": "2015-07-06T23:08:38.980Z",
      "active": true,
      "sort": 101601250,
      "element_datum_object": 42
    },
    "pk": 37,
    "model": "element_value.elementvaluestring"
  },
  {
    "fields": {
      "created": "2015-07-06T23:09:47.869Z",
      "element_option": null,
      "elvalue": "Sheri@PDXCodeGuild.com ",
      "modified": "2015-07-06T23:08:38.980Z",
      "active": true,
      "sort": 101601260,
      "element_datum_object": 43
    },
    "pk": 38,
    "model": "element_value.elementvaluestring"
  },
  {
    "fields": {
      "created": "2015-07-06T23:09:47.869Z",
      "element_option": null,
      "elvalue": "https://pdxcodeguild.com/",
      "modified": "2015-07-06T23:08:38.980Z",
      "active": true,
      "sort": 101601270,
      "element_datum_object": 44
    },
    "pk": 39,
    "model": "element_value.elementvaluestring"
  },
  {
    "fields": {
      "created": "2015-07-06T23:09:47.869Z",
      "element_option": null,
      "elvalue": "https://www.facebook.com/PDXCodeGuild",
      "modified": "2015-07-06T23:08:38.980Z",
      "active": true,
      "sort": 101601280,
      "element_datum_object": 45
    },
    "pk": 40,
    "model": "element_value.elementvaluestring"
  },
  {
    "fields": {
      "created": "2015-07-06T23:09:47.869Z",
      "element_option": null,
      "elvalue": "https://www.linkedin.com/company/pdx-code-guild/",
      "modified": "2015-07-06T23:08:38.980Z",
      "active": true,
      "sort": 101601290,
      "element_datum_object": 46
    },
    "pk": 41,
    "model": "element_value.elementvaluestring"
  },
  {
    "fields": {
      "created": "2015-07-06T23:09:47.869Z",
      "element_option": null,
      "elvalue": "https://twitter.com/pdxcodeguild",
      "modified": "2015-07-06T23:08:38.980Z",
      "active": true,
      "sort": 101601300,
      "element_datum_object": 47
    },
    "pk": 42,
    "model": "element_value.elementvaluestring"
  },
  {
    "fields": {
      "created": "2015-07-06T23:09:47.869Z",
      "element_option": null,
      "elvalue": "Look for new apartment",
      "modified": "2015-07-06T23:08:38.980Z",
      "active": true,
      "sort": 201001120,
      "element_datum_object": 48
    },
    "pk": 43,
    "model": "element_value.elementvaluestring"
  },
  {
    "fields": {
      "created": "2015-07-06T23:09:47.869Z",
      "element_option": null,
      "elvalue": "Complete",
      "modified": "2015-07-06T23:08:38.980Z",
      "active": true,
      "sort": 201001310,
      "element_datum_object": 49
    },
    "pk": 44,
    "model": "element_value.elementvaluestring"
  },
  {
    "fields": {
      "created": "2015-07-06T23:09:47.869Z",
      "element_option": null,
      "elvalue": "Review craigslist ads",
      "modified": "2015-07-06T23:08:38.980Z",
      "active": true,
      "sort": 201002120,
      "element_datum_object": 51
    },
    "pk": 45,
    "model": "element_value.elementvaluestring"
  },
  {
    "fields": {
      "created": "2015-07-06T23:09:47.869Z",
      "element_option": null,
      "elvalue": "Current",
      "modified": "2015-07-06T23:08:38.980Z",
      "active": true,
      "sort": 201002310,
      "element_datum_object": 52
    },
    "pk": 46,
    "model": "element_value.elementvaluestring"
  },
  {
    "fields": {
      "created": "2015-07-06T23:09:47.869Z",
      "element_option": null,
      "elvalue": "Contact landlords",
      "modified": "2015-07-06T23:08:38.980Z",
      "active": true,
      "sort": 201003120,
      "element_datum_object": 61
    },
    "pk": 47,
    "model": "element_value.elementvaluestring"
  },
  {
    "fields": {
      "created": "2015-07-06T23:09:47.869Z",
      "element_option": null,
      "elvalue": "In Progress",
      "modified": "2015-07-06T23:08:38.980Z",
      "active": true,
      "sort": 201003310,
      "element_datum_object": 62
    },
    "pk": 48,
    "model": "element_value.elementvaluestring"
  },
  {
    "fields": {
      "created": "2015-07-06T23:09:47.869Z",
      "element_option": null,
      "elvalue": "Call",
      "modified": "2015-07-06T23:08:38.980Z",
      "active": true,
      "sort": 101201110,
      "element_datum_object": 64
    },
    "pk": 49,
    "model": "element_value.elementvaluestring"
  },
  {
    "fields": {
      "created": "2015-07-06T23:09:47.869Z",
      "element_option": null,
      "elvalue": "Speaking over the phone",
      "modified": "2015-07-06T23:08:38.980Z",
      "active": true,
      "sort": 101201120,
      "element_datum_object": 65
    },
    "pk": 50,
    "model": "element_value.elementvaluestring"
  },
  {
    "fields": {
      "created": "2015-07-06T23:09:47.869Z",
      "element_option": null,
      "elvalue": "Online",
      "modified": "2015-07-06T23:08:38.980Z",
      "active": true,
      "sort": 101202110,
      "element_datum_object": 66
    },
    "pk": 51,
    "model": "element_value.elementvaluestring"
  },
  {
    "fields": {
      "created": "2015-07-06T23:09:47.869Z",
      "element_option": null,
      "elvalue": "Something over the internet",
      "modified": "2015-07-06T23:08:38.980Z",
      "active": true,
      "sort": 101202120,
      "element_datum_object": 67
    },
    "pk": 52,
    "model": "element_value.elementvaluestring"
  },
  {
    "fields": {
      "created": "2015-07-06T23:09:47.869Z",
      "element_option": null,
      "elvalue": "Email",
      "modified": "2015-07-06T23:08:38.980Z",
      "active": true,
      "sort": 101203110,
      "element_datum_object": 68
    },
    "pk": 53,
    "model": "element_value.elementvaluestring"
  },
  {
    "fields": {
      "created": "2015-07-06T23:09:47.869Z",
      "element_option": null,
      "elvalue": "Sending message",
      "modified": "2015-07-06T23:08:38.980Z",
      "active": true,
      "sort": 101203120,
      "element_datum_object": 69
    },
    "pk": 54,
    "model": "element_value.elementvaluestring"
  },
  {
    "fields": {
      "created": "2015-07-06T23:09:47.869Z",
      "element_option": null,
      "elvalue": "Actual Schedule",
      "modified": "2015-07-06T23:08:38.980Z",
      "active": true,
      "sort": 301001110,
      "element_datum_object": 70
    },
    "pk": 55,
    "model": "element_value.elementvaluestring"
  },
  {
    "fields": {
      "created": "2015-07-06T23:09:47.869Z",
      "element_option": null,
      "elvalue": "Actual",
      "modified": "2015-07-06T23:08:38.980Z",
      "active": true,
      "sort": 301001330,
      "element_datum_object": 71
    },
    "pk": 56,
    "model": "element_value.elementvaluestring"
  },
  {
    "fields": {
      "created": "2015-07-06T23:09:47.869Z",
      "element_option": null,
      "elvalue": "Django Docs",
      "modified": "2015-07-06T23:08:38.980Z",
      "active": true,
      "sort": 401301110,
      "element_datum_object": 72
    },
    "pk": 57,
    "model": "element_value.elementvaluestring"
  },
  {
    "fields": {
      "created": "2015-07-06T23:09:47.869Z",
      "element_option": null,
      "elvalue": "",
      "modified": "2015-07-06T23:08:38.980Z",
      "active": true,
      "sort": 401301120,
      "element_datum_object": 73
    },
    "pk": 58,
    "model": "element_value.elementvaluestring"
  },
  {
    "fields": {
      "created": "2015-07-06T23:09:47.869Z",
      "element_option": null,
      "elvalue": "Complete",
      "modified": "2015-07-06T23:08:38.980Z",
      "active": true,
      "sort": 401301430,
      "element_datum_object": 74
    },
    "pk": 59,
    "model": "element_value.elementvaluestring"
  },
  {
    "fields": {
      "created": "2015-07-06T23:09:47.869Z",
      "element_option": null,
      "elvalue": "https://docs.djangoproject.com/en/1.8/",
      "modified": "2015-07-06T23:08:38.980Z",
      "active": true,
      "sort": 401301470,
      "element_datum_object": 75
    },
    "pk": 60,
    "model": "element_value.elementvaluestring"
  },
  {
    "fields": {
      "created": "2015-07-06T23:09:47.869Z",
      "element_option": null,
      "elvalue": "Django",
      "modified": "2015-07-06T23:08:38.980Z",
      "active": true,
      "sort": 101005110,
      "element_datum_object": 76
    },
    "pk": 61,
    "model": "element_value.elementvaluestring"
  },
  {
    "fields": {
      "created": "2015-07-06T23:09:47.869Z",
      "element_option": null,
      "elvalue": "Web framework",
      "modified": "2015-07-06T23:08:38.980Z",
      "active": true,
      "sort": 101005120,
      "element_datum_object": 77
    },
    "pk": 62,
    "model": "element_value.elementvaluestring"
  },
  {
    "fields": {
      "created": "2015-07-06T23:09:47.869Z",
      "element_option": null,
      "elvalue": "Deployment",
      "modified": "2015-07-06T23:08:38.980Z",
      "active": true,
      "sort": 101006110,
      "element_datum_object": 78
    },
    "pk": 63,
    "model": "element_value.elementvaluestring"
  },
  {
    "fields": {
      "created": "2015-07-06T23:09:47.869Z",
      "element_option": null,
      "elvalue": "From development to production",
      "modified": "2015-07-06T23:08:38.980Z",
      "active": true,
      "sort": 101006120,
      "element_datum_object": 79
    },
    "pk": 64,
    "model": "element_value.elementvaluestring"
  },
  {
    "fields": {
      "created": "2015-07-06T23:09:47.869Z",
      "element_option": null,
      "elvalue": "Deploying Django on AWS",
      "modified": "2015-07-06T23:08:38.980Z",
      "active": true,
      "sort": 401302110,
      "element_datum_object": 80
    },
    "pk": 65,
    "model": "element_value.elementvaluestring"
  },
  {
    "fields": {
      "created": "2015-07-06T23:09:47.869Z",
      "element_option": null,
      "elvalue": "",
      "modified": "2015-07-06T23:08:38.980Z",
      "active": true,
      "sort": 401302120,
      "element_datum_object": 81
    },
    "pk": 66,
    "model": "element_value.elementvaluestring"
  },
  {
    "fields": {
      "created": "2015-07-06T23:09:47.869Z",
      "element_option": null,
      "elvalue": "Complete",
      "modified": "2015-07-06T23:08:38.980Z",
      "active": true,
      "sort": 401302430,
      "element_datum_object": 82
    },
    "pk": 67,
    "model": "element_value.elementvaluestring"
  },
  {
    "fields": {
      "created": "2015-07-06T23:09:47.869Z",
      "element_option": null,
      "elvalue": "http://nickpolet.com/blog/1/",
      "modified": "2015-07-06T23:08:38.980Z",
      "active": true,
      "sort": 401302470,
      "element_datum_object": 83
    },
    "pk": 68,
    "model": "element_value.elementvaluestring"
  },
  {
    "fields": {
      "created": "2015-07-06T23:09:47.869Z",
      "element_option": null,
      "elvalue": "Apartments Spreadsheet",
      "modified": "2015-07-06T23:08:38.980Z",
      "active": true,
      "sort": 401101110,
      "element_datum_object": 91
    },
    "pk": 73,
    "model": "element_value.elementvaluestring"
  },
  {
    "fields": {
      "created": "2015-07-06T23:09:47.869Z",
      "element_option": null,
      "elvalue": "Track potential apartments",
      "modified": "2015-07-06T23:08:38.980Z",
      "active": true,
      "sort": 401101120,
      "element_datum_object": 92
    },
    "pk": 74,
    "model": "element_value.elementvaluestring"
  },
  {
    "fields": {
      "created": "2015-07-06T23:09:47.869Z",
      "element_option": null,
      "elvalue": "Working",
      "modified": "2015-07-06T23:08:38.980Z",
      "active": true,
      "sort": 401101430,
      "element_datum_object": 93
    },
    "pk": 75,
    "model": "element_value.elementvaluestring"
  },
  {
    "fields": {
      "created": "2015-07-06T23:09:47.869Z",
      "element_option": null,
      "elvalue": "",
      "modified": "2015-07-06T23:08:38.980Z",
      "active": true,
      "sort": 401101470,
      "element_datum_object": 94
    },
    "pk": 76,
    "model": "element_value.elementvaluestring"
  },
  {
    "fields": {
      "created": "2015-07-06T23:09:47.869Z",
      "element_option": null,
      "elvalue": "",
      "modified": "2015-07-06T23:08:38.980Z",
      "active": true,
      "sort": 401101480,
      "element_datum_object": 95
    },
    "pk": 77,
    "model": "element_value.elementvaluestring"
  },
  {
    "fields": {
      "created": "2015-07-06T23:09:48.376Z",
      "element_option": null,
      "elvalue": "Placeholder",
      "modified": "2015-07-06T23:08:40.604Z",
      "active": true,
      "sort": 301101400,
      "element_datum_object": 60
    },
    "pk": 1,
    "model": "element_value.elementvaluetextdata"
  },
  {
    "fields": {
      "created": "2015-07-06T23:09:47.224Z",
      "element_option": null,
      "elvalue": "1987-06-07T07:00:00Z",
      "modified": "2015-07-06T23:08:35.698Z",
      "active": true,
      "sort": 101301160,
      "element_datum_object": 37
    },
    "pk": 1,
    "model": "element_value.elementvaluedatetime"
  },
  {
    "fields": {
      "created": "2015-07-06T23:09:47.224Z",
      "element_option": null,
      "elvalue": "2015-05-24T17:00:00Z",
      "modified": "2015-07-06T23:08:35.698Z",
      "active": true,
      "sort": 301101340,
      "element_datum_object": 54
    },
    "pk": 2,
    "model": "element_value.elementvaluedatetime"
  },
  {
    "fields": {
      "created": "2015-07-06T23:09:47.224Z",
      "element_option": null,
      "elvalue": "2015-06-26T22:00:00Z",
      "modified": "2015-07-06T23:08:35.698Z",
      "active": true,
      "sort": 301101350,
      "element_datum_object": 55
    },
    "pk": 3,
    "model": "element_value.elementvaluedatetime"
  },
  {
    "fields": {
      "created": "2015-07-06T23:09:47.224Z",
      "element_option": null,
      "elvalue": "2015-06-15T22:00:00Z",
      "modified": "2015-07-06T23:08:35.698Z",
      "active": true,
      "sort": 301101360,
      "element_datum_object": 56
    },
    "pk": 4,
    "model": "element_value.elementvaluedatetime"
  },
  {
    "fields": {
      "created": "2015-07-06T23:09:47.224Z",
      "element_option": null,
      "elvalue": "2015-05-24T18:00:00Z",
      "modified": "2015-07-06T23:08:35.698Z",
      "active": true,
      "sort": 301101370,
      "element_datum_object": 57
    },
    "pk": 5,
    "model": "element_value.elementvaluedatetime"
  },
  {
    "fields": {
      "created": "2015-07-06T23:09:47.224Z",
      "element_option": null,
      "elvalue": "2015-05-21T19:00:00Z",
      "modified": "2015-07-06T23:08:35.698Z",
      "active": true,
      "sort": 401101490,
      "element_datum_object": 96
    },
    "pk": 8,
    "model": "element_value.elementvaluedatetime"
  },
  {
    "fields": {
      "created": "2015-07-06T23:09:47.224Z",
      "element_option": null,
      "elvalue": "2015-05-21T19:00:00Z",
      "modified": "2015-07-06T23:08:35.698Z",
      "active": true,
      "sort": 401101500,
      "element_datum_object": 97
    },
    "pk": 9,
    "model": "element_value.elementvaluedatetime"
  },
  {
    "fields": {
      "created": "2015-07-06T23:09:47.523Z",
      "element_option": null,
      "elvalue": "0.00",
      "modified": "2015-07-06T23:08:37.312Z",
      "active": true,
      "sort": 101501230,
      "element_datum_object": 28
    },
    "pk": 3,
    "model": "element_value.elementvaluedecimal"
  },
  {
    "fields": {
      "created": "2015-07-06T23:09:47.523Z",
      "element_option": null,
      "elvalue": "0.00",
      "modified": "2015-07-06T23:08:37.312Z",
      "active": true,
      "sort": 101501240,
      "element_datum_object": 29
    },
    "pk": 4,
    "model": "element_value.elementvaluedecimal"
  },
  {
    "fields": {
      "created": "2015-07-06T23:09:47.523Z",
      "element_option": null,
      "elvalue": "3.00",
      "modified": "2015-07-06T23:08:37.312Z",
      "active": true,
      "sort": 201001320,
      "element_datum_object": 50
    },
    "pk": 5,
    "model": "element_value.elementvaluedecimal"
  },
  {
    "fields": {
      "created": "2015-07-06T23:09:47.523Z",
      "element_option": null,
      "elvalue": "4.00",
      "modified": "2015-07-06T23:08:37.312Z",
      "active": true,
      "sort": 201002320,
      "element_datum_object": 53
    },
    "pk": 6,
    "model": "element_value.elementvaluedecimal"
  },
  {
    "fields": {
      "created": "2015-07-06T23:09:47.523Z",
      "element_option": null,
      "elvalue": "0.00",
      "modified": "2015-07-06T23:08:37.312Z",
      "active": true,
      "sort": 301101380,
      "element_datum_object": 58
    },
    "pk": 7,
    "model": "element_value.elementvaluedecimal"
  },
  {
    "fields": {
      "created": "2015-07-06T23:09:47.523Z",
      "element_option": null,
      "elvalue": "0.00",
      "modified": "2015-07-06T23:08:37.312Z",
      "active": true,
      "sort": 301101390,
      "element_datum_object": 59
    },
    "pk": 8,
    "model": "element_value.elementvaluedecimal"
  },
  {
    "fields": {
      "created": "2015-07-06T23:09:47.523Z",
      "element_option": null,
      "elvalue": "4.00",
      "modified": "2015-07-06T23:08:37.312Z",
      "active": true,
      "sort": 201003320,
      "element_datum_object": 63
    },
    "pk": 9,
    "model": "element_value.elementvaluedecimal"
  },
  {
    "fields": {
      "created": "2015-07-06T23:09:35.932Z",
      "parent_datum": 1,
      "association_type": 1,
      "modified": "2015-07-06T23:08:06.408Z",
      "child_datum": 2,
      "active": true,
      "sort": 100
    },
    "pk": 1,
    "model": "association.associationadjacent"
  },
  {
    "fields": {
      "created": "2015-07-06T23:09:35.932Z",
      "parent_datum": 1,
      "association_type": 1,
      "modified": "2015-07-06T23:08:06.408Z",
      "child_datum": 3,
      "active": true,
      "sort": 101
    },
    "pk": 2,
    "model": "association.associationadjacent"
  },
  {
    "fields": {
      "created": "2015-07-06T23:09:35.932Z",
      "parent_datum": 2,
      "association_type": 1,
      "modified": "2015-07-06T23:08:06.408Z",
      "child_datum": 3,
      "active": true,
      "sort": 102
    },
    "pk": 5,
    "model": "association.associationadjacent"
  },
  {
    "fields": {
      "created": "2015-07-06T23:09:35.932Z",
      "parent_datum": 3,
      "association_type": 1,
      "modified": "2015-07-06T23:08:06.408Z",
      "child_datum": 6,
      "active": true,
      "sort": 103
    },
    "pk": 9,
    "model": "association.associationadjacent"
  },
  {
    "fields": {
      "created": "2015-07-06T23:09:35.932Z",
      "parent_datum": 6,
      "association_type": 1,
      "modified": "2015-07-06T23:08:06.408Z",
      "child_datum": 7,
      "active": true,
      "sort": 104
    },
    "pk": 10,
    "model": "association.associationadjacent"
  },
  {
    "fields": {
      "created": "2015-07-06T23:09:35.932Z",
      "parent_datum": 8,
      "association_type": 1,
      "modified": "2015-07-06T23:08:06.408Z",
      "child_datum": 9,
      "active": true,
      "sort": 105
    },
    "pk": 11,
    "model": "association.associationadjacent"
  },
  {
    "fields": {
      "created": "2015-07-06T23:09:35.932Z",
      "parent_datum": 6,
      "association_type": 1,
      "modified": "2015-07-06T23:08:06.408Z",
      "child_datum": 11,
      "active": true,
      "sort": 106
    },
    "pk": 12,
    "model": "association.associationadjacent"
  },
  {
    "fields": {
      "created": "2015-07-06T23:09:35.932Z",
      "parent_datum": 10,
      "association_type": 1,
      "modified": "2015-07-06T23:08:06.408Z",
      "child_datum": 12,
      "active": true,
      "sort": 107
    },
    "pk": 13,
    "model": "association.associationadjacent"
  },
  {
    "fields": {
      "created": "2015-07-06T23:09:35.932Z",
      "parent_datum": 12,
      "association_type": 1,
      "modified": "2015-07-06T23:08:06.408Z",
      "child_datum": 13,
      "active": true,
      "sort": 108
    },
    "pk": 14,
    "model": "association.associationadjacent"
  },
  {
    "fields": {
      "created": "2015-07-06T23:09:35.932Z",
      "parent_datum": 13,
      "association_type": 1,
      "modified": "2015-07-06T23:08:06.408Z",
      "child_datum": 14,
      "active": true,
      "sort": 109
    },
    "pk": 15,
    "model": "association.associationadjacent"
  },
  {
    "fields": {
      "created": "2015-07-06T23:09:35.932Z",
      "parent_datum": 15,
      "association_type": 1,
      "modified": "2015-07-06T23:08:06.408Z",
      "child_datum": 12,
      "active": true,
      "sort": 110
    },
    "pk": 16,
    "model": "association.associationadjacent"
  },
  {
    "fields": {
      "created": "2015-07-06T23:09:35.932Z",
      "parent_datum": 18,
      "association_type": 1,
      "modified": "2015-07-06T23:08:06.408Z",
      "child_datum": 15,
      "active": true,
      "sort": 111
    },
    "pk": 17,
    "model": "association.associationadjacent"
  },
  {
    "fields": {
      "created": "2015-07-06T23:09:35.932Z",
      "parent_datum": 17,
      "association_type": 1,
      "modified": "2015-07-06T23:08:06.408Z",
      "child_datum": 13,
      "active": true,
      "sort": 112
    },
    "pk": 18,
    "model": "association.associationadjacent"
  },
  {
    "fields": {
      "created": "2015-07-06T23:09:35.932Z",
      "parent_datum": 19,
      "association_type": 1,
      "modified": "2015-07-06T23:08:06.408Z",
      "child_datum": 14,
      "active": true,
      "sort": 113
    },
    "pk": 19,
    "model": "association.associationadjacent"
  },
  {
    "fields": {
      "created": "2015-07-06T23:09:35.932Z",
      "parent_datum": 3,
      "association_type": 1,
      "modified": "2015-07-06T23:08:06.408Z",
      "child_datum": 21,
      "active": true,
      "sort": 114
    },
    "pk": 20,
    "model": "association.associationadjacent"
  },
  {
    "fields": {
      "created": "2015-07-06T23:09:35.932Z",
      "parent_datum": 21,
      "association_type": 1,
      "modified": "2015-07-06T23:08:06.408Z",
      "child_datum": 20,
      "active": true,
      "sort": 115
    },
    "pk": 21,
    "model": "association.associationadjacent"
  },
  {
    "fields": {
      "created": "2015-07-06T23:09:35.932Z",
      "parent_datum": 1,
      "association_type": 1,
      "modified": "2015-07-06T23:08:06.408Z",
      "child_datum": 22,
      "active": true,
      "sort": 116
    },
    "pk": 22,
    "model": "association.associationadjacent"
  },
  {
    "fields": {
      "created": "2015-07-06T23:09:35.932Z",
      "parent_datum": 22,
      "association_type": 1,
      "modified": "2015-07-06T23:08:06.408Z",
      "child_datum": 23,
      "active": true,
      "sort": 117
    },
    "pk": 28,
    "model": "association.associationadjacent"
  },
  {
    "fields": {
      "created": "2015-07-06T23:09:35.932Z",
      "parent_datum": 21,
      "association_type": 1,
      "modified": "2015-07-06T23:08:06.408Z",
      "child_datum": 23,
      "active": true,
      "sort": 118
    },
    "pk": 29,
    "model": "association.associationadjacent"
  },
  {
    "fields": {
      "created": "2015-07-06T23:09:35.932Z",
      "parent_datum": 12,
      "association_type": 1,
      "modified": "2015-07-06T23:08:06.408Z",
      "child_datum": 25,
      "active": true,
      "sort": 119
    },
    "pk": 30,
    "model": "association.associationadjacent"
  },
  {
    "fields": {
      "created": "2015-07-06T23:09:37.244Z",
      "parent_datum": 1,
      "modified": "2015-07-06T23:08:10.838Z",
      "child_datum": 1,
      "distance": 0,
      "active": true,
      "sort": 100
    },
    "pk": 1,
    "model": "association.associationall"
  },
  {
    "fields": {
      "created": "2015-07-06T23:09:37.244Z",
      "parent_datum": 2,
      "modified": "2015-07-06T23:08:10.838Z",
      "child_datum": 2,
      "distance": 0,
      "active": true,
      "sort": 101
    },
    "pk": 2,
    "model": "association.associationall"
  },
  {
    "fields": {
      "created": "2015-07-06T23:09:37.244Z",
      "parent_datum": 1,
      "modified": "2015-07-06T23:08:10.838Z",
      "child_datum": 2,
      "distance": 1,
      "active": true,
      "sort": 102
    },
    "pk": 3,
    "model": "association.associationall"
  },
  {
    "fields": {
      "created": "2015-07-06T23:09:37.244Z",
      "parent_datum": 3,
      "modified": "2015-07-06T23:08:10.838Z",
      "child_datum": 3,
      "distance": 0,
      "active": true,
      "sort": 103
    },
    "pk": 4,
    "model": "association.associationall"
  },
  {
    "fields": {
      "created": "2015-07-06T23:09:37.244Z",
      "parent_datum": 1,
      "modified": "2015-07-06T23:08:10.838Z",
      "child_datum": 3,
      "distance": 1,
      "active": true,
      "sort": 104
    },
    "pk": 5,
    "model": "association.associationall"
  },
  {
    "fields": {
      "created": "2015-07-06T23:09:37.244Z",
      "parent_datum": 2,
      "modified": "2015-07-06T23:08:10.838Z",
      "child_datum": 3,
      "distance": 1,
      "active": true,
      "sort": 105
    },
    "pk": 10,
    "model": "association.associationall"
  },
  {
    "fields": {
      "created": "2015-07-06T23:09:37.244Z",
      "parent_datum": 6,
      "modified": "2015-07-06T23:08:10.838Z",
      "child_datum": 6,
      "distance": 0,
      "active": true,
      "sort": 106
    },
    "pk": 14,
    "model": "association.associationall"
  },
  {
    "fields": {
      "created": "2015-07-06T23:09:37.244Z",
      "parent_datum": 3,
      "modified": "2015-07-06T23:08:10.838Z",
      "child_datum": 6,
      "distance": 1,
      "active": true,
      "sort": 107
    },
    "pk": 15,
    "model": "association.associationall"
  },
  {
    "fields": {
      "created": "2015-07-06T23:09:37.244Z",
      "parent_datum": 1,
      "modified": "2015-07-06T23:08:10.838Z",
      "child_datum": 6,
      "distance": 2,
      "active": true,
      "sort": 108
    },
    "pk": 16,
    "model": "association.associationall"
  },
  {
    "fields": {
      "created": "2015-07-06T23:09:37.244Z",
      "parent_datum": 2,
      "modified": "2015-07-06T23:08:10.838Z",
      "child_datum": 6,
      "distance": 2,
      "active": true,
      "sort": 109
    },
    "pk": 17,
    "model": "association.associationall"
  },
  {
    "fields": {
      "created": "2015-07-06T23:09:37.244Z",
      "parent_datum": 7,
      "modified": "2015-07-06T23:08:10.838Z",
      "child_datum": 7,
      "distance": 0,
      "active": true,
      "sort": 110
    },
    "pk": 18,
    "model": "association.associationall"
  },
  {
    "fields": {
      "created": "2015-07-06T23:09:37.244Z",
      "parent_datum": 6,
      "modified": "2015-07-06T23:08:10.838Z",
      "child_datum": 7,
      "distance": 1,
      "active": true,
      "sort": 111
    },
    "pk": 19,
    "model": "association.associationall"
  },
  {
    "fields": {
      "created": "2015-07-06T23:09:37.244Z",
      "parent_datum": 3,
      "modified": "2015-07-06T23:08:10.838Z",
      "child_datum": 7,
      "distance": 2,
      "active": true,
      "sort": 112
    },
    "pk": 20,
    "model": "association.associationall"
  },
  {
    "fields": {
      "created": "2015-07-06T23:09:37.244Z",
      "parent_datum": 1,
      "modified": "2015-07-06T23:08:10.838Z",
      "child_datum": 7,
      "distance": 3,
      "active": true,
      "sort": 113
    },
    "pk": 21,
    "model": "association.associationall"
  },
  {
    "fields": {
      "created": "2015-07-06T23:09:37.244Z",
      "parent_datum": 2,
      "modified": "2015-07-06T23:08:10.838Z",
      "child_datum": 7,
      "distance": 3,
      "active": true,
      "sort": 114
    },
    "pk": 22,
    "model": "association.associationall"
  },
  {
    "fields": {
      "created": "2015-07-06T23:09:37.244Z",
      "parent_datum": 8,
      "modified": "2015-07-06T23:08:10.838Z",
      "child_datum": 8,
      "distance": 0,
      "active": true,
      "sort": 115
    },
    "pk": 23,
    "model": "association.associationall"
  },
  {
    "fields": {
      "created": "2015-07-06T23:09:37.244Z",
      "parent_datum": 9,
      "modified": "2015-07-06T23:08:10.838Z",
      "child_datum": 9,
      "distance": 0,
      "active": true,
      "sort": 116
    },
    "pk": 24,
    "model": "association.associationall"
  },
  {
    "fields": {
      "created": "2015-07-06T23:09:37.244Z",
      "parent_datum": 8,
      "modified": "2015-07-06T23:08:10.838Z",
      "child_datum": 9,
      "distance": 1,
      "active": true,
      "sort": 117
    },
    "pk": 25,
    "model": "association.associationall"
  },
  {
    "fields": {
      "created": "2015-07-06T23:09:37.244Z",
      "parent_datum": 10,
      "modified": "2015-07-06T23:08:10.838Z",
      "child_datum": 10,
      "distance": 0,
      "active": true,
      "sort": 118
    },
    "pk": 26,
    "model": "association.associationall"
  },
  {
    "fields": {
      "created": "2015-07-06T23:09:37.244Z",
      "parent_datum": 11,
      "modified": "2015-07-06T23:08:10.838Z",
      "child_datum": 11,
      "distance": 0,
      "active": true,
      "sort": 119
    },
    "pk": 27,
    "model": "association.associationall"
  },
  {
    "fields": {
      "created": "2015-07-06T23:09:37.244Z",
      "parent_datum": 6,
      "modified": "2015-07-06T23:08:10.838Z",
      "child_datum": 11,
      "distance": 1,
      "active": true,
      "sort": 120
    },
    "pk": 28,
    "model": "association.associationall"
  },
  {
    "fields": {
      "created": "2015-07-06T23:09:37.244Z",
      "parent_datum": 3,
      "modified": "2015-07-06T23:08:10.838Z",
      "child_datum": 11,
      "distance": 2,
      "active": true,
      "sort": 121
    },
    "pk": 29,
    "model": "association.associationall"
  },
  {
    "fields": {
      "created": "2015-07-06T23:09:37.244Z",
      "parent_datum": 1,
      "modified": "2015-07-06T23:08:10.838Z",
      "child_datum": 11,
      "distance": 3,
      "active": true,
      "sort": 122
    },
    "pk": 30,
    "model": "association.associationall"
  },
  {
    "fields": {
      "created": "2015-07-06T23:09:37.244Z",
      "parent_datum": 2,
      "modified": "2015-07-06T23:08:10.838Z",
      "child_datum": 11,
      "distance": 3,
      "active": true,
      "sort": 123
    },
    "pk": 31,
    "model": "association.associationall"
  },
  {
    "fields": {
      "created": "2015-07-06T23:09:37.244Z",
      "parent_datum": 12,
      "modified": "2015-07-06T23:08:10.838Z",
      "child_datum": 12,
      "distance": 0,
      "active": true,
      "sort": 124
    },
    "pk": 32,
    "model": "association.associationall"
  },
  {
    "fields": {
      "created": "2015-07-06T23:09:37.244Z",
      "parent_datum": 10,
      "modified": "2015-07-06T23:08:10.838Z",
      "child_datum": 12,
      "distance": 1,
      "active": true,
      "sort": 125
    },
    "pk": 33,
    "model": "association.associationall"
  },
  {
    "fields": {
      "created": "2015-07-06T23:09:37.244Z",
      "parent_datum": 13,
      "modified": "2015-07-06T23:08:10.838Z",
      "child_datum": 13,
      "distance": 0,
      "active": true,
      "sort": 126
    },
    "pk": 34,
    "model": "association.associationall"
  },
  {
    "fields": {
      "created": "2015-07-06T23:09:37.244Z",
      "parent_datum": 12,
      "modified": "2015-07-06T23:08:10.838Z",
      "child_datum": 13,
      "distance": 1,
      "active": true,
      "sort": 127
    },
    "pk": 35,
    "model": "association.associationall"
  },
  {
    "fields": {
      "created": "2015-07-06T23:09:37.244Z",
      "parent_datum": 10,
      "modified": "2015-07-06T23:08:10.838Z",
      "child_datum": 13,
      "distance": 2,
      "active": true,
      "sort": 128
    },
    "pk": 36,
    "model": "association.associationall"
  },
  {
    "fields": {
      "created": "2015-07-06T23:09:37.244Z",
      "parent_datum": 14,
      "modified": "2015-07-06T23:08:10.838Z",
      "child_datum": 14,
      "distance": 0,
      "active": true,
      "sort": 129
    },
    "pk": 37,
    "model": "association.associationall"
  },
  {
    "fields": {
      "created": "2015-07-06T23:09:37.244Z",
      "parent_datum": 13,
      "modified": "2015-07-06T23:08:10.838Z",
      "child_datum": 14,
      "distance": 1,
      "active": true,
      "sort": 130
    },
    "pk": 38,
    "model": "association.associationall"
  },
  {
    "fields": {
      "created": "2015-07-06T23:09:37.244Z",
      "parent_datum": 12,
      "modified": "2015-07-06T23:08:10.838Z",
      "child_datum": 14,
      "distance": 2,
      "active": true,
      "sort": 131
    },
    "pk": 39,
    "model": "association.associationall"
  },
  {
    "fields": {
      "created": "2015-07-06T23:09:37.244Z",
      "parent_datum": 10,
      "modified": "2015-07-06T23:08:10.838Z",
      "child_datum": 14,
      "distance": 3,
      "active": true,
      "sort": 132
    },
    "pk": 40,
    "model": "association.associationall"
  },
  {
    "fields": {
      "created": "2015-07-06T23:09:37.244Z",
      "parent_datum": 15,
      "modified": "2015-07-06T23:08:10.838Z",
      "child_datum": 15,
      "distance": 0,
      "active": true,
      "sort": 133
    },
    "pk": 41,
    "model": "association.associationall"
  },
  {
    "fields": {
      "created": "2015-07-06T23:09:37.244Z",
      "parent_datum": 15,
      "modified": "2015-07-06T23:08:10.838Z",
      "child_datum": 12,
      "distance": 1,
      "active": true,
      "sort": 134
    },
    "pk": 42,
    "model": "association.associationall"
  },
  {
    "fields": {
      "created": "2015-07-06T23:09:37.244Z",
      "parent_datum": 15,
      "modified": "2015-07-06T23:08:10.838Z",
      "child_datum": 13,
      "distance": 2,
      "active": true,
      "sort": 135
    },
    "pk": 43,
    "model": "association.associationall"
  },
  {
    "fields": {
      "created": "2015-07-06T23:09:37.244Z",
      "parent_datum": 15,
      "modified": "2015-07-06T23:08:10.838Z",
      "child_datum": 14,
      "distance": 3,
      "active": true,
      "sort": 136
    },
    "pk": 44,
    "model": "association.associationall"
  },
  {
    "fields": {
      "created": "2015-07-06T23:09:37.244Z",
      "parent_datum": 16,
      "modified": "2015-07-06T23:08:10.838Z",
      "child_datum": 16,
      "distance": 0,
      "active": true,
      "sort": 137
    },
    "pk": 45,
    "model": "association.associationall"
  },
  {
    "fields": {
      "created": "2015-07-06T23:09:37.244Z",
      "parent_datum": 17,
      "modified": "2015-07-06T23:08:10.838Z",
      "child_datum": 17,
      "distance": 0,
      "active": true,
      "sort": 138
    },
    "pk": 46,
    "model": "association.associationall"
  },
  {
    "fields": {
      "created": "2015-07-06T23:09:37.244Z",
      "parent_datum": 18,
      "modified": "2015-07-06T23:08:10.838Z",
      "child_datum": 18,
      "distance": 0,
      "active": true,
      "sort": 139
    },
    "pk": 47,
    "model": "association.associationall"
  },
  {
    "fields": {
      "created": "2015-07-06T23:09:37.244Z",
      "parent_datum": 18,
      "modified": "2015-07-06T23:08:10.838Z",
      "child_datum": 15,
      "distance": 1,
      "active": true,
      "sort": 140
    },
    "pk": 48,
    "model": "association.associationall"
  },
  {
    "fields": {
      "created": "2015-07-06T23:09:37.244Z",
      "parent_datum": 18,
      "modified": "2015-07-06T23:08:10.838Z",
      "child_datum": 12,
      "distance": 2,
      "active": true,
      "sort": 141
    },
    "pk": 49,
    "model": "association.associationall"
  },
  {
    "fields": {
      "created": "2015-07-06T23:09:37.244Z",
      "parent_datum": 18,
      "modified": "2015-07-06T23:08:10.838Z",
      "child_datum": 13,
      "distance": 3,
      "active": true,
      "sort": 142
    },
    "pk": 50,
    "model": "association.associationall"
  },
  {
    "fields": {
      "created": "2015-07-06T23:09:37.244Z",
      "parent_datum": 18,
      "modified": "2015-07-06T23:08:10.838Z",
      "child_datum": 14,
      "distance": 4,
      "active": true,
      "sort": 143
    },
    "pk": 51,
    "model": "association.associationall"
  },
  {
    "fields": {
      "created": "2015-07-06T23:09:37.244Z",
      "parent_datum": 17,
      "modified": "2015-07-06T23:08:10.838Z",
      "child_datum": 13,
      "distance": 1,
      "active": true,
      "sort": 144
    },
    "pk": 52,
    "model": "association.associationall"
  },
  {
    "fields": {
      "created": "2015-07-06T23:09:37.244Z",
      "parent_datum": 17,
      "modified": "2015-07-06T23:08:10.838Z",
      "child_datum": 14,
      "distance": 2,
      "active": true,
      "sort": 145
    },
    "pk": 53,
    "model": "association.associationall"
  },
  {
    "fields": {
      "created": "2015-07-06T23:09:37.244Z",
      "parent_datum": 19,
      "modified": "2015-07-06T23:08:10.838Z",
      "child_datum": 19,
      "distance": 0,
      "active": true,
      "sort": 146
    },
    "pk": 54,
    "model": "association.associationall"
  },
  {
    "fields": {
      "created": "2015-07-06T23:09:37.244Z",
      "parent_datum": 19,
      "modified": "2015-07-06T23:08:10.838Z",
      "child_datum": 14,
      "distance": 1,
      "active": true,
      "sort": 147
    },
    "pk": 55,
    "model": "association.associationall"
  },
  {
    "fields": {
      "created": "2015-07-06T23:09:37.244Z",
      "parent_datum": 20,
      "modified": "2015-07-06T23:08:10.838Z",
      "child_datum": 20,
      "distance": 0,
      "active": true,
      "sort": 148
    },
    "pk": 56,
    "model": "association.associationall"
  },
  {
    "fields": {
      "created": "2015-07-06T23:09:37.244Z",
      "parent_datum": 21,
      "modified": "2015-07-06T23:08:10.838Z",
      "child_datum": 21,
      "distance": 0,
      "active": true,
      "sort": 149
    },
    "pk": 57,
    "model": "association.associationall"
  },
  {
    "fields": {
      "created": "2015-07-06T23:09:37.244Z",
      "parent_datum": 3,
      "modified": "2015-07-06T23:08:10.838Z",
      "child_datum": 21,
      "distance": 1,
      "active": true,
      "sort": 150
    },
    "pk": 58,
    "model": "association.associationall"
  },
  {
    "fields": {
      "created": "2015-07-06T23:09:37.244Z",
      "parent_datum": 1,
      "modified": "2015-07-06T23:08:10.838Z",
      "child_datum": 21,
      "distance": 2,
      "active": true,
      "sort": 151
    },
    "pk": 59,
    "model": "association.associationall"
  },
  {
    "fields": {
      "created": "2015-07-06T23:09:37.244Z",
      "parent_datum": 2,
      "modified": "2015-07-06T23:08:10.838Z",
      "child_datum": 21,
      "distance": 2,
      "active": true,
      "sort": 152
    },
    "pk": 60,
    "model": "association.associationall"
  },
  {
    "fields": {
      "created": "2015-07-06T23:09:37.244Z",
      "parent_datum": 21,
      "modified": "2015-07-06T23:08:10.838Z",
      "child_datum": 20,
      "distance": 1,
      "active": true,
      "sort": 153
    },
    "pk": 61,
    "model": "association.associationall"
  },
  {
    "fields": {
      "created": "2015-07-06T23:09:37.244Z",
      "parent_datum": 3,
      "modified": "2015-07-06T23:08:10.838Z",
      "child_datum": 20,
      "distance": 2,
      "active": true,
      "sort": 154
    },
    "pk": 62,
    "model": "association.associationall"
  },
  {
    "fields": {
      "created": "2015-07-06T23:09:37.244Z",
      "parent_datum": 1,
      "modified": "2015-07-06T23:08:10.838Z",
      "child_datum": 20,
      "distance": 3,
      "active": true,
      "sort": 155
    },
    "pk": 63,
    "model": "association.associationall"
  },
  {
    "fields": {
      "created": "2015-07-06T23:09:37.244Z",
      "parent_datum": 2,
      "modified": "2015-07-06T23:08:10.838Z",
      "child_datum": 20,
      "distance": 3,
      "active": true,
      "sort": 156
    },
    "pk": 64,
    "model": "association.associationall"
  },
  {
    "fields": {
      "created": "2015-07-06T23:09:37.244Z",
      "parent_datum": 22,
      "modified": "2015-07-06T23:08:10.838Z",
      "child_datum": 22,
      "distance": 0,
      "active": true,
      "sort": 157
    },
    "pk": 65,
    "model": "association.associationall"
  },
  {
    "fields": {
      "created": "2015-07-06T23:09:37.244Z",
      "parent_datum": 1,
      "modified": "2015-07-06T23:08:10.838Z",
      "child_datum": 22,
      "distance": 1,
      "active": true,
      "sort": 158
    },
    "pk": 66,
    "model": "association.associationall"
  },
  {
    "fields": {
      "created": "2015-07-06T23:09:37.244Z",
      "parent_datum": 23,
      "modified": "2015-07-06T23:08:10.838Z",
      "child_datum": 23,
      "distance": 0,
      "active": true,
      "sort": 159
    },
    "pk": 79,
    "model": "association.associationall"
  },
  {
    "fields": {
      "created": "2015-07-06T23:09:37.244Z",
      "parent_datum": 22,
      "modified": "2015-07-06T23:08:10.838Z",
      "child_datum": 23,
      "distance": 1,
      "active": true,
      "sort": 160
    },
    "pk": 80,
    "model": "association.associationall"
  },
  {
    "fields": {
      "created": "2015-07-06T23:09:37.244Z",
      "parent_datum": 1,
      "modified": "2015-07-06T23:08:10.838Z",
      "child_datum": 23,
      "distance": 2,
      "active": true,
      "sort": 161
    },
    "pk": 81,
    "model": "association.associationall"
  },
  {
    "fields": {
      "created": "2015-07-06T23:09:37.244Z",
      "parent_datum": 21,
      "modified": "2015-07-06T23:08:10.838Z",
      "child_datum": 23,
      "distance": 1,
      "active": true,
      "sort": 162
    },
    "pk": 82,
    "model": "association.associationall"
  },
  {
    "fields": {
      "created": "2015-07-06T23:09:37.244Z",
      "parent_datum": 3,
      "modified": "2015-07-06T23:08:10.838Z",
      "child_datum": 23,
      "distance": 2,
      "active": true,
      "sort": 163
    },
    "pk": 83,
    "model": "association.associationall"
  },
  {
    "fields": {
      "created": "2015-07-06T23:09:37.244Z",
      "parent_datum": 25,
      "modified": "2015-07-06T23:08:10.838Z",
      "child_datum": 25,
      "distance": 0,
      "active": true,
      "sort": 164
    },
    "pk": 86,
    "model": "association.associationall"
  },
  {
    "fields": {
      "created": "2015-07-06T23:09:37.244Z",
      "parent_datum": 12,
      "modified": "2015-07-06T23:08:10.838Z",
      "child_datum": 25,
      "distance": 1,
      "active": true,
      "sort": 165
    },
    "pk": 87,
    "model": "association.associationall"
  },
  {
    "fields": {
      "created": "2015-07-06T23:09:37.244Z",
      "parent_datum": 10,
      "modified": "2015-07-06T23:08:10.838Z",
      "child_datum": 25,
      "distance": 2,
      "active": true,
      "sort": 166
    },
    "pk": 88,
    "model": "association.associationall"
  },
  {
    "fields": {
      "created": "2015-07-06T23:09:37.244Z",
      "parent_datum": 15,
      "modified": "2015-07-06T23:08:10.838Z",
      "child_datum": 25,
      "distance": 2,
      "active": true,
      "sort": 167
    },
    "pk": 89,
    "model": "association.associationall"
  },
  {
    "fields": {
      "created": "2015-07-06T23:09:37.244Z",
      "parent_datum": 18,
      "modified": "2015-07-06T23:08:10.838Z",
      "child_datum": 25,
      "distance": 3,
      "active": true,
      "sort": 168
    },
    "pk": 90,
    "model": "association.associationall"
  }
]