[
  {
    "fields": {
      "user": 1,
      "sort": 101001,
      "active": true,
      "datum_type": 1
    },
    "model": "datum.datumobject",
    "pk": 1
  },
  {
    "fields": {
      "user": 1,
      "sort": 101101,
      "active": true,
      "datum_type": 2
    },
    "model": "datum.datumobject",
    "pk": 2
  },
  {
    "fields": {
      "user": 1,
      "sort": 101002,
      "active": true,
      "datum_type": 1
    },
    "model": "datum.datumobject",
    "pk": 3
  },
  {
    "fields": {
      "user": 1,
      "sort": 101401,
      "active": true,
      "datum_type": 5
    },
    "model": "datum.datumobject",
    "pk": 6
  },
  {
    "fields": {
      "user": 1,
      "sort": 101501,
      "active": true,
      "datum_type": 6
    },
    "model": "datum.datumobject",
    "pk": 7
  },
  {
    "fields": {
      "user": 1,
      "sort": 101003,
      "active": true,
      "datum_type": 1
    },
    "model": "datum.datumobject",
    "pk": 8
  },
  {
    "fields": {
      "user": 1,
      "sort": 101301,
      "active": true,
      "datum_type": 4
    },
    "model": "datum.datumobject",
    "pk": 9
  },
  {
    "fields": {
      "user": 1,
      "sort": 101004,
      "active": true,
      "datum_type": 1
    },
    "model": "datum.datumobject",
    "pk": 10
  },
  {
    "fields": {
      "user": 1,
      "sort": 101601,
      "active": true,
      "datum_type": 7
    },
    "model": "datum.datumobject",
    "pk": 11
  },
  {
    "fields": {
      "user": 1,
      "sort": 201001,
      "active": true,
      "datum_type": 8
    },
    "model": "datum.datumobject",
    "pk": 12
  },
  {
    "fields": {
      "user": 1,
      "sort": 201002,
      "active": true,
      "datum_type": 8
    },
    "model": "datum.datumobject",
    "pk": 13
  },
  {
    "fields": {
      "user": 1,
      "sort": 301101,
      "active": true,
      "datum_type": 12
    },
    "model": "datum.datumobject",
    "pk": 14
  },
  {
    "fields": {
      "user": 1,
      "sort": 201003,
      "active": true,
      "datum_type": 8
    },
    "model": "datum.datumobject",
    "pk": 15
  },
  {
    "fields": {
      "user": 1,
      "sort": 101201,
      "active": true,
      "datum_type": 3
    },
    "model": "datum.datumobject",
    "pk": 16
  },
  {
    "fields": {
      "user": 1,
      "sort": 101202,
      "active": true,
      "datum_type": 3
    },
    "model": "datum.datumobject",
    "pk": 17
  },
  {
    "fields": {
      "user": 1,
      "sort": 101203,
      "active": true,
      "datum_type": 3
    },
    "model": "datum.datumobject",
    "pk": 18
  },
  {
    "fields": {
      "user": 1,
      "sort": 301001,
      "active": true,
      "datum_type": 11
    },
    "model": "datum.datumobject",
    "pk": 19
  },
  {
    "fields": {
      "user": 1,
      "sort": 401301,
      "active": true,
      "datum_type": 17
    },
    "model": "datum.datumobject",
    "pk": 20
  },
  {
    "fields": {
      "user": 1,
      "sort": 101005,
      "active": true,
      "datum_type": 1
    },
    "model": "datum.datumobject",
    "pk": 21
  },
  {
    "fields": {
      "user": 1,
      "sort": 101006,
      "active": true,
      "datum_type": 1
    },
    "model": "datum.datumobject",
    "pk": 22
  },
  {
    "fields": {
      "user": 1,
      "sort": 401302,
      "active": true,
      "datum_type": 17
    },
    "model": "datum.datumobject",
    "pk": 23
  },
  {
    "fields": {
      "user": 1,
      "sort": 401101,
      "active": true,
      "datum_type": 15
    },
    "model": "datum.datumobject",
    "pk": 25
  },
  {
    "fields": {
      "datum_object": 1,
      "sort": 101001110,
      "active": true,
      "element_type": 1
    },
    "model": "element_type.elementdatumobject",
    "pk": 1
  },
  {
    "fields": {
      "datum_object": 1,
      "sort": 101001120,
      "active": true,
      "element_type": 2
    },
    "model": "element_type.elementdatumobject",
    "pk": 2
  },
  {
    "fields": {
      "datum_object": 2,
      "sort": 101101110,
      "active": true,
      "element_type": 1
    },
    "model": "element_type.elementdatumobject",
    "pk": 3
  },
  {
    "fields": {
      "datum_object": 2,
      "sort": 101101120,
      "active": true,
      "element_type": 2
    },
    "model": "element_type.elementdatumobject",
    "pk": 4
  },
  {
    "fields": {
      "datum_object": 3,
      "sort": 101002110,
      "active": true,
      "element_type": 1
    },
    "model": "element_type.elementdatumobject",
    "pk": 5
  },
  {
    "fields": {
      "datum_object": 3,
      "sort": 101002120,
      "active": true,
      "element_type": 2
    },
    "model": "element_type.elementdatumobject",
    "pk": 6
  },
  {
    "fields": {
      "datum_object": 6,
      "sort": 101401110,
      "active": true,
      "element_type": 1
    },
    "model": "element_type.elementdatumobject",
    "pk": 18
  },
  {
    "fields": {
      "datum_object": 6,
      "sort": 101401120,
      "active": true,
      "element_type": 2
    },
    "model": "element_type.elementdatumobject",
    "pk": 19
  },
  {
    "fields": {
      "datum_object": 6,
      "sort": 101401170,
      "active": true,
      "element_type": 7
    },
    "model": "element_type.elementdatumobject",
    "pk": 20
  },
  {
    "fields": {
      "datum_object": 7,
      "sort": 101501110,
      "active": true,
      "element_type": 1
    },
    "model": "element_type.elementdatumobject",
    "pk": 21
  },
  {
    "fields": {
      "datum_object": 7,
      "sort": 101501120,
      "active": true,
      "element_type": 2
    },
    "model": "element_type.elementdatumobject",
    "pk": 22
  },
  {
    "fields": {
      "datum_object": 7,
      "sort": 101501180,
      "active": true,
      "element_type": 8
    },
    "model": "element_type.elementdatumobject",
    "pk": 23
  },
  {
    "fields": {
      "datum_object": 7,
      "sort": 101501190,
      "active": true,
      "element_type": 9
    },
    "model": "element_type.elementdatumobject",
    "pk": 24
  },
  {
    "fields": {
      "datum_object": 7,
      "sort": 101501200,
      "active": true,
      "element_type": 10
    },
    "model": "element_type.elementdatumobject",
    "pk": 25
  },
  {
    "fields": {
      "datum_object": 7,
      "sort": 101501210,
      "active": true,
      "element_type": 11
    },
    "model": "element_type.elementdatumobject",
    "pk": 26
  },
  {
    "fields": {
      "datum_object": 7,
      "sort": 101501220,
      "active": true,
      "element_type": 12
    },
    "model": "element_type.elementdatumobject",
    "pk": 27
  },
  {
    "fields": {
      "datum_object": 7,
      "sort": 101501230,
      "active": true,
      "element_type": 13
    },
    "model": "element_type.elementdatumobject",
    "pk": 28
  },
  {
    "fields": {
      "datum_object": 7,
      "sort": 101501240,
      "active": true,
      "element_type": 14
    },
    "model": "element_type.elementdatumobject",
    "pk": 29
  },
  {
    "fields": {
      "datum_object": 8,
      "sort": 101003110,
      "active": true,
      "element_type": 1
    },
    "model": "element_type.elementdatumobject",
    "pk": 30
  },
  {
    "fields": {
      "datum_object": 8,
      "sort": 101003120,
      "active": true,
      "element_type": 2
    },
    "model": "element_type.elementdatumobject",
    "pk": 31
  },
  {
    "fields": {
      "datum_object": 9,
      "sort": 101301110,
      "active": true,
      "element_type": 1
    },
    "model": "element_type.elementdatumobject",
    "pk": 32
  },
  {
    "fields": {
      "datum_object": 9,
      "sort": 101301120,
      "active": true,
      "element_type": 2
    },
    "model": "element_type.elementdatumobject",
    "pk": 33
  },
  {
    "fields": {
      "datum_object": 9,
      "sort": 101301130,
      "active": true,
      "element_type": 3
    },
    "model": "element_type.elementdatumobject",
    "pk": 34
  },
  {
    "fields": {
      "datum_object": 9,
      "sort": 101301140,
      "active": true,
      "element_type": 4
    },
    "model": "element_type.elementdatumobject",
    "pk": 35
  },
  {
    "fields": {
      "datum_object": 9,
      "sort": 101301150,
      "active": true,
      "element_type": 5
    },
    "model": "element_type.elementdatumobject",
    "pk": 36
  },
  {
    "fields": {
      "datum_object": 9,
      "sort": 101301160,
      "active": true,
      "element_type": 6
    },
    "model": "element_type.elementdatumobject",
    "pk": 37
  },
  {
    "fields": {
      "datum_object": 10,
      "sort": 101004110,
      "active": true,
      "element_type": 1
    },
    "model": "element_type.elementdatumobject",
    "pk": 38
  },
  {
    "fields": {
      "datum_object": 10,
      "sort": 101004120,
      "active": true,
      "element_type": 2
    },
    "model": "element_type.elementdatumobject",
    "pk": 39
  },
  {
    "fields": {
      "datum_object": 11,
      "sort": 101601110,
      "active": true,
      "element_type": 1
    },
    "model": "element_type.elementdatumobject",
    "pk": 40
  },
  {
    "fields": {
      "datum_object": 11,
      "sort": 101601120,
      "active": true,
      "element_type": 2
    },
    "model": "element_type.elementdatumobject",
    "pk": 41
  },
  {
    "fields": {
      "datum_object": 11,
      "sort": 101601250,
      "active": true,
      "element_type": 15
    },
    "model": "element_type.elementdatumobject",
    "pk": 42
  },
  {
    "fields": {
      "datum_object": 11,
      "sort": 101601260,
      "active": true,
      "element_type": 16
    },
    "model": "element_type.elementdatumobject",
    "pk": 43
  },
  {
    "fields": {
      "datum_object": 11,
      "sort": 101601270,
      "active": true,
      "element_type": 17
    },
    "model": "element_type.elementdatumobject",
    "pk": 44
  },
  {
    "fields": {
      "datum_object": 11,
      "sort": 101601280,
      "active": true,
      "element_type": 18
    },
    "model": "element_type.elementdatumobject",
    "pk": 45
  },
  {
    "fields": {
      "datum_object": 11,
      "sort": 101601290,
      "active": true,
      "element_type": 19
    },
    "model": "element_type.elementdatumobject",
    "pk": 46
  },
  {
    "fields": {
      "datum_object": 11,
      "sort": 101601300,
      "active": true,
      "element_type": 20
    },
    "model": "element_type.elementdatumobject",
    "pk": 47
  },
  {
    "fields": {
      "datum_object": 12,
      "sort": 201001120,
      "active": true,
      "element_type": 2
    },
    "model": "element_type.elementdatumobject",
    "pk": 48
  },
  {
    "fields": {
      "datum_object": 12,
      "sort": 201001310,
      "active": true,
      "element_type": 21
    },
    "model": "element_type.elementdatumobject",
    "pk": 49
  },
  {
    "fields": {
      "datum_object": 12,
      "sort": 201001320,
      "active": true,
      "element_type": 22
    },
    "model": "element_type.elementdatumobject",
    "pk": 50
  },
  {
    "fields": {
      "datum_object": 13,
      "sort": 201002120,
      "active": true,
      "element_type": 2
    },
    "model": "element_type.elementdatumobject",
    "pk": 51
  },
  {
    "fields": {
      "datum_object": 13,
      "sort": 201002310,
      "active": true,
      "element_type": 21
    },
    "model": "element_type.elementdatumobject",
    "pk": 52
  },
  {
    "fields": {
      "datum_object": 13,
      "sort": 201002320,
      "active": true,
      "element_type": 22
    },
    "model": "element_type.elementdatumobject",
    "pk": 53
  },
  {
    "fields": {
      "datum_object": 14,
      "sort": 301101340,
      "active": true,
      "element_type": 24
    },
    "model": "element_type.elementdatumobject",
    "pk": 54
  },
  {
    "fields": {
      "datum_object": 14,
      "sort": 301101350,
      "active": true,
      "element_type": 25
    },
    "model": "element_type.elementdatumobject",
    "pk": 55
  },
  {
    "fields": {
      "datum_object": 14,
      "sort": 301101360,
      "active": true,
      "element_type": 26
    },
    "model": "element_type.elementdatumobject",
    "pk": 56
  },
  {
    "fields": {
      "datum_object": 14,
      "sort": 301101370,
      "active": true,
      "element_type": 27
    },
    "model": "element_type.elementdatumobject",
    "pk": 57
  },
  {
    "fields": {
      "datum_object": 14,
      "sort": 301101380,
      "active": true,
      "element_type": 28
    },
    "model": "element_type.elementdatumobject",
    "pk": 58
  },
  {
    "fields": {
      "datum_object": 14,
      "sort": 301101390,
      "active": true,
      "element_type": 29
    },
    "model": "element_type.elementdatumobject",
    "pk": 59
  },
  {
    "fields": {
      "datum_object": 14,
      "sort": 301101400,
      "active": true,
      "element_type": 30
    },
    "model": "element_type.elementdatumobject",
    "pk": 60
  },
  {
    "fields": {
      "datum_object": 15,
      "sort": 201003120,
      "active": true,
      "element_type": 2
    },
    "model": "element_type.elementdatumobject",
    "pk": 61
  },
  {
    "fields": {
      "datum_object": 15,
      "sort": 201003310,
      "active": true,
      "element_type": 21
    },
    "model": "element_type.elementdatumobject",
    "pk": 62
  },
  {
    "fields": {
      "datum_object": 15,
      "sort": 201003320,
      "active": true,
      "element_type": 22
    },
    "model": "element_type.elementdatumobject",
    "pk": 63
  },
  {
    "fields": {
      "datum_object": 16,
      "sort": 101201110,
      "active": true,
      "element_type": 1
    },
    "model": "element_type.elementdatumobject",
    "pk": 64
  },
  {
    "fields": {
      "datum_object": 16,
      "sort": 101201120,
      "active": true,
      "element_type": 2
    },
    "model": "element_type.elementdatumobject",
    "pk": 65
  },
  {
    "fields": {
      "datum_object": 17,
      "sort": 101202110,
      "active": true,
      "element_type": 1
    },
    "model": "element_type.elementdatumobject",
    "pk": 66
  },
  {
    "fields": {
      "datum_object": 17,
      "sort": 101202120,
      "active": true,
      "element_type": 2
    },
    "model": "element_type.elementdatumobject",
    "pk": 67
  },
  {
    "fields": {
      "datum_object": 18,
      "sort": 101203110,
      "active": true,
      "element_type": 1
    },
    "model": "element_type.elementdatumobject",
    "pk": 68
  },
  {
    "fields": {
      "datum_object": 18,
      "sort": 101203120,
      "active": true,
      "element_type": 2
    },
    "model": "element_type.elementdatumobject",
    "pk": 69
  },
  {
    "fields": {
      "datum_object": 19,
      "sort": 301001110,
      "active": true,
      "element_type": 1
    },
    "model": "element_type.elementdatumobject",
    "pk": 70
  },
  {
    "fields": {
      "datum_object": 19,
      "sort": 301001330,
      "active": true,
      "element_type": 23
    },
    "model": "element_type.elementdatumobject",
    "pk": 71
  },
  {
    "fields": {
      "datum_object": 20,
      "sort": 401301110,
      "active": true,
      "element_type": 1
    },
    "model": "element_type.elementdatumobject",
    "pk": 72
  },
  {
    "fields": {
      "datum_object": 20,
      "sort": 401301120,
      "active": true,
      "element_type": 2
    },
    "model": "element_type.elementdatumobject",
    "pk": 73
  },
  {
    "fields": {
      "datum_object": 20,
      "sort": 401301430,
      "active": true,
      "element_type": 33
    },
    "model": "element_type.elementdatumobject",
    "pk": 74
  },
  {
    "fields": {
      "datum_object": 20,
      "sort": 401301470,
      "active": true,
      "element_type": 37
    },
    "model": "element_type.elementdatumobject",
    "pk": 75
  },
  {
    "fields": {
      "datum_object": 21,
      "sort": 101005110,
      "active": true,
      "element_type": 1
    },
    "model": "element_type.elementdatumobject",
    "pk": 76
  },
  {
    "fields": {
      "datum_object": 21,
      "sort": 101005120,
      "active": true,
      "element_type": 2
    },
    "model": "element_type.elementdatumobject",
    "pk": 77
  },
  {
    "fields": {
      "datum_object": 22,
      "sort": 101006110,
      "active": true,
      "element_type": 1
    },
    "model": "element_type.elementdatumobject",
    "pk": 78
  },
  {
    "fields": {
      "datum_object": 22,
      "sort": 101006120,
      "active": true,
      "element_type": 2
    },
    "model": "element_type.elementdatumobject",
    "pk": 79
  },
  {
    "fields": {
      "datum_object": 23,
      "sort": 401302110,
      "active": true,
      "element_type": 1
    },
    "model": "element_type.elementdatumobject",
    "pk": 80
  },
  {
    "fields": {
      "datum_object": 23,
      "sort": 401302120,
      "active": true,
      "element_type": 2
    },
    "model": "element_type.elementdatumobject",
    "pk": 81
  },
  {
    "fields": {
      "datum_object": 23,
      "sort": 401302430,
      "active": true,
      "element_type": 33
    },
    "model": "element_type.elementdatumobject",
    "pk": 82
  },
  {
    "fields": {
      "datum_object": 23,
      "sort": 401302470,
      "active": true,
      "element_type": 37
    },
    "model": "element_type.elementdatumobject",
    "pk": 83
  },
  {
    "fields": {
      "datum_object": 25,
      "sort": 401101110,
      "active": true,
      "element_type": 1
    },
    "model": "element_type.elementdatumobject",
    "pk": 91
  },
  {
    "fields": {
      "datum_object": 25,
      "sort": 401101120,
      "active": true,
      "element_type": 2
    },
    "model": "element_type.elementdatumobject",
    "pk": 92
  },
  {
    "fields": {
      "datum_object": 25,
      "sort": 401101430,
      "active": true,
      "element_type": 33
    },
    "model": "element_type.elementdatumobject",
    "pk": 93
  },
  {
    "fields": {
      "datum_object": 25,
      "sort": 401101470,
      "active": true,
      "element_type": 37
    },
    "model": "element_type.elementdatumobject",
    "pk": 94
  },
  {
    "fields": {
      "datum_object": 25,
      "sort": 401101480,
      "active": true,
      "element_type": 38
    },
    "model": "element_type.elementdatumobject",
    "pk": 95
  },
  {
    "fields": {
      "datum_object": 25,
      "sort": 401101490,
      "active": true,
      "element_type": 39
    },
    "model": "element_type.elementdatumobject",
    "pk": 96
  },
  {
    "fields": {
      "datum_object": 25,
      "sort": 401101500,
      "active": true,
      "element_type": 40
    },
    "model": "element_type.elementdatumobject",
    "pk": 97
  },
  {
    "fields": {
      "sort": 101001110,
      "elvalue": "Software",
      "active": true,
      "element_datum_object": 1,
      "element_option": null
    },
    "model": "element_value.elementvaluestring",
    "pk": 1
  },
  {
    "fields": {
      "sort": 101001120,
      "elvalue": "",
      "active": true,
      "element_datum_object": 2,
      "element_option": null
    },
    "model": "element_value.elementvaluestring",
    "pk": 2
  },
  {
    "fields": {
      "sort": 101101110,
      "elvalue": "Tracuse App",
      "active": true,
      "element_datum_object": 3,
      "element_option": null
    },
    "model": "element_value.elementvaluestring",
    "pk": 3
  },
  {
    "fields": {
      "sort": 101101120,
      "elvalue": "",
      "active": true,
      "element_datum_object": 4,
      "element_option": null
    },
    "model": "element_value.elementvaluestring",
    "pk": 4
  },
  {
    "fields": {
      "sort": 101002110,
      "elvalue": "Python",
      "active": true,
      "element_datum_object": 5,
      "element_option": null
    },
    "model": "element_value.elementvaluestring",
    "pk": 5
  },
  {
    "fields": {
      "sort": 101002120,
      "elvalue": "Best language ever",
      "active": true,
      "element_datum_object": 6,
      "element_option": null
    },
    "model": "element_value.elementvaluestring",
    "pk": 6
  },
  {
    "fields": {
      "sort": 101401110,
      "elvalue": "PDX Code Guild",
      "active": true,
      "element_datum_object": 18,
      "element_option": null
    },
    "model": "element_value.elementvaluestring",
    "pk": 16
  },
  {
    "fields": {
      "sort": 101401120,
      "elvalue": "",
      "active": true,
      "element_datum_object": 19,
      "element_option": null
    },
    "model": "element_value.elementvaluestring",
    "pk": 17
  },
  {
    "fields": {
      "sort": 101401170,
      "elvalue": "Education",
      "active": true,
      "element_datum_object": 20,
      "element_option": null
    },
    "model": "element_value.elementvaluestring",
    "pk": 18
  },
  {
    "fields": {
      "sort": 101501110,
      "elvalue": "PDX Code Guild Main Location",
      "active": true,
      "element_datum_object": 21,
      "element_option": null
    },
    "model": "element_value.elementvaluestring",
    "pk": 19
  },
  {
    "fields": {
      "sort": 101501120,
      "elvalue": "",
      "active": true,
      "element_datum_object": 22,
      "element_option": null
    },
    "model": "element_value.elementvaluestring",
    "pk": 20
  },
  {
    "fields": {
      "sort": 101501180,
      "elvalue": "2626 SW Corbett Ave",
      "active": true,
      "element_datum_object": 23,
      "element_option": null
    },
    "model": "element_value.elementvaluestring",
    "pk": 21
  },
  {
    "fields": {
      "sort": 101501190,
      "elvalue": "Portland",
      "active": true,
      "element_datum_object": 24,
      "element_option": null
    },
    "model": "element_value.elementvaluestring",
    "pk": 22
  },
  {
    "fields": {
      "sort": 101501200,
      "elvalue": "OR",
      "active": true,
      "element_datum_object": 25,
      "element_option": null
    },
    "model": "element_value.elementvaluestring",
    "pk": 23
  },
  {
    "fields": {
      "sort": 101501210,
      "elvalue": "97201",
      "active": true,
      "element_datum_object": 26,
      "element_option": null
    },
    "model": "element_value.elementvaluestring",
    "pk": 24
  },
  {
    "fields": {
      "sort": 101501220,
      "elvalue": "",
      "active": true,
      "element_datum_object": 27,
      "element_option": null
    },
    "model": "element_value.elementvaluestring",
    "pk": 25
  },
  {
    "fields": {
      "sort": 101003110,
      "elvalue": "Family",
      "active": true,
      "element_datum_object": 30,
      "element_option": null
    },
    "model": "element_value.elementvaluestring",
    "pk": 26
  },
  {
    "fields": {
      "sort": 101003120,
      "elvalue": "Blood",
      "active": true,
      "element_datum_object": 31,
      "element_option": null
    },
    "model": "element_value.elementvaluestring",
    "pk": 27
  },
  {
    "fields": {
      "sort": 101301110,
      "elvalue": "Madeline Baron",
      "active": true,
      "element_datum_object": 32,
      "element_option": null
    },
    "model": "element_value.elementvaluestring",
    "pk": 28
  },
  {
    "fields": {
      "sort": 101301120,
      "elvalue": "",
      "active": true,
      "element_datum_object": 33,
      "element_option": null
    },
    "model": "element_value.elementvaluestring",
    "pk": 29
  },
  {
    "fields": {
      "sort": 101301130,
      "elvalue": "Madeline",
      "active": true,
      "element_datum_object": 34,
      "element_option": null
    },
    "model": "element_value.elementvaluestring",
    "pk": 30
  },
  {
    "fields": {
      "sort": 101301140,
      "elvalue": "Baron",
      "active": true,
      "element_datum_object": 35,
      "element_option": null
    },
    "model": "element_value.elementvaluestring",
    "pk": 31
  },
  {
    "fields": {
      "sort": 101301150,
      "elvalue": "",
      "active": true,
      "element_datum_object": 36,
      "element_option": null
    },
    "model": "element_value.elementvaluestring",
    "pk": 32
  },
  {
    "fields": {
      "sort": 101004110,
      "elvalue": "Home",
      "active": true,
      "element_datum_object": 38,
      "element_option": null
    },
    "model": "element_value.elementvaluestring",
    "pk": 33
  },
  {
    "fields": {
      "sort": 101004120,
      "elvalue": "My castle",
      "active": true,
      "element_datum_object": 39,
      "element_option": null
    },
    "model": "element_value.elementvaluestring",
    "pk": 34
  },
  {
    "fields": {
      "sort": 101601110,
      "elvalue": "PDX Code Guild Main Contact",
      "active": true,
      "element_datum_object": 40,
      "element_option": null
    },
    "model": "element_value.elementvaluestring",
    "pk": 35
  },
  {
    "fields": {
      "sort": 101601120,
      "elvalue": "",
      "active": true,
      "element_datum_object": 41,
      "element_option": null
    },
    "model": "element_value.elementvaluestring",
    "pk": 36
  },
  {
    "fields": {
      "sort": 101601250,
      "elvalue": "",
      "active": true,
      "element_datum_object": 42,
      "element_option": null
    },
    "model": "element_value.elementvaluestring",
    "pk": 37
  },
  {
    "fields": {
      "sort": 101601260,
      "elvalue": "Sheri@PDXCodeGuild.com ",
      "active": true,
      "element_datum_object": 43,
      "element_option": null
    },
    "model": "element_value.elementvaluestring",
    "pk": 38
  },
  {
    "fields": {
      "sort": 101601270,
      "elvalue": "https://pdxcodeguild.com/",
      "active": true,
      "element_datum_object": 44,
      "element_option": null
    },
    "model": "element_value.elementvaluestring",
    "pk": 39
  },
  {
    "fields": {
      "sort": 101601280,
      "elvalue": "https://www.facebook.com/PDXCodeGuild",
      "active": true,
      "element_datum_object": 45,
      "element_option": null
    },
    "model": "element_value.elementvaluestring",
    "pk": 40
  },
  {
    "fields": {
      "sort": 101601290,
      "elvalue": "https://www.linkedin.com/company/pdx-code-guild/",
      "active": true,
      "element_datum_object": 46,
      "element_option": null
    },
    "model": "element_value.elementvaluestring",
    "pk": 41
  },
  {
    "fields": {
      "sort": 101601300,
      "elvalue": "https://twitter.com/pdxcodeguild",
      "active": true,
      "element_datum_object": 47,
      "element_option": null
    },
    "model": "element_value.elementvaluestring",
    "pk": 42
  },
  {
    "fields": {
      "sort": 201001120,
      "elvalue": "Look for new apartment",
      "active": true,
      "element_datum_object": 48,
      "element_option": null
    },
    "model": "element_value.elementvaluestring",
    "pk": 43
  },
  {
    "fields": {
      "sort": 201001310,
      "elvalue": "Upcoming",
      "active": true,
      "element_datum_object": 49,
      "element_option": null
    },
    "model": "element_value.elementvaluestring",
    "pk": 44
  },
  {
    "fields": {
      "sort": 201002120,
      "elvalue": "Review craigslist ads",
      "active": true,
      "element_datum_object": 51,
      "element_option": null
    },
    "model": "element_value.elementvaluestring",
    "pk": 45
  },
  {
    "fields": {
      "sort": 201002310,
      "elvalue": "Current",
      "active": true,
      "element_datum_object": 52,
      "element_option": null
    },
    "model": "element_value.elementvaluestring",
    "pk": 46
  },
  {
    "fields": {
      "sort": 201003120,
      "elvalue": "Contact landlords",
      "active": true,
      "element_datum_object": 61,
      "element_option": null
    },
    "model": "element_value.elementvaluestring",
    "pk": 47
  },
  {
    "fields": {
      "sort": 201003310,
      "elvalue": "Upcoming",
      "active": true,
      "element_datum_object": 62,
      "element_option": null
    },
    "model": "element_value.elementvaluestring",
    "pk": 48
  },
  {
    "fields": {
      "sort": 101201110,
      "elvalue": "Call",
      "active": true,
      "element_datum_object": 64,
      "element_option": null
    },
    "model": "element_value.elementvaluestring",
    "pk": 49
  },
  {
    "fields": {
      "sort": 101201120,
      "elvalue": "Speaking over the phone",
      "active": true,
      "element_datum_object": 65,
      "element_option": null
    },
    "model": "element_value.elementvaluestring",
    "pk": 50
  },
  {
    "fields": {
      "sort": 101202110,
      "elvalue": "Online",
      "active": true,
      "element_datum_object": 66,
      "element_option": null
    },
    "model": "element_value.elementvaluestring",
    "pk": 51
  },
  {
    "fields": {
      "sort": 101202120,
      "elvalue": "Something over the internet",
      "active": true,
      "element_datum_object": 67,
      "element_option": null
    },
    "model": "element_value.elementvaluestring",
    "pk": 52
  },
  {
    "fields": {
      "sort": 101203110,
      "elvalue": "Email",
      "active": true,
      "element_datum_object": 68,
      "element_option": null
    },
    "model": "element_value.elementvaluestring",
    "pk": 53
  },
  {
    "fields": {
      "sort": 101203120,
      "elvalue": "Sending message",
      "active": true,
      "element_datum_object": 69,
      "element_option": null
    },
    "model": "element_value.elementvaluestring",
    "pk": 54
  },
  {
    "fields": {
      "sort": 301001110,
      "elvalue": "Actual Schedule",
      "active": true,
      "element_datum_object": 70,
      "element_option": null
    },
    "model": "element_value.elementvaluestring",
    "pk": 55
  },
  {
    "fields": {
      "sort": 301001330,
      "elvalue": "Actual",
      "active": true,
      "element_datum_object": 71,
      "element_option": null
    },
    "model": "element_value.elementvaluestring",
    "pk": 56
  },
  {
    "fields": {
      "sort": 401301110,
      "elvalue": "Django Docs",
      "active": true,
      "element_datum_object": 72,
      "element_option": null
    },
    "model": "element_value.elementvaluestring",
    "pk": 57
  },
  {
    "fields": {
      "sort": 401301120,
      "elvalue": "",
      "active": true,
      "element_datum_object": 73,
      "element_option": null
    },
    "model": "element_value.elementvaluestring",
    "pk": 58
  },
  {
    "fields": {
      "sort": 401301430,
      "elvalue": "Complete",
      "active": true,
      "element_datum_object": 74,
      "element_option": null
    },
    "model": "element_value.elementvaluestring",
    "pk": 59
  },
  {
    "fields": {
      "sort": 401301470,
      "elvalue": "https://docs.djangoproject.com/en/1.8/",
      "active": true,
      "element_datum_object": 75,
      "element_option": null
    },
    "model": "element_value.elementvaluestring",
    "pk": 60
  },
  {
    "fields": {
      "sort": 101005110,
      "elvalue": "Django",
      "active": true,
      "element_datum_object": 76,
      "element_option": null
    },
    "model": "element_value.elementvaluestring",
    "pk": 61
  },
  {
    "fields": {
      "sort": 101005120,
      "elvalue": "Web framework",
      "active": true,
      "element_datum_object": 77,
      "element_option": null
    },
    "model": "element_value.elementvaluestring",
    "pk": 62
  },
  {
    "fields": {
      "sort": 101006110,
      "elvalue": "Deployment",
      "active": true,
      "element_datum_object": 78,
      "element_option": null
    },
    "model": "element_value.elementvaluestring",
    "pk": 63
  },
  {
    "fields": {
      "sort": 101006120,
      "elvalue": "From development to production",
      "active": true,
      "element_datum_object": 79,
      "element_option": null
    },
    "model": "element_value.elementvaluestring",
    "pk": 64
  },
  {
    "fields": {
      "sort": 401302110,
      "elvalue": "Deploying Django on AWS",
      "active": true,
      "element_datum_object": 80,
      "element_option": null
    },
    "model": "element_value.elementvaluestring",
    "pk": 65
  },
  {
    "fields": {
      "sort": 401302120,
      "elvalue": "",
      "active": true,
      "element_datum_object": 81,
      "element_option": null
    },
    "model": "element_value.elementvaluestring",
    "pk": 66
  },
  {
    "fields": {
      "sort": 401302430,
      "elvalue": "Complete",
      "active": true,
      "element_datum_object": 82,
      "element_option": null
    },
    "model": "element_value.elementvaluestring",
    "pk": 67
  },
  {
    "fields": {
      "sort": 401302470,
      "elvalue": "http://nickpolet.com/blog/1/",
      "active": true,
      "element_datum_object": 83,
      "element_option": null
    },
    "model": "element_value.elementvaluestring",
    "pk": 68
  },
  {
    "fields": {
      "sort": 401101110,
      "elvalue": "Apartments Spreadsheet",
      "active": true,
      "element_datum_object": 91,
      "element_option": null
    },
    "model": "element_value.elementvaluestring",
    "pk": 73
  },
  {
    "fields": {
      "sort": 401101120,
      "elvalue": "Track potential apartments",
      "active": true,
      "element_datum_object": 92,
      "element_option": null
    },
    "model": "element_value.elementvaluestring",
    "pk": 74
  },
  {
    "fields": {
      "sort": 401101430,
      "elvalue": "Working",
      "active": true,
      "element_datum_object": 93,
      "element_option": null
    },
    "model": "element_value.elementvaluestring",
    "pk": 75
  },
  {
    "fields": {
      "sort": 401101470,
      "elvalue": "",
      "active": true,
      "element_datum_object": 94,
      "element_option": null
    },
    "model": "element_value.elementvaluestring",
    "pk": 76
  },
  {
    "fields": {
      "sort": 401101480,
      "elvalue": "",
      "active": true,
      "element_datum_object": 95,
      "element_option": null
    },
    "model": "element_value.elementvaluestring",
    "pk": 77
  },
  {
    "fields": {
      "sort": 301101400,
      "elvalue": "Placeholder",
      "active": true,
      "element_datum_object": 60,
      "element_option": null
    },
    "model": "element_value.elementvaluetextdata",
    "pk": 1
  },
  {
    "fields": {
      "sort": 101301160,
      "elvalue": "1987-06-07T07:00:00Z",
      "active": true,
      "element_datum_object": 37,
      "element_option": null
    },
    "model": "element_value.elementvaluedatetime",
    "pk": 1
  },
  {
    "fields": {
      "sort": 301101340,
      "elvalue": "2015-05-24T17:00:00Z",
      "active": true,
      "element_datum_object": 54,
      "element_option": null
    },
    "model": "element_value.elementvaluedatetime",
    "pk": 2
  },
  {
    "fields": {
      "sort": 301101350,
      "elvalue": "2015-05-24T17:00:00Z",
      "active": true,
      "element_datum_object": 55,
      "element_option": null
    },
    "model": "element_value.elementvaluedatetime",
    "pk": 3
  },
  {
    "fields": {
      "sort": 301101360,
      "elvalue": "2015-05-24T18:00:00Z",
      "active": true,
      "element_datum_object": 56,
      "element_option": null
    },
    "model": "element_value.elementvaluedatetime",
    "pk": 4
  },
  {
    "fields": {
      "sort": 301101370,
      "elvalue": "2015-05-24T18:00:00Z",
      "active": true,
      "element_datum_object": 57,
      "element_option": null
    },
    "model": "element_value.elementvaluedatetime",
    "pk": 5
  },
  {
    "fields": {
      "sort": 401101490,
      "elvalue": "2015-05-21T19:00:00Z",
      "active": true,
      "element_datum_object": 96,
      "element_option": null
    },
    "model": "element_value.elementvaluedatetime",
    "pk": 8
  },
  {
    "fields": {
      "sort": 401101500,
      "elvalue": "2015-05-21T19:00:00Z",
      "active": true,
      "element_datum_object": 97,
      "element_option": null
    },
    "model": "element_value.elementvaluedatetime",
    "pk": 9
  },
  {
    "fields": {
      "sort": 101501230,
      "elvalue": "0.00",
      "active": true,
      "element_datum_object": 28,
      "element_option": null
    },
    "model": "element_value.elementvaluedecimal",
    "pk": 3
  },
  {
    "fields": {
      "sort": 101501240,
      "elvalue": "0.00",
      "active": true,
      "element_datum_object": 29,
      "element_option": null
    },
    "model": "element_value.elementvaluedecimal",
    "pk": 4
  },
  {
    "fields": {
      "sort": 201001320,
      "elvalue": "4.00",
      "active": true,
      "element_datum_object": 50,
      "element_option": null
    },
    "model": "element_value.elementvaluedecimal",
    "pk": 5
  },
  {
    "fields": {
      "sort": 201002320,
      "elvalue": "3.00",
      "active": true,
      "element_datum_object": 53,
      "element_option": null
    },
    "model": "element_value.elementvaluedecimal",
    "pk": 6
  },
  {
    "fields": {
      "sort": 301101380,
      "elvalue": "0.00",
      "active": true,
      "element_datum_object": 58,
      "element_option": null
    },
    "model": "element_value.elementvaluedecimal",
    "pk": 7
  },
  {
    "fields": {
      "sort": 301101390,
      "elvalue": "0.00",
      "active": true,
      "element_datum_object": 59,
      "element_option": null
    },
    "model": "element_value.elementvaluedecimal",
    "pk": 8
  },
  {
    "fields": {
      "sort": 201003320,
      "elvalue": "3.00",
      "active": true,
      "element_datum_object": 63,
      "element_option": null
    },
    "model": "element_value.elementvaluedecimal",
    "pk": 9
  }
]