[
  {
    "fields": {
      "sort": 101001,
      "datum_type": 1,
      "user": 1,
      "active": true
    },
    "model": "datum.datumobject",
    "pk": 1
  },
  {
    "fields": {
      "sort": 101101,
      "datum_type": 2,
      "user": 1,
      "active": true
    },
    "model": "datum.datumobject",
    "pk": 2
  },
  {
    "fields": {
      "sort": 101002,
      "datum_type": 1,
      "user": 1,
      "active": true
    },
    "model": "datum.datumobject",
    "pk": 3
  },
  {
    "fields": {
      "sort": 101401,
      "datum_type": 5,
      "user": 1,
      "active": true
    },
    "model": "datum.datumobject",
    "pk": 6
  },
  {
    "fields": {
      "sort": 101501,
      "datum_type": 6,
      "user": 1,
      "active": true
    },
    "model": "datum.datumobject",
    "pk": 7
  },
  {
    "fields": {
      "sort": 101003,
      "datum_type": 1,
      "user": 1,
      "active": true
    },
    "model": "datum.datumobject",
    "pk": 8
  },
  {
    "fields": {
      "sort": 101301,
      "datum_type": 4,
      "user": 1,
      "active": true
    },
    "model": "datum.datumobject",
    "pk": 9
  },
  {
    "fields": {
      "sort": 101004,
      "datum_type": 1,
      "user": 1,
      "active": true
    },
    "model": "datum.datumobject",
    "pk": 10
  },
  {
    "fields": {
      "sort": 101601,
      "datum_type": 7,
      "user": 1,
      "active": true
    },
    "model": "datum.datumobject",
    "pk": 11
  },
  {
    "fields": {
      "sort": 201001,
      "datum_type": 8,
      "user": 1,
      "active": true
    },
    "model": "datum.datumobject",
    "pk": 12
  },
  {
    "fields": {
      "sort": 201002,
      "datum_type": 8,
      "user": 1,
      "active": true
    },
    "model": "datum.datumobject",
    "pk": 13
  },
  {
    "fields": {
      "sort": 301101,
      "datum_type": 12,
      "user": 1,
      "active": true
    },
    "model": "datum.datumobject",
    "pk": 14
  },
  {
    "fields": {
      "sort": 201003,
      "datum_type": 8,
      "user": 1,
      "active": true
    },
    "model": "datum.datumobject",
    "pk": 15
  },
  {
    "fields": {
      "sort": 101201,
      "datum_type": 3,
      "user": 1,
      "active": true
    },
    "model": "datum.datumobject",
    "pk": 16
  },
  {
    "fields": {
      "sort": 101202,
      "datum_type": 3,
      "user": 1,
      "active": true
    },
    "model": "datum.datumobject",
    "pk": 17
  },
  {
    "fields": {
      "sort": 101203,
      "datum_type": 3,
      "user": 1,
      "active": true
    },
    "model": "datum.datumobject",
    "pk": 18
  },
  {
    "fields": {
      "sort": 301001,
      "datum_type": 11,
      "user": 1,
      "active": true
    },
    "model": "datum.datumobject",
    "pk": 19
  },
  {
    "fields": {
      "sort": 401301,
      "datum_type": 17,
      "user": 1,
      "active": true
    },
    "model": "datum.datumobject",
    "pk": 20
  },
  {
    "fields": {
      "sort": 101005,
      "datum_type": 1,
      "user": 1,
      "active": true
    },
    "model": "datum.datumobject",
    "pk": 21
  },
  {
    "fields": {
      "sort": 101006,
      "datum_type": 1,
      "user": 1,
      "active": true
    },
    "model": "datum.datumobject",
    "pk": 22
  },
  {
    "fields": {
      "sort": 401302,
      "datum_type": 17,
      "user": 1,
      "active": true
    },
    "model": "datum.datumobject",
    "pk": 23
  },
  {
    "fields": {
      "sort": 401101,
      "datum_type": 15,
      "user": 1,
      "active": true
    },
    "model": "datum.datumobject",
    "pk": 25
  },
  {
    "fields": {
      "sort": 101001110,
      "datum_object": 1,
      "active": true,
      "element_type": 1
    },
    "model": "element_type.elementdatumobject",
    "pk": 1
  },
  {
    "fields": {
      "sort": 101001120,
      "datum_object": 1,
      "active": true,
      "element_type": 2
    },
    "model": "element_type.elementdatumobject",
    "pk": 2
  },
  {
    "fields": {
      "sort": 101101110,
      "datum_object": 2,
      "active": true,
      "element_type": 1
    },
    "model": "element_type.elementdatumobject",
    "pk": 3
  },
  {
    "fields": {
      "sort": 101101120,
      "datum_object": 2,
      "active": true,
      "element_type": 2
    },
    "model": "element_type.elementdatumobject",
    "pk": 4
  },
  {
    "fields": {
      "sort": 101002110,
      "datum_object": 3,
      "active": true,
      "element_type": 1
    },
    "model": "element_type.elementdatumobject",
    "pk": 5
  },
  {
    "fields": {
      "sort": 101002120,
      "datum_object": 3,
      "active": true,
      "element_type": 2
    },
    "model": "element_type.elementdatumobject",
    "pk": 6
  },
  {
    "fields": {
      "sort": 101401110,
      "datum_object": 6,
      "active": true,
      "element_type": 1
    },
    "model": "element_type.elementdatumobject",
    "pk": 18
  },
  {
    "fields": {
      "sort": 101401120,
      "datum_object": 6,
      "active": true,
      "element_type": 2
    },
    "model": "element_type.elementdatumobject",
    "pk": 19
  },
  {
    "fields": {
      "sort": 101401170,
      "datum_object": 6,
      "active": true,
      "element_type": 7
    },
    "model": "element_type.elementdatumobject",
    "pk": 20
  },
  {
    "fields": {
      "sort": 101501110,
      "datum_object": 7,
      "active": true,
      "element_type": 1
    },
    "model": "element_type.elementdatumobject",
    "pk": 21
  },
  {
    "fields": {
      "sort": 101501120,
      "datum_object": 7,
      "active": true,
      "element_type": 2
    },
    "model": "element_type.elementdatumobject",
    "pk": 22
  },
  {
    "fields": {
      "sort": 101501180,
      "datum_object": 7,
      "active": true,
      "element_type": 8
    },
    "model": "element_type.elementdatumobject",
    "pk": 23
  },
  {
    "fields": {
      "sort": 101501190,
      "datum_object": 7,
      "active": true,
      "element_type": 9
    },
    "model": "element_type.elementdatumobject",
    "pk": 24
  },
  {
    "fields": {
      "sort": 101501200,
      "datum_object": 7,
      "active": true,
      "element_type": 10
    },
    "model": "element_type.elementdatumobject",
    "pk": 25
  },
  {
    "fields": {
      "sort": 101501210,
      "datum_object": 7,
      "active": true,
      "element_type": 11
    },
    "model": "element_type.elementdatumobject",
    "pk": 26
  },
  {
    "fields": {
      "sort": 101501220,
      "datum_object": 7,
      "active": true,
      "element_type": 12
    },
    "model": "element_type.elementdatumobject",
    "pk": 27
  },
  {
    "fields": {
      "sort": 101501230,
      "datum_object": 7,
      "active": true,
      "element_type": 13
    },
    "model": "element_type.elementdatumobject",
    "pk": 28
  },
  {
    "fields": {
      "sort": 101501240,
      "datum_object": 7,
      "active": true,
      "element_type": 14
    },
    "model": "element_type.elementdatumobject",
    "pk": 29
  },
  {
    "fields": {
      "sort": 101003110,
      "datum_object": 8,
      "active": true,
      "element_type": 1
    },
    "model": "element_type.elementdatumobject",
    "pk": 30
  },
  {
    "fields": {
      "sort": 101003120,
      "datum_object": 8,
      "active": true,
      "element_type": 2
    },
    "model": "element_type.elementdatumobject",
    "pk": 31
  },
  {
    "fields": {
      "sort": 101301110,
      "datum_object": 9,
      "active": true,
      "element_type": 1
    },
    "model": "element_type.elementdatumobject",
    "pk": 32
  },
  {
    "fields": {
      "sort": 101301120,
      "datum_object": 9,
      "active": true,
      "element_type": 2
    },
    "model": "element_type.elementdatumobject",
    "pk": 33
  },
  {
    "fields": {
      "sort": 101301130,
      "datum_object": 9,
      "active": true,
      "element_type": 3
    },
    "model": "element_type.elementdatumobject",
    "pk": 34
  },
  {
    "fields": {
      "sort": 101301140,
      "datum_object": 9,
      "active": true,
      "element_type": 4
    },
    "model": "element_type.elementdatumobject",
    "pk": 35
  },
  {
    "fields": {
      "sort": 101301150,
      "datum_object": 9,
      "active": true,
      "element_type": 5
    },
    "model": "element_type.elementdatumobject",
    "pk": 36
  },
  {
    "fields": {
      "sort": 101301160,
      "datum_object": 9,
      "active": true,
      "element_type": 6
    },
    "model": "element_type.elementdatumobject",
    "pk": 37
  },
  {
    "fields": {
      "sort": 101004110,
      "datum_object": 10,
      "active": true,
      "element_type": 1
    },
    "model": "element_type.elementdatumobject",
    "pk": 38
  },
  {
    "fields": {
      "sort": 101004120,
      "datum_object": 10,
      "active": true,
      "element_type": 2
    },
    "model": "element_type.elementdatumobject",
    "pk": 39
  },
  {
    "fields": {
      "sort": 101601110,
      "datum_object": 11,
      "active": true,
      "element_type": 1
    },
    "model": "element_type.elementdatumobject",
    "pk": 40
  },
  {
    "fields": {
      "sort": 101601120,
      "datum_object": 11,
      "active": true,
      "element_type": 2
    },
    "model": "element_type.elementdatumobject",
    "pk": 41
  },
  {
    "fields": {
      "sort": 101601250,
      "datum_object": 11,
      "active": true,
      "element_type": 15
    },
    "model": "element_type.elementdatumobject",
    "pk": 42
  },
  {
    "fields": {
      "sort": 101601260,
      "datum_object": 11,
      "active": true,
      "element_type": 16
    },
    "model": "element_type.elementdatumobject",
    "pk": 43
  },
  {
    "fields": {
      "sort": 101601270,
      "datum_object": 11,
      "active": true,
      "element_type": 17
    },
    "model": "element_type.elementdatumobject",
    "pk": 44
  },
  {
    "fields": {
      "sort": 101601280,
      "datum_object": 11,
      "active": true,
      "element_type": 18
    },
    "model": "element_type.elementdatumobject",
    "pk": 45
  },
  {
    "fields": {
      "sort": 101601290,
      "datum_object": 11,
      "active": true,
      "element_type": 19
    },
    "model": "element_type.elementdatumobject",
    "pk": 46
  },
  {
    "fields": {
      "sort": 101601300,
      "datum_object": 11,
      "active": true,
      "element_type": 20
    },
    "model": "element_type.elementdatumobject",
    "pk": 47
  },
  {
    "fields": {
      "sort": 201001120,
      "datum_object": 12,
      "active": true,
      "element_type": 2
    },
    "model": "element_type.elementdatumobject",
    "pk": 48
  },
  {
    "fields": {
      "sort": 201001310,
      "datum_object": 12,
      "active": true,
      "element_type": 21
    },
    "model": "element_type.elementdatumobject",
    "pk": 49
  },
  {
    "fields": {
      "sort": 201001320,
      "datum_object": 12,
      "active": true,
      "element_type": 22
    },
    "model": "element_type.elementdatumobject",
    "pk": 50
  },
  {
    "fields": {
      "sort": 201002120,
      "datum_object": 13,
      "active": true,
      "element_type": 2
    },
    "model": "element_type.elementdatumobject",
    "pk": 51
  },
  {
    "fields": {
      "sort": 201002310,
      "datum_object": 13,
      "active": true,
      "element_type": 21
    },
    "model": "element_type.elementdatumobject",
    "pk": 52
  },
  {
    "fields": {
      "sort": 201002320,
      "datum_object": 13,
      "active": true,
      "element_type": 22
    },
    "model": "element_type.elementdatumobject",
    "pk": 53
  },
  {
    "fields": {
      "sort": 301101340,
      "datum_object": 14,
      "active": true,
      "element_type": 24
    },
    "model": "element_type.elementdatumobject",
    "pk": 54
  },
  {
    "fields": {
      "sort": 301101350,
      "datum_object": 14,
      "active": true,
      "element_type": 25
    },
    "model": "element_type.elementdatumobject",
    "pk": 55
  },
  {
    "fields": {
      "sort": 301101360,
      "datum_object": 14,
      "active": true,
      "element_type": 26
    },
    "model": "element_type.elementdatumobject",
    "pk": 56
  },
  {
    "fields": {
      "sort": 301101370,
      "datum_object": 14,
      "active": true,
      "element_type": 27
    },
    "model": "element_type.elementdatumobject",
    "pk": 57
  },
  {
    "fields": {
      "sort": 301101380,
      "datum_object": 14,
      "active": true,
      "element_type": 28
    },
    "model": "element_type.elementdatumobject",
    "pk": 58
  },
  {
    "fields": {
      "sort": 301101390,
      "datum_object": 14,
      "active": true,
      "element_type": 29
    },
    "model": "element_type.elementdatumobject",
    "pk": 59
  },
  {
    "fields": {
      "sort": 301101400,
      "datum_object": 14,
      "active": true,
      "element_type": 30
    },
    "model": "element_type.elementdatumobject",
    "pk": 60
  },
  {
    "fields": {
      "sort": 201003120,
      "datum_object": 15,
      "active": true,
      "element_type": 2
    },
    "model": "element_type.elementdatumobject",
    "pk": 61
  },
  {
    "fields": {
      "sort": 201003310,
      "datum_object": 15,
      "active": true,
      "element_type": 21
    },
    "model": "element_type.elementdatumobject",
    "pk": 62
  },
  {
    "fields": {
      "sort": 201003320,
      "datum_object": 15,
      "active": true,
      "element_type": 22
    },
    "model": "element_type.elementdatumobject",
    "pk": 63
  },
  {
    "fields": {
      "sort": 101201110,
      "datum_object": 16,
      "active": true,
      "element_type": 1
    },
    "model": "element_type.elementdatumobject",
    "pk": 64
  },
  {
    "fields": {
      "sort": 101201120,
      "datum_object": 16,
      "active": true,
      "element_type": 2
    },
    "model": "element_type.elementdatumobject",
    "pk": 65
  },
  {
    "fields": {
      "sort": 101202110,
      "datum_object": 17,
      "active": true,
      "element_type": 1
    },
    "model": "element_type.elementdatumobject",
    "pk": 66
  },
  {
    "fields": {
      "sort": 101202120,
      "datum_object": 17,
      "active": true,
      "element_type": 2
    },
    "model": "element_type.elementdatumobject",
    "pk": 67
  },
  {
    "fields": {
      "sort": 101203110,
      "datum_object": 18,
      "active": true,
      "element_type": 1
    },
    "model": "element_type.elementdatumobject",
    "pk": 68
  },
  {
    "fields": {
      "sort": 101203120,
      "datum_object": 18,
      "active": true,
      "element_type": 2
    },
    "model": "element_type.elementdatumobject",
    "pk": 69
  },
  {
    "fields": {
      "sort": 301001110,
      "datum_object": 19,
      "active": true,
      "element_type": 1
    },
    "model": "element_type.elementdatumobject",
    "pk": 70
  },
  {
    "fields": {
      "sort": 301001330,
      "datum_object": 19,
      "active": true,
      "element_type": 23
    },
    "model": "element_type.elementdatumobject",
    "pk": 71
  },
  {
    "fields": {
      "sort": 401301110,
      "datum_object": 20,
      "active": true,
      "element_type": 1
    },
    "model": "element_type.elementdatumobject",
    "pk": 72
  },
  {
    "fields": {
      "sort": 401301120,
      "datum_object": 20,
      "active": true,
      "element_type": 2
    },
    "model": "element_type.elementdatumobject",
    "pk": 73
  },
  {
    "fields": {
      "sort": 401301430,
      "datum_object": 20,
      "active": true,
      "element_type": 33
    },
    "model": "element_type.elementdatumobject",
    "pk": 74
  },
  {
    "fields": {
      "sort": 401301470,
      "datum_object": 20,
      "active": true,
      "element_type": 37
    },
    "model": "element_type.elementdatumobject",
    "pk": 75
  },
  {
    "fields": {
      "sort": 101005110,
      "datum_object": 21,
      "active": true,
      "element_type": 1
    },
    "model": "element_type.elementdatumobject",
    "pk": 76
  },
  {
    "fields": {
      "sort": 101005120,
      "datum_object": 21,
      "active": true,
      "element_type": 2
    },
    "model": "element_type.elementdatumobject",
    "pk": 77
  },
  {
    "fields": {
      "sort": 101006110,
      "datum_object": 22,
      "active": true,
      "element_type": 1
    },
    "model": "element_type.elementdatumobject",
    "pk": 78
  },
  {
    "fields": {
      "sort": 101006120,
      "datum_object": 22,
      "active": true,
      "element_type": 2
    },
    "model": "element_type.elementdatumobject",
    "pk": 79
  },
  {
    "fields": {
      "sort": 401302110,
      "datum_object": 23,
      "active": true,
      "element_type": 1
    },
    "model": "element_type.elementdatumobject",
    "pk": 80
  },
  {
    "fields": {
      "sort": 401302120,
      "datum_object": 23,
      "active": true,
      "element_type": 2
    },
    "model": "element_type.elementdatumobject",
    "pk": 81
  },
  {
    "fields": {
      "sort": 401302430,
      "datum_object": 23,
      "active": true,
      "element_type": 33
    },
    "model": "element_type.elementdatumobject",
    "pk": 82
  },
  {
    "fields": {
      "sort": 401302470,
      "datum_object": 23,
      "active": true,
      "element_type": 37
    },
    "model": "element_type.elementdatumobject",
    "pk": 83
  },
  {
    "fields": {
      "sort": 401101110,
      "datum_object": 25,
      "active": true,
      "element_type": 1
    },
    "model": "element_type.elementdatumobject",
    "pk": 91
  },
  {
    "fields": {
      "sort": 401101120,
      "datum_object": 25,
      "active": true,
      "element_type": 2
    },
    "model": "element_type.elementdatumobject",
    "pk": 92
  },
  {
    "fields": {
      "sort": 401101430,
      "datum_object": 25,
      "active": true,
      "element_type": 33
    },
    "model": "element_type.elementdatumobject",
    "pk": 93
  },
  {
    "fields": {
      "sort": 401101470,
      "datum_object": 25,
      "active": true,
      "element_type": 37
    },
    "model": "element_type.elementdatumobject",
    "pk": 94
  },
  {
    "fields": {
      "sort": 401101480,
      "datum_object": 25,
      "active": true,
      "element_type": 38
    },
    "model": "element_type.elementdatumobject",
    "pk": 95
  },
  {
    "fields": {
      "sort": 401101490,
      "datum_object": 25,
      "active": true,
      "element_type": 39
    },
    "model": "element_type.elementdatumobject",
    "pk": 96
  },
  {
    "fields": {
      "sort": 401101500,
      "datum_object": 25,
      "active": true,
      "element_type": 40
    },
    "model": "element_type.elementdatumobject",
    "pk": 97
  },
  {
    "fields": {
      "sort": 101001110,
      "elvalue": "Software",
      "element_option": null,
      "active": true,
      "element_datum_object": 1
    },
    "model": "element_value.elementvaluestring",
    "pk": 1
  },
  {
    "fields": {
      "sort": 101001120,
      "elvalue": "",
      "element_option": null,
      "active": true,
      "element_datum_object": 2
    },
    "model": "element_value.elementvaluestring",
    "pk": 2
  },
  {
    "fields": {
      "sort": 101101110,
      "elvalue": "Tracuse App",
      "element_option": null,
      "active": true,
      "element_datum_object": 3
    },
    "model": "element_value.elementvaluestring",
    "pk": 3
  },
  {
    "fields": {
      "sort": 101101120,
      "elvalue": "",
      "element_option": null,
      "active": true,
      "element_datum_object": 4
    },
    "model": "element_value.elementvaluestring",
    "pk": 4
  },
  {
    "fields": {
      "sort": 101002110,
      "elvalue": "Python",
      "element_option": null,
      "active": true,
      "element_datum_object": 5
    },
    "model": "element_value.elementvaluestring",
    "pk": 5
  },
  {
    "fields": {
      "sort": 101002120,
      "elvalue": "Best language ever",
      "element_option": null,
      "active": true,
      "element_datum_object": 6
    },
    "model": "element_value.elementvaluestring",
    "pk": 6
  },
  {
    "fields": {
      "sort": 101401110,
      "elvalue": "PDX Code Guild",
      "element_option": null,
      "active": true,
      "element_datum_object": 18
    },
    "model": "element_value.elementvaluestring",
    "pk": 16
  },
  {
    "fields": {
      "sort": 101401120,
      "elvalue": "",
      "element_option": null,
      "active": true,
      "element_datum_object": 19
    },
    "model": "element_value.elementvaluestring",
    "pk": 17
  },
  {
    "fields": {
      "sort": 101401170,
      "elvalue": "Education",
      "element_option": null,
      "active": true,
      "element_datum_object": 20
    },
    "model": "element_value.elementvaluestring",
    "pk": 18
  },
  {
    "fields": {
      "sort": 101501110,
      "elvalue": "PDX Code Guild Main Location",
      "element_option": null,
      "active": true,
      "element_datum_object": 21
    },
    "model": "element_value.elementvaluestring",
    "pk": 19
  },
  {
    "fields": {
      "sort": 101501120,
      "elvalue": "",
      "element_option": null,
      "active": true,
      "element_datum_object": 22
    },
    "model": "element_value.elementvaluestring",
    "pk": 20
  },
  {
    "fields": {
      "sort": 101501180,
      "elvalue": "2626 SW Corbett Ave",
      "element_option": null,
      "active": true,
      "element_datum_object": 23
    },
    "model": "element_value.elementvaluestring",
    "pk": 21
  },
  {
    "fields": {
      "sort": 101501190,
      "elvalue": "Portland",
      "element_option": null,
      "active": true,
      "element_datum_object": 24
    },
    "model": "element_value.elementvaluestring",
    "pk": 22
  },
  {
    "fields": {
      "sort": 101501200,
      "elvalue": "OR",
      "element_option": null,
      "active": true,
      "element_datum_object": 25
    },
    "model": "element_value.elementvaluestring",
    "pk": 23
  },
  {
    "fields": {
      "sort": 101501210,
      "elvalue": "97201",
      "element_option": null,
      "active": true,
      "element_datum_object": 26
    },
    "model": "element_value.elementvaluestring",
    "pk": 24
  },
  {
    "fields": {
      "sort": 101501220,
      "elvalue": "",
      "element_option": null,
      "active": true,
      "element_datum_object": 27
    },
    "model": "element_value.elementvaluestring",
    "pk": 25
  },
  {
    "fields": {
      "sort": 101003110,
      "elvalue": "Family",
      "element_option": null,
      "active": true,
      "element_datum_object": 30
    },
    "model": "element_value.elementvaluestring",
    "pk": 26
  },
  {
    "fields": {
      "sort": 101003120,
      "elvalue": "Blood",
      "element_option": null,
      "active": true,
      "element_datum_object": 31
    },
    "model": "element_value.elementvaluestring",
    "pk": 27
  },
  {
    "fields": {
      "sort": 101301110,
      "elvalue": "Madeline Baron",
      "element_option": null,
      "active": true,
      "element_datum_object": 32
    },
    "model": "element_value.elementvaluestring",
    "pk": 28
  },
  {
    "fields": {
      "sort": 101301120,
      "elvalue": "",
      "element_option": null,
      "active": true,
      "element_datum_object": 33
    },
    "model": "element_value.elementvaluestring",
    "pk": 29
  },
  {
    "fields": {
      "sort": 101301130,
      "elvalue": "Madeline",
      "element_option": null,
      "active": true,
      "element_datum_object": 34
    },
    "model": "element_value.elementvaluestring",
    "pk": 30
  },
  {
    "fields": {
      "sort": 101301140,
      "elvalue": "Baron",
      "element_option": null,
      "active": true,
      "element_datum_object": 35
    },
    "model": "element_value.elementvaluestring",
    "pk": 31
  },
  {
    "fields": {
      "sort": 101301150,
      "elvalue": "",
      "element_option": null,
      "active": true,
      "element_datum_object": 36
    },
    "model": "element_value.elementvaluestring",
    "pk": 32
  },
  {
    "fields": {
      "sort": 101004110,
      "elvalue": "Home",
      "element_option": null,
      "active": true,
      "element_datum_object": 38
    },
    "model": "element_value.elementvaluestring",
    "pk": 33
  },
  {
    "fields": {
      "sort": 101004120,
      "elvalue": "My castle",
      "element_option": null,
      "active": true,
      "element_datum_object": 39
    },
    "model": "element_value.elementvaluestring",
    "pk": 34
  },
  {
    "fields": {
      "sort": 101601110,
      "elvalue": "PDX Code Guild Main Contact",
      "element_option": null,
      "active": true,
      "element_datum_object": 40
    },
    "model": "element_value.elementvaluestring",
    "pk": 35
  },
  {
    "fields": {
      "sort": 101601120,
      "elvalue": "",
      "element_option": null,
      "active": true,
      "element_datum_object": 41
    },
    "model": "element_value.elementvaluestring",
    "pk": 36
  },
  {
    "fields": {
      "sort": 101601250,
      "elvalue": "",
      "element_option": null,
      "active": true,
      "element_datum_object": 42
    },
    "model": "element_value.elementvaluestring",
    "pk": 37
  },
  {
    "fields": {
      "sort": 101601260,
      "elvalue": "Sheri@PDXCodeGuild.com ",
      "element_option": null,
      "active": true,
      "element_datum_object": 43
    },
    "model": "element_value.elementvaluestring",
    "pk": 38
  },
  {
    "fields": {
      "sort": 101601270,
      "elvalue": "https://pdxcodeguild.com/",
      "element_option": null,
      "active": true,
      "element_datum_object": 44
    },
    "model": "element_value.elementvaluestring",
    "pk": 39
  },
  {
    "fields": {
      "sort": 101601280,
      "elvalue": "https://www.facebook.com/PDXCodeGuild",
      "element_option": null,
      "active": true,
      "element_datum_object": 45
    },
    "model": "element_value.elementvaluestring",
    "pk": 40
  },
  {
    "fields": {
      "sort": 101601290,
      "elvalue": "https://www.linkedin.com/company/pdx-code-guild/",
      "element_option": null,
      "active": true,
      "element_datum_object": 46
    },
    "model": "element_value.elementvaluestring",
    "pk": 41
  },
  {
    "fields": {
      "sort": 101601300,
      "elvalue": "https://twitter.com/pdxcodeguild",
      "element_option": null,
      "active": true,
      "element_datum_object": 47
    },
    "model": "element_value.elementvaluestring",
    "pk": 42
  },
  {
    "fields": {
      "sort": 201001120,
      "elvalue": "Look for new apartment",
      "element_option": null,
      "active": true,
      "element_datum_object": 48
    },
    "model": "element_value.elementvaluestring",
    "pk": 43
  },
  {
    "fields": {
      "sort": 201001310,
      "elvalue": "Upcoming",
      "element_option": null,
      "active": true,
      "element_datum_object": 49
    },
    "model": "element_value.elementvaluestring",
    "pk": 44
  },
  {
    "fields": {
      "sort": 201002120,
      "elvalue": "Review craigslist ads",
      "element_option": null,
      "active": true,
      "element_datum_object": 51
    },
    "model": "element_value.elementvaluestring",
    "pk": 45
  },
  {
    "fields": {
      "sort": 201002310,
      "elvalue": "Current",
      "element_option": null,
      "active": true,
      "element_datum_object": 52
    },
    "model": "element_value.elementvaluestring",
    "pk": 46
  },
  {
    "fields": {
      "sort": 201003120,
      "elvalue": "Contact landlords",
      "element_option": null,
      "active": true,
      "element_datum_object": 61
    },
    "model": "element_value.elementvaluestring",
    "pk": 47
  },
  {
    "fields": {
      "sort": 201003310,
      "elvalue": "Upcoming",
      "element_option": null,
      "active": true,
      "element_datum_object": 62
    },
    "model": "element_value.elementvaluestring",
    "pk": 48
  },
  {
    "fields": {
      "sort": 101201110,
      "elvalue": "Call",
      "element_option": null,
      "active": true,
      "element_datum_object": 64
    },
    "model": "element_value.elementvaluestring",
    "pk": 49
  },
  {
    "fields": {
      "sort": 101201120,
      "elvalue": "Speaking over the phone",
      "element_option": null,
      "active": true,
      "element_datum_object": 65
    },
    "model": "element_value.elementvaluestring",
    "pk": 50
  },
  {
    "fields": {
      "sort": 101202110,
      "elvalue": "Online",
      "element_option": null,
      "active": true,
      "element_datum_object": 66
    },
    "model": "element_value.elementvaluestring",
    "pk": 51
  },
  {
    "fields": {
      "sort": 101202120,
      "elvalue": "Something over the internet",
      "element_option": null,
      "active": true,
      "element_datum_object": 67
    },
    "model": "element_value.elementvaluestring",
    "pk": 52
  },
  {
    "fields": {
      "sort": 101203110,
      "elvalue": "Email",
      "element_option": null,
      "active": true,
      "element_datum_object": 68
    },
    "model": "element_value.elementvaluestring",
    "pk": 53
  },
  {
    "fields": {
      "sort": 101203120,
      "elvalue": "Sending message",
      "element_option": null,
      "active": true,
      "element_datum_object": 69
    },
    "model": "element_value.elementvaluestring",
    "pk": 54
  },
  {
    "fields": {
      "sort": 301001110,
      "elvalue": "Actual Schedule",
      "element_option": null,
      "active": true,
      "element_datum_object": 70
    },
    "model": "element_value.elementvaluestring",
    "pk": 55
  },
  {
    "fields": {
      "sort": 301001330,
      "elvalue": "Actual",
      "element_option": null,
      "active": true,
      "element_datum_object": 71
    },
    "model": "element_value.elementvaluestring",
    "pk": 56
  },
  {
    "fields": {
      "sort": 401301110,
      "elvalue": "Django Docs",
      "element_option": null,
      "active": true,
      "element_datum_object": 72
    },
    "model": "element_value.elementvaluestring",
    "pk": 57
  },
  {
    "fields": {
      "sort": 401301120,
      "elvalue": "",
      "element_option": null,
      "active": true,
      "element_datum_object": 73
    },
    "model": "element_value.elementvaluestring",
    "pk": 58
  },
  {
    "fields": {
      "sort": 401301430,
      "elvalue": "Complete",
      "element_option": null,
      "active": true,
      "element_datum_object": 74
    },
    "model": "element_value.elementvaluestring",
    "pk": 59
  },
  {
    "fields": {
      "sort": 401301470,
      "elvalue": "https://docs.djangoproject.com/en/1.8/",
      "element_option": null,
      "active": true,
      "element_datum_object": 75
    },
    "model": "element_value.elementvaluestring",
    "pk": 60
  },
  {
    "fields": {
      "sort": 101005110,
      "elvalue": "Django",
      "element_option": null,
      "active": true,
      "element_datum_object": 76
    },
    "model": "element_value.elementvaluestring",
    "pk": 61
  },
  {
    "fields": {
      "sort": 101005120,
      "elvalue": "Web framework",
      "element_option": null,
      "active": true,
      "element_datum_object": 77
    },
    "model": "element_value.elementvaluestring",
    "pk": 62
  },
  {
    "fields": {
      "sort": 101006110,
      "elvalue": "Deployment",
      "element_option": null,
      "active": true,
      "element_datum_object": 78
    },
    "model": "element_value.elementvaluestring",
    "pk": 63
  },
  {
    "fields": {
      "sort": 101006120,
      "elvalue": "From development to production",
      "element_option": null,
      "active": true,
      "element_datum_object": 79
    },
    "model": "element_value.elementvaluestring",
    "pk": 64
  },
  {
    "fields": {
      "sort": 401302110,
      "elvalue": "Deploying Django on AWS",
      "element_option": null,
      "active": true,
      "element_datum_object": 80
    },
    "model": "element_value.elementvaluestring",
    "pk": 65
  },
  {
    "fields": {
      "sort": 401302120,
      "elvalue": "",
      "element_option": null,
      "active": true,
      "element_datum_object": 81
    },
    "model": "element_value.elementvaluestring",
    "pk": 66
  },
  {
    "fields": {
      "sort": 401302430,
      "elvalue": "Complete",
      "element_option": null,
      "active": true,
      "element_datum_object": 82
    },
    "model": "element_value.elementvaluestring",
    "pk": 67
  },
  {
    "fields": {
      "sort": 401302470,
      "elvalue": "http://nickpolet.com/blog/1/",
      "element_option": null,
      "active": true,
      "element_datum_object": 83
    },
    "model": "element_value.elementvaluestring",
    "pk": 68
  },
  {
    "fields": {
      "sort": 401101110,
      "elvalue": "Apartments Spreadsheet",
      "element_option": null,
      "active": true,
      "element_datum_object": 91
    },
    "model": "element_value.elementvaluestring",
    "pk": 73
  },
  {
    "fields": {
      "sort": 401101120,
      "elvalue": "Track potential apartments",
      "element_option": null,
      "active": true,
      "element_datum_object": 92
    },
    "model": "element_value.elementvaluestring",
    "pk": 74
  },
  {
    "fields": {
      "sort": 401101430,
      "elvalue": "Working",
      "element_option": null,
      "active": true,
      "element_datum_object": 93
    },
    "model": "element_value.elementvaluestring",
    "pk": 75
  },
  {
    "fields": {
      "sort": 401101470,
      "elvalue": "",
      "element_option": null,
      "active": true,
      "element_datum_object": 94
    },
    "model": "element_value.elementvaluestring",
    "pk": 76
  },
  {
    "fields": {
      "sort": 401101480,
      "elvalue": "",
      "element_option": null,
      "active": true,
      "element_datum_object": 95
    },
    "model": "element_value.elementvaluestring",
    "pk": 77
  },
  {
    "fields": {
      "sort": 301101400,
      "elvalue": "Placeholder",
      "element_option": null,
      "active": true,
      "element_datum_object": 60
    },
    "model": "element_value.elementvaluetextdata",
    "pk": 1
  },
  {
    "fields": {
      "sort": 101301160,
      "elvalue": "1987-06-07T07:00:00Z",
      "element_option": null,
      "active": true,
      "element_datum_object": 37
    },
    "model": "element_value.elementvaluedatetime",
    "pk": 1
  },
  {
    "fields": {
      "sort": 301101340,
      "elvalue": "2015-05-24T17:00:00Z",
      "element_option": null,
      "active": true,
      "element_datum_object": 54
    },
    "model": "element_value.elementvaluedatetime",
    "pk": 2
  },
  {
    "fields": {
      "sort": 301101350,
      "elvalue": "2015-05-24T17:00:00Z",
      "element_option": null,
      "active": true,
      "element_datum_object": 55
    },
    "model": "element_value.elementvaluedatetime",
    "pk": 3
  },
  {
    "fields": {
      "sort": 301101360,
      "elvalue": "2015-05-24T18:00:00Z",
      "element_option": null,
      "active": true,
      "element_datum_object": 56
    },
    "model": "element_value.elementvaluedatetime",
    "pk": 4
  },
  {
    "fields": {
      "sort": 301101370,
      "elvalue": "2015-05-24T18:00:00Z",
      "element_option": null,
      "active": true,
      "element_datum_object": 57
    },
    "model": "element_value.elementvaluedatetime",
    "pk": 5
  },
  {
    "fields": {
      "sort": 401101490,
      "elvalue": "2015-05-21T19:00:00Z",
      "element_option": null,
      "active": true,
      "element_datum_object": 96
    },
    "model": "element_value.elementvaluedatetime",
    "pk": 8
  },
  {
    "fields": {
      "sort": 401101500,
      "elvalue": "2015-05-21T19:00:00Z",
      "element_option": null,
      "active": true,
      "element_datum_object": 97
    },
    "model": "element_value.elementvaluedatetime",
    "pk": 9
  },
  {
    "fields": {
      "sort": 101501230,
      "elvalue": "0.00",
      "element_option": null,
      "active": true,
      "element_datum_object": 28
    },
    "model": "element_value.elementvaluedecimal",
    "pk": 3
  },
  {
    "fields": {
      "sort": 101501240,
      "elvalue": "0.00",
      "element_option": null,
      "active": true,
      "element_datum_object": 29
    },
    "model": "element_value.elementvaluedecimal",
    "pk": 4
  },
  {
    "fields": {
      "sort": 201001320,
      "elvalue": "4.00",
      "element_option": null,
      "active": true,
      "element_datum_object": 50
    },
    "model": "element_value.elementvaluedecimal",
    "pk": 5
  },
  {
    "fields": {
      "sort": 201002320,
      "elvalue": "3.00",
      "element_option": null,
      "active": true,
      "element_datum_object": 53
    },
    "model": "element_value.elementvaluedecimal",
    "pk": 6
  },
  {
    "fields": {
      "sort": 301101380,
      "elvalue": "0.00",
      "element_option": null,
      "active": true,
      "element_datum_object": 58
    },
    "model": "element_value.elementvaluedecimal",
    "pk": 7
  },
  {
    "fields": {
      "sort": 301101390,
      "elvalue": "0.00",
      "element_option": null,
      "active": true,
      "element_datum_object": 59
    },
    "model": "element_value.elementvaluedecimal",
    "pk": 8
  },
  {
    "fields": {
      "sort": 201003320,
      "elvalue": "3.00",
      "element_option": null,
      "active": true,
      "element_datum_object": 63
    },
    "model": "element_value.elementvaluedecimal",
    "pk": 9
  },
  {
    "fields": {
      "sort": 100,
      "association_type": 1,
      "child_datum": 2,
      "active": true,
      "parent_datum": 1
    },
    "model": "association.associationadjacent",
    "pk": 1
  },
  {
    "fields": {
      "sort": 101,
      "association_type": 1,
      "child_datum": 3,
      "active": true,
      "parent_datum": 1
    },
    "model": "association.associationadjacent",
    "pk": 2
  },
  {
    "fields": {
      "sort": 102,
      "association_type": 1,
      "child_datum": 3,
      "active": true,
      "parent_datum": 2
    },
    "model": "association.associationadjacent",
    "pk": 5
  },
  {
    "fields": {
      "sort": 103,
      "association_type": 1,
      "child_datum": 6,
      "active": true,
      "parent_datum": 3
    },
    "model": "association.associationadjacent",
    "pk": 9
  },
  {
    "fields": {
      "sort": 104,
      "association_type": 1,
      "child_datum": 7,
      "active": true,
      "parent_datum": 6
    },
    "model": "association.associationadjacent",
    "pk": 10
  },
  {
    "fields": {
      "sort": 105,
      "association_type": 1,
      "child_datum": 9,
      "active": true,
      "parent_datum": 8
    },
    "model": "association.associationadjacent",
    "pk": 11
  },
  {
    "fields": {
      "sort": 106,
      "association_type": 1,
      "child_datum": 11,
      "active": true,
      "parent_datum": 6
    },
    "model": "association.associationadjacent",
    "pk": 12
  },
  {
    "fields": {
      "sort": 107,
      "association_type": 1,
      "child_datum": 12,
      "active": true,
      "parent_datum": 10
    },
    "model": "association.associationadjacent",
    "pk": 13
  },
  {
    "fields": {
      "sort": 108,
      "association_type": 1,
      "child_datum": 13,
      "active": true,
      "parent_datum": 12
    },
    "model": "association.associationadjacent",
    "pk": 14
  },
  {
    "fields": {
      "sort": 109,
      "association_type": 1,
      "child_datum": 14,
      "active": true,
      "parent_datum": 13
    },
    "model": "association.associationadjacent",
    "pk": 15
  },
  {
    "fields": {
      "sort": 110,
      "association_type": 1,
      "child_datum": 12,
      "active": true,
      "parent_datum": 15
    },
    "model": "association.associationadjacent",
    "pk": 16
  },
  {
    "fields": {
      "sort": 111,
      "association_type": 1,
      "child_datum": 15,
      "active": true,
      "parent_datum": 18
    },
    "model": "association.associationadjacent",
    "pk": 17
  },
  {
    "fields": {
      "sort": 112,
      "association_type": 1,
      "child_datum": 13,
      "active": true,
      "parent_datum": 17
    },
    "model": "association.associationadjacent",
    "pk": 18
  },
  {
    "fields": {
      "sort": 113,
      "association_type": 1,
      "child_datum": 14,
      "active": true,
      "parent_datum": 19
    },
    "model": "association.associationadjacent",
    "pk": 19
  },
  {
    "fields": {
      "sort": 114,
      "association_type": 1,
      "child_datum": 21,
      "active": true,
      "parent_datum": 3
    },
    "model": "association.associationadjacent",
    "pk": 20
  },
  {
    "fields": {
      "sort": 115,
      "association_type": 1,
      "child_datum": 20,
      "active": true,
      "parent_datum": 21
    },
    "model": "association.associationadjacent",
    "pk": 21
  },
  {
    "fields": {
      "sort": 116,
      "association_type": 1,
      "child_datum": 22,
      "active": true,
      "parent_datum": 1
    },
    "model": "association.associationadjacent",
    "pk": 22
  },
  {
    "fields": {
      "sort": 117,
      "association_type": 1,
      "child_datum": 23,
      "active": true,
      "parent_datum": 22
    },
    "model": "association.associationadjacent",
    "pk": 28
  },
  {
    "fields": {
      "sort": 118,
      "association_type": 1,
      "child_datum": 23,
      "active": true,
      "parent_datum": 21
    },
    "model": "association.associationadjacent",
    "pk": 29
  },
  {
    "fields": {
      "sort": 119,
      "association_type": 1,
      "child_datum": 25,
      "active": true,
      "parent_datum": 12
    },
    "model": "association.associationadjacent",
    "pk": 30
  },
  {
    "fields": {
      "distance": 0,
      "sort": 100,
      "child_datum": 1,
      "active": true,
      "parent_datum": 1
    },
    "model": "association.associationall",
    "pk": 1
  },
  {
    "fields": {
      "distance": 0,
      "sort": 101,
      "child_datum": 2,
      "active": true,
      "parent_datum": 2
    },
    "model": "association.associationall",
    "pk": 2
  },
  {
    "fields": {
      "distance": 1,
      "sort": 102,
      "child_datum": 2,
      "active": true,
      "parent_datum": 1
    },
    "model": "association.associationall",
    "pk": 3
  },
  {
    "fields": {
      "distance": 0,
      "sort": 103,
      "child_datum": 3,
      "active": true,
      "parent_datum": 3
    },
    "model": "association.associationall",
    "pk": 4
  },
  {
    "fields": {
      "distance": 1,
      "sort": 104,
      "child_datum": 3,
      "active": true,
      "parent_datum": 1
    },
    "model": "association.associationall",
    "pk": 5
  },
  {
    "fields": {
      "distance": 1,
      "sort": 105,
      "child_datum": 3,
      "active": true,
      "parent_datum": 2
    },
    "model": "association.associationall",
    "pk": 10
  },
  {
    "fields": {
      "distance": 0,
      "sort": 106,
      "child_datum": 6,
      "active": true,
      "parent_datum": 6
    },
    "model": "association.associationall",
    "pk": 14
  },
  {
    "fields": {
      "distance": 1,
      "sort": 107,
      "child_datum": 6,
      "active": true,
      "parent_datum": 3
    },
    "model": "association.associationall",
    "pk": 15
  },
  {
    "fields": {
      "distance": 2,
      "sort": 108,
      "child_datum": 6,
      "active": true,
      "parent_datum": 1
    },
    "model": "association.associationall",
    "pk": 16
  },
  {
    "fields": {
      "distance": 2,
      "sort": 109,
      "child_datum": 6,
      "active": true,
      "parent_datum": 2
    },
    "model": "association.associationall",
    "pk": 17
  },
  {
    "fields": {
      "distance": 0,
      "sort": 110,
      "child_datum": 7,
      "active": true,
      "parent_datum": 7
    },
    "model": "association.associationall",
    "pk": 18
  },
  {
    "fields": {
      "distance": 1,
      "sort": 111,
      "child_datum": 7,
      "active": true,
      "parent_datum": 6
    },
    "model": "association.associationall",
    "pk": 19
  },
  {
    "fields": {
      "distance": 2,
      "sort": 112,
      "child_datum": 7,
      "active": true,
      "parent_datum": 3
    },
    "model": "association.associationall",
    "pk": 20
  },
  {
    "fields": {
      "distance": 3,
      "sort": 113,
      "child_datum": 7,
      "active": true,
      "parent_datum": 1
    },
    "model": "association.associationall",
    "pk": 21
  },
  {
    "fields": {
      "distance": 3,
      "sort": 114,
      "child_datum": 7,
      "active": true,
      "parent_datum": 2
    },
    "model": "association.associationall",
    "pk": 22
  },
  {
    "fields": {
      "distance": 0,
      "sort": 115,
      "child_datum": 8,
      "active": true,
      "parent_datum": 8
    },
    "model": "association.associationall",
    "pk": 23
  },
  {
    "fields": {
      "distance": 0,
      "sort": 116,
      "child_datum": 9,
      "active": true,
      "parent_datum": 9
    },
    "model": "association.associationall",
    "pk": 24
  },
  {
    "fields": {
      "distance": 1,
      "sort": 117,
      "child_datum": 9,
      "active": true,
      "parent_datum": 8
    },
    "model": "association.associationall",
    "pk": 25
  },
  {
    "fields": {
      "distance": 0,
      "sort": 118,
      "child_datum": 10,
      "active": true,
      "parent_datum": 10
    },
    "model": "association.associationall",
    "pk": 26
  },
  {
    "fields": {
      "distance": 0,
      "sort": 119,
      "child_datum": 11,
      "active": true,
      "parent_datum": 11
    },
    "model": "association.associationall",
    "pk": 27
  },
  {
    "fields": {
      "distance": 1,
      "sort": 120,
      "child_datum": 11,
      "active": true,
      "parent_datum": 6
    },
    "model": "association.associationall",
    "pk": 28
  },
  {
    "fields": {
      "distance": 2,
      "sort": 121,
      "child_datum": 11,
      "active": true,
      "parent_datum": 3
    },
    "model": "association.associationall",
    "pk": 29
  },
  {
    "fields": {
      "distance": 3,
      "sort": 122,
      "child_datum": 11,
      "active": true,
      "parent_datum": 1
    },
    "model": "association.associationall",
    "pk": 30
  },
  {
    "fields": {
      "distance": 3,
      "sort": 123,
      "child_datum": 11,
      "active": true,
      "parent_datum": 2
    },
    "model": "association.associationall",
    "pk": 31
  },
  {
    "fields": {
      "distance": 0,
      "sort": 124,
      "child_datum": 12,
      "active": true,
      "parent_datum": 12
    },
    "model": "association.associationall",
    "pk": 32
  },
  {
    "fields": {
      "distance": 1,
      "sort": 125,
      "child_datum": 12,
      "active": true,
      "parent_datum": 10
    },
    "model": "association.associationall",
    "pk": 33
  },
  {
    "fields": {
      "distance": 0,
      "sort": 126,
      "child_datum": 13,
      "active": true,
      "parent_datum": 13
    },
    "model": "association.associationall",
    "pk": 34
  },
  {
    "fields": {
      "distance": 1,
      "sort": 127,
      "child_datum": 13,
      "active": true,
      "parent_datum": 12
    },
    "model": "association.associationall",
    "pk": 35
  },
  {
    "fields": {
      "distance": 2,
      "sort": 128,
      "child_datum": 13,
      "active": true,
      "parent_datum": 10
    },
    "model": "association.associationall",
    "pk": 36
  },
  {
    "fields": {
      "distance": 0,
      "sort": 129,
      "child_datum": 14,
      "active": true,
      "parent_datum": 14
    },
    "model": "association.associationall",
    "pk": 37
  },
  {
    "fields": {
      "distance": 1,
      "sort": 130,
      "child_datum": 14,
      "active": true,
      "parent_datum": 13
    },
    "model": "association.associationall",
    "pk": 38
  },
  {
    "fields": {
      "distance": 2,
      "sort": 131,
      "child_datum": 14,
      "active": true,
      "parent_datum": 12
    },
    "model": "association.associationall",
    "pk": 39
  },
  {
    "fields": {
      "distance": 3,
      "sort": 132,
      "child_datum": 14,
      "active": true,
      "parent_datum": 10
    },
    "model": "association.associationall",
    "pk": 40
  },
  {
    "fields": {
      "distance": 0,
      "sort": 133,
      "child_datum": 15,
      "active": true,
      "parent_datum": 15
    },
    "model": "association.associationall",
    "pk": 41
  },
  {
    "fields": {
      "distance": 1,
      "sort": 134,
      "child_datum": 12,
      "active": true,
      "parent_datum": 15
    },
    "model": "association.associationall",
    "pk": 42
  },
  {
    "fields": {
      "distance": 2,
      "sort": 135,
      "child_datum": 13,
      "active": true,
      "parent_datum": 15
    },
    "model": "association.associationall",
    "pk": 43
  },
  {
    "fields": {
      "distance": 3,
      "sort": 136,
      "child_datum": 14,
      "active": true,
      "parent_datum": 15
    },
    "model": "association.associationall",
    "pk": 44
  },
  {
    "fields": {
      "distance": 0,
      "sort": 137,
      "child_datum": 16,
      "active": true,
      "parent_datum": 16
    },
    "model": "association.associationall",
    "pk": 45
  },
  {
    "fields": {
      "distance": 0,
      "sort": 138,
      "child_datum": 17,
      "active": true,
      "parent_datum": 17
    },
    "model": "association.associationall",
    "pk": 46
  },
  {
    "fields": {
      "distance": 0,
      "sort": 139,
      "child_datum": 18,
      "active": true,
      "parent_datum": 18
    },
    "model": "association.associationall",
    "pk": 47
  },
  {
    "fields": {
      "distance": 1,
      "sort": 140,
      "child_datum": 15,
      "active": true,
      "parent_datum": 18
    },
    "model": "association.associationall",
    "pk": 48
  },
  {
    "fields": {
      "distance": 2,
      "sort": 141,
      "child_datum": 12,
      "active": true,
      "parent_datum": 18
    },
    "model": "association.associationall",
    "pk": 49
  },
  {
    "fields": {
      "distance": 3,
      "sort": 142,
      "child_datum": 13,
      "active": true,
      "parent_datum": 18
    },
    "model": "association.associationall",
    "pk": 50
  },
  {
    "fields": {
      "distance": 4,
      "sort": 143,
      "child_datum": 14,
      "active": true,
      "parent_datum": 18
    },
    "model": "association.associationall",
    "pk": 51
  },
  {
    "fields": {
      "distance": 1,
      "sort": 144,
      "child_datum": 13,
      "active": true,
      "parent_datum": 17
    },
    "model": "association.associationall",
    "pk": 52
  },
  {
    "fields": {
      "distance": 2,
      "sort": 145,
      "child_datum": 14,
      "active": true,
      "parent_datum": 17
    },
    "model": "association.associationall",
    "pk": 53
  },
  {
    "fields": {
      "distance": 0,
      "sort": 146,
      "child_datum": 19,
      "active": true,
      "parent_datum": 19
    },
    "model": "association.associationall",
    "pk": 54
  },
  {
    "fields": {
      "distance": 1,
      "sort": 147,
      "child_datum": 14,
      "active": true,
      "parent_datum": 19
    },
    "model": "association.associationall",
    "pk": 55
  },
  {
    "fields": {
      "distance": 0,
      "sort": 148,
      "child_datum": 20,
      "active": true,
      "parent_datum": 20
    },
    "model": "association.associationall",
    "pk": 56
  },
  {
    "fields": {
      "distance": 0,
      "sort": 149,
      "child_datum": 21,
      "active": true,
      "parent_datum": 21
    },
    "model": "association.associationall",
    "pk": 57
  },
  {
    "fields": {
      "distance": 1,
      "sort": 150,
      "child_datum": 21,
      "active": true,
      "parent_datum": 3
    },
    "model": "association.associationall",
    "pk": 58
  },
  {
    "fields": {
      "distance": 2,
      "sort": 151,
      "child_datum": 21,
      "active": true,
      "parent_datum": 1
    },
    "model": "association.associationall",
    "pk": 59
  },
  {
    "fields": {
      "distance": 2,
      "sort": 152,
      "child_datum": 21,
      "active": true,
      "parent_datum": 2
    },
    "model": "association.associationall",
    "pk": 60
  },
  {
    "fields": {
      "distance": 1,
      "sort": 153,
      "child_datum": 20,
      "active": true,
      "parent_datum": 21
    },
    "model": "association.associationall",
    "pk": 61
  },
  {
    "fields": {
      "distance": 2,
      "sort": 154,
      "child_datum": 20,
      "active": true,
      "parent_datum": 3
    },
    "model": "association.associationall",
    "pk": 62
  },
  {
    "fields": {
      "distance": 3,
      "sort": 155,
      "child_datum": 20,
      "active": true,
      "parent_datum": 1
    },
    "model": "association.associationall",
    "pk": 63
  },
  {
    "fields": {
      "distance": 3,
      "sort": 156,
      "child_datum": 20,
      "active": true,
      "parent_datum": 2
    },
    "model": "association.associationall",
    "pk": 64
  },
  {
    "fields": {
      "distance": 0,
      "sort": 157,
      "child_datum": 22,
      "active": true,
      "parent_datum": 22
    },
    "model": "association.associationall",
    "pk": 65
  },
  {
    "fields": {
      "distance": 1,
      "sort": 158,
      "child_datum": 22,
      "active": true,
      "parent_datum": 1
    },
    "model": "association.associationall",
    "pk": 66
  },
  {
    "fields": {
      "distance": 0,
      "sort": 159,
      "child_datum": 23,
      "active": true,
      "parent_datum": 23
    },
    "model": "association.associationall",
    "pk": 79
  },
  {
    "fields": {
      "distance": 1,
      "sort": 160,
      "child_datum": 23,
      "active": true,
      "parent_datum": 22
    },
    "model": "association.associationall",
    "pk": 80
  },
  {
    "fields": {
      "distance": 2,
      "sort": 161,
      "child_datum": 23,
      "active": true,
      "parent_datum": 1
    },
    "model": "association.associationall",
    "pk": 81
  },
  {
    "fields": {
      "distance": 1,
      "sort": 162,
      "child_datum": 23,
      "active": true,
      "parent_datum": 21
    },
    "model": "association.associationall",
    "pk": 82
  },
  {
    "fields": {
      "distance": 2,
      "sort": 163,
      "child_datum": 23,
      "active": true,
      "parent_datum": 3
    },
    "model": "association.associationall",
    "pk": 83
  },
  {
    "fields": {
      "distance": 0,
      "sort": 164,
      "child_datum": 25,
      "active": true,
      "parent_datum": 25
    },
    "model": "association.associationall",
    "pk": 86
  },
  {
    "fields": {
      "distance": 1,
      "sort": 165,
      "child_datum": 25,
      "active": true,
      "parent_datum": 12
    },
    "model": "association.associationall",
    "pk": 87
  },
  {
    "fields": {
      "distance": 2,
      "sort": 166,
      "child_datum": 25,
      "active": true,
      "parent_datum": 10
    },
    "model": "association.associationall",
    "pk": 88
  },
  {
    "fields": {
      "distance": 2,
      "sort": 167,
      "child_datum": 25,
      "active": true,
      "parent_datum": 15
    },
    "model": "association.associationall",
    "pk": 89
  },
  {
    "fields": {
      "distance": 3,
      "sort": 168,
      "child_datum": 25,
      "active": true,
      "parent_datum": 18
    },
    "model": "association.associationall",
    "pk": 90
  }
]