[{"model": "datum.datumobject", "pk": 1, "fields": {"active": true, "sort": 101001, "datum_type": 1, "user": 1}}, {"model": "datum.datumobject", "pk": 6, "fields": {"active": true, "sort": 201001, "datum_type": 8, "user": 1}}, {"model": "datum.datumobject", "pk": 11, "fields": {"active": true, "sort": 401101, "datum_type": 15, "user": 1}}, {"model": "datum.datumobject", "pk": 13, "fields": {"active": true, "sort": 201101, "datum_type": 9, "user": 1}}, {"model": "datum.datumobject", "pk": 14, "fields": {"active": true, "sort": 201201, "datum_type": 10, "user": 1}}, {"model": "datum.datumobject", "pk": 15, "fields": {"active": true, "sort": 401001, "datum_type": 14, "user": 1}}, {"model": "datum.datumobject", "pk": 16, "fields": {"active": true, "sort": 101301, "datum_type": 4, "user": 1}}, {"model": "datum.datumobject", "pk": 18, "fields": {"active": true, "sort": 101101, "datum_type": 2, "user": 1}}, {"model": "datum.datumobject", "pk": 19, "fields": {"active": true, "sort": 101201, "datum_type": 3, "user": 1}}, {"model": "datum.datumobject", "pk": 20, "fields": {"active": true, "sort": 101401, "datum_type": 5, "user": 1}}, {"model": "datum.datumobject", "pk": 22, "fields": {"active": true, "sort": 101501, "datum_type": 6, "user": 1}}, {"model": "datum.datumobject", "pk": 23, "fields": {"active": true, "sort": 101601, "datum_type": 7, "user": 1}}, {"model": "datum.datumobject", "pk": 24, "fields": {"active": true, "sort": 301001, "datum_type": 11, "user": 1}}, {"model": "datum.datumobject", "pk": 31, "fields": {"active": true, "sort": 301201, "datum_type": 13, "user": 1}}, {"model": "datum.datumobject", "pk": 32, "fields": {"active": true, "sort": 401201, "datum_type": 16, "user": 1}}, {"model": "datum.datumobject", "pk": 33, "fields": {"active": true, "sort": 401301, "datum_type": 17, "user": 1}}, {"model": "datum.datumobject", "pk": 34, "fields": {"active": true, "sort": 401401, "datum_type": 18, "user": 1}}, {"model": "datum.datumobject", "pk": 35, "fields": {"active": true, "sort": 301101, "datum_type": 12, "user": 1}}, {"model": "datum.datumobject", "pk": 38, "fields": {"active": true, "sort": 401501, "datum_type": 19, "user": 1}}, {"model": "element_type.elementdatumobject", "pk": 1, "fields": {"active": true, "element_type": 1, "datum_object": 1, "sort": 101001110}}, {"model": "element_type.elementdatumobject", "pk": 2, "fields": {"active": true, "element_type": 2, "datum_object": 1, "sort": 101001120}}, {"model": "element_type.elementdatumobject", "pk": 14, "fields": {"active": true, "element_type": 2, "datum_object": 6, "sort": 201701120}}, {"model": "element_type.elementdatumobject", "pk": 15, "fields": {"active": true, "element_type": 21, "datum_object": 6, "sort": 201701310}}, {"model": "element_type.elementdatumobject", "pk": 16, "fields": {"active": true, "element_type": 22, "datum_object": 6, "sort": 201701320}}, {"model": "element_type.elementdatumobject", "pk": 33, "fields": {"active": true, "element_type": 1, "datum_object": 11, "sort": 402401110}}, {"model": "element_type.elementdatumobject", "pk": 34, "fields": {"active": true, "element_type": 2, "datum_object": 11, "sort": 402401120}}, {"model": "element_type.elementdatumobject", "pk": 35, "fields": {"active": true, "element_type": 33, "datum_object": 11, "sort": 402401430}}, {"model": "element_type.elementdatumobject", "pk": 36, "fields": {"active": true, "element_type": 37, "datum_object": 11, "sort": 402401470}}, {"model": "element_type.elementdatumobject", "pk": 37, "fields": {"active": true, "element_type": 38, "datum_object": 11, "sort": 402401480}}, {"model": "element_type.elementdatumobject", "pk": 38, "fields": {"active": true, "element_type": 39, "datum_object": 11, "sort": 402401490}}, {"model": "element_type.elementdatumobject", "pk": 39, "fields": {"active": true, "element_type": 40, "datum_object": 11, "sort": 402401500}}, {"model": "element_type.elementdatumobject", "pk": 42, "fields": {"active": true, "element_type": 2, "datum_object": 13, "sort": 201801120}}, {"model": "element_type.elementdatumobject", "pk": 43, "fields": {"active": true, "element_type": 2, "datum_object": 14, "sort": 201901120}}, {"model": "element_type.elementdatumobject", "pk": 44, "fields": {"active": true, "element_type": 1, "datum_object": 15, "sort": 401001110}}, {"model": "element_type.elementdatumobject", "pk": 45, "fields": {"active": true, "element_type": 33, "datum_object": 15, "sort": 401001430}}, {"model": "element_type.elementdatumobject", "pk": 46, "fields": {"active": true, "element_type": 34, "datum_object": 15, "sort": 401001440}}, {"model": "element_type.elementdatumobject", "pk": 47, "fields": {"active": true, "element_type": 37, "datum_object": 15, "sort": 401001470}}, {"model": "element_type.elementdatumobject", "pk": 48, "fields": {"active": true, "element_type": 1, "datum_object": 16, "sort": 101301110}}, {"model": "element_type.elementdatumobject", "pk": 49, "fields": {"active": true, "element_type": 2, "datum_object": 16, "sort": 101301120}}, {"model": "element_type.elementdatumobject", "pk": 50, "fields": {"active": true, "element_type": 3, "datum_object": 16, "sort": 101301130}}, {"model": "element_type.elementdatumobject", "pk": 51, "fields": {"active": true, "element_type": 4, "datum_object": 16, "sort": 101301140}}, {"model": "element_type.elementdatumobject", "pk": 52, "fields": {"active": true, "element_type": 5, "datum_object": 16, "sort": 101301150}}, {"model": "element_type.elementdatumobject", "pk": 53, "fields": {"active": true, "element_type": 6, "datum_object": 16, "sort": 101301160}}, {"model": "element_type.elementdatumobject", "pk": 61, "fields": {"active": true, "element_type": 1, "datum_object": 18, "sort": 101101110}}, {"model": "element_type.elementdatumobject", "pk": 62, "fields": {"active": true, "element_type": 2, "datum_object": 18, "sort": 101101120}}, {"model": "element_type.elementdatumobject", "pk": 63, "fields": {"active": true, "element_type": 1, "datum_object": 19, "sort": 101201110}}, {"model": "element_type.elementdatumobject", "pk": 64, "fields": {"active": true, "element_type": 2, "datum_object": 19, "sort": 101201120}}, {"model": "element_type.elementdatumobject", "pk": 65, "fields": {"active": true, "element_type": 1, "datum_object": 20, "sort": 101401110}}, {"model": "element_type.elementdatumobject", "pk": 66, "fields": {"active": true, "element_type": 2, "datum_object": 20, "sort": 101401120}}, {"model": "element_type.elementdatumobject", "pk": 67, "fields": {"active": true, "element_type": 7, "datum_object": 20, "sort": 101401170}}, {"model": "element_type.elementdatumobject", "pk": 70, "fields": {"active": true, "element_type": 1, "datum_object": 22, "sort": 101501110}}, {"model": "element_type.elementdatumobject", "pk": 71, "fields": {"active": true, "element_type": 2, "datum_object": 22, "sort": 101501120}}, {"model": "element_type.elementdatumobject", "pk": 72, "fields": {"active": true, "element_type": 8, "datum_object": 22, "sort": 101501180}}, {"model": "element_type.elementdatumobject", "pk": 73, "fields": {"active": true, "element_type": 9, "datum_object": 22, "sort": 101501190}}, {"model": "element_type.elementdatumobject", "pk": 74, "fields": {"active": true, "element_type": 10, "datum_object": 22, "sort": 101501200}}, {"model": "element_type.elementdatumobject", "pk": 75, "fields": {"active": true, "element_type": 11, "datum_object": 22, "sort": 101501210}}, {"model": "element_type.elementdatumobject", "pk": 76, "fields": {"active": true, "element_type": 12, "datum_object": 22, "sort": 101501220}}, {"model": "element_type.elementdatumobject", "pk": 77, "fields": {"active": true, "element_type": 13, "datum_object": 22, "sort": 101501230}}, {"model": "element_type.elementdatumobject", "pk": 78, "fields": {"active": true, "element_type": 14, "datum_object": 22, "sort": 101501240}}, {"model": "element_type.elementdatumobject", "pk": 79, "fields": {"active": true, "element_type": 1, "datum_object": 23, "sort": 101601110}}, {"model": "element_type.elementdatumobject", "pk": 80, "fields": {"active": true, "element_type": 2, "datum_object": 23, "sort": 101601120}}, {"model": "element_type.elementdatumobject", "pk": 81, "fields": {"active": true, "element_type": 15, "datum_object": 23, "sort": 101601250}}, {"model": "element_type.elementdatumobject", "pk": 82, "fields": {"active": true, "element_type": 16, "datum_object": 23, "sort": 101601260}}, {"model": "element_type.elementdatumobject", "pk": 83, "fields": {"active": true, "element_type": 17, "datum_object": 23, "sort": 101601270}}, {"model": "element_type.elementdatumobject", "pk": 84, "fields": {"active": true, "element_type": 18, "datum_object": 23, "sort": 101601280}}, {"model": "element_type.elementdatumobject", "pk": 85, "fields": {"active": true, "element_type": 19, "datum_object": 23, "sort": 101601290}}, {"model": "element_type.elementdatumobject", "pk": 86, "fields": {"active": true, "element_type": 20, "datum_object": 23, "sort": 101601300}}, {"model": "element_type.elementdatumobject", "pk": 87, "fields": {"active": true, "element_type": 1, "datum_object": 24, "sort": 301001110}}, {"model": "element_type.elementdatumobject", "pk": 88, "fields": {"active": true, "element_type": 23, "datum_object": 24, "sort": 301001330}}, {"model": "element_type.elementdatumobject", "pk": 111, "fields": {"active": true, "element_type": 30, "datum_object": 31, "sort": 301201400}}, {"model": "element_type.elementdatumobject", "pk": 112, "fields": {"active": true, "element_type": 31, "datum_object": 31, "sort": 301201410}}, {"model": "element_type.elementdatumobject", "pk": 113, "fields": {"active": true, "element_type": 32, "datum_object": 31, "sort": 301201420}}, {"model": "element_type.elementdatumobject", "pk": 114, "fields": {"active": true, "element_type": 1, "datum_object": 32, "sort": 401201110}}, {"model": "element_type.elementdatumobject", "pk": 115, "fields": {"active": true, "element_type": 2, "datum_object": 32, "sort": 401201120}}, {"model": "element_type.elementdatumobject", "pk": 116, "fields": {"active": true, "element_type": 33, "datum_object": 32, "sort": 401201430}}, {"model": "element_type.elementdatumobject", "pk": 117, "fields": {"active": true, "element_type": 37, "datum_object": 32, "sort": 401201470}}, {"model": "element_type.elementdatumobject", "pk": 118, "fields": {"active": true, "element_type": 39, "datum_object": 32, "sort": 401201490}}, {"model": "element_type.elementdatumobject", "pk": 119, "fields": {"active": true, "element_type": 40, "datum_object": 32, "sort": 401201500}}, {"model": "element_type.elementdatumobject", "pk": 120, "fields": {"active": true, "element_type": 1, "datum_object": 33, "sort": 401301110}}, {"model": "element_type.elementdatumobject", "pk": 121, "fields": {"active": true, "element_type": 2, "datum_object": 33, "sort": 401301120}}, {"model": "element_type.elementdatumobject", "pk": 122, "fields": {"active": true, "element_type": 33, "datum_object": 33, "sort": 401301430}}, {"model": "element_type.elementdatumobject", "pk": 123, "fields": {"active": true, "element_type": 37, "datum_object": 33, "sort": 401301470}}, {"model": "element_type.elementdatumobject", "pk": 124, "fields": {"active": true, "element_type": 1, "datum_object": 34, "sort": 401401110}}, {"model": "element_type.elementdatumobject", "pk": 125, "fields": {"active": true, "element_type": 34, "datum_object": 34, "sort": 401401440}}, {"model": "element_type.elementdatumobject", "pk": 126, "fields": {"active": true, "element_type": 35, "datum_object": 34, "sort": 401401450}}, {"model": "element_type.elementdatumobject", "pk": 127, "fields": {"active": true, "element_type": 36, "datum_object": 34, "sort": 401401460}}, {"model": "element_type.elementdatumobject", "pk": 128, "fields": {"active": true, "element_type": 39, "datum_object": 34, "sort": 401401490}}, {"model": "element_type.elementdatumobject", "pk": 129, "fields": {"active": true, "element_type": 24, "datum_object": 35, "sort": 301101340}}, {"model": "element_type.elementdatumobject", "pk": 130, "fields": {"active": true, "element_type": 25, "datum_object": 35, "sort": 301101350}}, {"model": "element_type.elementdatumobject", "pk": 131, "fields": {"active": true, "element_type": 26, "datum_object": 35, "sort": 301101360}}, {"model": "element_type.elementdatumobject", "pk": 132, "fields": {"active": true, "element_type": 27, "datum_object": 35, "sort": 301101370}}, {"model": "element_type.elementdatumobject", "pk": 133, "fields": {"active": true, "element_type": 28, "datum_object": 35, "sort": 301101380}}, {"model": "element_type.elementdatumobject", "pk": 134, "fields": {"active": true, "element_type": 29, "datum_object": 35, "sort": 301101390}}, {"model": "element_type.elementdatumobject", "pk": 135, "fields": {"active": true, "element_type": 30, "datum_object": 35, "sort": 301101400}}, {"model": "element_type.elementdatumobject", "pk": 148, "fields": {"active": true, "element_type": 1, "datum_object": 38, "sort": 401501110}}, {"model": "element_type.elementdatumobject", "pk": 149, "fields": {"active": true, "element_type": 2, "datum_object": 38, "sort": 401501120}}, {"model": "element_type.elementdatumobject", "pk": 150, "fields": {"active": true, "element_type": 33, "datum_object": 38, "sort": 401501430}}, {"model": "element_type.elementdatumobject", "pk": 151, "fields": {"active": true, "element_type": 34, "datum_object": 38, "sort": 401501440}}, {"model": "element_type.elementdatumobject", "pk": 152, "fields": {"active": true, "element_type": 37, "datum_object": 38, "sort": 401501470}}, {"model": "element_type.elementdatumobject", "pk": 153, "fields": {"active": true, "element_type": 39, "datum_object": 38, "sort": 401501490}}, {"model": "element_value.elementvaluestring", "pk": 1, "fields": {"active": true, "element_option": null, "elvalue": "Home", "sort": 101001110, "element_datum_object": 1}}, {"model": "element_value.elementvaluestring", "pk": 2, "fields": {"active": true, "element_option": null, "elvalue": "Where I lay down", "sort": 101001120, "element_datum_object": 2}}, {"model": "element_value.elementvaluestring", "pk": 10, "fields": {"active": true, "element_option": null, "elvalue": "Go buy something", "sort": 201701120, "element_datum_object": 14}}, {"model": "element_value.elementvaluestring", "pk": 11, "fields": {"active": true, "element_option": null, "elvalue": "10", "sort": 201701310, "element_datum_object": 15}}, {"model": "element_value.elementvaluestring", "pk": 12, "fields": {"active": true, "element_option": null, "elvalue": "17", "sort": 201701320, "element_datum_object": 16}}, {"model": "element_value.elementvaluestring", "pk": 29, "fields": {"active": true, "element_option": null, "elvalue": "", "sort": 402401110, "element_datum_object": 33}}, {"model": "element_value.elementvaluestring", "pk": 30, "fields": {"active": true, "element_option": null, "elvalue": "", "sort": 402401120, "element_datum_object": 34}}, {"model": "element_value.elementvaluestring", "pk": 31, "fields": {"active": true, "element_option": null, "elvalue": "", "sort": 402401430, "element_datum_object": 35}}, {"model": "element_value.elementvaluestring", "pk": 32, "fields": {"active": true, "element_option": null, "elvalue": "", "sort": 402401470, "element_datum_object": 36}}, {"model": "element_value.elementvaluestring", "pk": 35, "fields": {"active": true, "element_option": null, "elvalue": "Because I want to", "sort": 201801120, "element_datum_object": 42}}, {"model": "element_value.elementvaluestring", "pk": 36, "fields": {"active": true, "element_option": null, "elvalue": "What I did today", "sort": 201901120, "element_datum_object": 43}}, {"model": "element_value.elementvaluestring", "pk": 37, "fields": {"active": true, "element_option": null, "elvalue": "", "sort": 401001110, "element_datum_object": 44}}, {"model": "element_value.elementvaluestring", "pk": 38, "fields": {"active": true, "element_option": null, "elvalue": "", "sort": 401001430, "element_datum_object": 45}}, {"model": "element_value.elementvaluestring", "pk": 39, "fields": {"active": true, "element_option": null, "elvalue": "", "sort": 401001470, "element_datum_object": 47}}, {"model": "element_value.elementvaluestring", "pk": 40, "fields": {"active": true, "element_option": null, "elvalue": "Bill Smith", "sort": 101301110, "element_datum_object": 48}}, {"model": "element_value.elementvaluestring", "pk": 41, "fields": {"active": true, "element_option": null, "elvalue": "", "sort": 101301120, "element_datum_object": 49}}, {"model": "element_value.elementvaluestring", "pk": 42, "fields": {"active": true, "element_option": null, "elvalue": "Bill", "sort": 101301130, "element_datum_object": 50}}, {"model": "element_value.elementvaluestring", "pk": 43, "fields": {"active": true, "element_option": null, "elvalue": "Smith", "sort": 101301140, "element_datum_object": 51}}, {"model": "element_value.elementvaluestring", "pk": 44, "fields": {"active": true, "element_option": null, "elvalue": "Smitty", "sort": 101301150, "element_datum_object": 52}}, {"model": "element_value.elementvaluestring", "pk": 45, "fields": {"active": true, "element_option": null, "elvalue": "Tracuse App", "sort": 101101110, "element_datum_object": 61}}, {"model": "element_value.elementvaluestring", "pk": 46, "fields": {"active": true, "element_option": null, "elvalue": "Best PIM software ever", "sort": 101101120, "element_datum_object": 62}}, {"model": "element_value.elementvaluestring", "pk": 47, "fields": {"active": true, "element_option": null, "elvalue": "Call", "sort": 101201110, "element_datum_object": 63}}, {"model": "element_value.elementvaluestring", "pk": 48, "fields": {"active": true, "element_option": null, "elvalue": "Speaking to someone over the phone", "sort": 101201120, "element_datum_object": 64}}, {"model": "element_value.elementvaluestring", "pk": 49, "fields": {"active": true, "element_option": null, "elvalue": "", "sort": 101401110, "element_datum_object": 65}}, {"model": "element_value.elementvaluestring", "pk": 50, "fields": {"active": true, "element_option": null, "elvalue": "", "sort": 101401120, "element_datum_object": 66}}, {"model": "element_value.elementvaluestring", "pk": 51, "fields": {"active": true, "element_option": null, "elvalue": "", "sort": 101401170, "element_datum_object": 67}}, {"model": "element_value.elementvaluestring", "pk": 54, "fields": {"active": true, "element_option": null, "elvalue": "", "sort": 101501110, "element_datum_object": 70}}, {"model": "element_value.elementvaluestring", "pk": 55, "fields": {"active": true, "element_option": null, "elvalue": "", "sort": 101501120, "element_datum_object": 71}}, {"model": "element_value.elementvaluestring", "pk": 56, "fields": {"active": true, "element_option": null, "elvalue": "", "sort": 101501180, "element_datum_object": 72}}, {"model": "element_value.elementvaluestring", "pk": 57, "fields": {"active": true, "element_option": null, "elvalue": "", "sort": 101501190, "element_datum_object": 73}}, {"model": "element_value.elementvaluestring", "pk": 58, "fields": {"active": true, "element_option": null, "elvalue": "", "sort": 101501200, "element_datum_object": 74}}, {"model": "element_value.elementvaluestring", "pk": 59, "fields": {"active": true, "element_option": null, "elvalue": "", "sort": 101501210, "element_datum_object": 75}}, {"model": "element_value.elementvaluestring", "pk": 60, "fields": {"active": true, "element_option": null, "elvalue": "", "sort": 101501220, "element_datum_object": 76}}, {"model": "element_value.elementvaluestring", "pk": 61, "fields": {"active": true, "element_option": null, "elvalue": "", "sort": 101501230, "element_datum_object": 77}}, {"model": "element_value.elementvaluestring", "pk": 62, "fields": {"active": true, "element_option": null, "elvalue": "", "sort": 101501240, "element_datum_object": 78}}, {"model": "element_value.elementvaluestring", "pk": 63, "fields": {"active": true, "element_option": null, "elvalue": "", "sort": 101601110, "element_datum_object": 79}}, {"model": "element_value.elementvaluestring", "pk": 64, "fields": {"active": true, "element_option": null, "elvalue": "", "sort": 101601120, "element_datum_object": 80}}, {"model": "element_value.elementvaluestring", "pk": 65, "fields": {"active": true, "element_option": null, "elvalue": "", "sort": 101601250, "element_datum_object": 81}}, {"model": "element_value.elementvaluestring", "pk": 66, "fields": {"active": true, "element_option": null, "elvalue": "", "sort": 101601260, "element_datum_object": 82}}, {"model": "element_value.elementvaluestring", "pk": 67, "fields": {"active": true, "element_option": null, "elvalue": "", "sort": 101601270, "element_datum_object": 83}}, {"model": "element_value.elementvaluestring", "pk": 68, "fields": {"active": true, "element_option": null, "elvalue": "", "sort": 101601280, "element_datum_object": 84}}, {"model": "element_value.elementvaluestring", "pk": 69, "fields": {"active": true, "element_option": null, "elvalue": "", "sort": 101601290, "element_datum_object": 85}}, {"model": "element_value.elementvaluestring", "pk": 70, "fields": {"active": true, "element_option": null, "elvalue": "", "sort": 101601300, "element_datum_object": 86}}, {"model": "element_value.elementvaluestring", "pk": 71, "fields": {"active": true, "element_option": null, "elvalue": "", "sort": 301001110, "element_datum_object": 87}}, {"model": "element_value.elementvaluestring", "pk": 72, "fields": {"active": true, "element_option": null, "elvalue": "", "sort": 301001330, "element_datum_object": 88}}, {"model": "element_value.elementvaluestring", "pk": 73, "fields": {"active": true, "element_option": null, "elvalue": "", "sort": 401201110, "element_datum_object": 114}}, {"model": "element_value.elementvaluestring", "pk": 74, "fields": {"active": true, "element_option": null, "elvalue": "", "sort": 401201120, "element_datum_object": 115}}, {"model": "element_value.elementvaluestring", "pk": 75, "fields": {"active": true, "element_option": null, "elvalue": "", "sort": 401201430, "element_datum_object": 116}}, {"model": "element_value.elementvaluestring", "pk": 76, "fields": {"active": true, "element_option": null, "elvalue": "", "sort": 401201470, "element_datum_object": 117}}, {"model": "element_value.elementvaluestring", "pk": 77, "fields": {"active": true, "element_option": null, "elvalue": "", "sort": 401301110, "element_datum_object": 120}}, {"model": "element_value.elementvaluestring", "pk": 78, "fields": {"active": true, "element_option": null, "elvalue": "", "sort": 401301120, "element_datum_object": 121}}, {"model": "element_value.elementvaluestring", "pk": 79, "fields": {"active": true, "element_option": null, "elvalue": "", "sort": 401301430, "element_datum_object": 122}}, {"model": "element_value.elementvaluestring", "pk": 80, "fields": {"active": true, "element_option": null, "elvalue": "", "sort": 401301470, "element_datum_object": 123}}, {"model": "element_value.elementvaluestring", "pk": 81, "fields": {"active": true, "element_option": null, "elvalue": "", "sort": 401401110, "element_datum_object": 124}}, {"model": "element_value.elementvaluestring", "pk": 82, "fields": {"active": true, "element_option": null, "elvalue": "", "sort": 401401450, "element_datum_object": 126}}, {"model": "element_value.elementvaluestring", "pk": 83, "fields": {"active": true, "element_option": null, "elvalue": "", "sort": 401401460, "element_datum_object": 127}}, {"model": "element_value.elementvaluestring", "pk": 92, "fields": {"active": true, "element_option": null, "elvalue": "", "sort": 401501110, "element_datum_object": 148}}, {"model": "element_value.elementvaluestring", "pk": 93, "fields": {"active": true, "element_option": null, "elvalue": "", "sort": 401501120, "element_datum_object": 149}}, {"model": "element_value.elementvaluestring", "pk": 94, "fields": {"active": true, "element_option": null, "elvalue": "", "sort": 401501430, "element_datum_object": 150}}, {"model": "element_value.elementvaluestring", "pk": 95, "fields": {"active": true, "element_option": null, "elvalue": "", "sort": 401501470, "element_datum_object": 152}}, {"model": "element_value.elementvaluetextdata", "pk": 1, "fields": {"active": true, "element_option": null, "elvalue": "", "sort": 401001440, "element_datum_object": 46}}, {"model": "element_value.elementvaluetextdata", "pk": 9, "fields": {"active": true, "element_option": null, "elvalue": "", "sort": 301201400, "element_datum_object": 111}}, {"model": "element_value.elementvaluetextdata", "pk": 10, "fields": {"active": true, "element_option": null, "elvalue": "", "sort": 401401440, "element_datum_object": 125}}, {"model": "element_value.elementvaluetextdata", "pk": 11, "fields": {"active": true, "element_option": null, "elvalue": "", "sort": 301101400, "element_datum_object": 135}}, {"model": "element_value.elementvaluetextdata", "pk": 14, "fields": {"active": true, "element_option": null, "elvalue": "", "sort": 401501440, "element_datum_object": 151}}, {"model": "element_value.elementvalueboolean", "pk": 6, "fields": {"active": true, "element_option": null, "elvalue": false, "sort": 301201420, "element_datum_object": 113}}, {"model": "element_value.elementvaluedatetime", "pk": 2, "fields": {"active": true, "element_option": null, "elvalue": null, "sort": 402401490, "element_datum_object": 38}}, {"model": "element_value.elementvaluedatetime", "pk": 3, "fields": {"active": true, "element_option": null, "elvalue": null, "sort": 402401500, "element_datum_object": 39}}, {"model": "element_value.elementvaluedatetime", "pk": 4, "fields": {"active": true, "element_option": null, "elvalue": "2001-01-01T08:00:00Z", "sort": 101301160, "element_datum_object": 53}}, {"model": "element_value.elementvaluedatetime", "pk": 18, "fields": {"active": true, "element_option": null, "elvalue": null, "sort": 301201410, "element_datum_object": 112}}, {"model": "element_value.elementvaluedatetime", "pk": 19, "fields": {"active": true, "element_option": null, "elvalue": null, "sort": 401201490, "element_datum_object": 118}}, {"model": "element_value.elementvaluedatetime", "pk": 20, "fields": {"active": true, "element_option": null, "elvalue": null, "sort": 401201500, "element_datum_object": 119}}, {"model": "element_value.elementvaluedatetime", "pk": 21, "fields": {"active": true, "element_option": null, "elvalue": null, "sort": 401401490, "element_datum_object": 128}}, {"model": "element_value.elementvaluedatetime", "pk": 22, "fields": {"active": true, "element_option": null, "elvalue": null, "sort": 301101340, "element_datum_object": 129}}, {"model": "element_value.elementvaluedatetime", "pk": 23, "fields": {"active": true, "element_option": null, "elvalue": null, "sort": 301101350, "element_datum_object": 130}}, {"model": "element_value.elementvaluedatetime", "pk": 24, "fields": {"active": true, "element_option": null, "elvalue": null, "sort": 301101360, "element_datum_object": 131}}, {"model": "element_value.elementvaluedatetime", "pk": 25, "fields": {"active": true, "element_option": null, "elvalue": null, "sort": 301101370, "element_datum_object": 132}}, {"model": "element_value.elementvaluedatetime", "pk": 28, "fields": {"active": true, "element_option": null, "elvalue": null, "sort": 401501490, "element_datum_object": 153}}, {"model": "element_value.elementvaluedecimal", "pk": 5, "fields": {"active": true, "element_option": null, "elvalue": null, "sort": 301101380, "element_datum_object": 133}}, {"model": "element_value.elementvaluedecimal", "pk": 6, "fields": {"active": true, "element_option": null, "elvalue": null, "sort": 301101390, "element_datum_object": 134}}, {"model": "element_value.elementvaluebinary", "pk": 1, "fields": {"active": true, "element_option": null, "elvalue": null, "sort": 402401480, "element_datum_object": 37}}]