[
  {
    "pk": 1,
    "model": "datum.datumobject",
    "fields": {
      "active": true,
      "datum_type": 1,
      "sort": 101001,
      "user": 1
    }
  },
  {
    "pk": 6,
    "model": "datum.datumobject",
    "fields": {
      "active": true,
      "datum_type": 8,
      "sort": 201001,
      "user": 1
    }
  },
  {
    "pk": 11,
    "model": "datum.datumobject",
    "fields": {
      "active": true,
      "datum_type": 15,
      "sort": 401101,
      "user": 1
    }
  },
  {
    "pk": 13,
    "model": "datum.datumobject",
    "fields": {
      "active": true,
      "datum_type": 9,
      "sort": 201101,
      "user": 1
    }
  },
  {
    "pk": 14,
    "model": "datum.datumobject",
    "fields": {
      "active": true,
      "datum_type": 10,
      "sort": 201201,
      "user": 1
    }
  },
  {
    "pk": 15,
    "model": "datum.datumobject",
    "fields": {
      "active": true,
      "datum_type": 14,
      "sort": 401001,
      "user": 1
    }
  },
  {
    "pk": 16,
    "model": "datum.datumobject",
    "fields": {
      "active": true,
      "datum_type": 4,
      "sort": 101301,
      "user": 1
    }
  },
  {
    "pk": 18,
    "model": "datum.datumobject",
    "fields": {
      "active": true,
      "datum_type": 2,
      "sort": 101101,
      "user": 1
    }
  },
  {
    "pk": 19,
    "model": "datum.datumobject",
    "fields": {
      "active": true,
      "datum_type": 3,
      "sort": 101201,
      "user": 1
    }
  },
  {
    "pk": 20,
    "model": "datum.datumobject",
    "fields": {
      "active": true,
      "datum_type": 5,
      "sort": 101401,
      "user": 1
    }
  },
  {
    "pk": 22,
    "model": "datum.datumobject",
    "fields": {
      "active": true,
      "datum_type": 6,
      "sort": 101501,
      "user": 1
    }
  },
  {
    "pk": 23,
    "model": "datum.datumobject",
    "fields": {
      "active": true,
      "datum_type": 7,
      "sort": 101601,
      "user": 1
    }
  },
  {
    "pk": 24,
    "model": "datum.datumobject",
    "fields": {
      "active": true,
      "datum_type": 11,
      "sort": 301001,
      "user": 1
    }
  },
  {
    "pk": 31,
    "model": "datum.datumobject",
    "fields": {
      "active": true,
      "datum_type": 13,
      "sort": 301201,
      "user": 1
    }
  },
  {
    "pk": 32,
    "model": "datum.datumobject",
    "fields": {
      "active": true,
      "datum_type": 16,
      "sort": 401201,
      "user": 1
    }
  },
  {
    "pk": 33,
    "model": "datum.datumobject",
    "fields": {
      "active": true,
      "datum_type": 17,
      "sort": 401301,
      "user": 1
    }
  },
  {
    "pk": 34,
    "model": "datum.datumobject",
    "fields": {
      "active": true,
      "datum_type": 18,
      "sort": 401401,
      "user": 1
    }
  },
  {
    "pk": 35,
    "model": "datum.datumobject",
    "fields": {
      "active": true,
      "datum_type": 12,
      "sort": 301101,
      "user": 1
    }
  },
  {
    "pk": 38,
    "model": "datum.datumobject",
    "fields": {
      "active": true,
      "datum_type": 19,
      "sort": 401501,
      "user": 1
    }
  },
  {
    "pk": 1,
    "model": "element_type.elementdatumobject",
    "fields": {
      "active": true,
      "element_type": 1,
      "datum_object": 1,
      "sort": 101001110
    }
  },
  {
    "pk": 2,
    "model": "element_type.elementdatumobject",
    "fields": {
      "active": true,
      "element_type": 2,
      "datum_object": 1,
      "sort": 101001120
    }
  },
  {
    "pk": 14,
    "model": "element_type.elementdatumobject",
    "fields": {
      "active": true,
      "element_type": 2,
      "datum_object": 6,
      "sort": 201701120
    }
  },
  {
    "pk": 15,
    "model": "element_type.elementdatumobject",
    "fields": {
      "active": true,
      "element_type": 21,
      "datum_object": 6,
      "sort": 201701310
    }
  },
  {
    "pk": 16,
    "model": "element_type.elementdatumobject",
    "fields": {
      "active": true,
      "element_type": 22,
      "datum_object": 6,
      "sort": 201701320
    }
  },
  {
    "pk": 33,
    "model": "element_type.elementdatumobject",
    "fields": {
      "active": true,
      "element_type": 1,
      "datum_object": 11,
      "sort": 402401110
    }
  },
  {
    "pk": 34,
    "model": "element_type.elementdatumobject",
    "fields": {
      "active": true,
      "element_type": 2,
      "datum_object": 11,
      "sort": 402401120
    }
  },
  {
    "pk": 35,
    "model": "element_type.elementdatumobject",
    "fields": {
      "active": true,
      "element_type": 33,
      "datum_object": 11,
      "sort": 402401430
    }
  },
  {
    "pk": 36,
    "model": "element_type.elementdatumobject",
    "fields": {
      "active": true,
      "element_type": 37,
      "datum_object": 11,
      "sort": 402401470
    }
  },
  {
    "pk": 37,
    "model": "element_type.elementdatumobject",
    "fields": {
      "active": true,
      "element_type": 38,
      "datum_object": 11,
      "sort": 402401480
    }
  },
  {
    "pk": 38,
    "model": "element_type.elementdatumobject",
    "fields": {
      "active": true,
      "element_type": 39,
      "datum_object": 11,
      "sort": 402401490
    }
  },
  {
    "pk": 39,
    "model": "element_type.elementdatumobject",
    "fields": {
      "active": true,
      "element_type": 40,
      "datum_object": 11,
      "sort": 402401500
    }
  },
  {
    "pk": 42,
    "model": "element_type.elementdatumobject",
    "fields": {
      "active": true,
      "element_type": 2,
      "datum_object": 13,
      "sort": 201801120
    }
  },
  {
    "pk": 43,
    "model": "element_type.elementdatumobject",
    "fields": {
      "active": true,
      "element_type": 2,
      "datum_object": 14,
      "sort": 201901120
    }
  },
  {
    "pk": 44,
    "model": "element_type.elementdatumobject",
    "fields": {
      "active": true,
      "element_type": 1,
      "datum_object": 15,
      "sort": 401001110
    }
  },
  {
    "pk": 45,
    "model": "element_type.elementdatumobject",
    "fields": {
      "active": true,
      "element_type": 33,
      "datum_object": 15,
      "sort": 401001430
    }
  },
  {
    "pk": 46,
    "model": "element_type.elementdatumobject",
    "fields": {
      "active": true,
      "element_type": 34,
      "datum_object": 15,
      "sort": 401001440
    }
  },
  {
    "pk": 47,
    "model": "element_type.elementdatumobject",
    "fields": {
      "active": true,
      "element_type": 37,
      "datum_object": 15,
      "sort": 401001470
    }
  },
  {
    "pk": 48,
    "model": "element_type.elementdatumobject",
    "fields": {
      "active": true,
      "element_type": 1,
      "datum_object": 16,
      "sort": 101301110
    }
  },
  {
    "pk": 49,
    "model": "element_type.elementdatumobject",
    "fields": {
      "active": true,
      "element_type": 2,
      "datum_object": 16,
      "sort": 101301120
    }
  },
  {
    "pk": 50,
    "model": "element_type.elementdatumobject",
    "fields": {
      "active": true,
      "element_type": 3,
      "datum_object": 16,
      "sort": 101301130
    }
  },
  {
    "pk": 51,
    "model": "element_type.elementdatumobject",
    "fields": {
      "active": true,
      "element_type": 4,
      "datum_object": 16,
      "sort": 101301140
    }
  },
  {
    "pk": 52,
    "model": "element_type.elementdatumobject",
    "fields": {
      "active": true,
      "element_type": 5,
      "datum_object": 16,
      "sort": 101301150
    }
  },
  {
    "pk": 53,
    "model": "element_type.elementdatumobject",
    "fields": {
      "active": true,
      "element_type": 6,
      "datum_object": 16,
      "sort": 101301160
    }
  },
  {
    "pk": 61,
    "model": "element_type.elementdatumobject",
    "fields": {
      "active": true,
      "element_type": 1,
      "datum_object": 18,
      "sort": 101101110
    }
  },
  {
    "pk": 62,
    "model": "element_type.elementdatumobject",
    "fields": {
      "active": true,
      "element_type": 2,
      "datum_object": 18,
      "sort": 101101120
    }
  },
  {
    "pk": 63,
    "model": "element_type.elementdatumobject",
    "fields": {
      "active": true,
      "element_type": 1,
      "datum_object": 19,
      "sort": 101201110
    }
  },
  {
    "pk": 64,
    "model": "element_type.elementdatumobject",
    "fields": {
      "active": true,
      "element_type": 2,
      "datum_object": 19,
      "sort": 101201120
    }
  },
  {
    "pk": 65,
    "model": "element_type.elementdatumobject",
    "fields": {
      "active": true,
      "element_type": 1,
      "datum_object": 20,
      "sort": 101401110
    }
  },
  {
    "pk": 66,
    "model": "element_type.elementdatumobject",
    "fields": {
      "active": true,
      "element_type": 2,
      "datum_object": 20,
      "sort": 101401120
    }
  },
  {
    "pk": 67,
    "model": "element_type.elementdatumobject",
    "fields": {
      "active": true,
      "element_type": 7,
      "datum_object": 20,
      "sort": 101401170
    }
  },
  {
    "pk": 70,
    "model": "element_type.elementdatumobject",
    "fields": {
      "active": true,
      "element_type": 1,
      "datum_object": 22,
      "sort": 101501110
    }
  },
  {
    "pk": 71,
    "model": "element_type.elementdatumobject",
    "fields": {
      "active": true,
      "element_type": 2,
      "datum_object": 22,
      "sort": 101501120
    }
  },
  {
    "pk": 72,
    "model": "element_type.elementdatumobject",
    "fields": {
      "active": true,
      "element_type": 8,
      "datum_object": 22,
      "sort": 101501180
    }
  },
  {
    "pk": 73,
    "model": "element_type.elementdatumobject",
    "fields": {
      "active": true,
      "element_type": 9,
      "datum_object": 22,
      "sort": 101501190
    }
  },
  {
    "pk": 74,
    "model": "element_type.elementdatumobject",
    "fields": {
      "active": true,
      "element_type": 10,
      "datum_object": 22,
      "sort": 101501200
    }
  },
  {
    "pk": 75,
    "model": "element_type.elementdatumobject",
    "fields": {
      "active": true,
      "element_type": 11,
      "datum_object": 22,
      "sort": 101501210
    }
  },
  {
    "pk": 76,
    "model": "element_type.elementdatumobject",
    "fields": {
      "active": true,
      "element_type": 12,
      "datum_object": 22,
      "sort": 101501220
    }
  },
  {
    "pk": 77,
    "model": "element_type.elementdatumobject",
    "fields": {
      "active": true,
      "element_type": 13,
      "datum_object": 22,
      "sort": 101501230
    }
  },
  {
    "pk": 78,
    "model": "element_type.elementdatumobject",
    "fields": {
      "active": true,
      "element_type": 14,
      "datum_object": 22,
      "sort": 101501240
    }
  },
  {
    "pk": 79,
    "model": "element_type.elementdatumobject",
    "fields": {
      "active": true,
      "element_type": 1,
      "datum_object": 23,
      "sort": 101601110
    }
  },
  {
    "pk": 80,
    "model": "element_type.elementdatumobject",
    "fields": {
      "active": true,
      "element_type": 2,
      "datum_object": 23,
      "sort": 101601120
    }
  },
  {
    "pk": 81,
    "model": "element_type.elementdatumobject",
    "fields": {
      "active": true,
      "element_type": 15,
      "datum_object": 23,
      "sort": 101601250
    }
  },
  {
    "pk": 82,
    "model": "element_type.elementdatumobject",
    "fields": {
      "active": true,
      "element_type": 16,
      "datum_object": 23,
      "sort": 101601260
    }
  },
  {
    "pk": 83,
    "model": "element_type.elementdatumobject",
    "fields": {
      "active": true,
      "element_type": 17,
      "datum_object": 23,
      "sort": 101601270
    }
  },
  {
    "pk": 84,
    "model": "element_type.elementdatumobject",
    "fields": {
      "active": true,
      "element_type": 18,
      "datum_object": 23,
      "sort": 101601280
    }
  },
  {
    "pk": 85,
    "model": "element_type.elementdatumobject",
    "fields": {
      "active": true,
      "element_type": 19,
      "datum_object": 23,
      "sort": 101601290
    }
  },
  {
    "pk": 86,
    "model": "element_type.elementdatumobject",
    "fields": {
      "active": true,
      "element_type": 20,
      "datum_object": 23,
      "sort": 101601300
    }
  },
  {
    "pk": 87,
    "model": "element_type.elementdatumobject",
    "fields": {
      "active": true,
      "element_type": 1,
      "datum_object": 24,
      "sort": 301001110
    }
  },
  {
    "pk": 88,
    "model": "element_type.elementdatumobject",
    "fields": {
      "active": true,
      "element_type": 23,
      "datum_object": 24,
      "sort": 301001330
    }
  },
  {
    "pk": 111,
    "model": "element_type.elementdatumobject",
    "fields": {
      "active": true,
      "element_type": 30,
      "datum_object": 31,
      "sort": 301201400
    }
  },
  {
    "pk": 112,
    "model": "element_type.elementdatumobject",
    "fields": {
      "active": true,
      "element_type": 31,
      "datum_object": 31,
      "sort": 301201410
    }
  },
  {
    "pk": 113,
    "model": "element_type.elementdatumobject",
    "fields": {
      "active": true,
      "element_type": 32,
      "datum_object": 31,
      "sort": 301201420
    }
  },
  {
    "pk": 114,
    "model": "element_type.elementdatumobject",
    "fields": {
      "active": true,
      "element_type": 1,
      "datum_object": 32,
      "sort": 401201110
    }
  },
  {
    "pk": 115,
    "model": "element_type.elementdatumobject",
    "fields": {
      "active": true,
      "element_type": 2,
      "datum_object": 32,
      "sort": 401201120
    }
  },
  {
    "pk": 116,
    "model": "element_type.elementdatumobject",
    "fields": {
      "active": true,
      "element_type": 33,
      "datum_object": 32,
      "sort": 401201430
    }
  },
  {
    "pk": 117,
    "model": "element_type.elementdatumobject",
    "fields": {
      "active": true,
      "element_type": 37,
      "datum_object": 32,
      "sort": 401201470
    }
  },
  {
    "pk": 118,
    "model": "element_type.elementdatumobject",
    "fields": {
      "active": true,
      "element_type": 39,
      "datum_object": 32,
      "sort": 401201490
    }
  },
  {
    "pk": 119,
    "model": "element_type.elementdatumobject",
    "fields": {
      "active": true,
      "element_type": 40,
      "datum_object": 32,
      "sort": 401201500
    }
  },
  {
    "pk": 120,
    "model": "element_type.elementdatumobject",
    "fields": {
      "active": true,
      "element_type": 1,
      "datum_object": 33,
      "sort": 401301110
    }
  },
  {
    "pk": 121,
    "model": "element_type.elementdatumobject",
    "fields": {
      "active": true,
      "element_type": 2,
      "datum_object": 33,
      "sort": 401301120
    }
  },
  {
    "pk": 122,
    "model": "element_type.elementdatumobject",
    "fields": {
      "active": true,
      "element_type": 33,
      "datum_object": 33,
      "sort": 401301430
    }
  },
  {
    "pk": 123,
    "model": "element_type.elementdatumobject",
    "fields": {
      "active": true,
      "element_type": 37,
      "datum_object": 33,
      "sort": 401301470
    }
  },
  {
    "pk": 124,
    "model": "element_type.elementdatumobject",
    "fields": {
      "active": true,
      "element_type": 1,
      "datum_object": 34,
      "sort": 401401110
    }
  },
  {
    "pk": 125,
    "model": "element_type.elementdatumobject",
    "fields": {
      "active": true,
      "element_type": 34,
      "datum_object": 34,
      "sort": 401401440
    }
  },
  {
    "pk": 126,
    "model": "element_type.elementdatumobject",
    "fields": {
      "active": true,
      "element_type": 35,
      "datum_object": 34,
      "sort": 401401450
    }
  },
  {
    "pk": 127,
    "model": "element_type.elementdatumobject",
    "fields": {
      "active": true,
      "element_type": 36,
      "datum_object": 34,
      "sort": 401401460
    }
  },
  {
    "pk": 128,
    "model": "element_type.elementdatumobject",
    "fields": {
      "active": true,
      "element_type": 39,
      "datum_object": 34,
      "sort": 401401490
    }
  },
  {
    "pk": 129,
    "model": "element_type.elementdatumobject",
    "fields": {
      "active": true,
      "element_type": 24,
      "datum_object": 35,
      "sort": 301101340
    }
  },
  {
    "pk": 130,
    "model": "element_type.elementdatumobject",
    "fields": {
      "active": true,
      "element_type": 25,
      "datum_object": 35,
      "sort": 301101350
    }
  },
  {
    "pk": 131,
    "model": "element_type.elementdatumobject",
    "fields": {
      "active": true,
      "element_type": 26,
      "datum_object": 35,
      "sort": 301101360
    }
  },
  {
    "pk": 132,
    "model": "element_type.elementdatumobject",
    "fields": {
      "active": true,
      "element_type": 27,
      "datum_object": 35,
      "sort": 301101370
    }
  },
  {
    "pk": 133,
    "model": "element_type.elementdatumobject",
    "fields": {
      "active": true,
      "element_type": 28,
      "datum_object": 35,
      "sort": 301101380
    }
  },
  {
    "pk": 134,
    "model": "element_type.elementdatumobject",
    "fields": {
      "active": true,
      "element_type": 29,
      "datum_object": 35,
      "sort": 301101390
    }
  },
  {
    "pk": 135,
    "model": "element_type.elementdatumobject",
    "fields": {
      "active": true,
      "element_type": 30,
      "datum_object": 35,
      "sort": 301101400
    }
  },
  {
    "pk": 148,
    "model": "element_type.elementdatumobject",
    "fields": {
      "active": true,
      "element_type": 1,
      "datum_object": 38,
      "sort": 401501110
    }
  },
  {
    "pk": 149,
    "model": "element_type.elementdatumobject",
    "fields": {
      "active": true,
      "element_type": 2,
      "datum_object": 38,
      "sort": 401501120
    }
  },
  {
    "pk": 150,
    "model": "element_type.elementdatumobject",
    "fields": {
      "active": true,
      "element_type": 33,
      "datum_object": 38,
      "sort": 401501430
    }
  },
  {
    "pk": 151,
    "model": "element_type.elementdatumobject",
    "fields": {
      "active": true,
      "element_type": 34,
      "datum_object": 38,
      "sort": 401501440
    }
  },
  {
    "pk": 152,
    "model": "element_type.elementdatumobject",
    "fields": {
      "active": true,
      "element_type": 37,
      "datum_object": 38,
      "sort": 401501470
    }
  },
  {
    "pk": 153,
    "model": "element_type.elementdatumobject",
    "fields": {
      "active": true,
      "element_type": 39,
      "datum_object": 38,
      "sort": 401501490
    }
  },
  {
    "pk": 1,
    "model": "element_value.elementvaluestring",
    "fields": {
      "active": true,
      "elvalue": "Home",
      "element_option": null,
      "sort": 101001110,
      "element_datum_object": 1
    }
  },
  {
    "pk": 2,
    "model": "element_value.elementvaluestring",
    "fields": {
      "active": true,
      "elvalue": "Where I lay down",
      "element_option": null,
      "sort": 101001120,
      "element_datum_object": 2
    }
  },
  {
    "pk": 10,
    "model": "element_value.elementvaluestring",
    "fields": {
      "active": true,
      "elvalue": "Go buy something",
      "element_option": null,
      "sort": 201701120,
      "element_datum_object": 14
    }
  },
  {
    "pk": 11,
    "model": "element_value.elementvaluestring",
    "fields": {
      "active": true,
      "elvalue": "10",
      "element_option": null,
      "sort": 201701310,
      "element_datum_object": 15
    }
  },
  {
    "pk": 12,
    "model": "element_value.elementvaluestring",
    "fields": {
      "active": true,
      "elvalue": "17",
      "element_option": null,
      "sort": 201701320,
      "element_datum_object": 16
    }
  },
  {
    "pk": 29,
    "model": "element_value.elementvaluestring",
    "fields": {
      "active": true,
      "elvalue": "",
      "element_option": null,
      "sort": 402401110,
      "element_datum_object": 33
    }
  },
  {
    "pk": 30,
    "model": "element_value.elementvaluestring",
    "fields": {
      "active": true,
      "elvalue": "",
      "element_option": null,
      "sort": 402401120,
      "element_datum_object": 34
    }
  },
  {
    "pk": 31,
    "model": "element_value.elementvaluestring",
    "fields": {
      "active": true,
      "elvalue": "",
      "element_option": null,
      "sort": 402401430,
      "element_datum_object": 35
    }
  },
  {
    "pk": 32,
    "model": "element_value.elementvaluestring",
    "fields": {
      "active": true,
      "elvalue": "",
      "element_option": null,
      "sort": 402401470,
      "element_datum_object": 36
    }
  },
  {
    "pk": 35,
    "model": "element_value.elementvaluestring",
    "fields": {
      "active": true,
      "elvalue": "Because I want to",
      "element_option": null,
      "sort": 201801120,
      "element_datum_object": 42
    }
  },
  {
    "pk": 36,
    "model": "element_value.elementvaluestring",
    "fields": {
      "active": true,
      "elvalue": "What I did today",
      "element_option": null,
      "sort": 201901120,
      "element_datum_object": 43
    }
  },
  {
    "pk": 37,
    "model": "element_value.elementvaluestring",
    "fields": {
      "active": true,
      "elvalue": "",
      "element_option": null,
      "sort": 401001110,
      "element_datum_object": 44
    }
  },
  {
    "pk": 38,
    "model": "element_value.elementvaluestring",
    "fields": {
      "active": true,
      "elvalue": "",
      "element_option": null,
      "sort": 401001430,
      "element_datum_object": 45
    }
  },
  {
    "pk": 39,
    "model": "element_value.elementvaluestring",
    "fields": {
      "active": true,
      "elvalue": "",
      "element_option": null,
      "sort": 401001470,
      "element_datum_object": 47
    }
  },
  {
    "pk": 40,
    "model": "element_value.elementvaluestring",
    "fields": {
      "active": true,
      "elvalue": "Bill Smith",
      "element_option": null,
      "sort": 101301110,
      "element_datum_object": 48
    }
  },
  {
    "pk": 41,
    "model": "element_value.elementvaluestring",
    "fields": {
      "active": true,
      "elvalue": "",
      "element_option": null,
      "sort": 101301120,
      "element_datum_object": 49
    }
  },
  {
    "pk": 42,
    "model": "element_value.elementvaluestring",
    "fields": {
      "active": true,
      "elvalue": "Bill",
      "element_option": null,
      "sort": 101301130,
      "element_datum_object": 50
    }
  },
  {
    "pk": 43,
    "model": "element_value.elementvaluestring",
    "fields": {
      "active": true,
      "elvalue": "Smith",
      "element_option": null,
      "sort": 101301140,
      "element_datum_object": 51
    }
  },
  {
    "pk": 44,
    "model": "element_value.elementvaluestring",
    "fields": {
      "active": true,
      "elvalue": "Smitty",
      "element_option": null,
      "sort": 101301150,
      "element_datum_object": 52
    }
  },
  {
    "pk": 45,
    "model": "element_value.elementvaluestring",
    "fields": {
      "active": true,
      "elvalue": "Tracuse App",
      "element_option": null,
      "sort": 101101110,
      "element_datum_object": 61
    }
  },
  {
    "pk": 46,
    "model": "element_value.elementvaluestring",
    "fields": {
      "active": true,
      "elvalue": "Best PIM software ever",
      "element_option": null,
      "sort": 101101120,
      "element_datum_object": 62
    }
  },
  {
    "pk": 47,
    "model": "element_value.elementvaluestring",
    "fields": {
      "active": true,
      "elvalue": "Call",
      "element_option": null,
      "sort": 101201110,
      "element_datum_object": 63
    }
  },
  {
    "pk": 48,
    "model": "element_value.elementvaluestring",
    "fields": {
      "active": true,
      "elvalue": "Speaking to someone over the phone",
      "element_option": null,
      "sort": 101201120,
      "element_datum_object": 64
    }
  },
  {
    "pk": 49,
    "model": "element_value.elementvaluestring",
    "fields": {
      "active": true,
      "elvalue": "",
      "element_option": null,
      "sort": 101401110,
      "element_datum_object": 65
    }
  },
  {
    "pk": 50,
    "model": "element_value.elementvaluestring",
    "fields": {
      "active": true,
      "elvalue": "",
      "element_option": null,
      "sort": 101401120,
      "element_datum_object": 66
    }
  },
  {
    "pk": 51,
    "model": "element_value.elementvaluestring",
    "fields": {
      "active": true,
      "elvalue": "",
      "element_option": null,
      "sort": 101401170,
      "element_datum_object": 67
    }
  },
  {
    "pk": 54,
    "model": "element_value.elementvaluestring",
    "fields": {
      "active": true,
      "elvalue": "",
      "element_option": null,
      "sort": 101501110,
      "element_datum_object": 70
    }
  },
  {
    "pk": 55,
    "model": "element_value.elementvaluestring",
    "fields": {
      "active": true,
      "elvalue": "",
      "element_option": null,
      "sort": 101501120,
      "element_datum_object": 71
    }
  },
  {
    "pk": 56,
    "model": "element_value.elementvaluestring",
    "fields": {
      "active": true,
      "elvalue": "",
      "element_option": null,
      "sort": 101501180,
      "element_datum_object": 72
    }
  },
  {
    "pk": 57,
    "model": "element_value.elementvaluestring",
    "fields": {
      "active": true,
      "elvalue": "",
      "element_option": null,
      "sort": 101501190,
      "element_datum_object": 73
    }
  },
  {
    "pk": 58,
    "model": "element_value.elementvaluestring",
    "fields": {
      "active": true,
      "elvalue": "",
      "element_option": null,
      "sort": 101501200,
      "element_datum_object": 74
    }
  },
  {
    "pk": 59,
    "model": "element_value.elementvaluestring",
    "fields": {
      "active": true,
      "elvalue": "",
      "element_option": null,
      "sort": 101501210,
      "element_datum_object": 75
    }
  },
  {
    "pk": 60,
    "model": "element_value.elementvaluestring",
    "fields": {
      "active": true,
      "elvalue": "",
      "element_option": null,
      "sort": 101501220,
      "element_datum_object": 76
    }
  },
  {
    "pk": 61,
    "model": "element_value.elementvaluestring",
    "fields": {
      "active": true,
      "elvalue": "",
      "element_option": null,
      "sort": 101501230,
      "element_datum_object": 77
    }
  },
  {
    "pk": 62,
    "model": "element_value.elementvaluestring",
    "fields": {
      "active": true,
      "elvalue": "",
      "element_option": null,
      "sort": 101501240,
      "element_datum_object": 78
    }
  },
  {
    "pk": 63,
    "model": "element_value.elementvaluestring",
    "fields": {
      "active": true,
      "elvalue": "",
      "element_option": null,
      "sort": 101601110,
      "element_datum_object": 79
    }
  },
  {
    "pk": 64,
    "model": "element_value.elementvaluestring",
    "fields": {
      "active": true,
      "elvalue": "",
      "element_option": null,
      "sort": 101601120,
      "element_datum_object": 80
    }
  },
  {
    "pk": 65,
    "model": "element_value.elementvaluestring",
    "fields": {
      "active": true,
      "elvalue": "",
      "element_option": null,
      "sort": 101601250,
      "element_datum_object": 81
    }
  },
  {
    "pk": 66,
    "model": "element_value.elementvaluestring",
    "fields": {
      "active": true,
      "elvalue": "",
      "element_option": null,
      "sort": 101601260,
      "element_datum_object": 82
    }
  },
  {
    "pk": 67,
    "model": "element_value.elementvaluestring",
    "fields": {
      "active": true,
      "elvalue": "",
      "element_option": null,
      "sort": 101601270,
      "element_datum_object": 83
    }
  },
  {
    "pk": 68,
    "model": "element_value.elementvaluestring",
    "fields": {
      "active": true,
      "elvalue": "",
      "element_option": null,
      "sort": 101601280,
      "element_datum_object": 84
    }
  },
  {
    "pk": 69,
    "model": "element_value.elementvaluestring",
    "fields": {
      "active": true,
      "elvalue": "",
      "element_option": null,
      "sort": 101601290,
      "element_datum_object": 85
    }
  },
  {
    "pk": 70,
    "model": "element_value.elementvaluestring",
    "fields": {
      "active": true,
      "elvalue": "",
      "element_option": null,
      "sort": 101601300,
      "element_datum_object": 86
    }
  },
  {
    "pk": 71,
    "model": "element_value.elementvaluestring",
    "fields": {
      "active": true,
      "elvalue": "",
      "element_option": null,
      "sort": 301001110,
      "element_datum_object": 87
    }
  },
  {
    "pk": 72,
    "model": "element_value.elementvaluestring",
    "fields": {
      "active": true,
      "elvalue": "",
      "element_option": null,
      "sort": 301001330,
      "element_datum_object": 88
    }
  },
  {
    "pk": 73,
    "model": "element_value.elementvaluestring",
    "fields": {
      "active": true,
      "elvalue": "",
      "element_option": null,
      "sort": 401201110,
      "element_datum_object": 114
    }
  },
  {
    "pk": 74,
    "model": "element_value.elementvaluestring",
    "fields": {
      "active": true,
      "elvalue": "",
      "element_option": null,
      "sort": 401201120,
      "element_datum_object": 115
    }
  },
  {
    "pk": 75,
    "model": "element_value.elementvaluestring",
    "fields": {
      "active": true,
      "elvalue": "",
      "element_option": null,
      "sort": 401201430,
      "element_datum_object": 116
    }
  },
  {
    "pk": 76,
    "model": "element_value.elementvaluestring",
    "fields": {
      "active": true,
      "elvalue": "",
      "element_option": null,
      "sort": 401201470,
      "element_datum_object": 117
    }
  },
  {
    "pk": 77,
    "model": "element_value.elementvaluestring",
    "fields": {
      "active": true,
      "elvalue": "",
      "element_option": null,
      "sort": 401301110,
      "element_datum_object": 120
    }
  },
  {
    "pk": 78,
    "model": "element_value.elementvaluestring",
    "fields": {
      "active": true,
      "elvalue": "",
      "element_option": null,
      "sort": 401301120,
      "element_datum_object": 121
    }
  },
  {
    "pk": 79,
    "model": "element_value.elementvaluestring",
    "fields": {
      "active": true,
      "elvalue": "",
      "element_option": null,
      "sort": 401301430,
      "element_datum_object": 122
    }
  },
  {
    "pk": 80,
    "model": "element_value.elementvaluestring",
    "fields": {
      "active": true,
      "elvalue": "",
      "element_option": null,
      "sort": 401301470,
      "element_datum_object": 123
    }
  },
  {
    "pk": 81,
    "model": "element_value.elementvaluestring",
    "fields": {
      "active": true,
      "elvalue": "",
      "element_option": null,
      "sort": 401401110,
      "element_datum_object": 124
    }
  },
  {
    "pk": 82,
    "model": "element_value.elementvaluestring",
    "fields": {
      "active": true,
      "elvalue": "",
      "element_option": null,
      "sort": 401401450,
      "element_datum_object": 126
    }
  },
  {
    "pk": 83,
    "model": "element_value.elementvaluestring",
    "fields": {
      "active": true,
      "elvalue": "",
      "element_option": null,
      "sort": 401401460,
      "element_datum_object": 127
    }
  },
  {
    "pk": 92,
    "model": "element_value.elementvaluestring",
    "fields": {
      "active": true,
      "elvalue": "",
      "element_option": null,
      "sort": 401501110,
      "element_datum_object": 148
    }
  },
  {
    "pk": 93,
    "model": "element_value.elementvaluestring",
    "fields": {
      "active": true,
      "elvalue": "",
      "element_option": null,
      "sort": 401501120,
      "element_datum_object": 149
    }
  },
  {
    "pk": 94,
    "model": "element_value.elementvaluestring",
    "fields": {
      "active": true,
      "elvalue": "",
      "element_option": null,
      "sort": 401501430,
      "element_datum_object": 150
    }
  },
  {
    "pk": 95,
    "model": "element_value.elementvaluestring",
    "fields": {
      "active": true,
      "elvalue": "",
      "element_option": null,
      "sort": 401501470,
      "element_datum_object": 152
    }
  },
  {
    "pk": 1,
    "model": "element_value.elementvaluetextdata",
    "fields": {
      "active": true,
      "elvalue": "",
      "element_option": null,
      "sort": 401001440,
      "element_datum_object": 46
    }
  },
  {
    "pk": 9,
    "model": "element_value.elementvaluetextdata",
    "fields": {
      "active": true,
      "elvalue": "",
      "element_option": null,
      "sort": 301201400,
      "element_datum_object": 111
    }
  },
  {
    "pk": 10,
    "model": "element_value.elementvaluetextdata",
    "fields": {
      "active": true,
      "elvalue": "",
      "element_option": null,
      "sort": 401401440,
      "element_datum_object": 125
    }
  },
  {
    "pk": 11,
    "model": "element_value.elementvaluetextdata",
    "fields": {
      "active": true,
      "elvalue": "",
      "element_option": null,
      "sort": 301101400,
      "element_datum_object": 135
    }
  },
  {
    "pk": 14,
    "model": "element_value.elementvaluetextdata",
    "fields": {
      "active": true,
      "elvalue": "",
      "element_option": null,
      "sort": 401501440,
      "element_datum_object": 151
    }
  },
  {
    "pk": 6,
    "model": "element_value.elementvalueboolean",
    "fields": {
      "active": true,
      "elvalue": false,
      "element_option": null,
      "sort": 301201420,
      "element_datum_object": 113
    }
  },
  {
    "pk": 2,
    "model": "element_value.elementvaluedatetime",
    "fields": {
      "active": true,
      "elvalue": null,
      "element_option": null,
      "sort": 402401490,
      "element_datum_object": 38
    }
  },
  {
    "pk": 3,
    "model": "element_value.elementvaluedatetime",
    "fields": {
      "active": true,
      "elvalue": null,
      "element_option": null,
      "sort": 402401500,
      "element_datum_object": 39
    }
  },
  {
    "pk": 4,
    "model": "element_value.elementvaluedatetime",
    "fields": {
      "active": true,
      "elvalue": "2001-01-01T08:00:00Z",
      "element_option": null,
      "sort": 101301160,
      "element_datum_object": 53
    }
  },
  {
    "pk": 18,
    "model": "element_value.elementvaluedatetime",
    "fields": {
      "active": true,
      "elvalue": null,
      "element_option": null,
      "sort": 301201410,
      "element_datum_object": 112
    }
  },
  {
    "pk": 19,
    "model": "element_value.elementvaluedatetime",
    "fields": {
      "active": true,
      "elvalue": null,
      "element_option": null,
      "sort": 401201490,
      "element_datum_object": 118
    }
  },
  {
    "pk": 20,
    "model": "element_value.elementvaluedatetime",
    "fields": {
      "active": true,
      "elvalue": null,
      "element_option": null,
      "sort": 401201500,
      "element_datum_object": 119
    }
  },
  {
    "pk": 21,
    "model": "element_value.elementvaluedatetime",
    "fields": {
      "active": true,
      "elvalue": null,
      "element_option": null,
      "sort": 401401490,
      "element_datum_object": 128
    }
  },
  {
    "pk": 22,
    "model": "element_value.elementvaluedatetime",
    "fields": {
      "active": true,
      "elvalue": null,
      "element_option": null,
      "sort": 301101340,
      "element_datum_object": 129
    }
  },
  {
    "pk": 23,
    "model": "element_value.elementvaluedatetime",
    "fields": {
      "active": true,
      "elvalue": null,
      "element_option": null,
      "sort": 301101350,
      "element_datum_object": 130
    }
  },
  {
    "pk": 24,
    "model": "element_value.elementvaluedatetime",
    "fields": {
      "active": true,
      "elvalue": null,
      "element_option": null,
      "sort": 301101360,
      "element_datum_object": 131
    }
  },
  {
    "pk": 25,
    "model": "element_value.elementvaluedatetime",
    "fields": {
      "active": true,
      "elvalue": null,
      "element_option": null,
      "sort": 301101370,
      "element_datum_object": 132
    }
  },
  {
    "pk": 28,
    "model": "element_value.elementvaluedatetime",
    "fields": {
      "active": true,
      "elvalue": null,
      "element_option": null,
      "sort": 401501490,
      "element_datum_object": 153
    }
  },
  {
    "pk": 5,
    "model": "element_value.elementvaluedecimal",
    "fields": {
      "active": true,
      "elvalue": null,
      "element_option": null,
      "sort": 301101380,
      "element_datum_object": 133
    }
  },
  {
    "pk": 6,
    "model": "element_value.elementvaluedecimal",
    "fields": {
      "active": true,
      "elvalue": null,
      "element_option": null,
      "sort": 301101390,
      "element_datum_object": 134
    }
  },
  {
    "pk": 1,
    "model": "element_value.elementvaluebinary",
    "fields": {
      "active": true,
      "elvalue": null,
      "element_option": null,
      "sort": 402401480,
      "element_datum_object": 37
    }
  }
]