[
  {
    "pk": 1,
    "model": "auth.user",
    "fields": {
      "is_staff": true,
      "last_login": "2015-05-01T22:29:36.001Z",
      "is_active": true,
      "is_superuser": true,
      "groups": [],
      "password": "pbkdf2_sha256$20000$odjVNXc9YQgp$NYL+qDMHUTwm8a0hJRnlmkf/nntoIN3EnpMTrCGAFnE=",
      "first_name": "",
      "date_joined": "2015-05-01T21:44:26.879Z",
      "user_permissions": [],
      "username": "test",
      "last_name": "",
      "email": "test@test.com"
    }
  },
  {
    "pk": 1,
    "model": "datum.datumgroup",
    "fields": {
      "readable_name": "Area",
      "schema_name": "area",
      "sort": 10,
      "active": true,
      "long_definition": null,
      "entity_name": "Area",
      "readable_plural_name": "Areas",
      "short_definition": null
    }
  },
  {
    "pk": 2,
    "model": "datum.datumgroup",
    "fields": {
      "readable_name": "Activity",
      "schema_name": "activity",
      "sort": 20,
      "active": true,
      "long_definition": null,
      "entity_name": "Activity",
      "readable_plural_name": "Activities",
      "short_definition": null
    }
  },
  {
    "pk": 3,
    "model": "datum.datumgroup",
    "fields": {
      "readable_name": "Time",
      "schema_name": "time",
      "sort": 30,
      "active": true,
      "long_definition": null,
      "entity_name": "Time",
      "readable_plural_name": "Times",
      "short_definition": null
    }
  },
  {
    "pk": 4,
    "model": "datum.datumgroup",
    "fields": {
      "readable_name": "Item",
      "schema_name": "item",
      "sort": 40,
      "active": true,
      "long_definition": null,
      "entity_name": "Item",
      "readable_plural_name": "Items",
      "short_definition": null
    }
  },
  {
    "pk": 1,
    "model": "datum.datumtype",
    "fields": {
      "readable_name": "Category",
      "datum_group": 1,
      "schema_name": "category",
      "sort": 1010,
      "active": true,
      "repr_expression": "{{name}}",
      "long_definition": null,
      "entity_name": "Category",
      "readable_plural_name": "Categories",
      "short_definition": null
    }
  },
  {
    "pk": 2,
    "model": "datum.datumtype",
    "fields": {
      "readable_name": "Project",
      "datum_group": 1,
      "schema_name": "project",
      "sort": 1020,
      "active": true,
      "repr_expression": "{{name}}",
      "long_definition": null,
      "entity_name": "Project",
      "readable_plural_name": "Projects",
      "short_definition": null
    }
  },
  {
    "pk": 3,
    "model": "datum.datumtype",
    "fields": {
      "readable_name": "Context",
      "datum_group": 1,
      "schema_name": "context",
      "sort": 1030,
      "active": true,
      "repr_expression": "{{name}}",
      "long_definition": null,
      "entity_name": "Context",
      "readable_plural_name": "Contexts",
      "short_definition": null
    }
  },
  {
    "pk": 4,
    "model": "datum.datumtype",
    "fields": {
      "readable_name": "Person",
      "datum_group": 1,
      "schema_name": "person",
      "sort": 1040,
      "active": true,
      "repr_expression": "{{name}}",
      "long_definition": null,
      "entity_name": "Person",
      "readable_plural_name": "Persons",
      "short_definition": null
    }
  },
  {
    "pk": 5,
    "model": "datum.datumtype",
    "fields": {
      "readable_name": "Entity",
      "datum_group": 1,
      "schema_name": "entity",
      "sort": 1050,
      "active": true,
      "repr_expression": "{{name}}",
      "long_definition": null,
      "entity_name": "Entity",
      "readable_plural_name": "Entities",
      "short_definition": null
    }
  },
  {
    "pk": 6,
    "model": "datum.datumtype",
    "fields": {
      "readable_name": "Location",
      "datum_group": 1,
      "schema_name": "location",
      "sort": 1060,
      "active": true,
      "repr_expression": "{{name}}",
      "long_definition": null,
      "entity_name": "Location",
      "readable_plural_name": "Locations",
      "short_definition": null
    }
  },
  {
    "pk": 7,
    "model": "datum.datumtype",
    "fields": {
      "readable_name": "Contact",
      "datum_group": 1,
      "schema_name": "contact",
      "sort": 1070,
      "active": true,
      "repr_expression": "{{name}}",
      "long_definition": null,
      "entity_name": "Contact",
      "readable_plural_name": "Contacts",
      "short_definition": null
    }
  },
  {
    "pk": 8,
    "model": "datum.datumtype",
    "fields": {
      "readable_name": "Action",
      "datum_group": 2,
      "schema_name": "action",
      "sort": 2010,
      "active": true,
      "repr_expression": "{{description}}",
      "long_definition": null,
      "entity_name": "Action",
      "readable_plural_name": "Actions",
      "short_definition": null
    }
  },
  {
    "pk": 9,
    "model": "datum.datumtype",
    "fields": {
      "readable_name": "Principle",
      "datum_group": 2,
      "schema_name": "principle",
      "sort": 2020,
      "active": true,
      "repr_expression": "{{description}}",
      "long_definition": null,
      "entity_name": "Principle",
      "readable_plural_name": "Principles",
      "short_definition": null
    }
  },
  {
    "pk": 10,
    "model": "datum.datumtype",
    "fields": {
      "readable_name": "Journal",
      "datum_group": 2,
      "schema_name": "journal",
      "sort": 2030,
      "active": true,
      "repr_expression": "{{description}}",
      "long_definition": null,
      "entity_name": "Journal",
      "readable_plural_name": "Journals",
      "short_definition": null
    }
  },
  {
    "pk": 11,
    "model": "datum.datumtype",
    "fields": {
      "readable_name": "Schedule",
      "datum_group": 3,
      "schema_name": "schedule",
      "sort": 3010,
      "active": true,
      "repr_expression": "{{description}}",
      "long_definition": null,
      "entity_name": "Schedule",
      "readable_plural_name": "Schedules",
      "short_definition": null
    }
  },
  {
    "pk": 12,
    "model": "datum.datumtype",
    "fields": {
      "readable_name": "Event",
      "datum_group": 3,
      "schema_name": "event",
      "sort": 3020,
      "active": true,
      "repr_expression": "{{endingevent}}",
      "long_definition": null,
      "entity_name": "Event",
      "readable_plural_name": "Events",
      "short_definition": null
    }
  },
  {
    "pk": 13,
    "model": "datum.datumtype",
    "fields": {
      "readable_name": "Reminder",
      "datum_group": 3,
      "schema_name": "reminder",
      "sort": 3030,
      "active": true,
      "repr_expression": "{{alert}}",
      "long_definition": null,
      "entity_name": "Reminder",
      "readable_plural_name": "Reminders",
      "short_definition": null
    }
  },
  {
    "pk": 14,
    "model": "datum.datumtype",
    "fields": {
      "readable_name": "Note",
      "datum_group": 4,
      "schema_name": "note",
      "sort": 4010,
      "active": true,
      "repr_expression": "{{name}}",
      "long_definition": null,
      "entity_name": "Note",
      "readable_plural_name": "Notes",
      "short_definition": null
    }
  },
  {
    "pk": 15,
    "model": "datum.datumtype",
    "fields": {
      "readable_name": "File",
      "datum_group": 4,
      "schema_name": "file",
      "sort": 4020,
      "active": true,
      "repr_expression": "{{name}}",
      "long_definition": null,
      "entity_name": "File",
      "readable_plural_name": "Files",
      "short_definition": null
    }
  },
  {
    "pk": 16,
    "model": "datum.datumtype",
    "fields": {
      "readable_name": "Directory",
      "datum_group": 4,
      "schema_name": "directory",
      "sort": 4030,
      "active": true,
      "repr_expression": "{{name}}",
      "long_definition": null,
      "entity_name": "Directory",
      "readable_plural_name": "Directories",
      "short_definition": null
    }
  },
  {
    "pk": 17,
    "model": "datum.datumtype",
    "fields": {
      "readable_name": "Webpage",
      "datum_group": 4,
      "schema_name": "webpage",
      "sort": 4040,
      "active": true,
      "repr_expression": "{{name}}",
      "long_definition": null,
      "entity_name": "Webpage",
      "readable_plural_name": "Webpages",
      "short_definition": null
    }
  },
  {
    "pk": 18,
    "model": "datum.datumtype",
    "fields": {
      "readable_name": "Message",
      "datum_group": 4,
      "schema_name": "message",
      "sort": 4050,
      "active": true,
      "repr_expression": "{{name}}",
      "long_definition": null,
      "entity_name": "Message",
      "readable_plural_name": "Messages",
      "short_definition": null
    }
  },
  {
    "pk": 19,
    "model": "datum.datumtype",
    "fields": {
      "readable_name": "Post",
      "datum_group": 4,
      "schema_name": "post",
      "sort": 4060,
      "active": true,
      "repr_expression": "{{name}}",
      "long_definition": null,
      "entity_name": "Post",
      "readable_plural_name": "Posts",
      "short_definition": null
    }
  },
  {
    "pk": 1,
    "model": "element_type.elementdatatype",
    "fields": {
      "readable_name": "String",
      "schema_name": "string",
      "sort": 10,
      "active": true,
      "long_definition": "Used for all major text-based elements",
      "entity_name": "String",
      "readable_plural_name": "Strings",
      "short_definition": "VarChar(255)"
    }
  },
  {
    "pk": 2,
    "model": "element_type.elementdatatype",
    "fields": {
      "readable_name": "Text Data",
      "schema_name": "text_data",
      "sort": 20,
      "active": true,
      "long_definition": "Only used for string-based sub-data types, such as json or html",
      "entity_name": "TextData",
      "readable_plural_name": "Text Data",
      "short_definition": "Text"
    }
  },
  {
    "pk": 3,
    "model": "element_type.elementdatatype",
    "fields": {
      "readable_name": "Boolean",
      "schema_name": "boolean",
      "sort": 30,
      "active": true,
      "long_definition": null,
      "entity_name": "Boolean",
      "readable_plural_name": "Booleans",
      "short_definition": "Boolean"
    }
  },
  {
    "pk": 4,
    "model": "element_type.elementdatatype",
    "fields": {
      "readable_name": "Datetime",
      "schema_name": "datetime",
      "sort": 40,
      "active": true,
      "long_definition": null,
      "entity_name": "Datetime",
      "readable_plural_name": "Datetimes",
      "short_definition": "Datetime with Timezone"
    }
  },
  {
    "pk": 5,
    "model": "element_type.elementdatatype",
    "fields": {
      "readable_name": "Decimal",
      "schema_name": "decimal",
      "sort": 50,
      "active": true,
      "long_definition": null,
      "entity_name": "Decimal",
      "readable_plural_name": "Decimals",
      "short_definition": "Decimal(scale=2)"
    }
  },
  {
    "pk": 6,
    "model": "element_type.elementdatatype",
    "fields": {
      "readable_name": "Binary",
      "schema_name": "binary",
      "sort": 60,
      "active": true,
      "long_definition": "Used for any attachments and large data",
      "entity_name": "Binary",
      "readable_plural_name": "Binarys",
      "short_definition": "Blob"
    }
  },
  {
    "pk": 1,
    "model": "element_type.elementtype",
    "fields": {
      "readable_name": "Name",
      "default_expression": null,
      "schema_name": "name",
      "sort": 110,
      "active": true,
      "long_definition": null,
      "entity_name": "Name",
      "readable_plural_name": "Names",
      "element_data_type": 1,
      "short_definition": null,
      "editable": true
    }
  },
  {
    "pk": 2,
    "model": "element_type.elementtype",
    "fields": {
      "readable_name": "Description",
      "default_expression": null,
      "schema_name": "description",
      "sort": 120,
      "active": true,
      "long_definition": null,
      "entity_name": "Description",
      "readable_plural_name": "Descriptions",
      "element_data_type": 1,
      "short_definition": null,
      "editable": true
    }
  },
  {
    "pk": 3,
    "model": "element_type.elementtype",
    "fields": {
      "readable_name": "First Name",
      "default_expression": null,
      "schema_name": "first_name",
      "sort": 130,
      "active": true,
      "long_definition": null,
      "entity_name": "FirstName",
      "readable_plural_name": "First Names",
      "element_data_type": 1,
      "short_definition": null,
      "editable": true
    }
  },
  {
    "pk": 4,
    "model": "element_type.elementtype",
    "fields": {
      "readable_name": "Last Name",
      "default_expression": null,
      "schema_name": "last_name",
      "sort": 140,
      "active": true,
      "long_definition": null,
      "entity_name": "LastName",
      "readable_plural_name": "Last Names",
      "element_data_type": 1,
      "short_definition": null,
      "editable": true
    }
  },
  {
    "pk": 5,
    "model": "element_type.elementtype",
    "fields": {
      "readable_name": "Nickname",
      "default_expression": null,
      "schema_name": "nickname",
      "sort": 150,
      "active": true,
      "long_definition": null,
      "entity_name": "Nickname",
      "readable_plural_name": "Nicknames",
      "element_data_type": 1,
      "short_definition": null,
      "editable": true
    }
  },
  {
    "pk": 6,
    "model": "element_type.elementtype",
    "fields": {
      "readable_name": "Birthday",
      "default_expression": null,
      "schema_name": "birthday",
      "sort": 160,
      "active": true,
      "long_definition": null,
      "entity_name": "Birthday",
      "readable_plural_name": "Birthdays",
      "element_data_type": 4,
      "short_definition": null,
      "editable": true
    }
  },
  {
    "pk": 7,
    "model": "element_type.elementtype",
    "fields": {
      "readable_name": "Entity Type",
      "default_expression": null,
      "schema_name": "entity_type",
      "sort": 170,
      "active": true,
      "long_definition": null,
      "entity_name": "EntityType",
      "readable_plural_name": "Entity Types",
      "element_data_type": 1,
      "short_definition": null,
      "editable": true
    }
  },
  {
    "pk": 8,
    "model": "element_type.elementtype",
    "fields": {
      "readable_name": "Street Address",
      "default_expression": null,
      "schema_name": "street_address",
      "sort": 180,
      "active": true,
      "long_definition": null,
      "entity_name": "StreetAddress",
      "readable_plural_name": "Street Addresses",
      "element_data_type": 1,
      "short_definition": null,
      "editable": true
    }
  },
  {
    "pk": 9,
    "model": "element_type.elementtype",
    "fields": {
      "readable_name": "City",
      "default_expression": null,
      "schema_name": "city",
      "sort": 190,
      "active": true,
      "long_definition": null,
      "entity_name": "City",
      "readable_plural_name": "Citys",
      "element_data_type": 1,
      "short_definition": null,
      "editable": true
    }
  },
  {
    "pk": 10,
    "model": "element_type.elementtype",
    "fields": {
      "readable_name": "State",
      "default_expression": null,
      "schema_name": "state",
      "sort": 200,
      "active": true,
      "long_definition": null,
      "entity_name": "State",
      "readable_plural_name": "States",
      "element_data_type": 1,
      "short_definition": null,
      "editable": true
    }
  },
  {
    "pk": 11,
    "model": "element_type.elementtype",
    "fields": {
      "readable_name": "Zip",
      "default_expression": null,
      "schema_name": "zip",
      "sort": 210,
      "active": true,
      "long_definition": null,
      "entity_name": "Zip",
      "readable_plural_name": "Zips",
      "element_data_type": 1,
      "short_definition": null,
      "editable": true
    }
  },
  {
    "pk": 12,
    "model": "element_type.elementtype",
    "fields": {
      "readable_name": "Country",
      "default_expression": null,
      "schema_name": "country",
      "sort": 220,
      "active": true,
      "long_definition": null,
      "entity_name": "Country",
      "readable_plural_name": "Countries",
      "element_data_type": 1,
      "short_definition": null,
      "editable": true
    }
  },
  {
    "pk": 13,
    "model": "element_type.elementtype",
    "fields": {
      "readable_name": "Latitude",
      "default_expression": null,
      "schema_name": "latitude",
      "sort": 230,
      "active": true,
      "long_definition": null,
      "entity_name": "Latitude",
      "readable_plural_name": "Latitudes",
      "element_data_type": 1,
      "short_definition": null,
      "editable": true
    }
  },
  {
    "pk": 14,
    "model": "element_type.elementtype",
    "fields": {
      "readable_name": "Longitude",
      "default_expression": null,
      "schema_name": "longitude",
      "sort": 240,
      "active": true,
      "long_definition": null,
      "entity_name": "Longitude",
      "readable_plural_name": "Longitudes",
      "element_data_type": 1,
      "short_definition": null,
      "editable": true
    }
  },
  {
    "pk": 15,
    "model": "element_type.elementtype",
    "fields": {
      "readable_name": "Phone",
      "default_expression": null,
      "schema_name": "phone",
      "sort": 250,
      "active": true,
      "long_definition": null,
      "entity_name": "Phone",
      "readable_plural_name": "Phones",
      "element_data_type": 1,
      "short_definition": null,
      "editable": true
    }
  },
  {
    "pk": 16,
    "model": "element_type.elementtype",
    "fields": {
      "readable_name": "Email",
      "default_expression": null,
      "schema_name": "email",
      "sort": 260,
      "active": true,
      "long_definition": null,
      "entity_name": "Email",
      "readable_plural_name": "Emails",
      "element_data_type": 1,
      "short_definition": null,
      "editable": true
    }
  },
  {
    "pk": 17,
    "model": "element_type.elementtype",
    "fields": {
      "readable_name": "Website",
      "default_expression": null,
      "schema_name": "website",
      "sort": 270,
      "active": true,
      "long_definition": null,
      "entity_name": "Website",
      "readable_plural_name": "Websites",
      "element_data_type": 1,
      "short_definition": null,
      "editable": true
    }
  },
  {
    "pk": 18,
    "model": "element_type.elementtype",
    "fields": {
      "readable_name": "Facebook",
      "default_expression": null,
      "schema_name": "facebook",
      "sort": 280,
      "active": true,
      "long_definition": null,
      "entity_name": "Facebook",
      "readable_plural_name": "Facebook",
      "element_data_type": 1,
      "short_definition": null,
      "editable": true
    }
  },
  {
    "pk": 19,
    "model": "element_type.elementtype",
    "fields": {
      "readable_name": "LinkedIn",
      "default_expression": null,
      "schema_name": "linkedin",
      "sort": 290,
      "active": true,
      "long_definition": null,
      "entity_name": "LinkedIn",
      "readable_plural_name": "LinkedIn",
      "element_data_type": 1,
      "short_definition": null,
      "editable": true
    }
  },
  {
    "pk": 20,
    "model": "element_type.elementtype",
    "fields": {
      "readable_name": "Twitter",
      "default_expression": null,
      "schema_name": "twitter",
      "sort": 300,
      "active": true,
      "long_definition": null,
      "entity_name": "Twitter",
      "readable_plural_name": "Twitter",
      "element_data_type": 1,
      "short_definition": null,
      "editable": true
    }
  },
  {
    "pk": 21,
    "model": "element_type.elementtype",
    "fields": {
      "readable_name": "Action Status",
      "default_expression": null,
      "schema_name": "action_status",
      "sort": 310,
      "active": true,
      "long_definition": null,
      "entity_name": "ActionStatus",
      "readable_plural_name": "Action Statuses",
      "element_data_type": 1,
      "short_definition": null,
      "editable": true
    }
  },
  {
    "pk": 22,
    "model": "element_type.elementtype",
    "fields": {
      "readable_name": "Action Effort",
      "default_expression": null,
      "schema_name": "action_effort",
      "sort": 320,
      "active": true,
      "long_definition": null,
      "entity_name": "ActionEffort",
      "readable_plural_name": "Action Efforts",
      "element_data_type": 1,
      "short_definition": null,
      "editable": true
    }
  },
  {
    "pk": 23,
    "model": "element_type.elementtype",
    "fields": {
      "readable_name": "Schedule Type",
      "default_expression": null,
      "schema_name": "schedule_type",
      "sort": 330,
      "active": true,
      "long_definition": null,
      "entity_name": "ScheduleType",
      "readable_plural_name": "Schedule Types",
      "element_data_type": 1,
      "short_definition": null,
      "editable": true
    }
  },
  {
    "pk": 24,
    "model": "element_type.elementtype",
    "fields": {
      "readable_name": "Beginning Buffer",
      "default_expression": null,
      "schema_name": "beginning_buffer",
      "sort": 340,
      "active": true,
      "long_definition": null,
      "entity_name": "BeginningBuffer",
      "readable_plural_name": "Beginning Buffers",
      "element_data_type": 4,
      "short_definition": null,
      "editable": true
    }
  },
  {
    "pk": 25,
    "model": "element_type.elementtype",
    "fields": {
      "readable_name": "Beginning Event",
      "default_expression": null,
      "schema_name": "beginning_event",
      "sort": 350,
      "active": true,
      "long_definition": null,
      "entity_name": "BeginningEvent",
      "readable_plural_name": "Beginning Events",
      "element_data_type": 4,
      "short_definition": null,
      "editable": true
    }
  },
  {
    "pk": 26,
    "model": "element_type.elementtype",
    "fields": {
      "readable_name": "Ending Event",
      "default_expression": null,
      "schema_name": "ending_event",
      "sort": 360,
      "active": true,
      "long_definition": null,
      "entity_name": "EndingEvent",
      "readable_plural_name": "Ending Events",
      "element_data_type": 4,
      "short_definition": null,
      "editable": true
    }
  },
  {
    "pk": 27,
    "model": "element_type.elementtype",
    "fields": {
      "readable_name": "Ending Buffer",
      "default_expression": null,
      "schema_name": "ending_buffer",
      "sort": 370,
      "active": true,
      "long_definition": null,
      "entity_name": "EndingBuffer",
      "readable_plural_name": "Ending Buffers",
      "element_data_type": 4,
      "short_definition": null,
      "editable": true
    }
  },
  {
    "pk": 28,
    "model": "element_type.elementtype",
    "fields": {
      "readable_name": "Event Time",
      "default_expression": null,
      "schema_name": "event_time",
      "sort": 380,
      "active": true,
      "long_definition": null,
      "entity_name": "EventTime",
      "readable_plural_name": "Event Times",
      "element_data_type": 5,
      "short_definition": null,
      "editable": true
    }
  },
  {
    "pk": 29,
    "model": "element_type.elementtype",
    "fields": {
      "readable_name": "Total Time",
      "default_expression": null,
      "schema_name": "total_time",
      "sort": 390,
      "active": true,
      "long_definition": null,
      "entity_name": "TotalTime",
      "readable_plural_name": "Total Times",
      "element_data_type": 5,
      "short_definition": null,
      "editable": true
    }
  },
  {
    "pk": 30,
    "model": "element_type.elementtype",
    "fields": {
      "readable_name": "Recurring Options",
      "default_expression": null,
      "schema_name": "recurring_options",
      "sort": 400,
      "active": true,
      "long_definition": null,
      "entity_name": "RecurringOptions",
      "readable_plural_name": "Recurring Optionss",
      "element_data_type": 2,
      "short_definition": null,
      "editable": true
    }
  },
  {
    "pk": 31,
    "model": "element_type.elementtype",
    "fields": {
      "readable_name": "Alert",
      "default_expression": null,
      "schema_name": "alert",
      "sort": 410,
      "active": true,
      "long_definition": null,
      "entity_name": "Alert",
      "readable_plural_name": "Alerts",
      "element_data_type": 4,
      "short_definition": null,
      "editable": true
    }
  },
  {
    "pk": 32,
    "model": "element_type.elementtype",
    "fields": {
      "readable_name": "Logged In",
      "default_expression": null,
      "schema_name": "logged_in",
      "sort": 420,
      "active": true,
      "long_definition": null,
      "entity_name": "LoggedIn",
      "readable_plural_name": "Logged In",
      "element_data_type": 3,
      "short_definition": null,
      "editable": true
    }
  },
  {
    "pk": 33,
    "model": "element_type.elementtype",
    "fields": {
      "readable_name": "Item Status",
      "default_expression": null,
      "schema_name": "item_status",
      "sort": 430,
      "active": true,
      "long_definition": null,
      "entity_name": "ItemStatus",
      "readable_plural_name": "Item Statuses",
      "element_data_type": 1,
      "short_definition": null,
      "editable": true
    }
  },
  {
    "pk": 34,
    "model": "element_type.elementtype",
    "fields": {
      "readable_name": "Item Content",
      "default_expression": null,
      "schema_name": "item_content",
      "sort": 440,
      "active": true,
      "long_definition": null,
      "entity_name": "ItemContent",
      "readable_plural_name": "Item Contents",
      "element_data_type": 2,
      "short_definition": null,
      "editable": true
    }
  },
  {
    "pk": 35,
    "model": "element_type.elementtype",
    "fields": {
      "readable_name": "From",
      "default_expression": null,
      "schema_name": "from",
      "sort": 450,
      "active": true,
      "long_definition": null,
      "entity_name": "From",
      "readable_plural_name": "Froms",
      "element_data_type": 1,
      "short_definition": null,
      "editable": true
    }
  },
  {
    "pk": 36,
    "model": "element_type.elementtype",
    "fields": {
      "readable_name": "To",
      "default_expression": null,
      "schema_name": "to",
      "sort": 460,
      "active": true,
      "long_definition": null,
      "entity_name": "To",
      "readable_plural_name": "Tos",
      "element_data_type": 1,
      "short_definition": null,
      "editable": true
    }
  },
  {
    "pk": 37,
    "model": "element_type.elementtype",
    "fields": {
      "readable_name": "Link",
      "default_expression": null,
      "schema_name": "link",
      "sort": 470,
      "active": true,
      "long_definition": "Any local, network, or www address",
      "entity_name": "Link",
      "readable_plural_name": "Links",
      "element_data_type": 1,
      "short_definition": "URL",
      "editable": true
    }
  },
  {
    "pk": 38,
    "model": "element_type.elementtype",
    "fields": {
      "readable_name": "Attachment",
      "default_expression": null,
      "schema_name": "attachment",
      "sort": 480,
      "active": true,
      "long_definition": "File attachment",
      "entity_name": "Attachment",
      "readable_plural_name": "Attachments",
      "element_data_type": 6,
      "short_definition": null,
      "editable": true
    }
  },
  {
    "pk": 39,
    "model": "element_type.elementtype",
    "fields": {
      "readable_name": "Creation Date",
      "default_expression": null,
      "schema_name": "creation_date",
      "sort": 490,
      "active": true,
      "long_definition": "SHOULD THIS BE ROLLED INTO EVENTS?",
      "entity_name": "CreationDate",
      "readable_plural_name": "Creation Dates",
      "element_data_type": 4,
      "short_definition": null,
      "editable": true
    }
  },
  {
    "pk": 40,
    "model": "element_type.elementtype",
    "fields": {
      "readable_name": "Modification Date",
      "default_expression": null,
      "schema_name": "modification_date",
      "sort": 500,
      "active": true,
      "long_definition": "SHOULD THIS BE ROLLED INTO EVENTS?",
      "entity_name": "ModificationDate",
      "readable_plural_name": "Modification Dates",
      "element_data_type": 4,
      "short_definition": null,
      "editable": true
    }
  },
  {
    "pk": 1,
    "model": "element_type.elementtypedatumtype",
    "fields": {
      "element_type": 1,
      "sort": 1010110,
      "datum_type": 1,
      "active": true
    }
  },
  {
    "pk": 2,
    "model": "element_type.elementtypedatumtype",
    "fields": {
      "element_type": 2,
      "sort": 1010120,
      "datum_type": 1,
      "active": true
    }
  },
  {
    "pk": 3,
    "model": "element_type.elementtypedatumtype",
    "fields": {
      "element_type": 1,
      "sort": 1020110,
      "datum_type": 2,
      "active": true
    }
  },
  {
    "pk": 4,
    "model": "element_type.elementtypedatumtype",
    "fields": {
      "element_type": 2,
      "sort": 1020120,
      "datum_type": 2,
      "active": true
    }
  },
  {
    "pk": 5,
    "model": "element_type.elementtypedatumtype",
    "fields": {
      "element_type": 1,
      "sort": 1030110,
      "datum_type": 3,
      "active": true
    }
  },
  {
    "pk": 6,
    "model": "element_type.elementtypedatumtype",
    "fields": {
      "element_type": 2,
      "sort": 1030120,
      "datum_type": 3,
      "active": true
    }
  },
  {
    "pk": 7,
    "model": "element_type.elementtypedatumtype",
    "fields": {
      "element_type": 1,
      "sort": 1040110,
      "datum_type": 4,
      "active": true
    }
  },
  {
    "pk": 8,
    "model": "element_type.elementtypedatumtype",
    "fields": {
      "element_type": 2,
      "sort": 1040120,
      "datum_type": 4,
      "active": true
    }
  },
  {
    "pk": 9,
    "model": "element_type.elementtypedatumtype",
    "fields": {
      "element_type": 3,
      "sort": 1040130,
      "datum_type": 4,
      "active": true
    }
  },
  {
    "pk": 10,
    "model": "element_type.elementtypedatumtype",
    "fields": {
      "element_type": 4,
      "sort": 1040140,
      "datum_type": 4,
      "active": true
    }
  },
  {
    "pk": 11,
    "model": "element_type.elementtypedatumtype",
    "fields": {
      "element_type": 5,
      "sort": 1040150,
      "datum_type": 4,
      "active": true
    }
  },
  {
    "pk": 12,
    "model": "element_type.elementtypedatumtype",
    "fields": {
      "element_type": 6,
      "sort": 1040160,
      "datum_type": 4,
      "active": true
    }
  },
  {
    "pk": 13,
    "model": "element_type.elementtypedatumtype",
    "fields": {
      "element_type": 1,
      "sort": 1050110,
      "datum_type": 5,
      "active": true
    }
  },
  {
    "pk": 14,
    "model": "element_type.elementtypedatumtype",
    "fields": {
      "element_type": 2,
      "sort": 1050120,
      "datum_type": 5,
      "active": true
    }
  },
  {
    "pk": 15,
    "model": "element_type.elementtypedatumtype",
    "fields": {
      "element_type": 7,
      "sort": 1050170,
      "datum_type": 5,
      "active": true
    }
  },
  {
    "pk": 16,
    "model": "element_type.elementtypedatumtype",
    "fields": {
      "element_type": 1,
      "sort": 1060110,
      "datum_type": 6,
      "active": true
    }
  },
  {
    "pk": 17,
    "model": "element_type.elementtypedatumtype",
    "fields": {
      "element_type": 2,
      "sort": 1060120,
      "datum_type": 6,
      "active": true
    }
  },
  {
    "pk": 18,
    "model": "element_type.elementtypedatumtype",
    "fields": {
      "element_type": 8,
      "sort": 1060180,
      "datum_type": 6,
      "active": true
    }
  },
  {
    "pk": 19,
    "model": "element_type.elementtypedatumtype",
    "fields": {
      "element_type": 9,
      "sort": 1060190,
      "datum_type": 6,
      "active": true
    }
  },
  {
    "pk": 20,
    "model": "element_type.elementtypedatumtype",
    "fields": {
      "element_type": 10,
      "sort": 1060200,
      "datum_type": 6,
      "active": true
    }
  },
  {
    "pk": 21,
    "model": "element_type.elementtypedatumtype",
    "fields": {
      "element_type": 11,
      "sort": 1060210,
      "datum_type": 6,
      "active": true
    }
  },
  {
    "pk": 22,
    "model": "element_type.elementtypedatumtype",
    "fields": {
      "element_type": 12,
      "sort": 1060220,
      "datum_type": 6,
      "active": true
    }
  },
  {
    "pk": 23,
    "model": "element_type.elementtypedatumtype",
    "fields": {
      "element_type": 13,
      "sort": 1060230,
      "datum_type": 6,
      "active": true
    }
  },
  {
    "pk": 24,
    "model": "element_type.elementtypedatumtype",
    "fields": {
      "element_type": 14,
      "sort": 1060240,
      "datum_type": 6,
      "active": true
    }
  },
  {
    "pk": 25,
    "model": "element_type.elementtypedatumtype",
    "fields": {
      "element_type": 1,
      "sort": 1070110,
      "datum_type": 7,
      "active": true
    }
  },
  {
    "pk": 26,
    "model": "element_type.elementtypedatumtype",
    "fields": {
      "element_type": 2,
      "sort": 1070120,
      "datum_type": 7,
      "active": true
    }
  },
  {
    "pk": 27,
    "model": "element_type.elementtypedatumtype",
    "fields": {
      "element_type": 15,
      "sort": 1070250,
      "datum_type": 7,
      "active": true
    }
  },
  {
    "pk": 28,
    "model": "element_type.elementtypedatumtype",
    "fields": {
      "element_type": 16,
      "sort": 1070260,
      "datum_type": 7,
      "active": true
    }
  },
  {
    "pk": 29,
    "model": "element_type.elementtypedatumtype",
    "fields": {
      "element_type": 17,
      "sort": 1070270,
      "datum_type": 7,
      "active": true
    }
  },
  {
    "pk": 30,
    "model": "element_type.elementtypedatumtype",
    "fields": {
      "element_type": 18,
      "sort": 1070280,
      "datum_type": 7,
      "active": true
    }
  },
  {
    "pk": 31,
    "model": "element_type.elementtypedatumtype",
    "fields": {
      "element_type": 19,
      "sort": 1070290,
      "datum_type": 7,
      "active": true
    }
  },
  {
    "pk": 32,
    "model": "element_type.elementtypedatumtype",
    "fields": {
      "element_type": 20,
      "sort": 1070300,
      "datum_type": 7,
      "active": true
    }
  },
  {
    "pk": 33,
    "model": "element_type.elementtypedatumtype",
    "fields": {
      "element_type": 2,
      "sort": 2010120,
      "datum_type": 8,
      "active": true
    }
  },
  {
    "pk": 34,
    "model": "element_type.elementtypedatumtype",
    "fields": {
      "element_type": 21,
      "sort": 2010310,
      "datum_type": 8,
      "active": true
    }
  },
  {
    "pk": 35,
    "model": "element_type.elementtypedatumtype",
    "fields": {
      "element_type": 22,
      "sort": 2010320,
      "datum_type": 8,
      "active": true
    }
  },
  {
    "pk": 36,
    "model": "element_type.elementtypedatumtype",
    "fields": {
      "element_type": 2,
      "sort": 2020120,
      "datum_type": 9,
      "active": true
    }
  },
  {
    "pk": 37,
    "model": "element_type.elementtypedatumtype",
    "fields": {
      "element_type": 2,
      "sort": 2030120,
      "datum_type": 10,
      "active": true
    }
  },
  {
    "pk": 38,
    "model": "element_type.elementtypedatumtype",
    "fields": {
      "element_type": 1,
      "sort": 3010110,
      "datum_type": 11,
      "active": true
    }
  },
  {
    "pk": 39,
    "model": "element_type.elementtypedatumtype",
    "fields": {
      "element_type": 23,
      "sort": 3010330,
      "datum_type": 11,
      "active": true
    }
  },
  {
    "pk": 40,
    "model": "element_type.elementtypedatumtype",
    "fields": {
      "element_type": 24,
      "sort": 3020340,
      "datum_type": 12,
      "active": true
    }
  },
  {
    "pk": 41,
    "model": "element_type.elementtypedatumtype",
    "fields": {
      "element_type": 25,
      "sort": 3020350,
      "datum_type": 12,
      "active": true
    }
  },
  {
    "pk": 42,
    "model": "element_type.elementtypedatumtype",
    "fields": {
      "element_type": 26,
      "sort": 3020360,
      "datum_type": 12,
      "active": true
    }
  },
  {
    "pk": 43,
    "model": "element_type.elementtypedatumtype",
    "fields": {
      "element_type": 27,
      "sort": 3020370,
      "datum_type": 12,
      "active": true
    }
  },
  {
    "pk": 44,
    "model": "element_type.elementtypedatumtype",
    "fields": {
      "element_type": 28,
      "sort": 3020380,
      "datum_type": 12,
      "active": true
    }
  },
  {
    "pk": 45,
    "model": "element_type.elementtypedatumtype",
    "fields": {
      "element_type": 29,
      "sort": 3020390,
      "datum_type": 12,
      "active": true
    }
  },
  {
    "pk": 46,
    "model": "element_type.elementtypedatumtype",
    "fields": {
      "element_type": 30,
      "sort": 3020400,
      "datum_type": 12,
      "active": true
    }
  },
  {
    "pk": 47,
    "model": "element_type.elementtypedatumtype",
    "fields": {
      "element_type": 30,
      "sort": 3030400,
      "datum_type": 13,
      "active": true
    }
  },
  {
    "pk": 48,
    "model": "element_type.elementtypedatumtype",
    "fields": {
      "element_type": 31,
      "sort": 3030410,
      "datum_type": 13,
      "active": true
    }
  },
  {
    "pk": 49,
    "model": "element_type.elementtypedatumtype",
    "fields": {
      "element_type": 32,
      "sort": 3030420,
      "datum_type": 13,
      "active": true
    }
  },
  {
    "pk": 50,
    "model": "element_type.elementtypedatumtype",
    "fields": {
      "element_type": 1,
      "sort": 4010110,
      "datum_type": 14,
      "active": true
    }
  },
  {
    "pk": 51,
    "model": "element_type.elementtypedatumtype",
    "fields": {
      "element_type": 33,
      "sort": 4010430,
      "datum_type": 14,
      "active": true
    }
  },
  {
    "pk": 52,
    "model": "element_type.elementtypedatumtype",
    "fields": {
      "element_type": 34,
      "sort": 4010440,
      "datum_type": 14,
      "active": true
    }
  },
  {
    "pk": 53,
    "model": "element_type.elementtypedatumtype",
    "fields": {
      "element_type": 37,
      "sort": 4010470,
      "datum_type": 14,
      "active": true
    }
  },
  {
    "pk": 54,
    "model": "element_type.elementtypedatumtype",
    "fields": {
      "element_type": 1,
      "sort": 4020110,
      "datum_type": 15,
      "active": true
    }
  },
  {
    "pk": 55,
    "model": "element_type.elementtypedatumtype",
    "fields": {
      "element_type": 2,
      "sort": 4020120,
      "datum_type": 15,
      "active": true
    }
  },
  {
    "pk": 56,
    "model": "element_type.elementtypedatumtype",
    "fields": {
      "element_type": 33,
      "sort": 4020430,
      "datum_type": 15,
      "active": true
    }
  },
  {
    "pk": 57,
    "model": "element_type.elementtypedatumtype",
    "fields": {
      "element_type": 37,
      "sort": 4020470,
      "datum_type": 15,
      "active": true
    }
  },
  {
    "pk": 58,
    "model": "element_type.elementtypedatumtype",
    "fields": {
      "element_type": 38,
      "sort": 4020480,
      "datum_type": 15,
      "active": true
    }
  },
  {
    "pk": 59,
    "model": "element_type.elementtypedatumtype",
    "fields": {
      "element_type": 39,
      "sort": 4020490,
      "datum_type": 15,
      "active": true
    }
  },
  {
    "pk": 60,
    "model": "element_type.elementtypedatumtype",
    "fields": {
      "element_type": 40,
      "sort": 4020500,
      "datum_type": 15,
      "active": true
    }
  },
  {
    "pk": 61,
    "model": "element_type.elementtypedatumtype",
    "fields": {
      "element_type": 1,
      "sort": 4030110,
      "datum_type": 16,
      "active": true
    }
  },
  {
    "pk": 62,
    "model": "element_type.elementtypedatumtype",
    "fields": {
      "element_type": 2,
      "sort": 4030120,
      "datum_type": 16,
      "active": true
    }
  },
  {
    "pk": 63,
    "model": "element_type.elementtypedatumtype",
    "fields": {
      "element_type": 33,
      "sort": 4030430,
      "datum_type": 16,
      "active": true
    }
  },
  {
    "pk": 64,
    "model": "element_type.elementtypedatumtype",
    "fields": {
      "element_type": 37,
      "sort": 4030470,
      "datum_type": 16,
      "active": true
    }
  },
  {
    "pk": 65,
    "model": "element_type.elementtypedatumtype",
    "fields": {
      "element_type": 39,
      "sort": 4030490,
      "datum_type": 16,
      "active": true
    }
  },
  {
    "pk": 66,
    "model": "element_type.elementtypedatumtype",
    "fields": {
      "element_type": 40,
      "sort": 4030500,
      "datum_type": 16,
      "active": true
    }
  },
  {
    "pk": 67,
    "model": "element_type.elementtypedatumtype",
    "fields": {
      "element_type": 1,
      "sort": 4040110,
      "datum_type": 17,
      "active": true
    }
  },
  {
    "pk": 68,
    "model": "element_type.elementtypedatumtype",
    "fields": {
      "element_type": 2,
      "sort": 4040120,
      "datum_type": 17,
      "active": true
    }
  },
  {
    "pk": 69,
    "model": "element_type.elementtypedatumtype",
    "fields": {
      "element_type": 33,
      "sort": 4040430,
      "datum_type": 17,
      "active": true
    }
  },
  {
    "pk": 70,
    "model": "element_type.elementtypedatumtype",
    "fields": {
      "element_type": 37,
      "sort": 4040470,
      "datum_type": 17,
      "active": true
    }
  },
  {
    "pk": 71,
    "model": "element_type.elementtypedatumtype",
    "fields": {
      "element_type": 1,
      "sort": 4050110,
      "datum_type": 18,
      "active": true
    }
  },
  {
    "pk": 72,
    "model": "element_type.elementtypedatumtype",
    "fields": {
      "element_type": 34,
      "sort": 4050440,
      "datum_type": 18,
      "active": true
    }
  },
  {
    "pk": 73,
    "model": "element_type.elementtypedatumtype",
    "fields": {
      "element_type": 35,
      "sort": 4050450,
      "datum_type": 18,
      "active": true
    }
  },
  {
    "pk": 74,
    "model": "element_type.elementtypedatumtype",
    "fields": {
      "element_type": 36,
      "sort": 4050460,
      "datum_type": 18,
      "active": true
    }
  },
  {
    "pk": 75,
    "model": "element_type.elementtypedatumtype",
    "fields": {
      "element_type": 39,
      "sort": 4050490,
      "datum_type": 18,
      "active": true
    }
  },
  {
    "pk": 76,
    "model": "element_type.elementtypedatumtype",
    "fields": {
      "element_type": 1,
      "sort": 4060110,
      "datum_type": 19,
      "active": true
    }
  },
  {
    "pk": 77,
    "model": "element_type.elementtypedatumtype",
    "fields": {
      "element_type": 2,
      "sort": 4060120,
      "datum_type": 19,
      "active": true
    }
  },
  {
    "pk": 78,
    "model": "element_type.elementtypedatumtype",
    "fields": {
      "element_type": 33,
      "sort": 4060430,
      "datum_type": 19,
      "active": true
    }
  },
  {
    "pk": 79,
    "model": "element_type.elementtypedatumtype",
    "fields": {
      "element_type": 34,
      "sort": 4060440,
      "datum_type": 19,
      "active": true
    }
  },
  {
    "pk": 80,
    "model": "element_type.elementtypedatumtype",
    "fields": {
      "element_type": 37,
      "sort": 4060470,
      "datum_type": 19,
      "active": true
    }
  },
  {
    "pk": 81,
    "model": "element_type.elementtypedatumtype",
    "fields": {
      "element_type": 39,
      "sort": 4060490,
      "datum_type": 19,
      "active": true
    }
  },
  {
    "pk": 1,
    "model": "element_type.elementoption",
    "fields": {
      "readable_name": "Business",
      "schema_name": "business",
      "sort": 17010,
      "element_type": 7,
      "active": true,
      "long_definition": null,
      "entity_name": "Business",
      "readable_plural_name": "Businesses",
      "short_definition": null
    }
  },
  {
    "pk": 2,
    "model": "element_type.elementoption",
    "fields": {
      "readable_name": "Non-Profit",
      "schema_name": "non-profit",
      "sort": 17020,
      "element_type": 7,
      "active": true,
      "long_definition": null,
      "entity_name": "Non-Profit",
      "readable_plural_name": "Non-Profits",
      "short_definition": null
    }
  },
  {
    "pk": 3,
    "model": "element_type.elementoption",
    "fields": {
      "readable_name": "Education",
      "schema_name": "education",
      "sort": 17030,
      "element_type": 7,
      "active": true,
      "long_definition": null,
      "entity_name": "Education",
      "readable_plural_name": "Education",
      "short_definition": null
    }
  },
  {
    "pk": 4,
    "model": "element_type.elementoption",
    "fields": {
      "readable_name": "Food",
      "schema_name": "food",
      "sort": 17040,
      "element_type": 7,
      "active": true,
      "long_definition": null,
      "entity_name": "Food",
      "readable_plural_name": "Food",
      "short_definition": null
    }
  },
  {
    "pk": 5,
    "model": "element_type.elementoption",
    "fields": {
      "readable_name": "Service",
      "schema_name": "service",
      "sort": 17050,
      "element_type": 7,
      "active": true,
      "long_definition": null,
      "entity_name": "Service",
      "readable_plural_name": "Services",
      "short_definition": null
    }
  },
  {
    "pk": 6,
    "model": "element_type.elementoption",
    "fields": {
      "readable_name": "Cultural",
      "schema_name": "cultural",
      "sort": 17060,
      "element_type": 7,
      "active": true,
      "long_definition": null,
      "entity_name": "Cultural",
      "readable_plural_name": "Cultural",
      "short_definition": null
    }
  },
  {
    "pk": 7,
    "model": "element_type.elementoption",
    "fields": {
      "readable_name": "Religious",
      "schema_name": "religious",
      "sort": 17070,
      "element_type": 7,
      "active": true,
      "long_definition": null,
      "entity_name": "Religious",
      "readable_plural_name": "Religious",
      "short_definition": null
    }
  },
  {
    "pk": 8,
    "model": "element_type.elementoption",
    "fields": {
      "readable_name": "Government",
      "schema_name": "government",
      "sort": 17080,
      "element_type": 7,
      "active": true,
      "long_definition": null,
      "entity_name": "Government",
      "readable_plural_name": "Governments",
      "short_definition": null
    }
  },
  {
    "pk": 9,
    "model": "element_type.elementoption",
    "fields": {
      "readable_name": "Social",
      "schema_name": "social",
      "sort": 17090,
      "element_type": 7,
      "active": true,
      "long_definition": null,
      "entity_name": "Social",
      "readable_plural_name": "Social",
      "short_definition": null
    }
  },
  {
    "pk": 10,
    "model": "element_type.elementoption",
    "fields": {
      "readable_name": "New",
      "schema_name": "new",
      "sort": 31010,
      "element_type": 21,
      "active": true,
      "long_definition": null,
      "entity_name": "ActionNew",
      "readable_plural_name": "New",
      "short_definition": null
    }
  },
  {
    "pk": 11,
    "model": "element_type.elementoption",
    "fields": {
      "readable_name": "Someday",
      "schema_name": "someday",
      "sort": 31020,
      "element_type": 21,
      "active": true,
      "long_definition": null,
      "entity_name": "ActionSomeday",
      "readable_plural_name": "Someday",
      "short_definition": null
    }
  },
  {
    "pk": 12,
    "model": "element_type.elementoption",
    "fields": {
      "readable_name": "Upcoming",
      "schema_name": "upcoming",
      "sort": 31030,
      "element_type": 21,
      "active": true,
      "long_definition": null,
      "entity_name": "ActionUpcoming",
      "readable_plural_name": "Upcoming",
      "short_definition": null
    }
  },
  {
    "pk": 13,
    "model": "element_type.elementoption",
    "fields": {
      "readable_name": "Current",
      "schema_name": "current",
      "sort": 31040,
      "element_type": 21,
      "active": true,
      "long_definition": null,
      "entity_name": "ActionCurrent",
      "readable_plural_name": "Current",
      "short_definition": null
    }
  },
  {
    "pk": 14,
    "model": "element_type.elementoption",
    "fields": {
      "readable_name": "In Progress",
      "schema_name": "in_progress",
      "sort": 31050,
      "element_type": 21,
      "active": true,
      "long_definition": null,
      "entity_name": "ActionInProgress",
      "readable_plural_name": "In Progress",
      "short_definition": null
    }
  },
  {
    "pk": 15,
    "model": "element_type.elementoption",
    "fields": {
      "readable_name": "Complete",
      "schema_name": "complete",
      "sort": 31060,
      "element_type": 21,
      "active": true,
      "long_definition": null,
      "entity_name": "ActionComplete",
      "readable_plural_name": "Complete",
      "short_definition": null
    }
  },
  {
    "pk": 16,
    "model": "element_type.elementoption",
    "fields": {
      "readable_name": "WaitingFor",
      "schema_name": "waitingfor",
      "sort": 31070,
      "element_type": 21,
      "active": true,
      "long_definition": null,
      "entity_name": "ActionWaitingFor",
      "readable_plural_name": "WaitingFor",
      "short_definition": null
    }
  },
  {
    "pk": 17,
    "model": "element_type.elementoption",
    "fields": {
      "readable_name": "1",
      "schema_name": "1",
      "sort": 32010,
      "element_type": 22,
      "active": true,
      "long_definition": null,
      "entity_name": "1",
      "readable_plural_name": "1",
      "short_definition": "Very Easy"
    }
  },
  {
    "pk": 18,
    "model": "element_type.elementoption",
    "fields": {
      "readable_name": "2",
      "schema_name": "2",
      "sort": 32020,
      "element_type": 22,
      "active": true,
      "long_definition": null,
      "entity_name": "2",
      "readable_plural_name": "2",
      "short_definition": "Easy"
    }
  },
  {
    "pk": 19,
    "model": "element_type.elementoption",
    "fields": {
      "readable_name": "3",
      "schema_name": "3",
      "sort": 32030,
      "element_type": 22,
      "active": true,
      "long_definition": null,
      "entity_name": "3",
      "readable_plural_name": "3",
      "short_definition": "Neither Easy or Hard"
    }
  },
  {
    "pk": 20,
    "model": "element_type.elementoption",
    "fields": {
      "readable_name": "4",
      "schema_name": "4",
      "sort": 32040,
      "element_type": 22,
      "active": true,
      "long_definition": null,
      "entity_name": "4",
      "readable_plural_name": "4",
      "short_definition": "Hard"
    }
  },
  {
    "pk": 21,
    "model": "element_type.elementoption",
    "fields": {
      "readable_name": "5",
      "schema_name": "5",
      "sort": 32050,
      "element_type": 22,
      "active": true,
      "long_definition": null,
      "entity_name": "5",
      "readable_plural_name": "5",
      "short_definition": "Very Hard"
    }
  },
  {
    "pk": 22,
    "model": "element_type.elementoption",
    "fields": {
      "readable_name": "Actual",
      "schema_name": "actual",
      "sort": 33010,
      "element_type": 23,
      "active": true,
      "long_definition": null,
      "entity_name": "Actual",
      "readable_plural_name": "Actuals",
      "short_definition": null
    }
  },
  {
    "pk": 23,
    "model": "element_type.elementoption",
    "fields": {
      "readable_name": "Planned",
      "schema_name": "planned",
      "sort": 33020,
      "element_type": 23,
      "active": true,
      "long_definition": null,
      "entity_name": "Planned",
      "readable_plural_name": "Planneds",
      "short_definition": null
    }
  },
  {
    "pk": 24,
    "model": "element_type.elementoption",
    "fields": {
      "readable_name": "Placeholder",
      "schema_name": "placeholder",
      "sort": 40010,
      "element_type": 30,
      "active": true,
      "long_definition": null,
      "entity_name": "Placeholder",
      "readable_plural_name": "Placeholders",
      "short_definition": null
    }
  },
  {
    "pk": 25,
    "model": "element_type.elementoption",
    "fields": {
      "readable_name": "New",
      "schema_name": "new",
      "sort": 43010,
      "element_type": 33,
      "active": true,
      "long_definition": null,
      "entity_name": "ItemNew",
      "readable_plural_name": "New",
      "short_definition": null
    }
  },
  {
    "pk": 26,
    "model": "element_type.elementoption",
    "fields": {
      "readable_name": "Start",
      "schema_name": "start",
      "sort": 43020,
      "element_type": 33,
      "active": true,
      "long_definition": null,
      "entity_name": "ItemStart",
      "readable_plural_name": "Start",
      "short_definition": null
    }
  },
  {
    "pk": 27,
    "model": "element_type.elementoption",
    "fields": {
      "readable_name": "Working",
      "schema_name": "working",
      "sort": 43030,
      "element_type": 33,
      "active": true,
      "long_definition": null,
      "entity_name": "ItemWorking",
      "readable_plural_name": "Working",
      "short_definition": null
    }
  },
  {
    "pk": 28,
    "model": "element_type.elementoption",
    "fields": {
      "readable_name": "Edit",
      "schema_name": "edit",
      "sort": 43040,
      "element_type": 33,
      "active": true,
      "long_definition": null,
      "entity_name": "ItemEdit",
      "readable_plural_name": "Edit",
      "short_definition": null
    }
  },
  {
    "pk": 29,
    "model": "element_type.elementoption",
    "fields": {
      "readable_name": "Complete",
      "schema_name": "complete",
      "sort": 43050,
      "element_type": 33,
      "active": true,
      "long_definition": null,
      "entity_name": "ItemComplete",
      "readable_plural_name": "Complete",
      "short_definition": null
    }
  }
]