[{"fields": {"codename": "add_logentry", "name": "Can add log entry", "content_type": 1}, "model": "auth.permission", "pk": 1}, {"fields": {"codename": "change_logentry", "name": "Can change log entry", "content_type": 1}, "model": "auth.permission", "pk": 2}, {"fields": {"codename": "delete_logentry", "name": "Can delete log entry", "content_type": 1}, "model": "auth.permission", "pk": 3}, {"fields": {"codename": "add_permission", "name": "Can add permission", "content_type": 2}, "model": "auth.permission", "pk": 4}, {"fields": {"codename": "change_permission", "name": "Can change permission", "content_type": 2}, "model": "auth.permission", "pk": 5}, {"fields": {"codename": "delete_permission", "name": "Can delete permission", "content_type": 2}, "model": "auth.permission", "pk": 6}, {"fields": {"codename": "add_group", "name": "Can add group", "content_type": 3}, "model": "auth.permission", "pk": 7}, {"fields": {"codename": "change_group", "name": "Can change group", "content_type": 3}, "model": "auth.permission", "pk": 8}, {"fields": {"codename": "delete_group", "name": "Can delete group", "content_type": 3}, "model": "auth.permission", "pk": 9}, {"fields": {"codename": "add_user", "name": "Can add user", "content_type": 4}, "model": "auth.permission", "pk": 10}, {"fields": {"codename": "change_user", "name": "Can change user", "content_type": 4}, "model": "auth.permission", "pk": 11}, {"fields": {"codename": "delete_user", "name": "Can delete user", "content_type": 4}, "model": "auth.permission", "pk": 12}, {"fields": {"codename": "add_contenttype", "name": "Can add content type", "content_type": 5}, "model": "auth.permission", "pk": 13}, {"fields": {"codename": "change_contenttype", "name": "Can change content type", "content_type": 5}, "model": "auth.permission", "pk": 14}, {"fields": {"codename": "delete_contenttype", "name": "Can delete content type", "content_type": 5}, "model": "auth.permission", "pk": 15}, {"fields": {"codename": "add_session", "name": "Can add session", "content_type": 6}, "model": "auth.permission", "pk": 16}, {"fields": {"codename": "change_session", "name": "Can change session", "content_type": 6}, "model": "auth.permission", "pk": 17}, {"fields": {"codename": "delete_session", "name": "Can delete session", "content_type": 6}, "model": "auth.permission", "pk": 18}, {"fields": {"codename": "add_datumgroup", "name": "Can add Datum Group", "content_type": 7}, "model": "auth.permission", "pk": 19}, {"fields": {"codename": "change_datumgroup", "name": "Can change Datum Group", "content_type": 7}, "model": "auth.permission", "pk": 20}, {"fields": {"codename": "delete_datumgroup", "name": "Can delete Datum Group", "content_type": 7}, "model": "auth.permission", "pk": 21}, {"fields": {"codename": "add_datumtype", "name": "Can add Datum Type", "content_type": 8}, "model": "auth.permission", "pk": 22}, {"fields": {"codename": "change_datumtype", "name": "Can change Datum Type", "content_type": 8}, "model": "auth.permission", "pk": 23}, {"fields": {"codename": "delete_datumtype", "name": "Can delete Datum Type", "content_type": 8}, "model": "auth.permission", "pk": 24}, {"fields": {"codename": "add_datumobject", "name": "Can add Datum", "content_type": 9}, "model": "auth.permission", "pk": 25}, {"fields": {"codename": "change_datumobject", "name": "Can change Datum", "content_type": 9}, "model": "auth.permission", "pk": 26}, {"fields": {"codename": "delete_datumobject", "name": "Can delete Datum", "content_type": 9}, "model": "auth.permission", "pk": 27}, {"fields": {"codename": "add_elementdatatype", "name": "Can add Element Data Type", "content_type": 10}, "model": "auth.permission", "pk": 28}, {"fields": {"codename": "change_elementdatatype", "name": "Can change Element Data Type", "content_type": 10}, "model": "auth.permission", "pk": 29}, {"fields": {"codename": "delete_elementdatatype", "name": "Can delete Element Data Type", "content_type": 10}, "model": "auth.permission", "pk": 30}, {"fields": {"codename": "add_elementtype", "name": "Can add element type", "content_type": 11}, "model": "auth.permission", "pk": 31}, {"fields": {"codename": "change_elementtype", "name": "Can change element type", "content_type": 11}, "model": "auth.permission", "pk": 32}, {"fields": {"codename": "delete_elementtype", "name": "Can delete element type", "content_type": 11}, "model": "auth.permission", "pk": 33}, {"fields": {"codename": "add_elementoption", "name": "Can add Element Option", "content_type": 12}, "model": "auth.permission", "pk": 34}, {"fields": {"codename": "change_elementoption", "name": "Can change Element Option", "content_type": 12}, "model": "auth.permission", "pk": 35}, {"fields": {"codename": "delete_elementoption", "name": "Can delete Element Option", "content_type": 12}, "model": "auth.permission", "pk": 36}, {"fields": {"codename": "add_elementtypedatumtype", "name": "Can add Element Type - Datum Type", "content_type": 13}, "model": "auth.permission", "pk": 37}, {"fields": {"codename": "change_elementtypedatumtype", "name": "Can change Element Type - Datum Type", "content_type": 13}, "model": "auth.permission", "pk": 38}, {"fields": {"codename": "delete_elementtypedatumtype", "name": "Can delete Element Type - Datum Type", "content_type": 13}, "model": "auth.permission", "pk": 39}, {"fields": {"codename": "add_elementtypedatumobject", "name": "Can add Element Type - Datum Object", "content_type": 14}, "model": "auth.permission", "pk": 40}, {"fields": {"codename": "change_elementtypedatumobject", "name": "Can change Element Type - Datum Object", "content_type": 14}, "model": "auth.permission", "pk": 41}, {"fields": {"codename": "delete_elementtypedatumobject", "name": "Can delete Element Type - Datum Object", "content_type": 14}, "model": "auth.permission", "pk": 42}, {"fields": {"codename": "add_elementvaluestring", "name": "Can add Element Value", "content_type": 15}, "model": "auth.permission", "pk": 43}, {"fields": {"codename": "change_elementvaluestring", "name": "Can change Element Value", "content_type": 15}, "model": "auth.permission", "pk": 44}, {"fields": {"codename": "delete_elementvaluestring", "name": "Can delete Element Value", "content_type": 15}, "model": "auth.permission", "pk": 45}, {"fields": {"codename": "add_elementvaluetextdata", "name": "Can add Element Value", "content_type": 16}, "model": "auth.permission", "pk": 46}, {"fields": {"codename": "change_elementvaluetextdata", "name": "Can change Element Value", "content_type": 16}, "model": "auth.permission", "pk": 47}, {"fields": {"codename": "delete_elementvaluetextdata", "name": "Can delete Element Value", "content_type": 16}, "model": "auth.permission", "pk": 48}, {"fields": {"codename": "add_elementvalueboolean", "name": "Can add Element Value", "content_type": 17}, "model": "auth.permission", "pk": 49}, {"fields": {"codename": "change_elementvalueboolean", "name": "Can change Element Value", "content_type": 17}, "model": "auth.permission", "pk": 50}, {"fields": {"codename": "delete_elementvalueboolean", "name": "Can delete Element Value", "content_type": 17}, "model": "auth.permission", "pk": 51}, {"fields": {"codename": "add_elementvaluedatetime", "name": "Can add Element Value", "content_type": 18}, "model": "auth.permission", "pk": 52}, {"fields": {"codename": "change_elementvaluedatetime", "name": "Can change Element Value", "content_type": 18}, "model": "auth.permission", "pk": 53}, {"fields": {"codename": "delete_elementvaluedatetime", "name": "Can delete Element Value", "content_type": 18}, "model": "auth.permission", "pk": 54}, {"fields": {"codename": "add_elementvaluedecimal", "name": "Can add Element Value", "content_type": 19}, "model": "auth.permission", "pk": 55}, {"fields": {"codename": "change_elementvaluedecimal", "name": "Can change Element Value", "content_type": 19}, "model": "auth.permission", "pk": 56}, {"fields": {"codename": "delete_elementvaluedecimal", "name": "Can delete Element Value", "content_type": 19}, "model": "auth.permission", "pk": 57}, {"fields": {"codename": "add_elementvaluebinary", "name": "Can add Element Value", "content_type": 20}, "model": "auth.permission", "pk": 58}, {"fields": {"codename": "change_elementvaluebinary", "name": "Can change Element Value", "content_type": 20}, "model": "auth.permission", "pk": 59}, {"fields": {"codename": "delete_elementvaluebinary", "name": "Can delete Element Value", "content_type": 20}, "model": "auth.permission", "pk": 60}, {"fields": {"codename": "add_associationtype", "name": "Can add Association Type", "content_type": 21}, "model": "auth.permission", "pk": 61}, {"fields": {"codename": "change_associationtype", "name": "Can change Association Type", "content_type": 21}, "model": "auth.permission", "pk": 62}, {"fields": {"codename": "delete_associationtype", "name": "Can delete Association Type", "content_type": 21}, "model": "auth.permission", "pk": 63}, {"fields": {"codename": "add_associationdirection", "name": "Can add Association Direction", "content_type": 22}, "model": "auth.permission", "pk": 64}, {"fields": {"codename": "change_associationdirection", "name": "Can change Association Direction", "content_type": 22}, "model": "auth.permission", "pk": 65}, {"fields": {"codename": "delete_associationdirection", "name": "Can delete Association Direction", "content_type": 22}, "model": "auth.permission", "pk": 66}, {"fields": {"codename": "add_associationadjacent", "name": "Can add Association Adjacent", "content_type": 23}, "model": "auth.permission", "pk": 67}, {"fields": {"codename": "change_associationadjacent", "name": "Can change Association Adjacent", "content_type": 23}, "model": "auth.permission", "pk": 68}, {"fields": {"codename": "delete_associationadjacent", "name": "Can delete Association Adjacent", "content_type": 23}, "model": "auth.permission", "pk": 69}, {"fields": {"codename": "add_associationall", "name": "Can add Association All", "content_type": 24}, "model": "auth.permission", "pk": 70}, {"fields": {"codename": "change_associationall", "name": "Can change Association All", "content_type": 24}, "model": "auth.permission", "pk": 71}, {"fields": {"codename": "delete_associationall", "name": "Can delete Association All", "content_type": 24}, "model": "auth.permission", "pk": 72}, {"fields": {"codename": "add_filterrulegroup", "name": "Can add Filter Rule - Group", "content_type": 25}, "model": "auth.permission", "pk": 73}, {"fields": {"codename": "change_filterrulegroup", "name": "Can change Filter Rule - Group", "content_type": 25}, "model": "auth.permission", "pk": 74}, {"fields": {"codename": "delete_filterrulegroup", "name": "Can delete Filter Rule - Group", "content_type": 25}, "model": "auth.permission", "pk": 75}, {"fields": {"codename": "add_filterruletype", "name": "Can add Filter Rule - Type", "content_type": 26}, "model": "auth.permission", "pk": 76}, {"fields": {"codename": "change_filterruletype", "name": "Can change Filter Rule - Type", "content_type": 26}, "model": "auth.permission", "pk": 77}, {"fields": {"codename": "delete_filterruletype", "name": "Can delete Filter Rule - Type", "content_type": 26}, "model": "auth.permission", "pk": 78}, {"fields": {"codename": "add_filterruleassociation", "name": "Can add Filter Rule - Association", "content_type": 27}, "model": "auth.permission", "pk": 79}, {"fields": {"codename": "change_filterruleassociation", "name": "Can change Filter Rule - Association", "content_type": 27}, "model": "auth.permission", "pk": 80}, {"fields": {"codename": "delete_filterruleassociation", "name": "Can delete Filter Rule - Association", "content_type": 27}, "model": "auth.permission", "pk": 81}, {"fields": {"codename": "add_filterruleelement", "name": "Can add Filter Rule - Element", "content_type": 28}, "model": "auth.permission", "pk": 82}, {"fields": {"codename": "change_filterruleelement", "name": "Can change Filter Rule - Element", "content_type": 28}, "model": "auth.permission", "pk": 83}, {"fields": {"codename": "delete_filterruleelement", "name": "Can delete Filter Rule - Element", "content_type": 28}, "model": "auth.permission", "pk": 84}, {"fields": {"codename": "add_filterset", "name": "Can add Filter Set", "content_type": 29}, "model": "auth.permission", "pk": 85}, {"fields": {"codename": "change_filterset", "name": "Can change Filter Set", "content_type": 29}, "model": "auth.permission", "pk": 86}, {"fields": {"codename": "delete_filterset", "name": "Can delete Filter Set", "content_type": 29}, "model": "auth.permission", "pk": 87}, {"fields": {"codename": "add_filtersetgrouprule", "name": "Can add filter set group rule", "content_type": 30}, "model": "auth.permission", "pk": 88}, {"fields": {"codename": "change_filtersetgrouprule", "name": "Can change filter set group rule", "content_type": 30}, "model": "auth.permission", "pk": 89}, {"fields": {"codename": "delete_filtersetgrouprule", "name": "Can delete filter set group rule", "content_type": 30}, "model": "auth.permission", "pk": 90}, {"fields": {"codename": "add_filtersettyperule", "name": "Can add filter set type rule", "content_type": 31}, "model": "auth.permission", "pk": 91}, {"fields": {"codename": "change_filtersettyperule", "name": "Can change filter set type rule", "content_type": 31}, "model": "auth.permission", "pk": 92}, {"fields": {"codename": "delete_filtersettyperule", "name": "Can delete filter set type rule", "content_type": 31}, "model": "auth.permission", "pk": 93}, {"fields": {"codename": "add_filtersetassociationrule", "name": "Can add filter set association rule", "content_type": 32}, "model": "auth.permission", "pk": 94}, {"fields": {"codename": "change_filtersetassociationrule", "name": "Can change filter set association rule", "content_type": 32}, "model": "auth.permission", "pk": 95}, {"fields": {"codename": "delete_filtersetassociationrule", "name": "Can delete filter set association rule", "content_type": 32}, "model": "auth.permission", "pk": 96}, {"fields": {"codename": "add_filtersetelementrule", "name": "Can add filter set element rule", "content_type": 33}, "model": "auth.permission", "pk": 97}, {"fields": {"codename": "change_filtersetelementrule", "name": "Can change filter set element rule", "content_type": 33}, "model": "auth.permission", "pk": 98}, {"fields": {"codename": "delete_filtersetelementrule", "name": "Can delete filter set element rule", "content_type": 33}, "model": "auth.permission", "pk": 99}, {"fields": {"codename": "add_watchworddatumtype", "name": "Can add Datum Type Watchword", "content_type": 34}, "model": "auth.permission", "pk": 100}, {"fields": {"codename": "change_watchworddatumtype", "name": "Can change Datum Type Watchword", "content_type": 34}, "model": "auth.permission", "pk": 101}, {"fields": {"codename": "delete_watchworddatumtype", "name": "Can delete Datum Type Watchword", "content_type": 34}, "model": "auth.permission", "pk": 102}, {"fields": {"codename": "add_watchworddatumobject", "name": "Can add Datum Object Watchword", "content_type": 35}, "model": "auth.permission", "pk": 103}, {"fields": {"codename": "change_watchworddatumobject", "name": "Can change Datum Object Watchword", "content_type": 35}, "model": "auth.permission", "pk": 104}, {"fields": {"codename": "delete_watchworddatumobject", "name": "Can delete Datum Object Watchword", "content_type": 35}, "model": "auth.permission", "pk": 105}, {"fields": {"codename": "add_watchwordassociationtype", "name": "Can add Association Type Watchword", "content_type": 36}, "model": "auth.permission", "pk": 106}, {"fields": {"codename": "change_watchwordassociationtype", "name": "Can change Association Type Watchword", "content_type": 36}, "model": "auth.permission", "pk": 107}, {"fields": {"codename": "delete_watchwordassociationtype", "name": "Can delete Association Type Watchword", "content_type": 36}, "model": "auth.permission", "pk": 108}, {"fields": {"password": "pbkdf2_sha256$20000$odjVNXc9YQgp$NYL+qDMHUTwm8a0hJRnlmkf/nntoIN3EnpMTrCGAFnE=", "username": "test", "is_staff": true, "email": "test@test.com", "last_name": "", "user_permissions": [], "is_active": true, "last_login": null, "groups": [], "date_joined": "2015-05-01T21:44:26.879Z", "is_superuser": true, "first_name": ""}, "model": "auth.user", "pk": 1}, {"fields": {"sort": 10, "entity_name": "Area", "active": true, "readable_name": "Area", "short_definition": null, "long_definition": null, "schema_name": "area", "readable_plural_name": "Areas"}, "model": "datum.datumgroup", "pk": 1}, {"fields": {"sort": 20, "entity_name": "Activity", "active": true, "readable_name": "Activity", "short_definition": null, "long_definition": null, "schema_name": "activity", "readable_plural_name": "Activities"}, "model": "datum.datumgroup", "pk": 2}, {"fields": {"sort": 30, "entity_name": "Time", "active": true, "readable_name": "Time", "short_definition": null, "long_definition": null, "schema_name": "time", "readable_plural_name": "Times"}, "model": "datum.datumgroup", "pk": 3}, {"fields": {"sort": 40, "entity_name": "Item", "active": true, "readable_name": "Item", "short_definition": null, "long_definition": null, "schema_name": "item", "readable_plural_name": "Items"}, "model": "datum.datumgroup", "pk": 4}, {"fields": {"sort": 1010, "entity_name": "Category", "active": true, "readable_name": "Category", "short_definition": null, "datum_group": 1, "long_definition": null, "schema_name": "category", "readable_plural_name": "Categories", "repr_expression": "name"}, "model": "datum.datumtype", "pk": 1}, {"fields": {"sort": 1020, "entity_name": "Project", "active": true, "readable_name": "Project", "short_definition": null, "datum_group": 1, "long_definition": null, "schema_name": "project", "readable_plural_name": "Projects", "repr_expression": "name"}, "model": "datum.datumtype", "pk": 2}, {"fields": {"sort": 1030, "entity_name": "Context", "active": true, "readable_name": "Context", "short_definition": null, "datum_group": 1, "long_definition": null, "schema_name": "context", "readable_plural_name": "Contexts", "repr_expression": "name"}, "model": "datum.datumtype", "pk": 3}, {"fields": {"sort": 1040, "entity_name": "Person", "active": true, "readable_name": "Person", "short_definition": null, "datum_group": 1, "long_definition": null, "schema_name": "person", "readable_plural_name": "Persons", "repr_expression": "name"}, "model": "datum.datumtype", "pk": 4}, {"fields": {"sort": 1050, "entity_name": "Entity", "active": true, "readable_name": "Entity", "short_definition": null, "datum_group": 1, "long_definition": null, "schema_name": "entity", "readable_plural_name": "Entities", "repr_expression": "name"}, "model": "datum.datumtype", "pk": 5}, {"fields": {"sort": 1060, "entity_name": "Location", "active": true, "readable_name": "Location", "short_definition": null, "datum_group": 1, "long_definition": null, "schema_name": "location", "readable_plural_name": "Locations", "repr_expression": "name"}, "model": "datum.datumtype", "pk": 6}, {"fields": {"sort": 1070, "entity_name": "Contact", "active": true, "readable_name": "Contact", "short_definition": null, "datum_group": 1, "long_definition": null, "schema_name": "contact", "readable_plural_name": "Contacts", "repr_expression": "name"}, "model": "datum.datumtype", "pk": 7}, {"fields": {"sort": 2010, "entity_name": "Action", "active": true, "readable_name": "Action", "short_definition": null, "datum_group": 2, "long_definition": null, "schema_name": "action", "readable_plural_name": "Actions", "repr_expression": "name"}, "model": "datum.datumtype", "pk": 8}, {"fields": {"sort": 2020, "entity_name": "Principle", "active": true, "readable_name": "Principle", "short_definition": null, "datum_group": 2, "long_definition": null, "schema_name": "principle", "readable_plural_name": "Principles", "repr_expression": "name"}, "model": "datum.datumtype", "pk": 9}, {"fields": {"sort": 2030, "entity_name": "Journal", "active": true, "readable_name": "Journal", "short_definition": null, "datum_group": 2, "long_definition": null, "schema_name": "journal", "readable_plural_name": "Journals", "repr_expression": "name"}, "model": "datum.datumtype", "pk": 10}, {"fields": {"sort": 3010, "entity_name": "Schedule", "active": true, "readable_name": "Schedule", "short_definition": null, "datum_group": 3, "long_definition": null, "schema_name": "schedule", "readable_plural_name": "Schedules", "repr_expression": "name"}, "model": "datum.datumtype", "pk": 11}, {"fields": {"sort": 3020, "entity_name": "Event", "active": true, "readable_name": "Event", "short_definition": null, "datum_group": 3, "long_definition": null, "schema_name": "event", "readable_plural_name": "Events", "repr_expression": "name"}, "model": "datum.datumtype", "pk": 12}, {"fields": {"sort": 3030, "entity_name": "Reminder", "active": true, "readable_name": "Reminder", "short_definition": null, "datum_group": 3, "long_definition": null, "schema_name": "reminder", "readable_plural_name": "Reminders", "repr_expression": "name"}, "model": "datum.datumtype", "pk": 13}, {"fields": {"sort": 4010, "entity_name": "Note", "active": true, "readable_name": "Note", "short_definition": null, "datum_group": 4, "long_definition": null, "schema_name": "note", "readable_plural_name": "Notes", "repr_expression": "name"}, "model": "datum.datumtype", "pk": 14}, {"fields": {"sort": 4020, "entity_name": "File", "active": true, "readable_name": "File", "short_definition": null, "datum_group": 4, "long_definition": null, "schema_name": "file", "readable_plural_name": "Files", "repr_expression": "name"}, "model": "datum.datumtype", "pk": 15}, {"fields": {"sort": 4030, "entity_name": "Directory", "active": true, "readable_name": "Directory", "short_definition": null, "datum_group": 4, "long_definition": null, "schema_name": "directory", "readable_plural_name": "Directories", "repr_expression": "name"}, "model": "datum.datumtype", "pk": 16}, {"fields": {"sort": 4040, "entity_name": "Webpage", "active": true, "readable_name": "Webpage", "short_definition": null, "datum_group": 4, "long_definition": null, "schema_name": "webpage", "readable_plural_name": "Webpages", "repr_expression": "name"}, "model": "datum.datumtype", "pk": 17}, {"fields": {"sort": 4050, "entity_name": "Message", "active": true, "readable_name": "Message", "short_definition": null, "datum_group": 4, "long_definition": null, "schema_name": "message", "readable_plural_name": "Messages", "repr_expression": "name"}, "model": "datum.datumtype", "pk": 18}, {"fields": {"sort": 4060, "entity_name": "Post", "active": true, "readable_name": "Post", "short_definition": null, "datum_group": 4, "long_definition": null, "schema_name": "post", "readable_plural_name": "Posts", "repr_expression": "name"}, "model": "datum.datumtype", "pk": 19}, {"fields": {"sort": 10, "entity_name": "String", "active": true, "readable_name": "String", "short_definition": "VarChar(255)", "long_definition": "Used for all major text-based elements", "schema_name": "string", "readable_plural_name": "Strings"}, "model": "element_type.elementdatatype", "pk": 1}, {"fields": {"sort": 20, "entity_name": "TextData", "active": true, "readable_name": "Text Data", "short_definition": "Text", "long_definition": "Only used for string-based sub-data types, such as json or html", "schema_name": "text_data", "readable_plural_name": "Text Data"}, "model": "element_type.elementdatatype", "pk": 2}, {"fields": {"sort": 30, "entity_name": "Boolean", "active": true, "readable_name": "Boolean", "short_definition": "Boolean", "long_definition": null, "schema_name": "boolean", "readable_plural_name": "Booleans"}, "model": "element_type.elementdatatype", "pk": 3}, {"fields": {"sort": 40, "entity_name": "Datetime", "active": true, "readable_name": "Datetime", "short_definition": "Datetime with Timezone", "long_definition": null, "schema_name": "datetime", "readable_plural_name": "Datetimes"}, "model": "element_type.elementdatatype", "pk": 4}, {"fields": {"sort": 50, "entity_name": "Decimal", "active": true, "readable_name": "Decimal", "short_definition": "Decimal(scale=2)", "long_definition": null, "schema_name": "decimal", "readable_plural_name": "Decimals"}, "model": "element_type.elementdatatype", "pk": 5}, {"fields": {"sort": 60, "entity_name": "Binary", "active": true, "readable_name": "Binary", "short_definition": "Blob", "long_definition": "Used for any attachments and large data", "schema_name": "binary", "readable_plural_name": "Binarys"}, "model": "element_type.elementdatatype", "pk": 6}, {"fields": {"sort": 110, "editable": true, "entity_name": "Name", "active": true, "readable_name": "Name", "default_expression": null, "short_definition": null, "element_data_type": 1, "long_definition": null, "schema_name": "name", "readable_plural_name": "Names"}, "model": "element_type.elementtype", "pk": 1}, {"fields": {"sort": 120, "editable": true, "entity_name": "Description", "active": true, "readable_name": "Description", "default_expression": null, "short_definition": null, "element_data_type": 1, "long_definition": null, "schema_name": "description", "readable_plural_name": "Descriptions"}, "model": "element_type.elementtype", "pk": 2}, {"fields": {"sort": 130, "editable": true, "entity_name": "FirstName", "active": true, "readable_name": "First Name", "default_expression": null, "short_definition": null, "element_data_type": 1, "long_definition": null, "schema_name": "first_name", "readable_plural_name": "First Names"}, "model": "element_type.elementtype", "pk": 3}, {"fields": {"sort": 140, "editable": true, "entity_name": "LastName", "active": true, "readable_name": "Last Name", "default_expression": null, "short_definition": null, "element_data_type": 1, "long_definition": null, "schema_name": "last_name", "readable_plural_name": "Last Names"}, "model": "element_type.elementtype", "pk": 4}, {"fields": {"sort": 150, "editable": true, "entity_name": "Nickname", "active": true, "readable_name": "Nickname", "default_expression": null, "short_definition": null, "element_data_type": 1, "long_definition": null, "schema_name": "nickname", "readable_plural_name": "Nicknames"}, "model": "element_type.elementtype", "pk": 5}, {"fields": {"sort": 160, "editable": true, "entity_name": "Birthday", "active": true, "readable_name": "Birthday", "default_expression": null, "short_definition": null, "element_data_type": 4, "long_definition": null, "schema_name": "birthday", "readable_plural_name": "Birthdays"}, "model": "element_type.elementtype", "pk": 6}, {"fields": {"sort": 170, "editable": true, "entity_name": "EntityType", "active": true, "readable_name": "Entity Type", "default_expression": null, "short_definition": null, "element_data_type": 1, "long_definition": null, "schema_name": "entity_type", "readable_plural_name": "Entity Types"}, "model": "element_type.elementtype", "pk": 7}, {"fields": {"sort": 180, "editable": true, "entity_name": "StreetAddress", "active": true, "readable_name": "Street Address", "default_expression": null, "short_definition": null, "element_data_type": 1, "long_definition": null, "schema_name": "street_address", "readable_plural_name": "Street Addresses"}, "model": "element_type.elementtype", "pk": 8}, {"fields": {"sort": 190, "editable": true, "entity_name": "City", "active": true, "readable_name": "City", "default_expression": null, "short_definition": null, "element_data_type": 1, "long_definition": null, "schema_name": "city", "readable_plural_name": "Citys"}, "model": "element_type.elementtype", "pk": 9}, {"fields": {"sort": 200, "editable": true, "entity_name": "State", "active": true, "readable_name": "State", "default_expression": null, "short_definition": null, "element_data_type": 1, "long_definition": null, "schema_name": "state", "readable_plural_name": "States"}, "model": "element_type.elementtype", "pk": 10}, {"fields": {"sort": 210, "editable": true, "entity_name": "Zip", "active": true, "readable_name": "Zip", "default_expression": null, "short_definition": null, "element_data_type": 1, "long_definition": null, "schema_name": "zip", "readable_plural_name": "Zips"}, "model": "element_type.elementtype", "pk": 11}, {"fields": {"sort": 220, "editable": true, "entity_name": "Country", "active": true, "readable_name": "Country", "default_expression": null, "short_definition": null, "element_data_type": 1, "long_definition": null, "schema_name": "country", "readable_plural_name": "Countries"}, "model": "element_type.elementtype", "pk": 12}, {"fields": {"sort": 230, "editable": true, "entity_name": "Latitude", "active": true, "readable_name": "Latitude", "default_expression": null, "short_definition": null, "element_data_type": 1, "long_definition": null, "schema_name": "latitude", "readable_plural_name": "Latitudes"}, "model": "element_type.elementtype", "pk": 13}, {"fields": {"sort": 240, "editable": true, "entity_name": "Longitude", "active": true, "readable_name": "Longitude", "default_expression": null, "short_definition": null, "element_data_type": 1, "long_definition": null, "schema_name": "longitude", "readable_plural_name": "Longitudes"}, "model": "element_type.elementtype", "pk": 14}, {"fields": {"sort": 250, "editable": true, "entity_name": "Phone", "active": true, "readable_name": "Phone", "default_expression": null, "short_definition": null, "element_data_type": 1, "long_definition": null, "schema_name": "phone", "readable_plural_name": "Phones"}, "model": "element_type.elementtype", "pk": 15}, {"fields": {"sort": 260, "editable": true, "entity_name": "Email", "active": true, "readable_name": "Email", "default_expression": null, "short_definition": null, "element_data_type": 1, "long_definition": null, "schema_name": "email", "readable_plural_name": "Emails"}, "model": "element_type.elementtype", "pk": 16}, {"fields": {"sort": 270, "editable": true, "entity_name": "Website", "active": true, "readable_name": "Website", "default_expression": null, "short_definition": null, "element_data_type": 1, "long_definition": null, "schema_name": "website", "readable_plural_name": "Websites"}, "model": "element_type.elementtype", "pk": 17}, {"fields": {"sort": 280, "editable": true, "entity_name": "Facebook", "active": true, "readable_name": "Facebook", "default_expression": null, "short_definition": null, "element_data_type": 1, "long_definition": null, "schema_name": "facebook", "readable_plural_name": "Facebook"}, "model": "element_type.elementtype", "pk": 18}, {"fields": {"sort": 290, "editable": true, "entity_name": "LinkedIn", "active": true, "readable_name": "LinkedIn", "default_expression": null, "short_definition": null, "element_data_type": 1, "long_definition": null, "schema_name": "linkedin", "readable_plural_name": "LinkedIn"}, "model": "element_type.elementtype", "pk": 19}, {"fields": {"sort": 300, "editable": true, "entity_name": "Twitter", "active": true, "readable_name": "Twitter", "default_expression": null, "short_definition": null, "element_data_type": 1, "long_definition": null, "schema_name": "twitter", "readable_plural_name": "Twitter"}, "model": "element_type.elementtype", "pk": 20}, {"fields": {"sort": 310, "editable": true, "entity_name": "ActionStatus", "active": true, "readable_name": "Action Status", "default_expression": null, "short_definition": null, "element_data_type": 1, "long_definition": null, "schema_name": "action_status", "readable_plural_name": "Action Statuses"}, "model": "element_type.elementtype", "pk": 21}, {"fields": {"sort": 320, "editable": true, "entity_name": "ActionEffort", "active": true, "readable_name": "Action Effort", "default_expression": null, "short_definition": null, "element_data_type": 1, "long_definition": null, "schema_name": "action_effort", "readable_plural_name": "Action Efforts"}, "model": "element_type.elementtype", "pk": 22}, {"fields": {"sort": 330, "editable": true, "entity_name": "ScheduleType", "active": true, "readable_name": "Schedule Type", "default_expression": null, "short_definition": null, "element_data_type": 1, "long_definition": null, "schema_name": "schedule_type", "readable_plural_name": "Schedule Types"}, "model": "element_type.elementtype", "pk": 23}, {"fields": {"sort": 340, "editable": true, "entity_name": "BeginningBuffer", "active": true, "readable_name": "Beginning Buffer", "default_expression": null, "short_definition": null, "element_data_type": 4, "long_definition": null, "schema_name": "beginning_buffer", "readable_plural_name": "Beginning Buffers"}, "model": "element_type.elementtype", "pk": 24}, {"fields": {"sort": 350, "editable": true, "entity_name": "BeginningEvent", "active": true, "readable_name": "Beginning Event", "default_expression": null, "short_definition": null, "element_data_type": 4, "long_definition": null, "schema_name": "beginning_event", "readable_plural_name": "Beginning Events"}, "model": "element_type.elementtype", "pk": 25}, {"fields": {"sort": 360, "editable": true, "entity_name": "EndingEvent", "active": true, "readable_name": "Ending Event", "default_expression": null, "short_definition": null, "element_data_type": 4, "long_definition": null, "schema_name": "ending_event", "readable_plural_name": "Ending Events"}, "model": "element_type.elementtype", "pk": 26}, {"fields": {"sort": 370, "editable": true, "entity_name": "EndingBuffer", "active": true, "readable_name": "Ending Buffer", "default_expression": null, "short_definition": null, "element_data_type": 4, "long_definition": null, "schema_name": "ending_buffer", "readable_plural_name": "Ending Buffers"}, "model": "element_type.elementtype", "pk": 27}, {"fields": {"sort": 380, "editable": true, "entity_name": "EventTime", "active": true, "readable_name": "Event Time", "default_expression": null, "short_definition": null, "element_data_type": 5, "long_definition": null, "schema_name": "event_time", "readable_plural_name": "Event Times"}, "model": "element_type.elementtype", "pk": 28}, {"fields": {"sort": 390, "editable": true, "entity_name": "TotalTime", "active": true, "readable_name": "Total Time", "default_expression": null, "short_definition": null, "element_data_type": 5, "long_definition": null, "schema_name": "total_time", "readable_plural_name": "Total Times"}, "model": "element_type.elementtype", "pk": 29}, {"fields": {"sort": 400, "editable": true, "entity_name": "RecurringOptions", "active": true, "readable_name": "Recurring Options", "default_expression": null, "short_definition": null, "element_data_type": 2, "long_definition": null, "schema_name": "recurring_options", "readable_plural_name": "Recurring Optionss"}, "model": "element_type.elementtype", "pk": 30}, {"fields": {"sort": 410, "editable": true, "entity_name": "Alert", "active": true, "readable_name": "Alert", "default_expression": null, "short_definition": null, "element_data_type": 4, "long_definition": null, "schema_name": "alert", "readable_plural_name": "Alerts"}, "model": "element_type.elementtype", "pk": 31}, {"fields": {"sort": 420, "editable": true, "entity_name": "LoggedIn", "active": true, "readable_name": "Logged In", "default_expression": null, "short_definition": null, "element_data_type": 3, "long_definition": null, "schema_name": "logged_in", "readable_plural_name": "Logged In"}, "model": "element_type.elementtype", "pk": 32}, {"fields": {"sort": 430, "editable": true, "entity_name": "ItemStatus", "active": true, "readable_name": "Item Status", "default_expression": null, "short_definition": null, "element_data_type": 1, "long_definition": null, "schema_name": "item_status", "readable_plural_name": "Item Statuses"}, "model": "element_type.elementtype", "pk": 33}, {"fields": {"sort": 440, "editable": true, "entity_name": "ItemContent", "active": true, "readable_name": "Item Content", "default_expression": null, "short_definition": null, "element_data_type": 2, "long_definition": null, "schema_name": "item_content", "readable_plural_name": "Item Contents"}, "model": "element_type.elementtype", "pk": 34}, {"fields": {"sort": 450, "editable": true, "entity_name": "From", "active": true, "readable_name": "From", "default_expression": null, "short_definition": null, "element_data_type": 1, "long_definition": null, "schema_name": "from", "readable_plural_name": "Froms"}, "model": "element_type.elementtype", "pk": 35}, {"fields": {"sort": 460, "editable": true, "entity_name": "To", "active": true, "readable_name": "To", "default_expression": null, "short_definition": null, "element_data_type": 1, "long_definition": null, "schema_name": "to", "readable_plural_name": "Tos"}, "model": "element_type.elementtype", "pk": 36}, {"fields": {"sort": 470, "editable": true, "entity_name": "Link", "active": true, "readable_name": "Link", "default_expression": null, "short_definition": "URL", "element_data_type": 1, "long_definition": "Any local, network, or www address", "schema_name": "link", "readable_plural_name": "Links"}, "model": "element_type.elementtype", "pk": 37}, {"fields": {"sort": 480, "editable": true, "entity_name": "Attachment", "active": true, "readable_name": "Attachment", "default_expression": null, "short_definition": null, "element_data_type": 6, "long_definition": "File attachment", "schema_name": "attachment", "readable_plural_name": "Attachments"}, "model": "element_type.elementtype", "pk": 38}, {"fields": {"sort": 490, "editable": true, "entity_name": "CreationDate", "active": true, "readable_name": "Creation Date", "default_expression": null, "short_definition": null, "element_data_type": 4, "long_definition": "SHOULD THIS BE ROLLED INTO EVENTS?", "schema_name": "creation_date", "readable_plural_name": "Creation Dates"}, "model": "element_type.elementtype", "pk": 39}, {"fields": {"sort": 500, "editable": true, "entity_name": "ModificationDate", "active": true, "readable_name": "Modification Date", "default_expression": null, "short_definition": null, "element_data_type": 4, "long_definition": "SHOULD THIS BE ROLLED INTO EVENTS?", "schema_name": "modification_date", "readable_plural_name": "Modification Dates"}, "model": "element_type.elementtype", "pk": 40}, {"fields": {"sort": 1010110, "datum_type": 1, "active": true, "element_type": 1}, "model": "element_type.elementtypedatumtype", "pk": 1}, {"fields": {"sort": 1010120, "datum_type": 1, "active": true, "element_type": 2}, "model": "element_type.elementtypedatumtype", "pk": 2}, {"fields": {"sort": 1020110, "datum_type": 2, "active": true, "element_type": 1}, "model": "element_type.elementtypedatumtype", "pk": 3}, {"fields": {"sort": 1020120, "datum_type": 2, "active": true, "element_type": 2}, "model": "element_type.elementtypedatumtype", "pk": 4}, {"fields": {"sort": 1030110, "datum_type": 3, "active": true, "element_type": 1}, "model": "element_type.elementtypedatumtype", "pk": 5}, {"fields": {"sort": 1030120, "datum_type": 3, "active": true, "element_type": 2}, "model": "element_type.elementtypedatumtype", "pk": 6}, {"fields": {"sort": 1040110, "datum_type": 4, "active": true, "element_type": 1}, "model": "element_type.elementtypedatumtype", "pk": 7}, {"fields": {"sort": 1040120, "datum_type": 4, "active": true, "element_type": 2}, "model": "element_type.elementtypedatumtype", "pk": 8}, {"fields": {"sort": 1040130, "datum_type": 4, "active": true, "element_type": 3}, "model": "element_type.elementtypedatumtype", "pk": 9}, {"fields": {"sort": 1040140, "datum_type": 4, "active": true, "element_type": 4}, "model": "element_type.elementtypedatumtype", "pk": 10}, {"fields": {"sort": 1040150, "datum_type": 4, "active": true, "element_type": 5}, "model": "element_type.elementtypedatumtype", "pk": 11}, {"fields": {"sort": 1040160, "datum_type": 4, "active": true, "element_type": 6}, "model": "element_type.elementtypedatumtype", "pk": 12}, {"fields": {"sort": 1050110, "datum_type": 5, "active": true, "element_type": 1}, "model": "element_type.elementtypedatumtype", "pk": 13}, {"fields": {"sort": 1050120, "datum_type": 5, "active": true, "element_type": 2}, "model": "element_type.elementtypedatumtype", "pk": 14}, {"fields": {"sort": 1050170, "datum_type": 5, "active": true, "element_type": 7}, "model": "element_type.elementtypedatumtype", "pk": 15}, {"fields": {"sort": 1060110, "datum_type": 6, "active": true, "element_type": 1}, "model": "element_type.elementtypedatumtype", "pk": 16}, {"fields": {"sort": 1060120, "datum_type": 6, "active": true, "element_type": 2}, "model": "element_type.elementtypedatumtype", "pk": 17}, {"fields": {"sort": 1060180, "datum_type": 6, "active": true, "element_type": 8}, "model": "element_type.elementtypedatumtype", "pk": 18}, {"fields": {"sort": 1060190, "datum_type": 6, "active": true, "element_type": 9}, "model": "element_type.elementtypedatumtype", "pk": 19}, {"fields": {"sort": 1060200, "datum_type": 6, "active": true, "element_type": 10}, "model": "element_type.elementtypedatumtype", "pk": 20}, {"fields": {"sort": 1060210, "datum_type": 6, "active": true, "element_type": 11}, "model": "element_type.elementtypedatumtype", "pk": 21}, {"fields": {"sort": 1060220, "datum_type": 6, "active": true, "element_type": 12}, "model": "element_type.elementtypedatumtype", "pk": 22}, {"fields": {"sort": 1060230, "datum_type": 6, "active": true, "element_type": 13}, "model": "element_type.elementtypedatumtype", "pk": 23}, {"fields": {"sort": 1060240, "datum_type": 6, "active": true, "element_type": 14}, "model": "element_type.elementtypedatumtype", "pk": 24}, {"fields": {"sort": 1070110, "datum_type": 7, "active": true, "element_type": 1}, "model": "element_type.elementtypedatumtype", "pk": 25}, {"fields": {"sort": 1070120, "datum_type": 7, "active": true, "element_type": 2}, "model": "element_type.elementtypedatumtype", "pk": 26}, {"fields": {"sort": 1070250, "datum_type": 7, "active": true, "element_type": 15}, "model": "element_type.elementtypedatumtype", "pk": 27}, {"fields": {"sort": 1070260, "datum_type": 7, "active": true, "element_type": 16}, "model": "element_type.elementtypedatumtype", "pk": 28}, {"fields": {"sort": 1070270, "datum_type": 7, "active": true, "element_type": 17}, "model": "element_type.elementtypedatumtype", "pk": 29}, {"fields": {"sort": 1070280, "datum_type": 7, "active": true, "element_type": 18}, "model": "element_type.elementtypedatumtype", "pk": 30}, {"fields": {"sort": 1070290, "datum_type": 7, "active": true, "element_type": 19}, "model": "element_type.elementtypedatumtype", "pk": 31}, {"fields": {"sort": 1070300, "datum_type": 7, "active": true, "element_type": 20}, "model": "element_type.elementtypedatumtype", "pk": 32}, {"fields": {"sort": 2010120, "datum_type": 8, "active": true, "element_type": 2}, "model": "element_type.elementtypedatumtype", "pk": 33}, {"fields": {"sort": 2010310, "datum_type": 8, "active": true, "element_type": 21}, "model": "element_type.elementtypedatumtype", "pk": 34}, {"fields": {"sort": 2010320, "datum_type": 8, "active": true, "element_type": 22}, "model": "element_type.elementtypedatumtype", "pk": 35}, {"fields": {"sort": 2020120, "datum_type": 9, "active": true, "element_type": 2}, "model": "element_type.elementtypedatumtype", "pk": 36}, {"fields": {"sort": 2030120, "datum_type": 10, "active": true, "element_type": 2}, "model": "element_type.elementtypedatumtype", "pk": 37}, {"fields": {"sort": 3010110, "datum_type": 11, "active": true, "element_type": 1}, "model": "element_type.elementtypedatumtype", "pk": 38}, {"fields": {"sort": 3010330, "datum_type": 11, "active": true, "element_type": 23}, "model": "element_type.elementtypedatumtype", "pk": 39}, {"fields": {"sort": 3020340, "datum_type": 12, "active": true, "element_type": 24}, "model": "element_type.elementtypedatumtype", "pk": 40}, {"fields": {"sort": 3020350, "datum_type": 12, "active": true, "element_type": 25}, "model": "element_type.elementtypedatumtype", "pk": 41}, {"fields": {"sort": 3020360, "datum_type": 12, "active": true, "element_type": 26}, "model": "element_type.elementtypedatumtype", "pk": 42}, {"fields": {"sort": 3020370, "datum_type": 12, "active": true, "element_type": 27}, "model": "element_type.elementtypedatumtype", "pk": 43}, {"fields": {"sort": 3020380, "datum_type": 12, "active": true, "element_type": 28}, "model": "element_type.elementtypedatumtype", "pk": 44}, {"fields": {"sort": 3020390, "datum_type": 12, "active": true, "element_type": 29}, "model": "element_type.elementtypedatumtype", "pk": 45}, {"fields": {"sort": 3020400, "datum_type": 12, "active": true, "element_type": 30}, "model": "element_type.elementtypedatumtype", "pk": 46}, {"fields": {"sort": 3030400, "datum_type": 13, "active": true, "element_type": 30}, "model": "element_type.elementtypedatumtype", "pk": 47}, {"fields": {"sort": 3030410, "datum_type": 13, "active": true, "element_type": 31}, "model": "element_type.elementtypedatumtype", "pk": 48}, {"fields": {"sort": 3030420, "datum_type": 13, "active": true, "element_type": 32}, "model": "element_type.elementtypedatumtype", "pk": 49}, {"fields": {"sort": 4010110, "datum_type": 14, "active": true, "element_type": 1}, "model": "element_type.elementtypedatumtype", "pk": 50}, {"fields": {"sort": 4010430, "datum_type": 14, "active": true, "element_type": 33}, "model": "element_type.elementtypedatumtype", "pk": 51}, {"fields": {"sort": 4010440, "datum_type": 14, "active": true, "element_type": 34}, "model": "element_type.elementtypedatumtype", "pk": 52}, {"fields": {"sort": 4010470, "datum_type": 14, "active": true, "element_type": 37}, "model": "element_type.elementtypedatumtype", "pk": 53}, {"fields": {"sort": 4020110, "datum_type": 15, "active": true, "element_type": 1}, "model": "element_type.elementtypedatumtype", "pk": 54}, {"fields": {"sort": 4020120, "datum_type": 15, "active": true, "element_type": 2}, "model": "element_type.elementtypedatumtype", "pk": 55}, {"fields": {"sort": 4020430, "datum_type": 15, "active": true, "element_type": 33}, "model": "element_type.elementtypedatumtype", "pk": 56}, {"fields": {"sort": 4020470, "datum_type": 15, "active": true, "element_type": 37}, "model": "element_type.elementtypedatumtype", "pk": 57}, {"fields": {"sort": 4020480, "datum_type": 15, "active": true, "element_type": 38}, "model": "element_type.elementtypedatumtype", "pk": 58}, {"fields": {"sort": 4020490, "datum_type": 15, "active": true, "element_type": 39}, "model": "element_type.elementtypedatumtype", "pk": 59}, {"fields": {"sort": 4020500, "datum_type": 15, "active": true, "element_type": 40}, "model": "element_type.elementtypedatumtype", "pk": 60}, {"fields": {"sort": 4030110, "datum_type": 16, "active": true, "element_type": 1}, "model": "element_type.elementtypedatumtype", "pk": 61}, {"fields": {"sort": 4030120, "datum_type": 16, "active": true, "element_type": 2}, "model": "element_type.elementtypedatumtype", "pk": 62}, {"fields": {"sort": 4030430, "datum_type": 16, "active": true, "element_type": 33}, "model": "element_type.elementtypedatumtype", "pk": 63}, {"fields": {"sort": 4030470, "datum_type": 16, "active": true, "element_type": 37}, "model": "element_type.elementtypedatumtype", "pk": 64}, {"fields": {"sort": 4030490, "datum_type": 16, "active": true, "element_type": 39}, "model": "element_type.elementtypedatumtype", "pk": 65}, {"fields": {"sort": 4030500, "datum_type": 16, "active": true, "element_type": 40}, "model": "element_type.elementtypedatumtype", "pk": 66}, {"fields": {"sort": 4040110, "datum_type": 17, "active": true, "element_type": 1}, "model": "element_type.elementtypedatumtype", "pk": 67}, {"fields": {"sort": 4040120, "datum_type": 17, "active": true, "element_type": 2}, "model": "element_type.elementtypedatumtype", "pk": 68}, {"fields": {"sort": 4040430, "datum_type": 17, "active": true, "element_type": 33}, "model": "element_type.elementtypedatumtype", "pk": 69}, {"fields": {"sort": 4040470, "datum_type": 17, "active": true, "element_type": 37}, "model": "element_type.elementtypedatumtype", "pk": 70}, {"fields": {"sort": 4050110, "datum_type": 18, "active": true, "element_type": 1}, "model": "element_type.elementtypedatumtype", "pk": 71}, {"fields": {"sort": 4050440, "datum_type": 18, "active": true, "element_type": 34}, "model": "element_type.elementtypedatumtype", "pk": 72}, {"fields": {"sort": 4050450, "datum_type": 18, "active": true, "element_type": 35}, "model": "element_type.elementtypedatumtype", "pk": 73}, {"fields": {"sort": 4050460, "datum_type": 18, "active": true, "element_type": 36}, "model": "element_type.elementtypedatumtype", "pk": 74}, {"fields": {"sort": 4050490, "datum_type": 18, "active": true, "element_type": 39}, "model": "element_type.elementtypedatumtype", "pk": 75}, {"fields": {"sort": 4060110, "datum_type": 19, "active": true, "element_type": 1}, "model": "element_type.elementtypedatumtype", "pk": 76}, {"fields": {"sort": 4060120, "datum_type": 19, "active": true, "element_type": 2}, "model": "element_type.elementtypedatumtype", "pk": 77}, {"fields": {"sort": 4060430, "datum_type": 19, "active": true, "element_type": 33}, "model": "element_type.elementtypedatumtype", "pk": 78}, {"fields": {"sort": 4060440, "datum_type": 19, "active": true, "element_type": 34}, "model": "element_type.elementtypedatumtype", "pk": 79}, {"fields": {"sort": 4060470, "datum_type": 19, "active": true, "element_type": 37}, "model": "element_type.elementtypedatumtype", "pk": 80}, {"fields": {"sort": 4060490, "datum_type": 19, "active": true, "element_type": 39}, "model": "element_type.elementtypedatumtype", "pk": 81}, {"fields": {"sort": 17010, "entity_name": "Business", "active": true, "readable_name": "Business", "short_definition": null, "long_definition": null, "schema_name": "business", "element_type": 7, "readable_plural_name": "Businesses"}, "model": "element_type.elementoption", "pk": 1}, {"fields": {"sort": 17020, "entity_name": "Non-Profit", "active": true, "readable_name": "Non-Profit", "short_definition": null, "long_definition": null, "schema_name": "non-profit", "element_type": 7, "readable_plural_name": "Non-Profits"}, "model": "element_type.elementoption", "pk": 2}, {"fields": {"sort": 17030, "entity_name": "Education", "active": true, "readable_name": "Education", "short_definition": null, "long_definition": null, "schema_name": "education", "element_type": 7, "readable_plural_name": "Education"}, "model": "element_type.elementoption", "pk": 3}, {"fields": {"sort": 17040, "entity_name": "Food", "active": true, "readable_name": "Food", "short_definition": null, "long_definition": null, "schema_name": "food", "element_type": 7, "readable_plural_name": "Food"}, "model": "element_type.elementoption", "pk": 4}, {"fields": {"sort": 17050, "entity_name": "Service", "active": true, "readable_name": "Service", "short_definition": null, "long_definition": null, "schema_name": "service", "element_type": 7, "readable_plural_name": "Services"}, "model": "element_type.elementoption", "pk": 5}, {"fields": {"sort": 17060, "entity_name": "Cultural", "active": true, "readable_name": "Cultural", "short_definition": null, "long_definition": null, "schema_name": "cultural", "element_type": 7, "readable_plural_name": "Cultural"}, "model": "element_type.elementoption", "pk": 6}, {"fields": {"sort": 17070, "entity_name": "Religious", "active": true, "readable_name": "Religious", "short_definition": null, "long_definition": null, "schema_name": "religious", "element_type": 7, "readable_plural_name": "Religious"}, "model": "element_type.elementoption", "pk": 7}, {"fields": {"sort": 17080, "entity_name": "Government", "active": true, "readable_name": "Government", "short_definition": null, "long_definition": null, "schema_name": "government", "element_type": 7, "readable_plural_name": "Governments"}, "model": "element_type.elementoption", "pk": 8}, {"fields": {"sort": 17090, "entity_name": "Social", "active": true, "readable_name": "Social", "short_definition": null, "long_definition": null, "schema_name": "social", "element_type": 7, "readable_plural_name": "Social"}, "model": "element_type.elementoption", "pk": 9}, {"fields": {"sort": 31010, "entity_name": "ActionNew", "active": true, "readable_name": "New", "short_definition": null, "long_definition": null, "schema_name": "new", "element_type": 21, "readable_plural_name": "New"}, "model": "element_type.elementoption", "pk": 10}, {"fields": {"sort": 31020, "entity_name": "ActionSomeday", "active": true, "readable_name": "Someday", "short_definition": null, "long_definition": null, "schema_name": "someday", "element_type": 21, "readable_plural_name": "Someday"}, "model": "element_type.elementoption", "pk": 11}, {"fields": {"sort": 31030, "entity_name": "ActionUpcoming", "active": true, "readable_name": "Upcoming", "short_definition": null, "long_definition": null, "schema_name": "upcoming", "element_type": 21, "readable_plural_name": "Upcoming"}, "model": "element_type.elementoption", "pk": 12}, {"fields": {"sort": 31040, "entity_name": "ActionCurrent", "active": true, "readable_name": "Current", "short_definition": null, "long_definition": null, "schema_name": "current", "element_type": 21, "readable_plural_name": "Current"}, "model": "element_type.elementoption", "pk": 13}, {"fields": {"sort": 31050, "entity_name": "ActionInProgress", "active": true, "readable_name": "In Progress", "short_definition": null, "long_definition": null, "schema_name": "in_progress", "element_type": 21, "readable_plural_name": "In Progress"}, "model": "element_type.elementoption", "pk": 14}, {"fields": {"sort": 31060, "entity_name": "ActionComplete", "active": true, "readable_name": "Complete", "short_definition": null, "long_definition": null, "schema_name": "complete", "element_type": 21, "readable_plural_name": "Complete"}, "model": "element_type.elementoption", "pk": 15}, {"fields": {"sort": 31070, "entity_name": "ActionWaitingFor", "active": true, "readable_name": "WaitingFor", "short_definition": null, "long_definition": null, "schema_name": "waitingfor", "element_type": 21, "readable_plural_name": "WaitingFor"}, "model": "element_type.elementoption", "pk": 16}, {"fields": {"sort": 32010, "entity_name": "1", "active": true, "readable_name": "1", "short_definition": "Very Easy", "long_definition": null, "schema_name": "1", "element_type": 22, "readable_plural_name": "1"}, "model": "element_type.elementoption", "pk": 17}, {"fields": {"sort": 32020, "entity_name": "2", "active": true, "readable_name": "2", "short_definition": "Easy", "long_definition": null, "schema_name": "2", "element_type": 22, "readable_plural_name": "2"}, "model": "element_type.elementoption", "pk": 18}, {"fields": {"sort": 32030, "entity_name": "3", "active": true, "readable_name": "3", "short_definition": "Neither Easy or Hard", "long_definition": null, "schema_name": "3", "element_type": 22, "readable_plural_name": "3"}, "model": "element_type.elementoption", "pk": 19}, {"fields": {"sort": 32040, "entity_name": "4", "active": true, "readable_name": "4", "short_definition": "Hard", "long_definition": null, "schema_name": "4", "element_type": 22, "readable_plural_name": "4"}, "model": "element_type.elementoption", "pk": 20}, {"fields": {"sort": 32050, "entity_name": "5", "active": true, "readable_name": "5", "short_definition": "Very Hard", "long_definition": null, "schema_name": "5", "element_type": 22, "readable_plural_name": "5"}, "model": "element_type.elementoption", "pk": 21}, {"fields": {"sort": 33010, "entity_name": "Actual", "active": true, "readable_name": "Actual", "short_definition": null, "long_definition": null, "schema_name": "actual", "element_type": 23, "readable_plural_name": "Actuals"}, "model": "element_type.elementoption", "pk": 22}, {"fields": {"sort": 33020, "entity_name": "Planned", "active": true, "readable_name": "Planned", "short_definition": null, "long_definition": null, "schema_name": "planned", "element_type": 23, "readable_plural_name": "Planneds"}, "model": "element_type.elementoption", "pk": 23}, {"fields": {"sort": 40010, "entity_name": "Placeholder", "active": true, "readable_name": "Placeholder", "short_definition": null, "long_definition": null, "schema_name": "placeholder", "element_type": 30, "readable_plural_name": "Placeholders"}, "model": "element_type.elementoption", "pk": 24}, {"fields": {"sort": 43010, "entity_name": "ItemNew", "active": true, "readable_name": "New", "short_definition": null, "long_definition": null, "schema_name": "new", "element_type": 33, "readable_plural_name": "New"}, "model": "element_type.elementoption", "pk": 25}, {"fields": {"sort": 43020, "entity_name": "ItemStart", "active": true, "readable_name": "Start", "short_definition": null, "long_definition": null, "schema_name": "start", "element_type": 33, "readable_plural_name": "Start"}, "model": "element_type.elementoption", "pk": 26}, {"fields": {"sort": 43030, "entity_name": "ItemWorking", "active": true, "readable_name": "Working", "short_definition": null, "long_definition": null, "schema_name": "working", "element_type": 33, "readable_plural_name": "Working"}, "model": "element_type.elementoption", "pk": 27}, {"fields": {"sort": 43040, "entity_name": "ItemEdit", "active": true, "readable_name": "Edit", "short_definition": null, "long_definition": null, "schema_name": "edit", "element_type": 33, "readable_plural_name": "Edit"}, "model": "element_type.elementoption", "pk": 28}, {"fields": {"sort": 43050, "entity_name": "ItemComplete", "active": true, "readable_name": "Complete", "short_definition": null, "long_definition": null, "schema_name": "complete", "element_type": 33, "readable_plural_name": "Complete"}, "model": "element_type.elementoption", "pk": 29}]