[{"fields": {"password": "pbkdf2_sha256$20000$B5clPvWDubLD$mWKVhuiVMLhkfGfCNVQ5bB9Fu7qwdvgC99mVdu6kfkQ=", "is_staff": true, "user_permissions": [], "username": "test", "groups": [], "date_joined": "2015-07-07T22:24:49.483Z", "first_name": "", "last_name": "", "is_active": true, "email": "test@test.com", "is_superuser": true, "last_login": "2015-07-27T20:34:19.664Z"}, "pk": 1, "model": "auth.user"}, {"fields": {"entity_name": "Area", "readable_name": "Area", "schema_name": "area", "active": true, "sort": 10, "modified": "2015-07-06T23:08:16.544Z", "readable_plural_name": "Areas", "example": "Home, Hobby, Job", "long_definition": "The 'areas' of your life that are important to you.", "created": "2015-07-06T23:09:39.310Z", "short_definition": "Categories, Nouns"}, "pk": 1, "model": "datum.datumgroup"}, {"fields": {"entity_name": "Activity", "readable_name": "Activity", "schema_name": "activity", "active": true, "sort": 20, "modified": "2015-07-06T23:08:16.544Z", "readable_plural_name": "Activities", "example": "Meet with Joe, Learn guitar", "long_definition": "What you are doing, what you want to do, and what you did.", "created": "2015-07-06T23:09:39.310Z", "short_definition": "Tasks, Verbs"}, "pk": 2, "model": "datum.datumgroup"}, {"fields": {"entity_name": "Time", "readable_name": "Time", "schema_name": "time", "active": true, "sort": 30, "modified": "2015-07-06T23:08:16.544Z", "readable_plural_name": "Times", "example": "Tomorrow between 1-2 PM", "long_definition": "When you are doing. Time-based events and deadlines.", "created": "2015-07-06T23:09:39.310Z", "short_definition": "Events, Reminders"}, "pk": 3, "model": "datum.datumgroup"}, {"fields": {"entity_name": "Item", "readable_name": "Item", "schema_name": "item", "active": true, "sort": 40, "modified": "2015-07-06T23:08:16.544Z", "readable_plural_name": "Items", "example": "PDF document, Email from Joe, important note", "long_definition": "What you know - your information storage.", "created": "2015-07-06T23:09:39.310Z", "short_definition": "Reference, Files"}, "pk": 4, "model": "datum.datumgroup"}, {"fields": {"entity_name": "Category", "readable_name": "Category", "schema_name": "category", "short_definition": "Topics, Folders", "modified": "2015-07-06T23:08:20.041Z", "long_definition": "General container for anything of interest or importance.", "active": true, "readable_plural_name": "Categories", "created": "2015-07-06T23:09:40.020Z", "sort": 10100, "example": "House, Family, Job, Marketing", "icon_class": "fa fa-square-o", "datum_group": 1, "headline_expr": "{{name}}"}, "pk": 1, "model": "datum.datumtype"}, {"fields": {"entity_name": "Project", "readable_name": "Project", "schema_name": "project", "short_definition": "Named Plan", "modified": "2015-07-06T23:08:20.041Z", "long_definition": "A label for a particular goal or purpose so you can organize all your information.", "active": true, "readable_plural_name": "Projects", "created": "2015-07-06T23:09:40.020Z", "sort": 10110, "example": "Tracuse App, Morning Checklist, Department Reorganization", "icon_class": "fa fa-check-square-o", "datum_group": 1, "headline_expr": "{{name}}"}, "pk": 2, "model": "datum.datumtype"}, {"fields": {"entity_name": "Context", "readable_name": "Context", "schema_name": "context", "short_definition": "Settings, Tools", "modified": "2015-07-06T23:08:20.041Z", "long_definition": "What you use or general location for an action.", "active": true, "readable_plural_name": "Contexts", "created": "2015-07-06T23:09:40.020Z", "sort": 10120, "example": "Call, Computer, Read, Errands", "icon_class": "fa fa-plus-square-o", "datum_group": 1, "headline_expr": "{{name}}"}, "pk": 3, "model": "datum.datumtype"}, {"fields": {"entity_name": "Person", "readable_name": "Person", "schema_name": "person", "short_definition": "An Individual", "modified": "2015-07-06T23:08:20.041Z", "long_definition": "Who you commonly interact with.", "active": true, "readable_plural_name": "Persons", "created": "2015-07-06T23:09:40.020Z", "sort": 10130, "example": "Sally Sister, Carl Coworker", "icon_class": "fa fa-user", "datum_group": 1, "headline_expr": "{{name}}"}, "pk": 4, "model": "datum.datumtype"}, {"fields": {"entity_name": "Entity", "readable_name": "Entity", "schema_name": "entity", "short_definition": "Organizational Group", "modified": "2015-07-06T23:08:20.041Z", "long_definition": "Any group, such as a business, government agency, religious, or social organization.", "active": true, "readable_plural_name": "Entities", "created": "2015-07-06T23:09:40.020Z", "sort": 10140, "example": "Employer, Son's School, Softball League", "icon_class": "fa fa-users", "datum_group": 1, "headline_expr": "{{name}}"}, "pk": 5, "model": "datum.datumtype"}, {"fields": {"entity_name": "Location", "readable_name": "Location", "schema_name": "location", "short_definition": "A Place", "modified": "2015-07-06T23:08:20.041Z", "long_definition": "A formal address/geolocation, or any informal point of interest.", "active": true, "readable_plural_name": "Locations", "created": "2015-07-06T23:09:40.020Z", "sort": 10150, "example": "Office Address, School Address, The Garage", "icon_class": "fa fa-home", "datum_group": 1, "headline_expr": "{{name}}"}, "pk": 6, "model": "datum.datumtype"}, {"fields": {"entity_name": "Contact", "readable_name": "Contact", "schema_name": "contact", "short_definition": "Contact Info", "modified": "2015-07-06T23:08:20.041Z", "long_definition": "How to communicate with a Person or Entity, including phone, email, and social media.", "active": true, "readable_plural_name": "Contacts", "created": "2015-07-06T23:09:40.020Z", "sort": 10160, "example": "Carl's Work Contact, Carl's Home Contact, Main Office Contact", "icon_class": "fa fa-phone", "datum_group": 1, "headline_expr": "{{name}}"}, "pk": 7, "model": "datum.datumtype"}, {"fields": {"entity_name": "Action", "readable_name": "Action", "schema_name": "action", "short_definition": "Task", "modified": "2015-07-06T23:08:20.041Z", "long_definition": "Any individual idea or thought about something you will do.", "active": true, "readable_plural_name": "Actions", "created": "2015-07-06T23:09:40.020Z", "sort": 20100, "example": "Call the auto mechanic, Review Q1 sales, Be a better husband", "icon_class": "fa fa-check-circle-o", "datum_group": 2, "headline_expr": "{{description}}"}, "pk": 8, "model": "datum.datumtype"}, {"fields": {"entity_name": "Principle", "readable_name": "Principle", "schema_name": "principle", "short_definition": "Purpose, Mantra", "modified": "2015-07-06T23:08:20.041Z", "long_definition": "Why you are doing what you are doing. Represents your values and vision.", "active": true, "readable_plural_name": "Principles", "created": "2015-07-06T23:09:40.020Z", "sort": 20110, "example": "So we can take that vacation, So I will be healthy and happy", "icon_class": "fa fa-bullseye", "datum_group": 2, "headline_expr": "{{description}}"}, "pk": 9, "model": "datum.datumtype"}, {"fields": {"entity_name": "Journal", "readable_name": "Journal", "schema_name": "journal", "short_definition": "Diary, Log", "modified": "2015-07-06T23:08:20.041Z", "long_definition": "A record of what happened that you can use for next time.", "active": true, "readable_plural_name": "Journals", "created": "2015-07-06T23:09:40.020Z", "sort": 20120, "example": "Okay rehearsal practice song more, Good meeting but next time have firm agenda", "icon_class": "fa fa-book", "datum_group": 2, "headline_expr": "{{description}}"}, "pk": 10, "model": "datum.datumtype"}, {"fields": {"entity_name": "Schedule", "readable_name": "Schedule", "schema_name": "schedule", "short_definition": "Collection of Events", "modified": "2015-07-06T23:08:20.041Z", "long_definition": "Track multiple events for an object to compare what you planned to do versus what you did.", "active": true, "readable_plural_name": "Schedules", "created": "2015-07-06T23:09:40.020Z", "sort": 30100, "example": "Actual Schedule, Planned Schedule 2, Project Schedule 5", "icon_class": "fa fa-calendar-o", "datum_group": 3, "headline_expr": "{{name}}"}, "pk": 11, "model": "datum.datumtype"}, {"fields": {"entity_name": "Event", "readable_name": "Event", "schema_name": "event", "short_definition": "When Something Happens", "modified": "2015-07-06T23:08:20.041Z", "long_definition": "A meeting, appointment, or any other time-based occurrence.", "active": true, "readable_plural_name": "Events", "created": "2015-07-06T23:09:40.020Z", "sort": 30110, "example": "Next Thursday All Day, May 13 2-3 PM", "icon_class": "fa fa-calendar", "datum_group": 3, "headline_expr": "{{ending_event}}"}, "pk": 12, "model": "datum.datumtype"}, {"fields": {"entity_name": "Reminder", "readable_name": "Reminder", "schema_name": "reminder", "short_definition": "Date/Time Alert", "modified": "2015-07-06T23:08:20.041Z", "long_definition": "Simple alerts that can be used for short-term alarm or long-term tickler.", "active": true, "readable_plural_name": "Reminders", "created": "2015-07-06T23:09:40.020Z", "sort": 30120, "example": "Every Friday at Noon, July 4 9:30 AM", "icon_class": "fa fa-bell-o", "datum_group": 3, "headline_expr": "{{alert}}"}, "pk": 13, "model": "datum.datumtype"}, {"fields": {"entity_name": "Note", "readable_name": "Note", "schema_name": "note", "short_definition": "Reference", "modified": "2015-07-06T23:08:20.041Z", "long_definition": "A fact or idea to remember.", "active": true, "readable_plural_name": "Notes", "created": "2015-07-06T23:09:40.020Z", "sort": 40100, "example": "How to, Saved Quote, Pi = 3.14159", "icon_class": "fa fa-file-text-o", "datum_group": 4, "headline_expr": "{{name}}"}, "pk": 14, "model": "datum.datumtype"}, {"fields": {"entity_name": "File", "readable_name": "File", "schema_name": "file", "short_definition": "Document", "modified": "2015-07-06T23:08:20.041Z", "long_definition": "An external attachment or hyperlink to a digitial document.", "active": true, "readable_plural_name": "Files", "created": "2015-07-06T23:09:40.020Z", "sort": 40110, "example": "MS Excel Spreadsheet, Image, Movie", "icon_class": "fa fa-paperclip", "datum_group": 4, "headline_expr": "{{name}}"}, "pk": 15, "model": "datum.datumtype"}, {"fields": {"entity_name": "Directory", "readable_name": "Directory", "schema_name": "directory", "short_definition": "Collection of Files", "modified": "2015-07-06T23:08:20.041Z", "long_definition": "Any container or folder of documents, can be in local or cloud storage.", "active": true, "readable_plural_name": "Directories", "created": "2015-07-06T23:09:40.020Z", "sort": 40120, "example": "Project Folder, My Harddrive", "icon_class": "fa fa-folder-open-o", "datum_group": 4, "headline_expr": "{{name}}"}, "pk": 16, "model": "datum.datumtype"}, {"fields": {"entity_name": "Webpage", "readable_name": "Webpage", "schema_name": "webpage", "short_definition": "Single Web Address", "modified": "2015-07-06T23:08:20.041Z", "long_definition": "A hyperlink to a favorite website. Can be to homepage or specific webpage within site.", "active": true, "readable_plural_name": "Webpages", "created": "2015-07-06T23:09:40.020Z", "sort": 40130, "example": "www.cnn.com, www.example.com/section2/page3", "icon_class": "fa fa-link", "datum_group": 4, "headline_expr": "{{name}}"}, "pk": 17, "model": "datum.datumtype"}, {"fields": {"entity_name": "Message", "readable_name": "Message", "schema_name": "message", "short_definition": "Communication", "modified": "2015-07-06T23:08:20.041Z", "long_definition": "Any electronic message, including emails, texts, and messages through social networking services.", "active": true, "readable_plural_name": "Messages", "created": "2015-07-06T23:09:40.020Z", "sort": 40140, "example": "Email from Carl, Facebook Message from Mom", "icon_class": "fa fa-comment-o", "datum_group": 4, "headline_expr": "{{name}}"}, "pk": 18, "model": "datum.datumtype"}, {"fields": {"entity_name": "Post", "readable_name": "Post", "schema_name": "post", "short_definition": "Article", "modified": "2015-07-06T23:08:20.041Z", "long_definition": "Content from a streaming service provider, such as a blog or social networking post.", "active": true, "readable_plural_name": "Posts", "created": "2015-07-06T23:09:40.020Z", "sort": 40150, "example": "Blog Post about Drum Technique, Facebook Post about Nephews", "icon_class": "fa fa-rss", "datum_group": 4, "headline_expr": "{{name}}"}, "pk": 19, "model": "datum.datumtype"}, {"fields": {"entity_name": "String", "readable_name": "String", "schema_name": "string", "active": true, "sort": 10, "modified": "2015-07-06T23:08:22.548Z", "readable_plural_name": "Strings", "example": null, "long_definition": "Used for all major text-based elements", "created": "2015-07-06T23:09:41.211Z", "short_definition": "VarChar(255)"}, "pk": 1, "model": "element_type.elementdatatype"}, {"fields": {"entity_name": "TextData", "readable_name": "Text Data", "schema_name": "text_data", "active": true, "sort": 20, "modified": "2015-07-06T23:08:22.548Z", "readable_plural_name": "Text Data", "example": null, "long_definition": "Only used for string-based sub-data types, such as json or html", "created": "2015-07-06T23:09:41.211Z", "short_definition": "Text"}, "pk": 2, "model": "element_type.elementdatatype"}, {"fields": {"entity_name": "Boolean", "readable_name": "Boolean", "schema_name": "boolean", "active": true, "sort": 30, "modified": "2015-07-06T23:08:22.548Z", "readable_plural_name": "Booleans", "example": null, "long_definition": null, "created": "2015-07-06T23:09:41.211Z", "short_definition": "Boolean"}, "pk": 3, "model": "element_type.elementdatatype"}, {"fields": {"entity_name": "Datetime", "readable_name": "Datetime", "schema_name": "datetime", "active": true, "sort": 40, "modified": "2015-07-06T23:08:22.548Z", "readable_plural_name": "Datetimes", "example": null, "long_definition": null, "created": "2015-07-06T23:09:41.211Z", "short_definition": "Datetime with Timezone"}, "pk": 4, "model": "element_type.elementdatatype"}, {"fields": {"entity_name": "Decimal", "readable_name": "Decimal", "schema_name": "decimal", "active": true, "sort": 50, "modified": "2015-07-06T23:08:22.548Z", "readable_plural_name": "Decimals", "example": null, "long_definition": "Use str_expression and UI to manage scale", "created": "2015-07-06T23:09:41.211Z", "short_definition": "Number"}, "pk": 5, "model": "element_type.elementdatatype"}, {"fields": {"entity_name": "Binary", "readable_name": "Binary", "schema_name": "binary", "active": true, "sort": 60, "modified": "2015-07-06T23:08:22.548Z", "readable_plural_name": "Binarys", "example": null, "long_definition": "Used for any attachments and large data", "created": "2015-07-06T23:09:41.211Z", "short_definition": "Blob"}, "pk": 6, "model": "element_type.elementdatatype"}, {"fields": {"entity_name": "Name", "readable_name": "Name", "schema_name": "name", "short_definition": null, "modified": "2015-07-06T23:08:30.550Z", "str_expression": "", "long_definition": "Commonly used for string representation of object.", "element_data_type": 1, "active": true, "editable": true, "readable_plural_name": "Names", "created": "2015-07-06T23:09:43.747Z", "sort": 110, "example": null, "element_view": "ElementText"}, "pk": 1, "model": "element_type.elementtype"}, {"fields": {"entity_name": "Description", "readable_name": "Description", "schema_name": "description", "short_definition": null, "modified": "2015-07-06T23:08:30.550Z", "str_expression": "", "long_definition": null, "element_data_type": 1, "active": true, "editable": true, "readable_plural_name": "Descriptions", "created": "2015-07-06T23:09:43.747Z", "sort": 120, "example": null, "element_view": "ElementText"}, "pk": 2, "model": "element_type.elementtype"}, {"fields": {"entity_name": "FirstName", "readable_name": "First Name", "schema_name": "first_name", "short_definition": null, "modified": "2015-07-06T23:08:30.550Z", "str_expression": "", "long_definition": null, "element_data_type": 1, "active": true, "editable": true, "readable_plural_name": "First Names", "created": "2015-07-06T23:09:43.747Z", "sort": 130, "example": null, "element_view": "ElementText"}, "pk": 3, "model": "element_type.elementtype"}, {"fields": {"entity_name": "LastName", "readable_name": "Last Name", "schema_name": "last_name", "short_definition": null, "modified": "2015-07-06T23:08:30.550Z", "str_expression": "", "long_definition": null, "element_data_type": 1, "active": true, "editable": true, "readable_plural_name": "Last Names", "created": "2015-07-06T23:09:43.747Z", "sort": 140, "example": null, "element_view": "ElementText"}, "pk": 4, "model": "element_type.elementtype"}, {"fields": {"entity_name": "Nickname", "readable_name": "Nickname", "schema_name": "nickname", "short_definition": null, "modified": "2015-07-06T23:08:30.550Z", "str_expression": "", "long_definition": null, "element_data_type": 1, "active": true, "editable": true, "readable_plural_name": "Nicknames", "created": "2015-07-06T23:09:43.747Z", "sort": 150, "example": null, "element_view": "ElementText"}, "pk": 5, "model": "element_type.elementtype"}, {"fields": {"entity_name": "Birthday", "readable_name": "Birthday", "schema_name": "birthday", "short_definition": "", "modified": "2015-07-06T23:08:30.550Z", "str_expression": "{{ value|date:'F j, Y' }}", "long_definition": "", "element_data_type": 4, "active": true, "editable": true, "readable_plural_name": "Birthdays", "created": "2015-07-06T23:09:43.747Z", "sort": 160, "example": "", "element_view": "ElementDate"}, "pk": 6, "model": "element_type.elementtype"}, {"fields": {"entity_name": "EntityType", "readable_name": "Entity Type", "schema_name": "entity_type", "short_definition": "", "modified": "2015-07-06T23:08:30.550Z", "str_expression": "", "long_definition": "Organization types, including business, government, social, etc.", "element_data_type": 1, "active": true, "editable": true, "readable_plural_name": "Entity Types", "created": "2015-07-06T23:09:43.747Z", "sort": 170, "example": "", "element_view": "ElementSelect"}, "pk": 7, "model": "element_type.elementtype"}, {"fields": {"entity_name": "StreetAddress", "readable_name": "Street Address", "schema_name": "street_address", "short_definition": null, "modified": "2015-07-06T23:08:30.550Z", "str_expression": "", "long_definition": null, "element_data_type": 1, "active": true, "editable": true, "readable_plural_name": "Street Addresses", "created": "2015-07-06T23:09:43.747Z", "sort": 180, "example": null, "element_view": "ElementText"}, "pk": 8, "model": "element_type.elementtype"}, {"fields": {"entity_name": "City", "readable_name": "City", "schema_name": "city", "short_definition": null, "modified": "2015-07-06T23:08:30.550Z", "str_expression": "", "long_definition": null, "element_data_type": 1, "active": true, "editable": true, "readable_plural_name": "Citys", "created": "2015-07-06T23:09:43.747Z", "sort": 190, "example": null, "element_view": "ElementText"}, "pk": 9, "model": "element_type.elementtype"}, {"fields": {"entity_name": "State", "readable_name": "State", "schema_name": "state", "short_definition": null, "modified": "2015-07-06T23:08:30.550Z", "str_expression": "", "long_definition": null, "element_data_type": 1, "active": true, "editable": true, "readable_plural_name": "States", "created": "2015-07-06T23:09:43.747Z", "sort": 200, "example": null, "element_view": "ElementText"}, "pk": 10, "model": "element_type.elementtype"}, {"fields": {"entity_name": "Zip", "readable_name": "Zip", "schema_name": "zip", "short_definition": null, "modified": "2015-07-06T23:08:30.550Z", "str_expression": "", "long_definition": null, "element_data_type": 1, "active": true, "editable": true, "readable_plural_name": "Zips", "created": "2015-07-06T23:09:43.747Z", "sort": 210, "example": null, "element_view": "ElementText"}, "pk": 11, "model": "element_type.elementtype"}, {"fields": {"entity_name": "Country", "readable_name": "Country", "schema_name": "country", "short_definition": null, "modified": "2015-07-06T23:08:30.550Z", "str_expression": "", "long_definition": null, "element_data_type": 1, "active": true, "editable": true, "readable_plural_name": "Countries", "created": "2015-07-06T23:09:43.747Z", "sort": 220, "example": null, "element_view": "ElementText"}, "pk": 12, "model": "element_type.elementtype"}, {"fields": {"entity_name": "Latitude", "readable_name": "Latitude", "schema_name": "latitude", "short_definition": "", "modified": "2015-07-06T23:08:30.550Z", "str_expression": "{{ value|floatformat:6 }}", "long_definition": "In decimal degrees", "element_data_type": 5, "active": true, "editable": true, "readable_plural_name": "Latitudes", "created": "2015-07-06T23:09:43.747Z", "sort": 230, "example": "", "element_view": "ElementText"}, "pk": 13, "model": "element_type.elementtype"}, {"fields": {"entity_name": "Longitude", "readable_name": "Longitude", "schema_name": "longitude", "short_definition": "", "modified": "2015-07-06T23:08:30.550Z", "str_expression": "{{ value|floatformat:6 }}", "long_definition": "In decimal degrees", "element_data_type": 5, "active": true, "editable": true, "readable_plural_name": "Longitudes", "created": "2015-07-06T23:09:43.747Z", "sort": 240, "example": "", "element_view": "ElementText"}, "pk": 14, "model": "element_type.elementtype"}, {"fields": {"entity_name": "Phone", "readable_name": "Phone", "schema_name": "phone", "short_definition": "", "modified": "2015-07-06T23:08:30.550Z", "str_expression": "", "long_definition": "", "element_data_type": 1, "active": true, "editable": true, "readable_plural_name": "Phones", "created": "2015-07-06T23:09:43.747Z", "sort": 250, "example": "", "element_view": "ElementText"}, "pk": 15, "model": "element_type.elementtype"}, {"fields": {"entity_name": "Email", "readable_name": "Email", "schema_name": "email", "short_definition": "", "modified": "2015-07-06T23:08:30.550Z", "str_expression": "", "long_definition": "", "element_data_type": 1, "active": true, "editable": true, "readable_plural_name": "Emails", "created": "2015-07-06T23:09:43.747Z", "sort": 260, "example": "", "element_view": "ElementText"}, "pk": 16, "model": "element_type.elementtype"}, {"fields": {"entity_name": "Website", "readable_name": "Website", "schema_name": "website", "short_definition": "", "modified": "2015-07-06T23:08:30.550Z", "str_expression": "", "long_definition": "", "element_data_type": 1, "active": true, "editable": true, "readable_plural_name": "Websites", "created": "2015-07-06T23:09:43.747Z", "sort": 270, "example": "", "element_view": "ElementText"}, "pk": 17, "model": "element_type.elementtype"}, {"fields": {"entity_name": "Facebook", "readable_name": "Facebook", "schema_name": "facebook", "short_definition": "", "modified": "2015-07-06T23:08:30.550Z", "str_expression": "", "long_definition": "", "element_data_type": 1, "active": true, "editable": true, "readable_plural_name": "Facebook", "created": "2015-07-06T23:09:43.747Z", "sort": 280, "example": "", "element_view": "ElementText"}, "pk": 18, "model": "element_type.elementtype"}, {"fields": {"entity_name": "LinkedIn", "readable_name": "LinkedIn", "schema_name": "linkedin", "short_definition": "", "modified": "2015-07-06T23:08:30.550Z", "str_expression": "", "long_definition": "", "element_data_type": 1, "active": true, "editable": true, "readable_plural_name": "LinkedIn", "created": "2015-07-06T23:09:43.747Z", "sort": 290, "example": "", "element_view": "ElementText"}, "pk": 19, "model": "element_type.elementtype"}, {"fields": {"entity_name": "Twitter", "readable_name": "Twitter", "schema_name": "twitter", "short_definition": "", "modified": "2015-07-06T23:08:30.550Z", "str_expression": "", "long_definition": "", "element_data_type": 1, "active": true, "editable": true, "readable_plural_name": "Twitter", "created": "2015-07-06T23:09:43.747Z", "sort": 300, "example": "", "element_view": "ElementText"}, "pk": 20, "model": "element_type.elementtype"}, {"fields": {"entity_name": "ActionStatus", "readable_name": "Status", "schema_name": "action_status", "short_definition": "", "modified": "2015-07-06T23:08:30.550Z", "str_expression": "", "long_definition": "", "element_data_type": 1, "active": true, "editable": true, "readable_plural_name": "Statuses", "created": "2015-07-06T23:09:43.747Z", "sort": 310, "example": "", "element_view": "ElementSelect"}, "pk": 21, "model": "element_type.elementtype"}, {"fields": {"entity_name": "ActionEffort", "readable_name": "Effort", "schema_name": "action_effort", "short_definition": "", "modified": "2015-07-06T23:08:30.550Z", "str_expression": "{{ value|floatformat:0 }}", "long_definition": "", "element_data_type": 5, "active": true, "editable": true, "readable_plural_name": "Effort", "created": "2015-07-06T23:09:43.747Z", "sort": 320, "example": "", "element_view": "ElementSelect"}, "pk": 22, "model": "element_type.elementtype"}, {"fields": {"entity_name": "ScheduleType", "readable_name": "Schedule Type", "schema_name": "schedule_type", "short_definition": "", "modified": "2015-07-06T23:08:30.550Z", "str_expression": "", "long_definition": "", "element_data_type": 1, "active": true, "editable": true, "readable_plural_name": "Schedule Types", "created": "2015-07-06T23:09:43.747Z", "sort": 330, "example": "", "element_view": "ElementSelect"}, "pk": 23, "model": "element_type.elementtype"}, {"fields": {"entity_name": "BeginningBuffer", "readable_name": "Beginning Buffer", "schema_name": "beginning_buffer", "short_definition": "", "modified": "2015-07-06T23:08:30.550Z", "str_expression": "{{ value|date:'F j, Y g:i A'}}", "long_definition": "", "element_data_type": 4, "active": true, "editable": true, "readable_plural_name": "Beginning Buffers", "created": "2015-07-06T23:09:43.747Z", "sort": 340, "example": "", "element_view": "ElementDatetime"}, "pk": 24, "model": "element_type.elementtype"}, {"fields": {"entity_name": "BeginningEvent", "readable_name": "Beginning Event", "schema_name": "beginning_event", "short_definition": "", "modified": "2015-07-06T23:08:30.550Z", "str_expression": "{{ value|date:'F j, Y g:i A'}}", "long_definition": "", "element_data_type": 4, "active": true, "editable": true, "readable_plural_name": "Beginning Events", "created": "2015-07-06T23:09:43.747Z", "sort": 350, "example": "", "element_view": "ElementDatetime"}, "pk": 25, "model": "element_type.elementtype"}, {"fields": {"entity_name": "EndingEvent", "readable_name": "Ending Event", "schema_name": "ending_event", "short_definition": "", "modified": "2015-07-06T23:08:30.550Z", "str_expression": "{{ value|date:'F j, Y g:i A'}}", "long_definition": "", "element_data_type": 4, "active": true, "editable": true, "readable_plural_name": "Ending Events", "created": "2015-07-06T23:09:43.747Z", "sort": 360, "example": "", "element_view": "ElementDatetime"}, "pk": 26, "model": "element_type.elementtype"}, {"fields": {"entity_name": "EndingBuffer", "readable_name": "Ending Buffer", "schema_name": "ending_buffer", "short_definition": "", "modified": "2015-07-06T23:08:30.550Z", "str_expression": "{{ value|date:'F j, Y g:i A'}}", "long_definition": "", "element_data_type": 4, "active": true, "editable": true, "readable_plural_name": "Ending Buffers", "created": "2015-07-06T23:09:43.747Z", "sort": 370, "example": "", "element_view": "ElementDatetime"}, "pk": 27, "model": "element_type.elementtype"}, {"fields": {"entity_name": "EventTime", "readable_name": "Event Time", "schema_name": "event_time", "short_definition": "", "modified": "2015-07-06T23:08:30.550Z", "str_expression": "{{ value|floatformat:2 }}", "long_definition": "", "element_data_type": 5, "active": true, "editable": true, "readable_plural_name": "Event Times", "created": "2015-07-06T23:09:43.747Z", "sort": 380, "example": "", "element_view": "ElementText"}, "pk": 28, "model": "element_type.elementtype"}, {"fields": {"entity_name": "TotalTime", "readable_name": "Total Time", "schema_name": "total_time", "short_definition": "", "modified": "2015-07-06T23:08:30.550Z", "str_expression": "{{ value|floatformat:2 }}", "long_definition": "", "element_data_type": 5, "active": true, "editable": true, "readable_plural_name": "Total Times", "created": "2015-07-06T23:09:43.747Z", "sort": 390, "example": "", "element_view": "ElementText"}, "pk": 29, "model": "element_type.elementtype"}, {"fields": {"entity_name": "RecurringOptions", "readable_name": "Recurring Options", "schema_name": "recurring_options", "short_definition": null, "modified": "2015-07-06T23:08:30.550Z", "str_expression": "", "long_definition": null, "element_data_type": 2, "active": true, "editable": true, "readable_plural_name": "Recurring Optionss", "created": "2015-07-06T23:09:43.747Z", "sort": 400, "example": null, "element_view": "ElementText"}, "pk": 30, "model": "element_type.elementtype"}, {"fields": {"entity_name": "Alert", "readable_name": "Alert", "schema_name": "alert", "short_definition": "", "modified": "2015-07-06T23:08:30.550Z", "str_expression": "{{ value|date:'F j, Y g:i A'}}", "long_definition": "", "element_data_type": 4, "active": true, "editable": true, "readable_plural_name": "Alerts", "created": "2015-07-06T23:09:43.747Z", "sort": 410, "example": "", "element_view": "ElementDatetime"}, "pk": 31, "model": "element_type.elementtype"}, {"fields": {"entity_name": "LoggedIn", "readable_name": "Logged In", "schema_name": "logged_in", "short_definition": "", "modified": "2015-07-06T23:08:30.550Z", "str_expression": "", "long_definition": "", "element_data_type": 3, "active": true, "editable": true, "readable_plural_name": "Logged In", "created": "2015-07-06T23:09:43.747Z", "sort": 420, "example": null, "element_view": "ElementText"}, "pk": 32, "model": "element_type.elementtype"}, {"fields": {"entity_name": "ItemStatus", "readable_name": "Item Status", "schema_name": "item_status", "short_definition": null, "modified": "2015-07-06T23:08:30.550Z", "str_expression": "", "long_definition": null, "element_data_type": 1, "active": true, "editable": true, "readable_plural_name": "Item Statuses", "created": "2015-07-06T23:09:43.747Z", "sort": 430, "example": null, "element_view": "ElementText"}, "pk": 33, "model": "element_type.elementtype"}, {"fields": {"entity_name": "ItemContent", "readable_name": "Item Content", "schema_name": "item_content", "short_definition": null, "modified": "2015-07-06T23:08:30.550Z", "str_expression": "", "long_definition": null, "element_data_type": 2, "active": true, "editable": true, "readable_plural_name": "Item Contents", "created": "2015-07-06T23:09:43.747Z", "sort": 440, "example": null, "element_view": "ElementText"}, "pk": 34, "model": "element_type.elementtype"}, {"fields": {"entity_name": "From", "readable_name": "From", "schema_name": "from", "short_definition": null, "modified": "2015-07-06T23:08:30.550Z", "str_expression": "", "long_definition": null, "element_data_type": 1, "active": true, "editable": true, "readable_plural_name": "Froms", "created": "2015-07-06T23:09:43.747Z", "sort": 450, "example": null, "element_view": "ElementText"}, "pk": 35, "model": "element_type.elementtype"}, {"fields": {"entity_name": "To", "readable_name": "To", "schema_name": "to", "short_definition": null, "modified": "2015-07-06T23:08:30.550Z", "str_expression": "", "long_definition": null, "element_data_type": 1, "active": true, "editable": true, "readable_plural_name": "Tos", "created": "2015-07-06T23:09:43.747Z", "sort": 460, "example": null, "element_view": "ElementText"}, "pk": 36, "model": "element_type.elementtype"}, {"fields": {"entity_name": "Link", "readable_name": "Link", "schema_name": "link", "short_definition": "URL", "modified": "2015-07-06T23:08:30.550Z", "str_expression": "", "long_definition": "Any local, network, or www address", "element_data_type": 1, "active": true, "editable": true, "readable_plural_name": "Links", "created": "2015-07-06T23:09:43.747Z", "sort": 470, "example": "", "element_view": "ElementText"}, "pk": 37, "model": "element_type.elementtype"}, {"fields": {"entity_name": "Attachment", "readable_name": "Attachment", "schema_name": "attachment", "short_definition": "", "modified": "2015-07-06T23:08:30.550Z", "str_expression": "", "long_definition": "File attachment", "element_data_type": 1, "active": true, "editable": true, "readable_plural_name": "Attachments", "created": "2015-07-06T23:09:43.747Z", "sort": 480, "example": "", "element_view": "ElementText"}, "pk": 38, "model": "element_type.elementtype"}, {"fields": {"entity_name": "CreationDate", "readable_name": "Creation Date", "schema_name": "creation_date", "short_definition": "", "modified": "2015-07-06T23:08:30.550Z", "str_expression": "{{ value|date:'F j, Y g:i A'}}", "long_definition": "SHOULD THIS BE ROLLED INTO EVENTS?", "element_data_type": 4, "active": true, "editable": true, "readable_plural_name": "Creation Dates", "created": "2015-07-06T23:09:43.747Z", "sort": 490, "example": "", "element_view": "ElementDatetime"}, "pk": 39, "model": "element_type.elementtype"}, {"fields": {"entity_name": "ModificationDate", "readable_name": "Modification Date", "schema_name": "modification_date", "short_definition": "", "modified": "2015-07-06T23:08:30.550Z", "str_expression": "{{ value|date:'F j, Y g:i A'}}", "long_definition": "SHOULD THIS BE ROLLED INTO EVENTS?", "element_data_type": 4, "active": true, "editable": true, "readable_plural_name": "Modification Dates", "created": "2015-07-06T23:09:43.747Z", "sort": 500, "example": "", "element_view": "ElementDatetime"}, "pk": 40, "model": "element_type.elementtype"}, {"fields": {"entity_name": "Business", "readable_name": "Business", "schema_name": "business", "short_definition": null, "modified": "2015-07-06T23:08:29.013Z", "long_definition": null, "active": true, "readable_plural_name": "Businesses", "created": "2015-07-06T23:09:43.452Z", "sort": 17010, "example": null, "element_type": 7}, "pk": 1, "model": "element_type.elementoption"}, {"fields": {"entity_name": "Non-Profit", "readable_name": "Non-Profit", "schema_name": "non-profit", "short_definition": null, "modified": "2015-07-06T23:08:29.013Z", "long_definition": null, "active": true, "readable_plural_name": "Non-Profits", "created": "2015-07-06T23:09:43.452Z", "sort": 17020, "example": null, "element_type": 7}, "pk": 2, "model": "element_type.elementoption"}, {"fields": {"entity_name": "Education", "readable_name": "Education", "schema_name": "education", "short_definition": null, "modified": "2015-07-06T23:08:29.013Z", "long_definition": null, "active": true, "readable_plural_name": "Education", "created": "2015-07-06T23:09:43.452Z", "sort": 17030, "example": null, "element_type": 7}, "pk": 3, "model": "element_type.elementoption"}, {"fields": {"entity_name": "Food", "readable_name": "Food", "schema_name": "food", "short_definition": null, "modified": "2015-07-06T23:08:29.013Z", "long_definition": null, "active": true, "readable_plural_name": "Food", "created": "2015-07-06T23:09:43.452Z", "sort": 17040, "example": null, "element_type": 7}, "pk": 4, "model": "element_type.elementoption"}, {"fields": {"entity_name": "Service", "readable_name": "Service", "schema_name": "service", "short_definition": null, "modified": "2015-07-06T23:08:29.013Z", "long_definition": null, "active": true, "readable_plural_name": "Services", "created": "2015-07-06T23:09:43.452Z", "sort": 17050, "example": null, "element_type": 7}, "pk": 5, "model": "element_type.elementoption"}, {"fields": {"entity_name": "Cultural", "readable_name": "Cultural", "schema_name": "cultural", "short_definition": null, "modified": "2015-07-06T23:08:29.013Z", "long_definition": null, "active": true, "readable_plural_name": "Cultural", "created": "2015-07-06T23:09:43.452Z", "sort": 17060, "example": null, "element_type": 7}, "pk": 6, "model": "element_type.elementoption"}, {"fields": {"entity_name": "Religious", "readable_name": "Religious", "schema_name": "religious", "short_definition": null, "modified": "2015-07-06T23:08:29.013Z", "long_definition": null, "active": true, "readable_plural_name": "Religious", "created": "2015-07-06T23:09:43.452Z", "sort": 17070, "example": null, "element_type": 7}, "pk": 7, "model": "element_type.elementoption"}, {"fields": {"entity_name": "Government", "readable_name": "Government", "schema_name": "government", "short_definition": null, "modified": "2015-07-06T23:08:29.013Z", "long_definition": null, "active": true, "readable_plural_name": "Governments", "created": "2015-07-06T23:09:43.452Z", "sort": 17080, "example": null, "element_type": 7}, "pk": 8, "model": "element_type.elementoption"}, {"fields": {"entity_name": "Social", "readable_name": "Social", "schema_name": "social", "short_definition": null, "modified": "2015-07-06T23:08:29.013Z", "long_definition": null, "active": true, "readable_plural_name": "Social", "created": "2015-07-06T23:09:43.452Z", "sort": 17090, "example": null, "element_type": 7}, "pk": 9, "model": "element_type.elementoption"}, {"fields": {"entity_name": "ActionNew", "readable_name": "New", "schema_name": "new", "short_definition": "Just Created", "modified": "2015-07-06T23:08:29.013Z", "long_definition": "Action just added to Tracuse that need to be reviewed for reclassification.", "active": true, "readable_plural_name": "New", "created": "2015-07-06T23:09:43.452Z", "sort": 30010, "example": null, "element_type": 21}, "pk": 10, "model": "element_type.elementoption"}, {"fields": {"entity_name": "ActionSomeday", "readable_name": "Someday", "schema_name": "someday", "short_definition": "Deferred Indefinitely", "modified": "2015-07-06T23:08:29.013Z", "long_definition": "Action that may not complete for years, months, or ever.", "active": true, "readable_plural_name": "Someday", "created": "2015-07-06T23:09:43.452Z", "sort": 30020, "example": null, "element_type": 21}, "pk": 11, "model": "element_type.elementoption"}, {"fields": {"entity_name": "ActionUpcoming", "readable_name": "Upcoming", "schema_name": "upcoming", "short_definition": "On the Horizon", "modified": "2015-07-06T23:08:29.013Z", "long_definition": "Action that is coming up in the next month or so and needs some basic attention.", "active": true, "readable_plural_name": "Upcoming", "created": "2015-07-06T23:09:43.452Z", "sort": 30030, "example": null, "element_type": 21}, "pk": 12, "model": "element_type.elementoption"}, {"fields": {"entity_name": "ActionCurrent", "readable_name": "Current", "schema_name": "current", "short_definition": "Active Now", "modified": "2015-07-06T23:08:29.013Z", "long_definition": "Action to be completed immediately.  Highly visible on your lists.", "active": true, "readable_plural_name": "Current", "created": "2015-07-06T23:09:43.452Z", "sort": 30040, "example": null, "element_type": 21}, "pk": 13, "model": "element_type.elementoption"}, {"fields": {"entity_name": "ActionInProgress", "readable_name": "In Progress", "schema_name": "in_progress", "short_definition": "Being Done", "modified": "2015-07-06T23:08:29.013Z", "long_definition": "Action that has paused after starting. Should be used rarely.", "active": true, "readable_plural_name": "In Progress", "created": "2015-07-06T23:09:43.452Z", "sort": 30050, "example": null, "element_type": 21}, "pk": 14, "model": "element_type.elementoption"}, {"fields": {"entity_name": "ActionComplete", "readable_name": "Complete", "schema_name": "complete", "short_definition": "DONE", "modified": "2015-07-06T23:08:29.013Z", "long_definition": "Action that has completed.  Way to go!", "active": true, "readable_plural_name": "Complete", "created": "2015-07-06T23:09:43.452Z", "sort": 30060, "example": null, "element_type": 21}, "pk": 15, "model": "element_type.elementoption"}, {"fields": {"entity_name": "ActionWaitingFor", "readable_name": "WaitingFor", "schema_name": "waitingfor", "short_definition": "For Someone Else", "modified": "2015-07-06T23:08:29.013Z", "long_definition": "Action that has been assigned to someone else, but you want to keep track of it.", "active": true, "readable_plural_name": "WaitingFor", "created": "2015-07-06T23:09:43.452Z", "sort": 30070, "example": null, "element_type": 21}, "pk": 16, "model": "element_type.elementoption"}, {"fields": {"entity_name": "1", "readable_name": "1", "schema_name": "1", "short_definition": "Very Easy", "modified": "2015-07-06T23:08:29.013Z", "long_definition": null, "active": true, "readable_plural_name": "1", "created": "2015-07-06T23:09:43.452Z", "sort": 32010, "example": null, "element_type": 22}, "pk": 17, "model": "element_type.elementoption"}, {"fields": {"entity_name": "2", "readable_name": "2", "schema_name": "2", "short_definition": "Easy", "modified": "2015-07-06T23:08:29.013Z", "long_definition": null, "active": true, "readable_plural_name": "2", "created": "2015-07-06T23:09:43.452Z", "sort": 32020, "example": null, "element_type": 22}, "pk": 18, "model": "element_type.elementoption"}, {"fields": {"entity_name": "3", "readable_name": "3", "schema_name": "3", "short_definition": "Neither Easy or Hard", "modified": "2015-07-06T23:08:29.013Z", "long_definition": null, "active": true, "readable_plural_name": "3", "created": "2015-07-06T23:09:43.452Z", "sort": 32030, "example": null, "element_type": 22}, "pk": 19, "model": "element_type.elementoption"}, {"fields": {"entity_name": "4", "readable_name": "4", "schema_name": "4", "short_definition": "Hard", "modified": "2015-07-06T23:08:29.013Z", "long_definition": null, "active": true, "readable_plural_name": "4", "created": "2015-07-06T23:09:43.452Z", "sort": 32040, "example": null, "element_type": 22}, "pk": 20, "model": "element_type.elementoption"}, {"fields": {"entity_name": "5", "readable_name": "5", "schema_name": "5", "short_definition": "Very Hard", "modified": "2015-07-06T23:08:29.013Z", "long_definition": null, "active": true, "readable_plural_name": "5", "created": "2015-07-06T23:09:43.452Z", "sort": 32050, "example": null, "element_type": 22}, "pk": 21, "model": "element_type.elementoption"}, {"fields": {"entity_name": "Actual", "readable_name": "Actual", "schema_name": "actual", "short_definition": "Events Occurred", "modified": "2015-07-06T23:08:29.013Z", "long_definition": "Use for any events that actually occur", "active": true, "readable_plural_name": "Actuals", "created": "2015-07-06T23:09:43.452Z", "sort": 32010, "example": null, "element_type": 23}, "pk": 22, "model": "element_type.elementoption"}, {"fields": {"entity_name": "Planned", "readable_name": "Planned", "schema_name": "planned", "short_definition": "Events Expected", "modified": "2015-07-06T23:08:29.013Z", "long_definition": "Use for any expected events", "active": true, "readable_plural_name": "Planneds", "created": "2015-07-06T23:09:43.452Z", "sort": 32020, "example": null, "element_type": 23}, "pk": 23, "model": "element_type.elementoption"}, {"fields": {"entity_name": "Placeholder", "readable_name": "Placeholder", "schema_name": "placeholder", "short_definition": null, "modified": "2015-07-06T23:08:29.013Z", "long_definition": null, "active": true, "readable_plural_name": "Placeholders", "created": "2015-07-06T23:09:43.452Z", "sort": 40010, "example": null, "element_type": 30}, "pk": 24, "model": "element_type.elementoption"}, {"fields": {"entity_name": "ItemNew", "readable_name": "New", "schema_name": "new", "short_definition": "Just Created", "modified": "2015-07-06T23:08:29.013Z", "long_definition": "Item just added to Tracuse that need to be reviewed for reclassification.", "active": true, "readable_plural_name": "New", "created": "2015-07-06T23:09:43.452Z", "sort": 42010, "example": null, "element_type": 33}, "pk": 25, "model": "element_type.elementoption"}, {"fields": {"entity_name": "ItemStart", "readable_name": "Start", "schema_name": "start", "short_definition": "Initial Review", "modified": "2015-07-06T23:08:29.013Z", "long_definition": "Item just begun, may include outlining, research, and other preparation.", "active": true, "readable_plural_name": "Start", "created": "2015-07-06T23:09:43.452Z", "sort": 42020, "example": null, "element_type": 33}, "pk": 26, "model": "element_type.elementoption"}, {"fields": {"entity_name": "ItemWorking", "readable_name": "Working", "schema_name": "working", "short_definition": "Main Action", "modified": "2015-07-06T23:08:29.013Z", "long_definition": "Primary work on Item. Can be reading, writing, consuming, producing, etc.", "active": true, "readable_plural_name": "Working", "created": "2015-07-06T23:09:43.452Z", "sort": 42030, "example": null, "element_type": 33}, "pk": 27, "model": "element_type.elementoption"}, {"fields": {"entity_name": "ItemConclusion", "readable_name": "Conclusion", "schema_name": "conclusion", "short_definition": "Almost Complete", "modified": "2015-07-06T23:08:29.013Z", "long_definition": "Item in final stages.  Can be final draft, editing, or other wrap-up actions.", "active": true, "readable_plural_name": "Conclusion", "created": "2015-07-06T23:09:43.452Z", "sort": 42040, "example": null, "element_type": 33}, "pk": 28, "model": "element_type.elementoption"}, {"fields": {"entity_name": "ItemComplete", "readable_name": "Complete", "schema_name": "complete", "short_definition": "DONE", "modified": "2015-07-06T23:08:29.013Z", "long_definition": "Item that has completed.  Way to go!", "active": true, "readable_plural_name": "Complete", "created": "2015-07-06T23:09:43.452Z", "sort": 42050, "example": null, "element_type": 33}, "pk": 29, "model": "element_type.elementoption"}, {"fields": {"entity_name": "CategoryName", "readable_name": "Category - Name", "schema_name": "category_name", "short_definition": "", "modified": "2015-07-06T23:08:25.981Z", "datum_type": 1, "calc_expression": "", "long_definition": "", "active": true, "readable_plural_name": "Categories - Names", "created": "2015-07-06T23:09:41.829Z", "sort": 10100110, "example": "Home", "element_type": 1, "primary_view": true}, "pk": 1, "model": "element_type.elementdatumtype"}, {"fields": {"entity_name": "CategoryDescription", "readable_name": "Category - Description", "schema_name": "category_description", "short_definition": null, "modified": "2015-07-06T23:08:25.981Z", "datum_type": 1, "calc_expression": "", "long_definition": null, "active": true, "readable_plural_name": "Categories - Descriptions", "created": "2015-07-06T23:09:41.829Z", "sort": 10100120, "example": "Where the heart is", "element_type": 2, "primary_view": false}, "pk": 2, "model": "element_type.elementdatumtype"}, {"fields": {"entity_name": "ProjectName", "readable_name": "Project - Name", "schema_name": "project_name", "short_definition": "", "modified": "2015-07-06T23:08:25.981Z", "datum_type": 2, "calc_expression": "", "long_definition": "", "active": true, "readable_plural_name": "Projects - Names", "created": "2015-07-06T23:09:41.829Z", "sort": 10110110, "example": "Marketing Initiative", "element_type": 1, "primary_view": true}, "pk": 3, "model": "element_type.elementdatumtype"}, {"fields": {"entity_name": "ProjectDescription", "readable_name": "Project - Description", "schema_name": "project_description", "short_definition": null, "modified": "2015-07-06T23:08:25.981Z", "datum_type": 2, "calc_expression": "", "long_definition": null, "active": true, "readable_plural_name": "Projects - Descriptions", "created": "2015-07-06T23:09:41.829Z", "sort": 10110120, "example": "Revamp marketing materials", "element_type": 2, "primary_view": false}, "pk": 4, "model": "element_type.elementdatumtype"}, {"fields": {"entity_name": "ContextName", "readable_name": "Context - Name", "schema_name": "context_name", "short_definition": "", "modified": "2015-07-06T23:08:25.981Z", "datum_type": 3, "calc_expression": "", "long_definition": "", "active": true, "readable_plural_name": "Contexts - Names", "created": "2015-07-06T23:09:41.829Z", "sort": 10120110, "example": "Call", "element_type": 1, "primary_view": true}, "pk": 5, "model": "element_type.elementdatumtype"}, {"fields": {"entity_name": "ContextDescription", "readable_name": "Context - Description", "schema_name": "context_description", "short_definition": null, "modified": "2015-07-06T23:08:25.981Z", "datum_type": 3, "calc_expression": "", "long_definition": null, "active": true, "readable_plural_name": "Contexts - Descriptions", "created": "2015-07-06T23:09:41.829Z", "sort": 10120120, "example": "Speaking to someone over the phone", "element_type": 2, "primary_view": false}, "pk": 6, "model": "element_type.elementdatumtype"}, {"fields": {"entity_name": "PersonName", "readable_name": "Person - Name", "schema_name": "person_name", "short_definition": "", "modified": "2015-07-06T23:08:25.981Z", "datum_type": 4, "calc_expression": "{{ first_name }}{% if last_name %}{{ ' '|add:last_name }}{% endif %}", "long_definition": "Default = First Name + Last Name", "active": true, "readable_plural_name": "Persons - Names", "created": "2015-07-06T23:09:41.829Z", "sort": 10130110, "example": "John Smith", "element_type": 1, "primary_view": true}, "pk": 7, "model": "element_type.elementdatumtype"}, {"fields": {"entity_name": "PersonDescription", "readable_name": "Person - Description", "schema_name": "person_description", "short_definition": null, "modified": "2015-07-06T23:08:25.981Z", "datum_type": 4, "calc_expression": "", "long_definition": null, "active": true, "readable_plural_name": "Persons - Descriptions", "created": "2015-07-06T23:09:41.829Z", "sort": 10130120, "example": "My pal John", "element_type": 2, "primary_view": false}, "pk": 8, "model": "element_type.elementdatumtype"}, {"fields": {"entity_name": "PersonFirstName", "readable_name": "Person - First Name", "schema_name": "person_first_name", "short_definition": "", "modified": "2015-07-06T23:08:25.981Z", "datum_type": 4, "calc_expression": "{{ name|truncatewords:1 }}", "long_definition": "", "active": true, "readable_plural_name": "Persons - First Names", "created": "2015-07-06T23:09:41.829Z", "sort": 10130130, "example": "John", "element_type": 3, "primary_view": false}, "pk": 9, "model": "element_type.elementdatumtype"}, {"fields": {"entity_name": "PersonLastName", "readable_name": "Person - Last Name", "schema_name": "person_last_name", "short_definition": "", "modified": "2015-07-06T23:08:25.981Z", "datum_type": 4, "calc_expression": "", "long_definition": "", "active": true, "readable_plural_name": "Persons - Last Names", "created": "2015-07-06T23:09:41.829Z", "sort": 10130140, "example": "Smith", "element_type": 4, "primary_view": false}, "pk": 10, "model": "element_type.elementdatumtype"}, {"fields": {"entity_name": "PersonNickname", "readable_name": "Person - Nickname", "schema_name": "person_nickname", "short_definition": null, "modified": "2015-07-06T23:08:25.981Z", "datum_type": 4, "calc_expression": "", "long_definition": null, "active": true, "readable_plural_name": "Persons - Nicknames", "created": "2015-07-06T23:09:41.829Z", "sort": 10130150, "example": "Johnny Boy", "element_type": 5, "primary_view": false}, "pk": 11, "model": "element_type.elementdatumtype"}, {"fields": {"entity_name": "PersonBirthday", "readable_name": "Person - Birthday", "schema_name": "person_birthday", "short_definition": null, "modified": "2015-07-06T23:08:25.981Z", "datum_type": 4, "calc_expression": "", "long_definition": null, "active": true, "readable_plural_name": "Persons - Birthdays", "created": "2015-07-06T23:09:41.829Z", "sort": 10130160, "example": "1/1/2001", "element_type": 6, "primary_view": false}, "pk": 12, "model": "element_type.elementdatumtype"}, {"fields": {"entity_name": "EntityName", "readable_name": "Entity - Name", "schema_name": "entity_name", "short_definition": "", "modified": "2015-07-06T23:08:25.981Z", "datum_type": 5, "calc_expression": "", "long_definition": "", "active": true, "readable_plural_name": "Entities - Names", "created": "2015-07-06T23:09:41.829Z", "sort": 10140110, "example": "Joe's Auto Shop", "element_type": 1, "primary_view": true}, "pk": 13, "model": "element_type.elementdatumtype"}, {"fields": {"entity_name": "EntityDescription", "readable_name": "Entity - Description", "schema_name": "entity_description", "short_definition": null, "modified": "2015-07-06T23:08:25.981Z", "datum_type": 5, "calc_expression": "", "long_definition": null, "active": true, "readable_plural_name": "Entities - Descriptions", "created": "2015-07-06T23:09:41.829Z", "sort": 10140120, "example": "Where I take my car", "element_type": 2, "primary_view": false}, "pk": 14, "model": "element_type.elementdatumtype"}, {"fields": {"entity_name": "EntityEntityType", "readable_name": "Entity - Entity Type", "schema_name": "entity_entity_type", "short_definition": null, "modified": "2015-07-06T23:08:25.981Z", "datum_type": 5, "calc_expression": "", "long_definition": null, "active": true, "readable_plural_name": "Entities - Entity Types", "created": "2015-07-06T23:09:41.829Z", "sort": 10140170, "example": "Business", "element_type": 7, "primary_view": false}, "pk": 15, "model": "element_type.elementdatumtype"}, {"fields": {"entity_name": "LocationName", "readable_name": "Location - Name", "schema_name": "location_name", "short_definition": "", "modified": "2015-07-06T23:08:25.981Z", "datum_type": 6, "calc_expression": "", "long_definition": "Default = Person/Entity Name + *** + Location", "active": true, "readable_plural_name": "Locations - Names", "created": "2015-07-06T23:09:41.829Z", "sort": 10150110, "example": "Joe's Auto Shop Main Address", "element_type": 1, "primary_view": true}, "pk": 16, "model": "element_type.elementdatumtype"}, {"fields": {"entity_name": "LocationDescription", "readable_name": "Location - Description", "schema_name": "location_description", "short_definition": null, "modified": "2015-07-06T23:08:25.981Z", "datum_type": 6, "calc_expression": "", "long_definition": null, "active": true, "readable_plural_name": "Locations - Descriptions", "created": "2015-07-06T23:09:41.829Z", "sort": 10150120, "example": "Next to the convenience store", "element_type": 2, "primary_view": false}, "pk": 17, "model": "element_type.elementdatumtype"}, {"fields": {"entity_name": "LocationStreetAddress", "readable_name": "Location - Street Address", "schema_name": "location_street_address", "short_definition": null, "modified": "2015-07-06T23:08:25.981Z", "datum_type": 6, "calc_expression": "", "long_definition": null, "active": true, "readable_plural_name": "Locations - Street Addresses", "created": "2015-07-06T23:09:41.829Z", "sort": 10150180, "example": "123 Main St", "element_type": 8, "primary_view": false}, "pk": 18, "model": "element_type.elementdatumtype"}, {"fields": {"entity_name": "LocationCity", "readable_name": "Location - City", "schema_name": "location_city", "short_definition": null, "modified": "2015-07-06T23:08:25.981Z", "datum_type": 6, "calc_expression": "", "long_definition": null, "active": true, "readable_plural_name": "Locations - Citys", "created": "2015-07-06T23:09:41.829Z", "sort": 10150190, "example": "Portland", "element_type": 9, "primary_view": false}, "pk": 19, "model": "element_type.elementdatumtype"}, {"fields": {"entity_name": "LocationState", "readable_name": "Location - State", "schema_name": "location_state", "short_definition": null, "modified": "2015-07-06T23:08:25.981Z", "datum_type": 6, "calc_expression": "", "long_definition": null, "active": true, "readable_plural_name": "Locations - States", "created": "2015-07-06T23:09:41.829Z", "sort": 10150200, "example": "OR", "element_type": 10, "primary_view": false}, "pk": 20, "model": "element_type.elementdatumtype"}, {"fields": {"entity_name": "LocationZip", "readable_name": "Location - Zip", "schema_name": "location_zip", "short_definition": null, "modified": "2015-07-06T23:08:25.981Z", "datum_type": 6, "calc_expression": "", "long_definition": null, "active": true, "readable_plural_name": "Locations - Zips", "created": "2015-07-06T23:09:41.829Z", "sort": 10150210, "example": "97209", "element_type": 11, "primary_view": false}, "pk": 21, "model": "element_type.elementdatumtype"}, {"fields": {"entity_name": "LocationCountry", "readable_name": "Location - Country", "schema_name": "location_country", "short_definition": null, "modified": "2015-07-06T23:08:25.981Z", "datum_type": 6, "calc_expression": "", "long_definition": null, "active": true, "readable_plural_name": "Locations - Countries", "created": "2015-07-06T23:09:41.829Z", "sort": 10150220, "example": "USA", "element_type": 12, "primary_view": false}, "pk": 22, "model": "element_type.elementdatumtype"}, {"fields": {"entity_name": "LocationLatitude", "readable_name": "Location - Latitude", "schema_name": "location_latitude", "short_definition": null, "modified": "2015-07-06T23:08:25.981Z", "datum_type": 6, "calc_expression": "", "long_definition": null, "active": true, "readable_plural_name": "Locations - Latitudes", "created": "2015-07-06T23:09:41.829Z", "sort": 10150230, "example": "45.515586", "element_type": 13, "primary_view": false}, "pk": 23, "model": "element_type.elementdatumtype"}, {"fields": {"entity_name": "LocationLongitude", "readable_name": "Location - Longitude", "schema_name": "location_longitude", "short_definition": null, "modified": "2015-07-06T23:08:25.981Z", "datum_type": 6, "calc_expression": "", "long_definition": null, "active": true, "readable_plural_name": "Locations - Longitudes", "created": "2015-07-06T23:09:41.829Z", "sort": 10150240, "example": "-122.692291", "element_type": 14, "primary_view": false}, "pk": 24, "model": "element_type.elementdatumtype"}, {"fields": {"entity_name": "ContactName", "readable_name": "Contact - Name", "schema_name": "contact_name", "short_definition": "", "modified": "2015-07-06T23:08:25.981Z", "datum_type": 7, "calc_expression": "", "long_definition": "Default = Person/Entity Name + *** + Contact", "active": true, "readable_plural_name": "Contacts - Names", "created": "2015-07-06T23:09:41.829Z", "sort": 10160110, "example": "Joe's Auto Shop Main Contact", "element_type": 1, "primary_view": true}, "pk": 25, "model": "element_type.elementdatumtype"}, {"fields": {"entity_name": "ContactDescription", "readable_name": "Contact - Description", "schema_name": "contact_description", "short_definition": null, "modified": "2015-07-06T23:08:25.981Z", "datum_type": 7, "calc_expression": "", "long_definition": null, "active": true, "readable_plural_name": "Contacts - Descriptions", "created": "2015-07-06T23:09:41.829Z", "sort": 10160120, "example": null, "element_type": 2, "primary_view": false}, "pk": 26, "model": "element_type.elementdatumtype"}, {"fields": {"entity_name": "ContactPhone", "readable_name": "Contact - Phone", "schema_name": "contact_phone", "short_definition": null, "modified": "2015-07-06T23:08:25.981Z", "datum_type": 7, "calc_expression": "", "long_definition": null, "active": true, "readable_plural_name": "Contacts - Phones", "created": "2015-07-06T23:09:41.829Z", "sort": 10160250, "example": "(503) 555-1234", "element_type": 15, "primary_view": false}, "pk": 27, "model": "element_type.elementdatumtype"}, {"fields": {"entity_name": "ContactEmail", "readable_name": "Contact - Email", "schema_name": "contact_email", "short_definition": null, "modified": "2015-07-06T23:08:25.981Z", "datum_type": 7, "calc_expression": "", "long_definition": null, "active": true, "readable_plural_name": "Contacts - Emails", "created": "2015-07-06T23:09:41.829Z", "sort": 10160260, "example": "joe@joesautoshop.com", "element_type": 16, "primary_view": false}, "pk": 28, "model": "element_type.elementdatumtype"}, {"fields": {"entity_name": "ContactWebsite", "readable_name": "Contact - Website", "schema_name": "contact_website", "short_definition": null, "modified": "2015-07-06T23:08:25.981Z", "datum_type": 7, "calc_expression": "", "long_definition": null, "active": true, "readable_plural_name": "Contacts - Websites", "created": "2015-07-06T23:09:41.829Z", "sort": 10160270, "example": "http://www.joesautoshop.com", "element_type": 17, "primary_view": false}, "pk": 29, "model": "element_type.elementdatumtype"}, {"fields": {"entity_name": "ContactFacebook", "readable_name": "Contact - Facebook", "schema_name": "contact_facebook", "short_definition": null, "modified": "2015-07-06T23:08:25.981Z", "datum_type": 7, "calc_expression": "", "long_definition": null, "active": true, "readable_plural_name": "Contacts - Facebook", "created": "2015-07-06T23:09:41.829Z", "sort": 10160280, "example": "https://www.facebook.com/joesautoshop", "element_type": 18, "primary_view": false}, "pk": 30, "model": "element_type.elementdatumtype"}, {"fields": {"entity_name": "ContactLinkedIn", "readable_name": "Contact - LinkedIn", "schema_name": "contact_linkedin", "short_definition": null, "modified": "2015-07-06T23:08:25.981Z", "datum_type": 7, "calc_expression": "", "long_definition": null, "active": true, "readable_plural_name": "Contacts - LinkedIn", "created": "2015-07-06T23:09:41.829Z", "sort": 10160290, "example": "https://www.linkedin.com/in/joesautoshop", "element_type": 19, "primary_view": false}, "pk": 31, "model": "element_type.elementdatumtype"}, {"fields": {"entity_name": "ContactTwitter", "readable_name": "Contact - Twitter", "schema_name": "contact_twitter", "short_definition": null, "modified": "2015-07-06T23:08:25.981Z", "datum_type": 7, "calc_expression": "", "long_definition": null, "active": true, "readable_plural_name": "Contacts - Twitter", "created": "2015-07-06T23:09:41.829Z", "sort": 10160300, "example": "@joesautoshop", "element_type": 20, "primary_view": false}, "pk": 32, "model": "element_type.elementdatumtype"}, {"fields": {"entity_name": "ActionDescription", "readable_name": "Action - Description", "schema_name": "action_description", "short_definition": "", "modified": "2015-07-06T23:08:25.981Z", "datum_type": 8, "calc_expression": "", "long_definition": "", "active": true, "readable_plural_name": "Actions - Descriptions", "created": "2015-07-06T23:09:41.829Z", "sort": 20100120, "example": "Go to the gym", "element_type": 2, "primary_view": true}, "pk": 33, "model": "element_type.elementdatumtype"}, {"fields": {"entity_name": "ActionActionStatus", "readable_name": "Action - Action Status", "schema_name": "action_action_status", "short_definition": "", "modified": "2015-07-06T23:08:25.981Z", "datum_type": 8, "calc_expression": "", "long_definition": "", "active": true, "readable_plural_name": "Actions - Action Statuses", "created": "2015-07-06T23:09:41.829Z", "sort": 20100310, "example": "Current", "element_type": 21, "primary_view": true}, "pk": 34, "model": "element_type.elementdatumtype"}, {"fields": {"entity_name": "ActionActionEffort", "readable_name": "Action - Action Effort", "schema_name": "action_action_effort", "short_definition": "", "modified": "2015-07-06T23:08:25.981Z", "datum_type": 8, "calc_expression": "", "long_definition": "", "active": true, "readable_plural_name": "Actions - Action Efforts", "created": "2015-07-06T23:09:41.829Z", "sort": 20100320, "example": "5", "element_type": 22, "primary_view": true}, "pk": 35, "model": "element_type.elementdatumtype"}, {"fields": {"entity_name": "PrincipleDescription", "readable_name": "Principle - Description", "schema_name": "principle_description", "short_definition": "", "modified": "2015-07-06T23:08:25.981Z", "datum_type": 9, "calc_expression": "", "long_definition": "", "active": true, "readable_plural_name": "Principles - Descriptions", "created": "2015-07-06T23:09:41.829Z", "sort": 20110120, "example": "So I can be fit and healthy", "element_type": 2, "primary_view": true}, "pk": 36, "model": "element_type.elementdatumtype"}, {"fields": {"entity_name": "JournalDescription", "readable_name": "Journal - Description", "schema_name": "journal_description", "short_definition": "", "modified": "2015-07-06T23:08:25.981Z", "datum_type": 10, "calc_expression": "", "long_definition": "", "active": true, "readable_plural_name": "Journals - Descriptions", "created": "2015-07-06T23:09:41.829Z", "sort": 20120120, "example": "Need to watch my bench press form", "element_type": 2, "primary_view": true}, "pk": 37, "model": "element_type.elementdatumtype"}, {"fields": {"entity_name": "ScheduleName", "readable_name": "Schedule - Name", "schema_name": "schedule_name", "short_definition": "", "modified": "2015-07-06T23:08:25.981Z", "datum_type": 11, "calc_expression": "", "long_definition": "", "active": true, "readable_plural_name": "Schedules - Names", "created": "2015-07-06T23:09:41.829Z", "sort": 30100110, "example": "Actual Schedule", "element_type": 1, "primary_view": true}, "pk": 38, "model": "element_type.elementdatumtype"}, {"fields": {"entity_name": "ScheduleScheduleType", "readable_name": "Schedule - Schedule Type", "schema_name": "schedule_schedule_type", "short_definition": null, "modified": "2015-07-06T23:08:25.981Z", "datum_type": 11, "calc_expression": "", "long_definition": null, "active": true, "readable_plural_name": "Schedules - Schedule Types", "created": "2015-07-06T23:09:41.829Z", "sort": 30100330, "example": "Actual", "element_type": 23, "primary_view": false}, "pk": 39, "model": "element_type.elementdatumtype"}, {"fields": {"entity_name": "EventBeginningBuffer", "readable_name": "Event - Beginning Buffer", "schema_name": "event_beginning_buffer", "short_definition": null, "modified": "2015-07-06T23:08:25.981Z", "datum_type": 12, "calc_expression": "", "long_definition": null, "active": true, "readable_plural_name": "Events - Beginning Buffers", "created": "2015-07-06T23:09:41.829Z", "sort": 30110340, "example": "3/4/2015 1:00:00 PM", "element_type": 24, "primary_view": false}, "pk": 40, "model": "element_type.elementdatumtype"}, {"fields": {"entity_name": "EventBeginningEvent", "readable_name": "Event - Beginning Event", "schema_name": "event_beginning_event", "short_definition": "", "modified": "2015-07-06T23:08:25.981Z", "datum_type": 12, "calc_expression": "", "long_definition": "", "active": true, "readable_plural_name": "Events - Beginning Events", "created": "2015-07-06T23:09:41.829Z", "sort": 30110350, "example": "3/4/2015 1:30:00 PM", "element_type": 25, "primary_view": true}, "pk": 41, "model": "element_type.elementdatumtype"}, {"fields": {"entity_name": "EventEndingEvent", "readable_name": "Event - Ending Event", "schema_name": "event_ending_event", "short_definition": "", "modified": "2015-07-06T23:08:25.981Z", "datum_type": 12, "calc_expression": "", "long_definition": "", "active": true, "readable_plural_name": "Events - Ending Events", "created": "2015-07-06T23:09:41.829Z", "sort": 30110360, "example": "3/4/2015 2:30:00 PM", "element_type": 26, "primary_view": true}, "pk": 42, "model": "element_type.elementdatumtype"}, {"fields": {"entity_name": "EventEndingBuffer", "readable_name": "Event - Ending Buffer", "schema_name": "event_ending_buffer", "short_definition": null, "modified": "2015-07-06T23:08:25.981Z", "datum_type": 12, "calc_expression": "", "long_definition": null, "active": true, "readable_plural_name": "Events - Ending Buffers", "created": "2015-07-06T23:09:41.829Z", "sort": 30110370, "example": "3/4/2015 3:00:00 PM", "element_type": 27, "primary_view": false}, "pk": 43, "model": "element_type.elementdatumtype"}, {"fields": {"entity_name": "EventEventTime", "readable_name": "Event - Event Time", "schema_name": "event_event_time", "short_definition": null, "modified": "2015-07-06T23:08:25.981Z", "datum_type": 12, "calc_expression": "", "long_definition": null, "active": true, "readable_plural_name": "Events - Event Times", "created": "2015-07-06T23:09:41.829Z", "sort": 30110380, "example": "2", "element_type": 28, "primary_view": false}, "pk": 44, "model": "element_type.elementdatumtype"}, {"fields": {"entity_name": "EventTotalTime", "readable_name": "Event - Total Time", "schema_name": "event_total_time", "short_definition": null, "modified": "2015-07-06T23:08:25.981Z", "datum_type": 12, "calc_expression": "", "long_definition": null, "active": true, "readable_plural_name": "Events - Total Times", "created": "2015-07-06T23:09:41.829Z", "sort": 30110390, "example": "1", "element_type": 29, "primary_view": false}, "pk": 45, "model": "element_type.elementdatumtype"}, {"fields": {"entity_name": "EventRecurringOptions", "readable_name": "Event - Recurring Options", "schema_name": "event_recurring_options", "short_definition": null, "modified": "2015-07-06T23:08:25.981Z", "datum_type": 12, "calc_expression": "", "long_definition": null, "active": true, "readable_plural_name": "Events - Recurring Optionss", "created": "2015-07-06T23:09:41.829Z", "sort": 30110400, "example": null, "element_type": 30, "primary_view": false}, "pk": 46, "model": "element_type.elementdatumtype"}, {"fields": {"entity_name": "ReminderRecurringOptions", "readable_name": "Reminder - Recurring Options", "schema_name": "reminder_recurring_options", "short_definition": null, "modified": "2015-07-06T23:08:25.981Z", "datum_type": 13, "calc_expression": "", "long_definition": null, "active": true, "readable_plural_name": "Reminders - Recurring Optionss", "created": "2015-07-06T23:09:41.829Z", "sort": 30120400, "example": null, "element_type": 30, "primary_view": false}, "pk": 47, "model": "element_type.elementdatumtype"}, {"fields": {"entity_name": "ReminderAlert", "readable_name": "Reminder - Alert", "schema_name": "reminder_alert", "short_definition": null, "modified": "2015-07-06T23:08:25.981Z", "datum_type": 13, "calc_expression": "", "long_definition": null, "active": true, "readable_plural_name": "Reminders - Alerts", "created": "2015-07-06T23:09:41.829Z", "sort": 30120410, "example": "5/13/2015 2:30:00 PM", "element_type": 31, "primary_view": false}, "pk": 48, "model": "element_type.elementdatumtype"}, {"fields": {"entity_name": "ReminderLoggedIn", "readable_name": "Reminder - Logged In", "schema_name": "reminder_logged_in", "short_definition": null, "modified": "2015-07-06T23:08:25.981Z", "datum_type": 13, "calc_expression": "", "long_definition": null, "active": true, "readable_plural_name": "Reminders - Logged In", "created": "2015-07-06T23:09:41.829Z", "sort": 30120420, "example": "0", "element_type": 32, "primary_view": false}, "pk": 49, "model": "element_type.elementdatumtype"}, {"fields": {"entity_name": "NoteName", "readable_name": "Note - Name", "schema_name": "note_name", "short_definition": "", "modified": "2015-07-06T23:08:25.981Z", "datum_type": 14, "calc_expression": "", "long_definition": "", "active": true, "readable_plural_name": "Notes - Names", "created": "2015-07-06T23:09:41.829Z", "sort": 40100110, "example": "How to fix a flat tire", "element_type": 1, "primary_view": true}, "pk": 50, "model": "element_type.elementdatumtype"}, {"fields": {"entity_name": "NoteItemStatus", "readable_name": "Note - Item Status", "schema_name": "note_item_status", "short_definition": null, "modified": "2015-07-06T23:08:25.981Z", "datum_type": 14, "calc_expression": "", "long_definition": null, "active": true, "readable_plural_name": "Notes - Item Statuses", "created": "2015-07-06T23:09:41.829Z", "sort": 40100430, "example": "ItemComplete", "element_type": 33, "primary_view": false}, "pk": 51, "model": "element_type.elementdatumtype"}, {"fields": {"entity_name": "NoteItemContent", "readable_name": "Note - Item Content", "schema_name": "note_item_content", "short_definition": null, "modified": "2015-07-06T23:08:25.981Z", "datum_type": 14, "calc_expression": "", "long_definition": null, "active": true, "readable_plural_name": "Notes - Item Contents", "created": "2015-07-06T23:09:41.829Z", "sort": 40100440, "example": "<h1>Fix a flat tire</h1><br><p>Step 1</p>", "element_type": 34, "primary_view": false}, "pk": 52, "model": "element_type.elementdatumtype"}, {"fields": {"entity_name": "NoteLink", "readable_name": "Note - Link", "schema_name": "note_link", "short_definition": null, "modified": "2015-07-06T23:08:25.981Z", "datum_type": 14, "calc_expression": "", "long_definition": null, "active": true, "readable_plural_name": "Notes - Links", "created": "2015-07-06T23:09:41.829Z", "sort": 40100470, "example": null, "element_type": 37, "primary_view": false}, "pk": 53, "model": "element_type.elementdatumtype"}, {"fields": {"entity_name": "FileName", "readable_name": "File - Name", "schema_name": "file_name", "short_definition": "", "modified": "2015-07-06T23:08:25.981Z", "datum_type": 15, "calc_expression": "", "long_definition": "", "active": true, "readable_plural_name": "Files - Names", "created": "2015-07-06T23:09:41.829Z", "sort": 40110110, "example": "", "element_type": 1, "primary_view": true}, "pk": 54, "model": "element_type.elementdatumtype"}, {"fields": {"entity_name": "FileDescription", "readable_name": "File - Description", "schema_name": "file_description", "short_definition": null, "modified": "2015-07-06T23:08:25.981Z", "datum_type": 15, "calc_expression": "", "long_definition": null, "active": true, "readable_plural_name": "Files - Descriptions", "created": "2015-07-06T23:09:41.829Z", "sort": 40110120, "example": null, "element_type": 2, "primary_view": false}, "pk": 55, "model": "element_type.elementdatumtype"}, {"fields": {"entity_name": "FileItemStatus", "readable_name": "File - Item Status", "schema_name": "file_item_status", "short_definition": null, "modified": "2015-07-06T23:08:25.981Z", "datum_type": 15, "calc_expression": "", "long_definition": null, "active": true, "readable_plural_name": "Files - Item Statuses", "created": "2015-07-06T23:09:41.829Z", "sort": 40110430, "example": "ItemStart", "element_type": 33, "primary_view": false}, "pk": 56, "model": "element_type.elementdatumtype"}, {"fields": {"entity_name": "FileLink", "readable_name": "File - Link", "schema_name": "file_link", "short_definition": "", "modified": "2015-07-06T23:08:25.981Z", "datum_type": 15, "calc_expression": "", "long_definition": "", "active": true, "readable_plural_name": "Files - Links", "created": "2015-07-06T23:09:41.829Z", "sort": 40110470, "example": "", "element_type": 37, "primary_view": true}, "pk": 57, "model": "element_type.elementdatumtype"}, {"fields": {"entity_name": "FileAttachment", "readable_name": "File - Attachment", "schema_name": "file_attachment", "short_definition": "", "modified": "2015-07-06T23:08:25.981Z", "datum_type": 15, "calc_expression": "", "long_definition": "", "active": true, "readable_plural_name": "Files - Attachments", "created": "2015-07-06T23:09:41.829Z", "sort": 40110480, "example": "", "element_type": 38, "primary_view": false}, "pk": 58, "model": "element_type.elementdatumtype"}, {"fields": {"entity_name": "FileCreationDate", "readable_name": "File - Creation Date", "schema_name": "file_creation_date", "short_definition": null, "modified": "2015-07-06T23:08:25.981Z", "datum_type": 15, "calc_expression": "", "long_definition": null, "active": true, "readable_plural_name": "Files - Creation Dates", "created": "2015-07-06T23:09:41.829Z", "sort": 40110490, "example": null, "element_type": 39, "primary_view": false}, "pk": 59, "model": "element_type.elementdatumtype"}, {"fields": {"entity_name": "FileModificationDate", "readable_name": "File - Modification Date", "schema_name": "file_modification_date", "short_definition": null, "modified": "2015-07-06T23:08:25.981Z", "datum_type": 15, "calc_expression": "", "long_definition": null, "active": true, "readable_plural_name": "Files - Modification Dates", "created": "2015-07-06T23:09:41.829Z", "sort": 40110500, "example": null, "element_type": 40, "primary_view": false}, "pk": 60, "model": "element_type.elementdatumtype"}, {"fields": {"entity_name": "DirectoryName", "readable_name": "Directory - Name", "schema_name": "directory_name", "short_definition": "", "modified": "2015-07-06T23:08:25.981Z", "datum_type": 16, "calc_expression": "", "long_definition": "", "active": true, "readable_plural_name": "Directories - Names", "created": "2015-07-06T23:09:41.829Z", "sort": 40120110, "example": "", "element_type": 1, "primary_view": true}, "pk": 61, "model": "element_type.elementdatumtype"}, {"fields": {"entity_name": "DirectoryDescription", "readable_name": "Directory - Description", "schema_name": "directory_description", "short_definition": null, "modified": "2015-07-06T23:08:25.981Z", "datum_type": 16, "calc_expression": "", "long_definition": null, "active": true, "readable_plural_name": "Directories - Descriptions", "created": "2015-07-06T23:09:41.829Z", "sort": 40120120, "example": null, "element_type": 2, "primary_view": false}, "pk": 62, "model": "element_type.elementdatumtype"}, {"fields": {"entity_name": "DirectoryItemStatus", "readable_name": "Directory - Item Status", "schema_name": "directory_item_status", "short_definition": null, "modified": "2015-07-06T23:08:25.981Z", "datum_type": 16, "calc_expression": "", "long_definition": null, "active": true, "readable_plural_name": "Directories - Item Statuses", "created": "2015-07-06T23:09:41.829Z", "sort": 40120430, "example": "ItemComplete", "element_type": 33, "primary_view": false}, "pk": 63, "model": "element_type.elementdatumtype"}, {"fields": {"entity_name": "DirectoryLink", "readable_name": "Directory - Link", "schema_name": "directory_link", "short_definition": "", "modified": "2015-07-06T23:08:25.981Z", "datum_type": 16, "calc_expression": "", "long_definition": "", "active": true, "readable_plural_name": "Directories - Links", "created": "2015-07-06T23:09:41.829Z", "sort": 40120470, "example": "", "element_type": 37, "primary_view": true}, "pk": 64, "model": "element_type.elementdatumtype"}, {"fields": {"entity_name": "DirectoryCreationDate", "readable_name": "Directory - Creation Date", "schema_name": "directory_creation_date", "short_definition": null, "modified": "2015-07-06T23:08:25.981Z", "datum_type": 16, "calc_expression": "", "long_definition": null, "active": true, "readable_plural_name": "Directories - Creation Dates", "created": "2015-07-06T23:09:41.829Z", "sort": 40120490, "example": null, "element_type": 39, "primary_view": false}, "pk": 65, "model": "element_type.elementdatumtype"}, {"fields": {"entity_name": "DirectoryModificationDate", "readable_name": "Directory - Modification Date", "schema_name": "directory_modification_date", "short_definition": null, "modified": "2015-07-06T23:08:25.981Z", "datum_type": 16, "calc_expression": "", "long_definition": null, "active": true, "readable_plural_name": "Directories - Modification Dates", "created": "2015-07-06T23:09:41.829Z", "sort": 40120500, "example": null, "element_type": 40, "primary_view": false}, "pk": 66, "model": "element_type.elementdatumtype"}, {"fields": {"entity_name": "WebpageName", "readable_name": "Webpage - Name", "schema_name": "webpage_name", "short_definition": "", "modified": "2015-07-06T23:08:25.981Z", "datum_type": 17, "calc_expression": "", "long_definition": "", "active": true, "readable_plural_name": "Webpages - Names", "created": "2015-07-06T23:09:41.829Z", "sort": 40130110, "example": "", "element_type": 1, "primary_view": true}, "pk": 67, "model": "element_type.elementdatumtype"}, {"fields": {"entity_name": "WebpageDescription", "readable_name": "Webpage - Description", "schema_name": "webpage_description", "short_definition": null, "modified": "2015-07-06T23:08:25.981Z", "datum_type": 17, "calc_expression": "", "long_definition": null, "active": true, "readable_plural_name": "Webpages - Descriptions", "created": "2015-07-06T23:09:41.829Z", "sort": 40130120, "example": null, "element_type": 2, "primary_view": false}, "pk": 68, "model": "element_type.elementdatumtype"}, {"fields": {"entity_name": "WebpageItemStatus", "readable_name": "Webpage - Item Status", "schema_name": "webpage_item_status", "short_definition": null, "modified": "2015-07-06T23:08:25.981Z", "datum_type": 17, "calc_expression": "", "long_definition": null, "active": true, "readable_plural_name": "Webpages - Item Statuses", "created": "2015-07-06T23:09:41.829Z", "sort": 40130430, "example": "ItemNew", "element_type": 33, "primary_view": false}, "pk": 69, "model": "element_type.elementdatumtype"}, {"fields": {"entity_name": "WebpageLink", "readable_name": "Webpage - Link", "schema_name": "webpage_link", "short_definition": "", "modified": "2015-07-06T23:08:25.981Z", "datum_type": 17, "calc_expression": "", "long_definition": "", "active": true, "readable_plural_name": "Webpages - Links", "created": "2015-07-06T23:09:41.829Z", "sort": 40130470, "example": "", "element_type": 37, "primary_view": true}, "pk": 70, "model": "element_type.elementdatumtype"}, {"fields": {"entity_name": "MessageName", "readable_name": "Message - Name", "schema_name": "message_name", "short_definition": null, "modified": "2015-07-06T23:08:25.981Z", "datum_type": 18, "calc_expression": "", "long_definition": null, "active": true, "readable_plural_name": "Messages - Names", "created": "2015-07-06T23:09:41.829Z", "sort": 40140110, "example": null, "element_type": 1, "primary_view": false}, "pk": 71, "model": "element_type.elementdatumtype"}, {"fields": {"entity_name": "MessageItemContent", "readable_name": "Message - Item Content", "schema_name": "message_item_content", "short_definition": null, "modified": "2015-07-06T23:08:25.981Z", "datum_type": 18, "calc_expression": "", "long_definition": null, "active": true, "readable_plural_name": "Messages - Item Contents", "created": "2015-07-06T23:09:41.829Z", "sort": 40140440, "example": null, "element_type": 34, "primary_view": false}, "pk": 72, "model": "element_type.elementdatumtype"}, {"fields": {"entity_name": "MessageFrom", "readable_name": "Message - From", "schema_name": "message_from", "short_definition": "", "modified": "2015-07-06T23:08:25.981Z", "datum_type": 18, "calc_expression": "", "long_definition": "", "active": true, "readable_plural_name": "Messages - Froms", "created": "2015-07-06T23:09:41.829Z", "sort": 40140450, "example": "", "element_type": 35, "primary_view": true}, "pk": 73, "model": "element_type.elementdatumtype"}, {"fields": {"entity_name": "MessageTo", "readable_name": "Message - To", "schema_name": "message_to", "short_definition": "", "modified": "2015-07-06T23:08:25.981Z", "datum_type": 18, "calc_expression": "", "long_definition": "", "active": true, "readable_plural_name": "Messages - Tos", "created": "2015-07-06T23:09:41.829Z", "sort": 40140460, "example": "", "element_type": 36, "primary_view": true}, "pk": 74, "model": "element_type.elementdatumtype"}, {"fields": {"entity_name": "MessageCreationDate", "readable_name": "Message - Creation Date", "schema_name": "message_creation_date", "short_definition": null, "modified": "2015-07-06T23:08:25.981Z", "datum_type": 18, "calc_expression": "", "long_definition": null, "active": true, "readable_plural_name": "Messages - Creation Dates", "created": "2015-07-06T23:09:41.829Z", "sort": 40140490, "example": null, "element_type": 39, "primary_view": false}, "pk": 75, "model": "element_type.elementdatumtype"}, {"fields": {"entity_name": "PostName", "readable_name": "Post - Name", "schema_name": "post_name", "short_definition": "", "modified": "2015-07-06T23:08:25.981Z", "datum_type": 19, "calc_expression": "", "long_definition": "", "active": true, "readable_plural_name": "Posts - Names", "created": "2015-07-06T23:09:41.829Z", "sort": 40150110, "example": "", "element_type": 1, "primary_view": true}, "pk": 76, "model": "element_type.elementdatumtype"}, {"fields": {"entity_name": "PostDescription", "readable_name": "Post - Description", "schema_name": "post_description", "short_definition": null, "modified": "2015-07-06T23:08:25.981Z", "datum_type": 19, "calc_expression": "", "long_definition": null, "active": true, "readable_plural_name": "Posts - Descriptions", "created": "2015-07-06T23:09:41.829Z", "sort": 40150120, "example": null, "element_type": 2, "primary_view": false}, "pk": 77, "model": "element_type.elementdatumtype"}, {"fields": {"entity_name": "PostItemStatus", "readable_name": "Post - Item Status", "schema_name": "post_item_status", "short_definition": null, "modified": "2015-07-06T23:08:25.981Z", "datum_type": 19, "calc_expression": "", "long_definition": null, "active": true, "readable_plural_name": "Posts - Item Statuses", "created": "2015-07-06T23:09:41.829Z", "sort": 40150430, "example": null, "element_type": 33, "primary_view": false}, "pk": 78, "model": "element_type.elementdatumtype"}, {"fields": {"entity_name": "PostItemContent", "readable_name": "Post - Item Content", "schema_name": "post_item_content", "short_definition": null, "modified": "2015-07-06T23:08:25.981Z", "datum_type": 19, "calc_expression": "", "long_definition": null, "active": true, "readable_plural_name": "Posts - Item Contents", "created": "2015-07-06T23:09:41.829Z", "sort": 40150440, "example": null, "element_type": 34, "primary_view": false}, "pk": 79, "model": "element_type.elementdatumtype"}, {"fields": {"entity_name": "PostLink", "readable_name": "Post - Link", "schema_name": "post_link", "short_definition": "", "modified": "2015-07-06T23:08:25.981Z", "datum_type": 19, "calc_expression": "", "long_definition": "", "active": true, "readable_plural_name": "Posts - Links", "created": "2015-07-06T23:09:41.829Z", "sort": 40150470, "example": "", "element_type": 37, "primary_view": true}, "pk": 80, "model": "element_type.elementdatumtype"}, {"fields": {"entity_name": "PostCreationDate", "readable_name": "Post - Creation Date", "schema_name": "post_creation_date", "short_definition": null, "modified": "2015-07-06T23:08:25.981Z", "datum_type": 19, "calc_expression": "", "long_definition": null, "active": true, "readable_plural_name": "Posts - Creation Dates", "created": "2015-07-06T23:09:41.829Z", "sort": 40150490, "example": null, "element_type": 39, "primary_view": false}, "pk": 81, "model": "element_type.elementdatumtype"}, {"fields": {"entity_name": "MessageItemStatus", "readable_name": "Message - Item Status", "schema_name": "message_item_status", "short_definition": null, "modified": "2015-07-06T23:08:25.981Z", "datum_type": 18, "calc_expression": "", "long_definition": null, "active": true, "readable_plural_name": "Messages - Item Statuses", "created": "2015-07-06T23:09:41.829Z", "sort": 40140430, "example": null, "element_type": 33, "primary_view": false}, "pk": 83, "model": "element_type.elementdatumtype"}, {"fields": {"entity_name": "Default", "readable_name": "Default", "schema_name": "default", "active": true, "sort": 100, "modified": "2015-07-06T23:08:14.749Z", "readable_plural_name": "Defaults", "example": null, "long_definition": null, "created": "2015-07-06T23:09:37.969Z", "short_definition": "Default Association"}, "pk": 1, "model": "association.associationtype"}, {"fields": {"entity_name": "Parent", "readable_name": "Parent", "schema_name": "parent", "active": true, "sort": 100, "modified": "2015-07-06T23:08:12.942Z", "readable_plural_name": "Parents", "example": null, "long_definition": null, "created": "2015-07-06T23:09:37.610Z", "short_definition": "Ancestors"}, "pk": -1, "model": "association.associationdirection"}, {"fields": {"entity_name": "Both", "readable_name": "Both", "schema_name": "both", "active": true, "sort": 101, "modified": "2015-07-06T23:08:12.942Z", "readable_plural_name": "Boths", "example": null, "long_definition": null, "created": "2015-07-06T23:09:37.610Z", "short_definition": "Both Directions"}, "pk": 0, "model": "association.associationdirection"}, {"fields": {"entity_name": "Child", "readable_name": "Child", "schema_name": "child", "active": true, "sort": 120, "modified": "2015-07-06T23:08:12.942Z", "readable_plural_name": "Children", "example": null, "long_definition": null, "created": "2015-07-06T23:09:37.610Z", "short_definition": "Descendants"}, "pk": 1, "model": "association.associationdirection"}, {"fields": {"title": "Current Actions", "viewuse_arrangement": 1, "active": true, "sort": 100, "modified": "2015-07-28T20:56:06.153Z", "user": null, "description": "", "datum_filter": "{\"FilterRuleGroup\": [], \"FilterRuleUser\": [], \"FilterRuleType\": [], \"FilterRuleElement\": [], \"FilterRuleAssociation\": [], \"FilterRuleDataType\": []}", "created": "2015-07-28T20:43:15.044Z"}, "pk": 1, "model": "viewuse.viewuseobject"}, {"fields": {"title": "Upcoming Actions", "viewuse_arrangement": 1, "active": true, "sort": 101, "modified": "2015-07-28T20:56:06.194Z", "user": null, "description": "", "datum_filter": "{\"FilterRuleGroup\": [], \"FilterRuleUser\": [], \"FilterRuleType\": [], \"FilterRuleElement\": [], \"FilterRuleAssociation\": [], \"FilterRuleDataType\": []}", "created": "2015-07-28T20:44:46.538Z"}, "pk": 2, "model": "viewuse.viewuseobject"}, {"fields": {"entity_name": "ViewuseTile", "readable_name": "Tile", "schema_name": "viewuse_tile", "active": true, "sort": 100, "modified": "2015-07-28T20:38:14.610Z", "readable_plural_name": "Tile", "example": "", "long_definition": "Uses CSS flexbox", "created": "2015-07-28T20:38:14.603Z", "short_definition": "Objects in tiled boxes"}, "pk": 1, "model": "viewuse.viewusearrangement"}, {"fields": {"title": "Work Actions", "active": true, "sort": 100, "modified": "2015-07-28T20:56:16.396Z", "user": null, "description": "", "datum_filter": "{\"FilterRuleGroup\": [], \"FilterRuleUser\": [], \"FilterRuleType\": [], \"FilterRuleElement\": [], \"FilterRuleAssociation\": [], \"FilterRuleDataType\": []}", "created": "2015-07-28T20:45:06.300Z"}, "pk": 1, "model": "windowuse.windowuseobject"}, {"fields": {"active": true, "sort": 100, "modified": "2015-07-28T20:45:06.326Z", "viewuse_object": 1, "windowuse_object": 1, "created": "2015-07-28T20:45:06.304Z"}, "pk": 1, "model": "windowuse.windowuseviewuse"}, {"fields": {"active": true, "sort": 101, "modified": "2015-07-28T20:45:16.800Z", "viewuse_object": 2, "windowuse_object": 1, "created": "2015-07-28T20:45:16.784Z"}, "pk": 2, "model": "windowuse.windowuseviewuse"}]