[
  {
    "pk": 1,
    "fields": {
      "email": "test@test.com",
      "is_staff": true,
      "is_superuser": true,
      "password": "pbkdf2_sha256$20000$KSGPM8dI4sjp$uzvKwlUpzWgfhzo38MONpOerrKedHWgYQ5GsNXaGSD4=",
      "user_permissions": [],
      "date_joined": "2015-05-11T04:35:19.994Z",
      "username": "test",
      "groups": [],
      "last_login": "2015-05-12T17:55:45.454Z",
      "first_name": "",
      "last_name": "",
      "is_active": true
    },
    "model": "auth.user"
  },
  {
    "pk": 1,
    "fields": {
      "entity_name": "Area",
      "sort": 10,
      "readable_plural_name": "Areas",
      "long_definition": null,
      "active": true,
      "short_definition": null,
      "readable_name": "Area",
      "schema_name": "area"
    },
    "model": "datum.datumgroup"
  },
  {
    "pk": 2,
    "fields": {
      "entity_name": "Activity",
      "sort": 20,
      "readable_plural_name": "Activities",
      "long_definition": null,
      "active": true,
      "short_definition": null,
      "readable_name": "Activity",
      "schema_name": "activity"
    },
    "model": "datum.datumgroup"
  },
  {
    "pk": 3,
    "fields": {
      "entity_name": "Time",
      "sort": 30,
      "readable_plural_name": "Times",
      "long_definition": null,
      "active": true,
      "short_definition": null,
      "readable_name": "Time",
      "schema_name": "time"
    },
    "model": "datum.datumgroup"
  },
  {
    "pk": 4,
    "fields": {
      "entity_name": "Item",
      "sort": 40,
      "readable_plural_name": "Items",
      "long_definition": null,
      "active": true,
      "short_definition": null,
      "readable_name": "Item",
      "schema_name": "item"
    },
    "model": "datum.datumgroup"
  },
  {
    "pk": 1,
    "fields": {
      "entity_name": "Category",
      "sort": 10100,
      "readable_plural_name": "Categories",
      "datum_group": 1,
      "long_definition": null,
      "str_expression": "{{name}}",
      "active": true,
      "short_definition": null,
      "readable_name": "Category",
      "schema_name": "category"
    },
    "model": "datum.datumtype"
  },
  {
    "pk": 2,
    "fields": {
      "entity_name": "Project",
      "sort": 10110,
      "readable_plural_name": "Projects",
      "datum_group": 1,
      "long_definition": null,
      "str_expression": "{{name}}",
      "active": true,
      "short_definition": null,
      "readable_name": "Project",
      "schema_name": "project"
    },
    "model": "datum.datumtype"
  },
  {
    "pk": 3,
    "fields": {
      "entity_name": "Context",
      "sort": 10120,
      "readable_plural_name": "Contexts",
      "datum_group": 1,
      "long_definition": null,
      "str_expression": "{{name}}",
      "active": true,
      "short_definition": null,
      "readable_name": "Context",
      "schema_name": "context"
    },
    "model": "datum.datumtype"
  },
  {
    "pk": 4,
    "fields": {
      "entity_name": "Person",
      "sort": 10130,
      "readable_plural_name": "Persons",
      "datum_group": 1,
      "long_definition": null,
      "str_expression": "{{name}}",
      "active": true,
      "short_definition": null,
      "readable_name": "Person",
      "schema_name": "person"
    },
    "model": "datum.datumtype"
  },
  {
    "pk": 5,
    "fields": {
      "entity_name": "Entity",
      "sort": 10140,
      "readable_plural_name": "Entities",
      "datum_group": 1,
      "long_definition": null,
      "str_expression": "{{name}}",
      "active": true,
      "short_definition": null,
      "readable_name": "Entity",
      "schema_name": "entity"
    },
    "model": "datum.datumtype"
  },
  {
    "pk": 6,
    "fields": {
      "entity_name": "Location",
      "sort": 10150,
      "readable_plural_name": "Locations",
      "datum_group": 1,
      "long_definition": null,
      "str_expression": "{{name}}",
      "active": true,
      "short_definition": null,
      "readable_name": "Location",
      "schema_name": "location"
    },
    "model": "datum.datumtype"
  },
  {
    "pk": 7,
    "fields": {
      "entity_name": "Contact",
      "sort": 10160,
      "readable_plural_name": "Contacts",
      "datum_group": 1,
      "long_definition": null,
      "str_expression": "{{name}}",
      "active": true,
      "short_definition": null,
      "readable_name": "Contact",
      "schema_name": "contact"
    },
    "model": "datum.datumtype"
  },
  {
    "pk": 8,
    "fields": {
      "entity_name": "Action",
      "sort": 20100,
      "readable_plural_name": "Actions",
      "datum_group": 2,
      "long_definition": null,
      "str_expression": "{{description}}",
      "active": true,
      "short_definition": null,
      "readable_name": "Action",
      "schema_name": "action"
    },
    "model": "datum.datumtype"
  },
  {
    "pk": 9,
    "fields": {
      "entity_name": "Principle",
      "sort": 20110,
      "readable_plural_name": "Principles",
      "datum_group": 2,
      "long_definition": null,
      "str_expression": "{{description}}",
      "active": true,
      "short_definition": null,
      "readable_name": "Principle",
      "schema_name": "principle"
    },
    "model": "datum.datumtype"
  },
  {
    "pk": 10,
    "fields": {
      "entity_name": "Journal",
      "sort": 20120,
      "readable_plural_name": "Journals",
      "datum_group": 2,
      "long_definition": null,
      "str_expression": "{{description}}",
      "active": true,
      "short_definition": null,
      "readable_name": "Journal",
      "schema_name": "journal"
    },
    "model": "datum.datumtype"
  },
  {
    "pk": 11,
    "fields": {
      "entity_name": "Schedule",
      "sort": 30100,
      "readable_plural_name": "Schedules",
      "datum_group": 3,
      "long_definition": null,
      "str_expression": "{{description}}",
      "active": true,
      "short_definition": null,
      "readable_name": "Schedule",
      "schema_name": "schedule"
    },
    "model": "datum.datumtype"
  },
  {
    "pk": 12,
    "fields": {
      "entity_name": "Event",
      "sort": 30110,
      "readable_plural_name": "Events",
      "datum_group": 3,
      "long_definition": null,
      "str_expression": "{{endingevent}}",
      "active": true,
      "short_definition": null,
      "readable_name": "Event",
      "schema_name": "event"
    },
    "model": "datum.datumtype"
  },
  {
    "pk": 13,
    "fields": {
      "entity_name": "Reminder",
      "sort": 30120,
      "readable_plural_name": "Reminders",
      "datum_group": 3,
      "long_definition": null,
      "str_expression": "{{alert}}",
      "active": true,
      "short_definition": null,
      "readable_name": "Reminder",
      "schema_name": "reminder"
    },
    "model": "datum.datumtype"
  },
  {
    "pk": 14,
    "fields": {
      "entity_name": "Note",
      "sort": 40100,
      "readable_plural_name": "Notes",
      "datum_group": 4,
      "long_definition": null,
      "str_expression": "{{name}}",
      "active": true,
      "short_definition": null,
      "readable_name": "Note",
      "schema_name": "note"
    },
    "model": "datum.datumtype"
  },
  {
    "pk": 15,
    "fields": {
      "entity_name": "File",
      "sort": 40110,
      "readable_plural_name": "Files",
      "datum_group": 4,
      "long_definition": null,
      "str_expression": "{{name}}",
      "active": true,
      "short_definition": null,
      "readable_name": "File",
      "schema_name": "file"
    },
    "model": "datum.datumtype"
  },
  {
    "pk": 16,
    "fields": {
      "entity_name": "Directory",
      "sort": 40120,
      "readable_plural_name": "Directories",
      "datum_group": 4,
      "long_definition": null,
      "str_expression": "{{name}}",
      "active": true,
      "short_definition": null,
      "readable_name": "Directory",
      "schema_name": "directory"
    },
    "model": "datum.datumtype"
  },
  {
    "pk": 17,
    "fields": {
      "entity_name": "Webpage",
      "sort": 40130,
      "readable_plural_name": "Webpages",
      "datum_group": 4,
      "long_definition": null,
      "str_expression": "{{name}}",
      "active": true,
      "short_definition": null,
      "readable_name": "Webpage",
      "schema_name": "webpage"
    },
    "model": "datum.datumtype"
  },
  {
    "pk": 18,
    "fields": {
      "entity_name": "Message",
      "sort": 40140,
      "readable_plural_name": "Messages",
      "datum_group": 4,
      "long_definition": null,
      "str_expression": "{{name}}",
      "active": true,
      "short_definition": null,
      "readable_name": "Message",
      "schema_name": "message"
    },
    "model": "datum.datumtype"
  },
  {
    "pk": 19,
    "fields": {
      "entity_name": "Post",
      "sort": 40150,
      "readable_plural_name": "Posts",
      "datum_group": 4,
      "long_definition": null,
      "str_expression": "{{name}}",
      "active": true,
      "short_definition": null,
      "readable_name": "Post",
      "schema_name": "post"
    },
    "model": "datum.datumtype"
  },
  {
    "pk": 1,
    "fields": {
      "entity_name": "String",
      "sort": 10,
      "readable_plural_name": "Strings",
      "long_definition": "Used for all major text-based elements",
      "active": true,
      "short_definition": "VarChar(255)",
      "readable_name": "String",
      "schema_name": "string"
    },
    "model": "element_type.elementdatatype"
  },
  {
    "pk": 2,
    "fields": {
      "entity_name": "TextData",
      "sort": 20,
      "readable_plural_name": "Text Data",
      "long_definition": "Only used for string-based sub-data types, such as json or html",
      "active": true,
      "short_definition": "Text",
      "readable_name": "Text Data",
      "schema_name": "text_data"
    },
    "model": "element_type.elementdatatype"
  },
  {
    "pk": 3,
    "fields": {
      "entity_name": "Boolean",
      "sort": 30,
      "readable_plural_name": "Booleans",
      "long_definition": null,
      "active": true,
      "short_definition": "Boolean",
      "readable_name": "Boolean",
      "schema_name": "boolean"
    },
    "model": "element_type.elementdatatype"
  },
  {
    "pk": 4,
    "fields": {
      "entity_name": "Datetime",
      "sort": 40,
      "readable_plural_name": "Datetimes",
      "long_definition": null,
      "active": true,
      "short_definition": "Datetime with Timezone",
      "readable_name": "Datetime",
      "schema_name": "datetime"
    },
    "model": "element_type.elementdatatype"
  },
  {
    "pk": 5,
    "fields": {
      "entity_name": "Decimal",
      "sort": 50,
      "readable_plural_name": "Decimals",
      "long_definition": null,
      "active": true,
      "short_definition": "Decimal(scale=2)",
      "readable_name": "Decimal",
      "schema_name": "decimal"
    },
    "model": "element_type.elementdatatype"
  },
  {
    "pk": 6,
    "fields": {
      "entity_name": "Binary",
      "sort": 60,
      "readable_plural_name": "Binarys",
      "long_definition": "Used for any attachments and large data",
      "active": true,
      "short_definition": "Blob",
      "readable_name": "Binary",
      "schema_name": "binary"
    },
    "model": "element_type.elementdatatype"
  },
  {
    "pk": 1,
    "fields": {
      "entity_name": "Name",
      "calc_expression": "",
      "html_element": "text",
      "long_definition": null,
      "schema_name": "name",
      "sort": 110,
      "editable": true,
      "readable_plural_name": "Names",
      "active": true,
      "short_definition": null,
      "readable_name": "Name",
      "element_data_type": 1
    },
    "model": "element_type.elementtype"
  },
  {
    "pk": 2,
    "fields": {
      "entity_name": "Description",
      "calc_expression": "",
      "html_element": "text",
      "long_definition": null,
      "schema_name": "description",
      "sort": 120,
      "editable": true,
      "readable_plural_name": "Descriptions",
      "active": true,
      "short_definition": null,
      "readable_name": "Description",
      "element_data_type": 1
    },
    "model": "element_type.elementtype"
  },
  {
    "pk": 3,
    "fields": {
      "entity_name": "FirstName",
      "calc_expression": "",
      "html_element": "text",
      "long_definition": null,
      "schema_name": "first_name",
      "sort": 130,
      "editable": true,
      "readable_plural_name": "First Names",
      "active": true,
      "short_definition": null,
      "readable_name": "First Name",
      "element_data_type": 1
    },
    "model": "element_type.elementtype"
  },
  {
    "pk": 4,
    "fields": {
      "entity_name": "LastName",
      "calc_expression": "",
      "html_element": "text",
      "long_definition": null,
      "schema_name": "last_name",
      "sort": 140,
      "editable": true,
      "readable_plural_name": "Last Names",
      "active": true,
      "short_definition": null,
      "readable_name": "Last Name",
      "element_data_type": 1
    },
    "model": "element_type.elementtype"
  },
  {
    "pk": 5,
    "fields": {
      "entity_name": "Nickname",
      "calc_expression": "",
      "html_element": "text",
      "long_definition": null,
      "schema_name": "nickname",
      "sort": 150,
      "editable": true,
      "readable_plural_name": "Nicknames",
      "active": true,
      "short_definition": null,
      "readable_name": "Nickname",
      "element_data_type": 1
    },
    "model": "element_type.elementtype"
  },
  {
    "pk": 6,
    "fields": {
      "entity_name": "Birthday",
      "calc_expression": "",
      "html_element": "datetime",
      "long_definition": null,
      "schema_name": "birthday",
      "sort": 160,
      "editable": true,
      "readable_plural_name": "Birthdays",
      "active": true,
      "short_definition": null,
      "readable_name": "Birthday",
      "element_data_type": 4
    },
    "model": "element_type.elementtype"
  },
  {
    "pk": 7,
    "fields": {
      "entity_name": "EntityType",
      "calc_expression": "",
      "html_element": "text",
      "long_definition": null,
      "schema_name": "entity_type",
      "sort": 170,
      "editable": true,
      "readable_plural_name": "Entity Types",
      "active": true,
      "short_definition": null,
      "readable_name": "Entity Type",
      "element_data_type": 1
    },
    "model": "element_type.elementtype"
  },
  {
    "pk": 8,
    "fields": {
      "entity_name": "StreetAddress",
      "calc_expression": "",
      "html_element": "text",
      "long_definition": null,
      "schema_name": "street_address",
      "sort": 180,
      "editable": true,
      "readable_plural_name": "Street Addresses",
      "active": true,
      "short_definition": null,
      "readable_name": "Street Address",
      "element_data_type": 1
    },
    "model": "element_type.elementtype"
  },
  {
    "pk": 9,
    "fields": {
      "entity_name": "City",
      "calc_expression": "",
      "html_element": "text",
      "long_definition": null,
      "schema_name": "city",
      "sort": 190,
      "editable": true,
      "readable_plural_name": "Citys",
      "active": true,
      "short_definition": null,
      "readable_name": "City",
      "element_data_type": 1
    },
    "model": "element_type.elementtype"
  },
  {
    "pk": 10,
    "fields": {
      "entity_name": "State",
      "calc_expression": "",
      "html_element": "text",
      "long_definition": null,
      "schema_name": "state",
      "sort": 200,
      "editable": true,
      "readable_plural_name": "States",
      "active": true,
      "short_definition": null,
      "readable_name": "State",
      "element_data_type": 1
    },
    "model": "element_type.elementtype"
  },
  {
    "pk": 11,
    "fields": {
      "entity_name": "Zip",
      "calc_expression": "",
      "html_element": "text",
      "long_definition": null,
      "schema_name": "zip",
      "sort": 210,
      "editable": true,
      "readable_plural_name": "Zips",
      "active": true,
      "short_definition": null,
      "readable_name": "Zip",
      "element_data_type": 1
    },
    "model": "element_type.elementtype"
  },
  {
    "pk": 12,
    "fields": {
      "entity_name": "Country",
      "calc_expression": "",
      "html_element": "text",
      "long_definition": null,
      "schema_name": "country",
      "sort": 220,
      "editable": true,
      "readable_plural_name": "Countries",
      "active": true,
      "short_definition": null,
      "readable_name": "Country",
      "element_data_type": 1
    },
    "model": "element_type.elementtype"
  },
  {
    "pk": 13,
    "fields": {
      "entity_name": "Latitude",
      "calc_expression": "",
      "html_element": "text",
      "long_definition": null,
      "schema_name": "latitude",
      "sort": 230,
      "editable": true,
      "readable_plural_name": "Latitudes",
      "active": true,
      "short_definition": null,
      "readable_name": "Latitude",
      "element_data_type": 1
    },
    "model": "element_type.elementtype"
  },
  {
    "pk": 14,
    "fields": {
      "entity_name": "Longitude",
      "calc_expression": "",
      "html_element": "text",
      "long_definition": null,
      "schema_name": "longitude",
      "sort": 240,
      "editable": true,
      "readable_plural_name": "Longitudes",
      "active": true,
      "short_definition": null,
      "readable_name": "Longitude",
      "element_data_type": 1
    },
    "model": "element_type.elementtype"
  },
  {
    "pk": 15,
    "fields": {
      "entity_name": "Phone",
      "calc_expression": "",
      "html_element": "text",
      "long_definition": null,
      "schema_name": "phone",
      "sort": 250,
      "editable": true,
      "readable_plural_name": "Phones",
      "active": true,
      "short_definition": null,
      "readable_name": "Phone",
      "element_data_type": 1
    },
    "model": "element_type.elementtype"
  },
  {
    "pk": 16,
    "fields": {
      "entity_name": "Email",
      "calc_expression": "",
      "html_element": "text",
      "long_definition": null,
      "schema_name": "email",
      "sort": 260,
      "editable": true,
      "readable_plural_name": "Emails",
      "active": true,
      "short_definition": null,
      "readable_name": "Email",
      "element_data_type": 1
    },
    "model": "element_type.elementtype"
  },
  {
    "pk": 17,
    "fields": {
      "entity_name": "Website",
      "calc_expression": "",
      "html_element": "text",
      "long_definition": null,
      "schema_name": "website",
      "sort": 270,
      "editable": true,
      "readable_plural_name": "Websites",
      "active": true,
      "short_definition": null,
      "readable_name": "Website",
      "element_data_type": 1
    },
    "model": "element_type.elementtype"
  },
  {
    "pk": 18,
    "fields": {
      "entity_name": "Facebook",
      "calc_expression": "",
      "html_element": "text",
      "long_definition": null,
      "schema_name": "facebook",
      "sort": 280,
      "editable": true,
      "readable_plural_name": "Facebook",
      "active": true,
      "short_definition": null,
      "readable_name": "Facebook",
      "element_data_type": 1
    },
    "model": "element_type.elementtype"
  },
  {
    "pk": 19,
    "fields": {
      "entity_name": "LinkedIn",
      "calc_expression": "",
      "html_element": "text",
      "long_definition": null,
      "schema_name": "linkedin",
      "sort": 290,
      "editable": true,
      "readable_plural_name": "LinkedIn",
      "active": true,
      "short_definition": null,
      "readable_name": "LinkedIn",
      "element_data_type": 1
    },
    "model": "element_type.elementtype"
  },
  {
    "pk": 20,
    "fields": {
      "entity_name": "Twitter",
      "calc_expression": "",
      "html_element": "text",
      "long_definition": null,
      "schema_name": "twitter",
      "sort": 300,
      "editable": true,
      "readable_plural_name": "Twitter",
      "active": true,
      "short_definition": null,
      "readable_name": "Twitter",
      "element_data_type": 1
    },
    "model": "element_type.elementtype"
  },
  {
    "pk": 21,
    "fields": {
      "entity_name": "ActionStatus",
      "calc_expression": "{{ ActionNew }}",
      "html_element": "text",
      "long_definition": "",
      "schema_name": "action_status",
      "sort": 310,
      "editable": true,
      "readable_plural_name": "Action Statuses",
      "active": true,
      "short_definition": "",
      "readable_name": "Action Status",
      "element_data_type": 1
    },
    "model": "element_type.elementtype"
  },
  {
    "pk": 22,
    "fields": {
      "entity_name": "ActionEffort",
      "calc_expression": "",
      "html_element": "text",
      "long_definition": null,
      "schema_name": "action_effort",
      "sort": 320,
      "editable": true,
      "readable_plural_name": "Action Efforts",
      "active": true,
      "short_definition": null,
      "readable_name": "Action Effort",
      "element_data_type": 1
    },
    "model": "element_type.elementtype"
  },
  {
    "pk": 23,
    "fields": {
      "entity_name": "ScheduleType",
      "calc_expression": "",
      "html_element": "text",
      "long_definition": null,
      "schema_name": "schedule_type",
      "sort": 330,
      "editable": true,
      "readable_plural_name": "Schedule Types",
      "active": true,
      "short_definition": null,
      "readable_name": "Schedule Type",
      "element_data_type": 1
    },
    "model": "element_type.elementtype"
  },
  {
    "pk": 24,
    "fields": {
      "entity_name": "BeginningBuffer",
      "calc_expression": "",
      "html_element": "datetime",
      "long_definition": null,
      "schema_name": "beginning_buffer",
      "sort": 340,
      "editable": true,
      "readable_plural_name": "Beginning Buffers",
      "active": true,
      "short_definition": null,
      "readable_name": "Beginning Buffer",
      "element_data_type": 4
    },
    "model": "element_type.elementtype"
  },
  {
    "pk": 25,
    "fields": {
      "entity_name": "BeginningEvent",
      "calc_expression": "",
      "html_element": "datetime",
      "long_definition": null,
      "schema_name": "beginning_event",
      "sort": 350,
      "editable": true,
      "readable_plural_name": "Beginning Events",
      "active": true,
      "short_definition": null,
      "readable_name": "Beginning Event",
      "element_data_type": 4
    },
    "model": "element_type.elementtype"
  },
  {
    "pk": 26,
    "fields": {
      "entity_name": "EndingEvent",
      "calc_expression": "",
      "html_element": "datetime",
      "long_definition": null,
      "schema_name": "ending_event",
      "sort": 360,
      "editable": true,
      "readable_plural_name": "Ending Events",
      "active": true,
      "short_definition": null,
      "readable_name": "Ending Event",
      "element_data_type": 4
    },
    "model": "element_type.elementtype"
  },
  {
    "pk": 27,
    "fields": {
      "entity_name": "EndingBuffer",
      "calc_expression": "",
      "html_element": "datetime",
      "long_definition": null,
      "schema_name": "ending_buffer",
      "sort": 370,
      "editable": true,
      "readable_plural_name": "Ending Buffers",
      "active": true,
      "short_definition": null,
      "readable_name": "Ending Buffer",
      "element_data_type": 4
    },
    "model": "element_type.elementtype"
  },
  {
    "pk": 28,
    "fields": {
      "entity_name": "EventTime",
      "calc_expression": "",
      "html_element": "text",
      "long_definition": null,
      "schema_name": "event_time",
      "sort": 380,
      "editable": true,
      "readable_plural_name": "Event Times",
      "active": true,
      "short_definition": null,
      "readable_name": "Event Time",
      "element_data_type": 5
    },
    "model": "element_type.elementtype"
  },
  {
    "pk": 29,
    "fields": {
      "entity_name": "TotalTime",
      "calc_expression": "",
      "html_element": "text",
      "long_definition": null,
      "schema_name": "total_time",
      "sort": 390,
      "editable": true,
      "readable_plural_name": "Total Times",
      "active": true,
      "short_definition": null,
      "readable_name": "Total Time",
      "element_data_type": 5
    },
    "model": "element_type.elementtype"
  },
  {
    "pk": 30,
    "fields": {
      "entity_name": "RecurringOptions",
      "calc_expression": "",
      "html_element": "text",
      "long_definition": null,
      "schema_name": "recurring_options",
      "sort": 400,
      "editable": true,
      "readable_plural_name": "Recurring Optionss",
      "active": true,
      "short_definition": null,
      "readable_name": "Recurring Options",
      "element_data_type": 2
    },
    "model": "element_type.elementtype"
  },
  {
    "pk": 31,
    "fields": {
      "entity_name": "Alert",
      "calc_expression": "",
      "html_element": "text",
      "long_definition": null,
      "schema_name": "alert",
      "sort": 410,
      "editable": true,
      "readable_plural_name": "Alerts",
      "active": true,
      "short_definition": null,
      "readable_name": "Alert",
      "element_data_type": 4
    },
    "model": "element_type.elementtype"
  },
  {
    "pk": 32,
    "fields": {
      "entity_name": "LoggedIn",
      "calc_expression": "",
      "html_element": "text",
      "long_definition": null,
      "schema_name": "logged_in",
      "sort": 420,
      "editable": true,
      "readable_plural_name": "Logged In",
      "active": true,
      "short_definition": null,
      "readable_name": "Logged In",
      "element_data_type": 3
    },
    "model": "element_type.elementtype"
  },
  {
    "pk": 33,
    "fields": {
      "entity_name": "ItemStatus",
      "calc_expression": "",
      "html_element": "text",
      "long_definition": null,
      "schema_name": "item_status",
      "sort": 430,
      "editable": true,
      "readable_plural_name": "Item Statuses",
      "active": true,
      "short_definition": null,
      "readable_name": "Item Status",
      "element_data_type": 1
    },
    "model": "element_type.elementtype"
  },
  {
    "pk": 34,
    "fields": {
      "entity_name": "ItemContent",
      "calc_expression": "",
      "html_element": "text",
      "long_definition": null,
      "schema_name": "item_content",
      "sort": 440,
      "editable": true,
      "readable_plural_name": "Item Contents",
      "active": true,
      "short_definition": null,
      "readable_name": "Item Content",
      "element_data_type": 2
    },
    "model": "element_type.elementtype"
  },
  {
    "pk": 35,
    "fields": {
      "entity_name": "From",
      "calc_expression": "",
      "html_element": "text",
      "long_definition": null,
      "schema_name": "from",
      "sort": 450,
      "editable": true,
      "readable_plural_name": "Froms",
      "active": true,
      "short_definition": null,
      "readable_name": "From",
      "element_data_type": 1
    },
    "model": "element_type.elementtype"
  },
  {
    "pk": 36,
    "fields": {
      "entity_name": "To",
      "calc_expression": "",
      "html_element": "text",
      "long_definition": null,
      "schema_name": "to",
      "sort": 460,
      "editable": true,
      "readable_plural_name": "Tos",
      "active": true,
      "short_definition": null,
      "readable_name": "To",
      "element_data_type": 1
    },
    "model": "element_type.elementtype"
  },
  {
    "pk": 37,
    "fields": {
      "entity_name": "Link",
      "calc_expression": "",
      "html_element": "text",
      "long_definition": "Any local, network, or www address",
      "schema_name": "link",
      "sort": 470,
      "editable": true,
      "readable_plural_name": "Links",
      "active": true,
      "short_definition": "URL",
      "readable_name": "Link",
      "element_data_type": 1
    },
    "model": "element_type.elementtype"
  },
  {
    "pk": 38,
    "fields": {
      "entity_name": "Attachment",
      "calc_expression": "",
      "html_element": "text",
      "long_definition": "File attachment",
      "schema_name": "attachment",
      "sort": 480,
      "editable": true,
      "readable_plural_name": "Attachments",
      "active": true,
      "short_definition": null,
      "readable_name": "Attachment",
      "element_data_type": 6
    },
    "model": "element_type.elementtype"
  },
  {
    "pk": 39,
    "fields": {
      "entity_name": "CreationDate",
      "calc_expression": "",
      "html_element": "datetime",
      "long_definition": "SHOULD THIS BE ROLLED INTO EVENTS?",
      "schema_name": "creation_date",
      "sort": 490,
      "editable": true,
      "readable_plural_name": "Creation Dates",
      "active": true,
      "short_definition": null,
      "readable_name": "Creation Date",
      "element_data_type": 4
    },
    "model": "element_type.elementtype"
  },
  {
    "pk": 40,
    "fields": {
      "entity_name": "ModificationDate",
      "calc_expression": "",
      "html_element": "datetime",
      "long_definition": "SHOULD THIS BE ROLLED INTO EVENTS?",
      "schema_name": "modification_date",
      "sort": 500,
      "editable": true,
      "readable_plural_name": "Modification Dates",
      "active": true,
      "short_definition": null,
      "readable_name": "Modification Date",
      "element_data_type": 4
    },
    "model": "element_type.elementtype"
  },
  {
    "pk": 1,
    "fields": {
      "element_type": 1,
      "sort": 10100110,
      "active": true,
      "datum_type": 1
    },
    "model": "element_type.elementdatumtype"
  },
  {
    "pk": 2,
    "fields": {
      "element_type": 2,
      "sort": 10100120,
      "active": true,
      "datum_type": 1
    },
    "model": "element_type.elementdatumtype"
  },
  {
    "pk": 3,
    "fields": {
      "element_type": 1,
      "sort": 10110110,
      "active": true,
      "datum_type": 2
    },
    "model": "element_type.elementdatumtype"
  },
  {
    "pk": 4,
    "fields": {
      "element_type": 2,
      "sort": 10110120,
      "active": true,
      "datum_type": 2
    },
    "model": "element_type.elementdatumtype"
  },
  {
    "pk": 5,
    "fields": {
      "element_type": 1,
      "sort": 10120110,
      "active": true,
      "datum_type": 3
    },
    "model": "element_type.elementdatumtype"
  },
  {
    "pk": 6,
    "fields": {
      "element_type": 2,
      "sort": 10120120,
      "active": true,
      "datum_type": 3
    },
    "model": "element_type.elementdatumtype"
  },
  {
    "pk": 7,
    "fields": {
      "element_type": 1,
      "sort": 10130110,
      "active": true,
      "datum_type": 4
    },
    "model": "element_type.elementdatumtype"
  },
  {
    "pk": 8,
    "fields": {
      "element_type": 2,
      "sort": 10130120,
      "active": true,
      "datum_type": 4
    },
    "model": "element_type.elementdatumtype"
  },
  {
    "pk": 9,
    "fields": {
      "element_type": 3,
      "sort": 10130130,
      "active": true,
      "datum_type": 4
    },
    "model": "element_type.elementdatumtype"
  },
  {
    "pk": 10,
    "fields": {
      "element_type": 4,
      "sort": 10130140,
      "active": true,
      "datum_type": 4
    },
    "model": "element_type.elementdatumtype"
  },
  {
    "pk": 11,
    "fields": {
      "element_type": 5,
      "sort": 10130150,
      "active": true,
      "datum_type": 4
    },
    "model": "element_type.elementdatumtype"
  },
  {
    "pk": 12,
    "fields": {
      "element_type": 6,
      "sort": 10130160,
      "active": true,
      "datum_type": 4
    },
    "model": "element_type.elementdatumtype"
  },
  {
    "pk": 13,
    "fields": {
      "element_type": 1,
      "sort": 10140110,
      "active": true,
      "datum_type": 5
    },
    "model": "element_type.elementdatumtype"
  },
  {
    "pk": 14,
    "fields": {
      "element_type": 2,
      "sort": 10140120,
      "active": true,
      "datum_type": 5
    },
    "model": "element_type.elementdatumtype"
  },
  {
    "pk": 15,
    "fields": {
      "element_type": 7,
      "sort": 10140170,
      "active": true,
      "datum_type": 5
    },
    "model": "element_type.elementdatumtype"
  },
  {
    "pk": 16,
    "fields": {
      "element_type": 1,
      "sort": 10150110,
      "active": true,
      "datum_type": 6
    },
    "model": "element_type.elementdatumtype"
  },
  {
    "pk": 17,
    "fields": {
      "element_type": 2,
      "sort": 10150120,
      "active": true,
      "datum_type": 6
    },
    "model": "element_type.elementdatumtype"
  },
  {
    "pk": 18,
    "fields": {
      "element_type": 8,
      "sort": 10150180,
      "active": true,
      "datum_type": 6
    },
    "model": "element_type.elementdatumtype"
  },
  {
    "pk": 19,
    "fields": {
      "element_type": 9,
      "sort": 10150190,
      "active": true,
      "datum_type": 6
    },
    "model": "element_type.elementdatumtype"
  },
  {
    "pk": 20,
    "fields": {
      "element_type": 10,
      "sort": 10150200,
      "active": true,
      "datum_type": 6
    },
    "model": "element_type.elementdatumtype"
  },
  {
    "pk": 21,
    "fields": {
      "element_type": 11,
      "sort": 10150210,
      "active": true,
      "datum_type": 6
    },
    "model": "element_type.elementdatumtype"
  },
  {
    "pk": 22,
    "fields": {
      "element_type": 12,
      "sort": 10150220,
      "active": true,
      "datum_type": 6
    },
    "model": "element_type.elementdatumtype"
  },
  {
    "pk": 23,
    "fields": {
      "element_type": 13,
      "sort": 10150230,
      "active": true,
      "datum_type": 6
    },
    "model": "element_type.elementdatumtype"
  },
  {
    "pk": 24,
    "fields": {
      "element_type": 14,
      "sort": 10150240,
      "active": true,
      "datum_type": 6
    },
    "model": "element_type.elementdatumtype"
  },
  {
    "pk": 25,
    "fields": {
      "element_type": 1,
      "sort": 10160110,
      "active": true,
      "datum_type": 7
    },
    "model": "element_type.elementdatumtype"
  },
  {
    "pk": 26,
    "fields": {
      "element_type": 2,
      "sort": 10160120,
      "active": true,
      "datum_type": 7
    },
    "model": "element_type.elementdatumtype"
  },
  {
    "pk": 27,
    "fields": {
      "element_type": 15,
      "sort": 10160250,
      "active": true,
      "datum_type": 7
    },
    "model": "element_type.elementdatumtype"
  },
  {
    "pk": 28,
    "fields": {
      "element_type": 16,
      "sort": 10160260,
      "active": true,
      "datum_type": 7
    },
    "model": "element_type.elementdatumtype"
  },
  {
    "pk": 29,
    "fields": {
      "element_type": 17,
      "sort": 10160270,
      "active": true,
      "datum_type": 7
    },
    "model": "element_type.elementdatumtype"
  },
  {
    "pk": 30,
    "fields": {
      "element_type": 18,
      "sort": 10160280,
      "active": true,
      "datum_type": 7
    },
    "model": "element_type.elementdatumtype"
  },
  {
    "pk": 31,
    "fields": {
      "element_type": 19,
      "sort": 10160290,
      "active": true,
      "datum_type": 7
    },
    "model": "element_type.elementdatumtype"
  },
  {
    "pk": 32,
    "fields": {
      "element_type": 20,
      "sort": 10160300,
      "active": true,
      "datum_type": 7
    },
    "model": "element_type.elementdatumtype"
  },
  {
    "pk": 33,
    "fields": {
      "element_type": 2,
      "sort": 20100120,
      "active": true,
      "datum_type": 8
    },
    "model": "element_type.elementdatumtype"
  },
  {
    "pk": 34,
    "fields": {
      "element_type": 21,
      "sort": 20100310,
      "active": true,
      "datum_type": 8
    },
    "model": "element_type.elementdatumtype"
  },
  {
    "pk": 35,
    "fields": {
      "element_type": 22,
      "sort": 20100320,
      "active": true,
      "datum_type": 8
    },
    "model": "element_type.elementdatumtype"
  },
  {
    "pk": 36,
    "fields": {
      "element_type": 2,
      "sort": 20110120,
      "active": true,
      "datum_type": 9
    },
    "model": "element_type.elementdatumtype"
  },
  {
    "pk": 37,
    "fields": {
      "element_type": 2,
      "sort": 20120120,
      "active": true,
      "datum_type": 10
    },
    "model": "element_type.elementdatumtype"
  },
  {
    "pk": 38,
    "fields": {
      "element_type": 1,
      "sort": 30100110,
      "active": true,
      "datum_type": 11
    },
    "model": "element_type.elementdatumtype"
  },
  {
    "pk": 39,
    "fields": {
      "element_type": 23,
      "sort": 30100330,
      "active": true,
      "datum_type": 11
    },
    "model": "element_type.elementdatumtype"
  },
  {
    "pk": 40,
    "fields": {
      "element_type": 24,
      "sort": 30110340,
      "active": true,
      "datum_type": 12
    },
    "model": "element_type.elementdatumtype"
  },
  {
    "pk": 41,
    "fields": {
      "element_type": 25,
      "sort": 30110350,
      "active": true,
      "datum_type": 12
    },
    "model": "element_type.elementdatumtype"
  },
  {
    "pk": 42,
    "fields": {
      "element_type": 26,
      "sort": 30110360,
      "active": true,
      "datum_type": 12
    },
    "model": "element_type.elementdatumtype"
  },
  {
    "pk": 43,
    "fields": {
      "element_type": 27,
      "sort": 30110370,
      "active": true,
      "datum_type": 12
    },
    "model": "element_type.elementdatumtype"
  },
  {
    "pk": 44,
    "fields": {
      "element_type": 28,
      "sort": 30110380,
      "active": true,
      "datum_type": 12
    },
    "model": "element_type.elementdatumtype"
  },
  {
    "pk": 45,
    "fields": {
      "element_type": 29,
      "sort": 30110390,
      "active": true,
      "datum_type": 12
    },
    "model": "element_type.elementdatumtype"
  },
  {
    "pk": 46,
    "fields": {
      "element_type": 30,
      "sort": 30110400,
      "active": true,
      "datum_type": 12
    },
    "model": "element_type.elementdatumtype"
  },
  {
    "pk": 47,
    "fields": {
      "element_type": 30,
      "sort": 30120400,
      "active": true,
      "datum_type": 13
    },
    "model": "element_type.elementdatumtype"
  },
  {
    "pk": 48,
    "fields": {
      "element_type": 31,
      "sort": 30120410,
      "active": true,
      "datum_type": 13
    },
    "model": "element_type.elementdatumtype"
  },
  {
    "pk": 49,
    "fields": {
      "element_type": 32,
      "sort": 30120420,
      "active": true,
      "datum_type": 13
    },
    "model": "element_type.elementdatumtype"
  },
  {
    "pk": 50,
    "fields": {
      "element_type": 1,
      "sort": 40100110,
      "active": true,
      "datum_type": 14
    },
    "model": "element_type.elementdatumtype"
  },
  {
    "pk": 51,
    "fields": {
      "element_type": 33,
      "sort": 40100430,
      "active": true,
      "datum_type": 14
    },
    "model": "element_type.elementdatumtype"
  },
  {
    "pk": 52,
    "fields": {
      "element_type": 34,
      "sort": 40100440,
      "active": true,
      "datum_type": 14
    },
    "model": "element_type.elementdatumtype"
  },
  {
    "pk": 53,
    "fields": {
      "element_type": 37,
      "sort": 40100470,
      "active": true,
      "datum_type": 14
    },
    "model": "element_type.elementdatumtype"
  },
  {
    "pk": 54,
    "fields": {
      "element_type": 1,
      "sort": 40110110,
      "active": true,
      "datum_type": 15
    },
    "model": "element_type.elementdatumtype"
  },
  {
    "pk": 55,
    "fields": {
      "element_type": 2,
      "sort": 40110120,
      "active": true,
      "datum_type": 15
    },
    "model": "element_type.elementdatumtype"
  },
  {
    "pk": 56,
    "fields": {
      "element_type": 33,
      "sort": 40110430,
      "active": true,
      "datum_type": 15
    },
    "model": "element_type.elementdatumtype"
  },
  {
    "pk": 57,
    "fields": {
      "element_type": 37,
      "sort": 40110470,
      "active": true,
      "datum_type": 15
    },
    "model": "element_type.elementdatumtype"
  },
  {
    "pk": 58,
    "fields": {
      "element_type": 38,
      "sort": 40110480,
      "active": true,
      "datum_type": 15
    },
    "model": "element_type.elementdatumtype"
  },
  {
    "pk": 59,
    "fields": {
      "element_type": 39,
      "sort": 40110490,
      "active": true,
      "datum_type": 15
    },
    "model": "element_type.elementdatumtype"
  },
  {
    "pk": 60,
    "fields": {
      "element_type": 40,
      "sort": 40110500,
      "active": true,
      "datum_type": 15
    },
    "model": "element_type.elementdatumtype"
  },
  {
    "pk": 61,
    "fields": {
      "element_type": 1,
      "sort": 40120110,
      "active": true,
      "datum_type": 16
    },
    "model": "element_type.elementdatumtype"
  },
  {
    "pk": 62,
    "fields": {
      "element_type": 2,
      "sort": 40120120,
      "active": true,
      "datum_type": 16
    },
    "model": "element_type.elementdatumtype"
  },
  {
    "pk": 63,
    "fields": {
      "element_type": 33,
      "sort": 40120430,
      "active": true,
      "datum_type": 16
    },
    "model": "element_type.elementdatumtype"
  },
  {
    "pk": 64,
    "fields": {
      "element_type": 37,
      "sort": 40120470,
      "active": true,
      "datum_type": 16
    },
    "model": "element_type.elementdatumtype"
  },
  {
    "pk": 65,
    "fields": {
      "element_type": 39,
      "sort": 40120490,
      "active": true,
      "datum_type": 16
    },
    "model": "element_type.elementdatumtype"
  },
  {
    "pk": 66,
    "fields": {
      "element_type": 40,
      "sort": 40120500,
      "active": true,
      "datum_type": 16
    },
    "model": "element_type.elementdatumtype"
  },
  {
    "pk": 67,
    "fields": {
      "element_type": 1,
      "sort": 40130110,
      "active": true,
      "datum_type": 17
    },
    "model": "element_type.elementdatumtype"
  },
  {
    "pk": 68,
    "fields": {
      "element_type": 2,
      "sort": 40130120,
      "active": true,
      "datum_type": 17
    },
    "model": "element_type.elementdatumtype"
  },
  {
    "pk": 69,
    "fields": {
      "element_type": 33,
      "sort": 40130430,
      "active": true,
      "datum_type": 17
    },
    "model": "element_type.elementdatumtype"
  },
  {
    "pk": 70,
    "fields": {
      "element_type": 37,
      "sort": 40130470,
      "active": true,
      "datum_type": 17
    },
    "model": "element_type.elementdatumtype"
  },
  {
    "pk": 71,
    "fields": {
      "element_type": 1,
      "sort": 40140110,
      "active": true,
      "datum_type": 18
    },
    "model": "element_type.elementdatumtype"
  },
  {
    "pk": 72,
    "fields": {
      "element_type": 34,
      "sort": 40140440,
      "active": true,
      "datum_type": 18
    },
    "model": "element_type.elementdatumtype"
  },
  {
    "pk": 73,
    "fields": {
      "element_type": 35,
      "sort": 40140450,
      "active": true,
      "datum_type": 18
    },
    "model": "element_type.elementdatumtype"
  },
  {
    "pk": 74,
    "fields": {
      "element_type": 36,
      "sort": 40140460,
      "active": true,
      "datum_type": 18
    },
    "model": "element_type.elementdatumtype"
  },
  {
    "pk": 75,
    "fields": {
      "element_type": 39,
      "sort": 40140490,
      "active": true,
      "datum_type": 18
    },
    "model": "element_type.elementdatumtype"
  },
  {
    "pk": 76,
    "fields": {
      "element_type": 1,
      "sort": 40150110,
      "active": true,
      "datum_type": 19
    },
    "model": "element_type.elementdatumtype"
  },
  {
    "pk": 77,
    "fields": {
      "element_type": 2,
      "sort": 40150120,
      "active": true,
      "datum_type": 19
    },
    "model": "element_type.elementdatumtype"
  },
  {
    "pk": 78,
    "fields": {
      "element_type": 33,
      "sort": 40150430,
      "active": true,
      "datum_type": 19
    },
    "model": "element_type.elementdatumtype"
  },
  {
    "pk": 79,
    "fields": {
      "element_type": 34,
      "sort": 40150440,
      "active": true,
      "datum_type": 19
    },
    "model": "element_type.elementdatumtype"
  },
  {
    "pk": 80,
    "fields": {
      "element_type": 37,
      "sort": 40150470,
      "active": true,
      "datum_type": 19
    },
    "model": "element_type.elementdatumtype"
  },
  {
    "pk": 81,
    "fields": {
      "element_type": 39,
      "sort": 40150490,
      "active": true,
      "datum_type": 19
    },
    "model": "element_type.elementdatumtype"
  },
  {
    "pk": 1,
    "fields": {
      "entity_name": "Business",
      "sort": 17010,
      "readable_plural_name": "Businesses",
      "element_type": 7,
      "long_definition": null,
      "active": true,
      "short_definition": null,
      "readable_name": "Business",
      "schema_name": "business"
    },
    "model": "element_type.elementoption"
  },
  {
    "pk": 2,
    "fields": {
      "entity_name": "Non-Profit",
      "sort": 17020,
      "readable_plural_name": "Non-Profits",
      "element_type": 7,
      "long_definition": null,
      "active": true,
      "short_definition": null,
      "readable_name": "Non-Profit",
      "schema_name": "non-profit"
    },
    "model": "element_type.elementoption"
  },
  {
    "pk": 3,
    "fields": {
      "entity_name": "Education",
      "sort": 17030,
      "readable_plural_name": "Education",
      "element_type": 7,
      "long_definition": null,
      "active": true,
      "short_definition": null,
      "readable_name": "Education",
      "schema_name": "education"
    },
    "model": "element_type.elementoption"
  },
  {
    "pk": 4,
    "fields": {
      "entity_name": "Food",
      "sort": 17040,
      "readable_plural_name": "Food",
      "element_type": 7,
      "long_definition": null,
      "active": true,
      "short_definition": null,
      "readable_name": "Food",
      "schema_name": "food"
    },
    "model": "element_type.elementoption"
  },
  {
    "pk": 5,
    "fields": {
      "entity_name": "Service",
      "sort": 17050,
      "readable_plural_name": "Services",
      "element_type": 7,
      "long_definition": null,
      "active": true,
      "short_definition": null,
      "readable_name": "Service",
      "schema_name": "service"
    },
    "model": "element_type.elementoption"
  },
  {
    "pk": 6,
    "fields": {
      "entity_name": "Cultural",
      "sort": 17060,
      "readable_plural_name": "Cultural",
      "element_type": 7,
      "long_definition": null,
      "active": true,
      "short_definition": null,
      "readable_name": "Cultural",
      "schema_name": "cultural"
    },
    "model": "element_type.elementoption"
  },
  {
    "pk": 7,
    "fields": {
      "entity_name": "Religious",
      "sort": 17070,
      "readable_plural_name": "Religious",
      "element_type": 7,
      "long_definition": null,
      "active": true,
      "short_definition": null,
      "readable_name": "Religious",
      "schema_name": "religious"
    },
    "model": "element_type.elementoption"
  },
  {
    "pk": 8,
    "fields": {
      "entity_name": "Government",
      "sort": 17080,
      "readable_plural_name": "Governments",
      "element_type": 7,
      "long_definition": null,
      "active": true,
      "short_definition": null,
      "readable_name": "Government",
      "schema_name": "government"
    },
    "model": "element_type.elementoption"
  },
  {
    "pk": 9,
    "fields": {
      "entity_name": "Social",
      "sort": 17090,
      "readable_plural_name": "Social",
      "element_type": 7,
      "long_definition": null,
      "active": true,
      "short_definition": null,
      "readable_name": "Social",
      "schema_name": "social"
    },
    "model": "element_type.elementoption"
  },
  {
    "pk": 10,
    "fields": {
      "entity_name": "ActionNew",
      "sort": 31010,
      "readable_plural_name": "New",
      "element_type": 21,
      "long_definition": null,
      "active": true,
      "short_definition": null,
      "readable_name": "New",
      "schema_name": "new"
    },
    "model": "element_type.elementoption"
  },
  {
    "pk": 11,
    "fields": {
      "entity_name": "ActionSomeday",
      "sort": 31020,
      "readable_plural_name": "Someday",
      "element_type": 21,
      "long_definition": null,
      "active": true,
      "short_definition": null,
      "readable_name": "Someday",
      "schema_name": "someday"
    },
    "model": "element_type.elementoption"
  },
  {
    "pk": 12,
    "fields": {
      "entity_name": "ActionUpcoming",
      "sort": 31030,
      "readable_plural_name": "Upcoming",
      "element_type": 21,
      "long_definition": null,
      "active": true,
      "short_definition": null,
      "readable_name": "Upcoming",
      "schema_name": "upcoming"
    },
    "model": "element_type.elementoption"
  },
  {
    "pk": 13,
    "fields": {
      "entity_name": "ActionCurrent",
      "sort": 31040,
      "readable_plural_name": "Current",
      "element_type": 21,
      "long_definition": null,
      "active": true,
      "short_definition": null,
      "readable_name": "Current",
      "schema_name": "current"
    },
    "model": "element_type.elementoption"
  },
  {
    "pk": 14,
    "fields": {
      "entity_name": "ActionInProgress",
      "sort": 31050,
      "readable_plural_name": "In Progress",
      "element_type": 21,
      "long_definition": null,
      "active": true,
      "short_definition": null,
      "readable_name": "In Progress",
      "schema_name": "in_progress"
    },
    "model": "element_type.elementoption"
  },
  {
    "pk": 15,
    "fields": {
      "entity_name": "ActionComplete",
      "sort": 31060,
      "readable_plural_name": "Complete",
      "element_type": 21,
      "long_definition": null,
      "active": true,
      "short_definition": null,
      "readable_name": "Complete",
      "schema_name": "complete"
    },
    "model": "element_type.elementoption"
  },
  {
    "pk": 16,
    "fields": {
      "entity_name": "ActionWaitingFor",
      "sort": 31010,
      "readable_plural_name": "WaitingFor",
      "element_type": 21,
      "long_definition": null,
      "active": true,
      "short_definition": null,
      "readable_name": "Waiting For",
      "schema_name": "waitingfor"
    },
    "model": "element_type.elementoption"
  },
  {
    "pk": 17,
    "fields": {
      "entity_name": "1",
      "sort": 32010,
      "readable_plural_name": "1",
      "element_type": 22,
      "long_definition": null,
      "active": true,
      "short_definition": "Very Easy",
      "readable_name": "1",
      "schema_name": "1"
    },
    "model": "element_type.elementoption"
  },
  {
    "pk": 18,
    "fields": {
      "entity_name": "2",
      "sort": 32020,
      "readable_plural_name": "2",
      "element_type": 22,
      "long_definition": null,
      "active": true,
      "short_definition": "Easy",
      "readable_name": "2",
      "schema_name": "2"
    },
    "model": "element_type.elementoption"
  },
  {
    "pk": 19,
    "fields": {
      "entity_name": "3",
      "sort": 32030,
      "readable_plural_name": "3",
      "element_type": 22,
      "long_definition": null,
      "active": true,
      "short_definition": "Neither Easy or Hard",
      "readable_name": "3",
      "schema_name": "3"
    },
    "model": "element_type.elementoption"
  },
  {
    "pk": 20,
    "fields": {
      "entity_name": "4",
      "sort": 32040,
      "readable_plural_name": "4",
      "element_type": 22,
      "long_definition": null,
      "active": true,
      "short_definition": "Hard",
      "readable_name": "4",
      "schema_name": "4"
    },
    "model": "element_type.elementoption"
  },
  {
    "pk": 21,
    "fields": {
      "entity_name": "5",
      "sort": 32050,
      "readable_plural_name": "5",
      "element_type": 22,
      "long_definition": null,
      "active": true,
      "short_definition": "Very Hard",
      "readable_name": "5",
      "schema_name": "5"
    },
    "model": "element_type.elementoption"
  },
  {
    "pk": 22,
    "fields": {
      "entity_name": "Actual",
      "sort": 33010,
      "readable_plural_name": "Actuals",
      "element_type": 23,
      "long_definition": null,
      "active": true,
      "short_definition": null,
      "readable_name": "Actual",
      "schema_name": "actual"
    },
    "model": "element_type.elementoption"
  },
  {
    "pk": 23,
    "fields": {
      "entity_name": "Planned",
      "sort": 33020,
      "readable_plural_name": "Planneds",
      "element_type": 23,
      "long_definition": null,
      "active": true,
      "short_definition": null,
      "readable_name": "Planned",
      "schema_name": "planned"
    },
    "model": "element_type.elementoption"
  },
  {
    "pk": 24,
    "fields": {
      "entity_name": "Placeholder",
      "sort": 40010,
      "readable_plural_name": "Placeholders",
      "element_type": 30,
      "long_definition": null,
      "active": true,
      "short_definition": null,
      "readable_name": "Placeholder",
      "schema_name": "placeholder"
    },
    "model": "element_type.elementoption"
  },
  {
    "pk": 25,
    "fields": {
      "entity_name": "ItemNew",
      "sort": 43010,
      "readable_plural_name": "New",
      "element_type": 33,
      "long_definition": null,
      "active": true,
      "short_definition": null,
      "readable_name": "New",
      "schema_name": "new"
    },
    "model": "element_type.elementoption"
  },
  {
    "pk": 26,
    "fields": {
      "entity_name": "ItemStart",
      "sort": 43020,
      "readable_plural_name": "Start",
      "element_type": 33,
      "long_definition": null,
      "active": true,
      "short_definition": null,
      "readable_name": "Start",
      "schema_name": "start"
    },
    "model": "element_type.elementoption"
  },
  {
    "pk": 27,
    "fields": {
      "entity_name": "ItemWorking",
      "sort": 43030,
      "readable_plural_name": "Working",
      "element_type": 33,
      "long_definition": null,
      "active": true,
      "short_definition": null,
      "readable_name": "Working",
      "schema_name": "working"
    },
    "model": "element_type.elementoption"
  },
  {
    "pk": 28,
    "fields": {
      "entity_name": "ItemEdit",
      "sort": 43040,
      "readable_plural_name": "Edit",
      "element_type": 33,
      "long_definition": null,
      "active": true,
      "short_definition": null,
      "readable_name": "Edit",
      "schema_name": "edit"
    },
    "model": "element_type.elementoption"
  },
  {
    "pk": 29,
    "fields": {
      "entity_name": "ItemComplete",
      "sort": 43050,
      "readable_plural_name": "Complete",
      "element_type": 33,
      "long_definition": null,
      "active": true,
      "short_definition": null,
      "readable_name": "Complete",
      "schema_name": "complete"
    },
    "model": "element_type.elementoption"
  },
  {
    "pk": -1,
    "fields": {
      "entity_name": "Parent",
      "sort": 100,
      "readable_plural_name": "Parents",
      "long_definition": null,
      "active": true,
      "short_definition": null,
      "readable_name": "Parent",
      "schema_name": "parent"
    },
    "model": "association.associationdirection"
  },
  {
    "pk": 0,
    "fields": {
      "entity_name": "Both",
      "sort": 101,
      "readable_plural_name": "Boths",
      "long_definition": null,
      "active": true,
      "short_definition": null,
      "readable_name": "Both",
      "schema_name": "both"
    },
    "model": "association.associationdirection"
  },
  {
    "pk": 1,
    "fields": {
      "entity_name": "Child",
      "sort": 102,
      "readable_plural_name": "Children",
      "long_definition": null,
      "active": true,
      "short_definition": null,
      "readable_name": "Child",
      "schema_name": "child"
    },
    "model": "association.associationdirection"
  }
]