[{"fields": {"sort": 10, "readable_plural_name": "Areas", "long_definition": null, "entity_name": "Area", "readable_name": "Area", "schema_name": "area", "active": true, "short_definition": null}, "model": "datum.datumgroup", "pk": 1}, {"fields": {"sort": 20, "readable_plural_name": "Activities", "long_definition": null, "entity_name": "Activity", "readable_name": "Activity", "schema_name": "activity", "active": true, "short_definition": null}, "model": "datum.datumgroup", "pk": 2}, {"fields": {"sort": 30, "readable_plural_name": "Times", "long_definition": null, "entity_name": "Time", "readable_name": "Time", "schema_name": "time", "active": true, "short_definition": null}, "model": "datum.datumgroup", "pk": 3}, {"fields": {"sort": 40, "readable_plural_name": "Items", "long_definition": null, "entity_name": "Item", "readable_name": "Item", "schema_name": "item", "active": true, "short_definition": null}, "model": "datum.datumgroup", "pk": 4}, {"fields": {"sort": 1010, "readable_plural_name": "Categories", "long_definition": null, "entity_name": "Category", "readable_name": "Category", "schema_name": "category", "repr_expression": "name", "active": true, "datum_group": 1, "short_definition": null}, "model": "datum.datumtype", "pk": 1}, {"fields": {"sort": 1020, "readable_plural_name": "Projects", "long_definition": null, "entity_name": "Project", "readable_name": "Project", "schema_name": "project", "repr_expression": "name", "active": true, "datum_group": 1, "short_definition": null}, "model": "datum.datumtype", "pk": 2}, {"fields": {"sort": 1030, "readable_plural_name": "Contexts", "long_definition": null, "entity_name": "Context", "readable_name": "Context", "schema_name": "context", "repr_expression": "name", "active": true, "datum_group": 1, "short_definition": null}, "model": "datum.datumtype", "pk": 3}, {"fields": {"sort": 1040, "readable_plural_name": "Persons", "long_definition": null, "entity_name": "Person", "readable_name": "Person", "schema_name": "person", "repr_expression": "name", "active": true, "datum_group": 1, "short_definition": null}, "model": "datum.datumtype", "pk": 4}, {"fields": {"sort": 1050, "readable_plural_name": "Entities", "long_definition": null, "entity_name": "Entity", "readable_name": "Entity", "schema_name": "entity", "repr_expression": "name", "active": true, "datum_group": 1, "short_definition": null}, "model": "datum.datumtype", "pk": 5}, {"fields": {"sort": 1060, "readable_plural_name": "Locations", "long_definition": null, "entity_name": "Location", "readable_name": "Location", "schema_name": "location", "repr_expression": "name", "active": true, "datum_group": 1, "short_definition": null}, "model": "datum.datumtype", "pk": 6}, {"fields": {"sort": 1070, "readable_plural_name": "Contacts", "long_definition": null, "entity_name": "Contact", "readable_name": "Contact", "schema_name": "contact", "repr_expression": "name", "active": true, "datum_group": 1, "short_definition": null}, "model": "datum.datumtype", "pk": 7}, {"fields": {"sort": 2010, "readable_plural_name": "Actions", "long_definition": null, "entity_name": "Action", "readable_name": "Action", "schema_name": "action", "repr_expression": "name", "active": true, "datum_group": 2, "short_definition": null}, "model": "datum.datumtype", "pk": 8}, {"fields": {"sort": 2020, "readable_plural_name": "Principles", "long_definition": null, "entity_name": "Principle", "readable_name": "Principle", "schema_name": "principle", "repr_expression": "name", "active": true, "datum_group": 2, "short_definition": null}, "model": "datum.datumtype", "pk": 9}, {"fields": {"sort": 2030, "readable_plural_name": "Journals", "long_definition": null, "entity_name": "Journal", "readable_name": "Journal", "schema_name": "journal", "repr_expression": "name", "active": true, "datum_group": 2, "short_definition": null}, "model": "datum.datumtype", "pk": 10}, {"fields": {"sort": 3010, "readable_plural_name": "Schedules", "long_definition": null, "entity_name": "Schedule", "readable_name": "Schedule", "schema_name": "schedule", "repr_expression": "name", "active": true, "datum_group": 3, "short_definition": null}, "model": "datum.datumtype", "pk": 11}, {"fields": {"sort": 3020, "readable_plural_name": "Events", "long_definition": null, "entity_name": "Event", "readable_name": "Event", "schema_name": "event", "repr_expression": "name", "active": true, "datum_group": 3, "short_definition": null}, "model": "datum.datumtype", "pk": 12}, {"fields": {"sort": 3030, "readable_plural_name": "Reminders", "long_definition": null, "entity_name": "Reminder", "readable_name": "Reminder", "schema_name": "reminder", "repr_expression": "name", "active": true, "datum_group": 3, "short_definition": null}, "model": "datum.datumtype", "pk": 13}, {"fields": {"sort": 4010, "readable_plural_name": "Notes", "long_definition": null, "entity_name": "Note", "readable_name": "Note", "schema_name": "note", "repr_expression": "name", "active": true, "datum_group": 4, "short_definition": null}, "model": "datum.datumtype", "pk": 14}, {"fields": {"sort": 4020, "readable_plural_name": "Files", "long_definition": null, "entity_name": "File", "readable_name": "File", "schema_name": "file", "repr_expression": "name", "active": true, "datum_group": 4, "short_definition": null}, "model": "datum.datumtype", "pk": 15}, {"fields": {"sort": 4030, "readable_plural_name": "Directories", "long_definition": null, "entity_name": "Directory", "readable_name": "Directory", "schema_name": "directory", "repr_expression": "name", "active": true, "datum_group": 4, "short_definition": null}, "model": "datum.datumtype", "pk": 16}, {"fields": {"sort": 4040, "readable_plural_name": "Webpages", "long_definition": null, "entity_name": "Webpage", "readable_name": "Webpage", "schema_name": "webpage", "repr_expression": "name", "active": true, "datum_group": 4, "short_definition": null}, "model": "datum.datumtype", "pk": 17}, {"fields": {"sort": 4050, "readable_plural_name": "Messages", "long_definition": null, "entity_name": "Message", "readable_name": "Message", "schema_name": "message", "repr_expression": "name", "active": true, "datum_group": 4, "short_definition": null}, "model": "datum.datumtype", "pk": 18}, {"fields": {"sort": 4060, "readable_plural_name": "Posts", "long_definition": null, "entity_name": "Post", "readable_name": "Post", "schema_name": "post", "repr_expression": "name", "active": true, "datum_group": 4, "short_definition": null}, "model": "datum.datumtype", "pk": 19}, {"fields": {"sort": 10, "readable_plural_name": "Strings", "long_definition": "Used for all major text-based elements", "entity_name": "String", "readable_name": "String", "schema_name": "string", "active": true, "short_definition": "VarChar(255)"}, "model": "element_type.elementdatatype", "pk": 1}, {"fields": {"sort": 20, "readable_plural_name": "Text Data", "long_definition": "Only used for string-based sub-data types, such as json or html", "entity_name": "TextData", "readable_name": "Text Data", "schema_name": "text_data", "active": true, "short_definition": "Text"}, "model": "element_type.elementdatatype", "pk": 2}, {"fields": {"sort": 30, "readable_plural_name": "Booleans", "long_definition": null, "entity_name": "Boolean", "readable_name": "Boolean", "schema_name": "boolean", "active": true, "short_definition": "Boolean"}, "model": "element_type.elementdatatype", "pk": 3}, {"fields": {"sort": 40, "readable_plural_name": "Datetimes", "long_definition": null, "entity_name": "Datetime", "readable_name": "Datetime", "schema_name": "datetime", "active": true, "short_definition": "Datetime with Timezone"}, "model": "element_type.elementdatatype", "pk": 4}, {"fields": {"sort": 50, "readable_plural_name": "Decimals", "long_definition": null, "entity_name": "Decimal", "readable_name": "Decimal", "schema_name": "decimal", "active": true, "short_definition": "Decimal(scale=2)"}, "model": "element_type.elementdatatype", "pk": 5}, {"fields": {"sort": 60, "readable_plural_name": "Binarys", "long_definition": "Used for any attachments and large data", "entity_name": "Binary", "readable_name": "Binary", "schema_name": "binary", "active": true, "short_definition": "Blob"}, "model": "element_type.elementdatatype", "pk": 6}, {"fields": {"sort": 110, "readable_plural_name": "Names", "long_definition": null, "entity_name": "Name", "readable_name": "Name", "schema_name": "name", "default_expression": null, "active": true, "element_data_type": 1, "editable": true, "short_definition": null}, "model": "element_type.elementtype", "pk": 1}, {"fields": {"sort": 120, "readable_plural_name": "Descriptions", "long_definition": null, "entity_name": "Description", "readable_name": "Description", "schema_name": "description", "default_expression": null, "active": true, "element_data_type": 1, "editable": true, "short_definition": null}, "model": "element_type.elementtype", "pk": 2}, {"fields": {"sort": 130, "readable_plural_name": "First Names", "long_definition": null, "entity_name": "FirstName", "readable_name": "First Name", "schema_name": "first_name", "default_expression": null, "active": true, "element_data_type": 1, "editable": true, "short_definition": null}, "model": "element_type.elementtype", "pk": 3}, {"fields": {"sort": 140, "readable_plural_name": "Last Names", "long_definition": null, "entity_name": "LastName", "readable_name": "Last Name", "schema_name": "last_name", "default_expression": null, "active": true, "element_data_type": 1, "editable": true, "short_definition": null}, "model": "element_type.elementtype", "pk": 4}, {"fields": {"sort": 150, "readable_plural_name": "Nicknames", "long_definition": null, "entity_name": "Nickname", "readable_name": "Nickname", "schema_name": "nickname", "default_expression": null, "active": true, "element_data_type": 1, "editable": true, "short_definition": null}, "model": "element_type.elementtype", "pk": 5}, {"fields": {"sort": 160, "readable_plural_name": "Birthdays", "long_definition": null, "entity_name": "Birthday", "readable_name": "Birthday", "schema_name": "birthday", "default_expression": null, "active": true, "element_data_type": 4, "editable": true, "short_definition": null}, "model": "element_type.elementtype", "pk": 6}, {"fields": {"sort": 170, "readable_plural_name": "Entity Types", "long_definition": null, "entity_name": "EntityType", "readable_name": "Entity Type", "schema_name": "entity_type", "default_expression": null, "active": true, "element_data_type": 1, "editable": true, "short_definition": null}, "model": "element_type.elementtype", "pk": 7}, {"fields": {"sort": 180, "readable_plural_name": "Street Addresses", "long_definition": null, "entity_name": "StreetAddress", "readable_name": "Street Address", "schema_name": "street_address", "default_expression": null, "active": true, "element_data_type": 1, "editable": true, "short_definition": null}, "model": "element_type.elementtype", "pk": 8}, {"fields": {"sort": 190, "readable_plural_name": "Citys", "long_definition": null, "entity_name": "City", "readable_name": "City", "schema_name": "city", "default_expression": null, "active": true, "element_data_type": 1, "editable": true, "short_definition": null}, "model": "element_type.elementtype", "pk": 9}, {"fields": {"sort": 200, "readable_plural_name": "States", "long_definition": null, "entity_name": "State", "readable_name": "State", "schema_name": "state", "default_expression": null, "active": true, "element_data_type": 1, "editable": true, "short_definition": null}, "model": "element_type.elementtype", "pk": 10}, {"fields": {"sort": 210, "readable_plural_name": "Zips", "long_definition": null, "entity_name": "Zip", "readable_name": "Zip", "schema_name": "zip", "default_expression": null, "active": true, "element_data_type": 1, "editable": true, "short_definition": null}, "model": "element_type.elementtype", "pk": 11}, {"fields": {"sort": 220, "readable_plural_name": "Countries", "long_definition": null, "entity_name": "Country", "readable_name": "Country", "schema_name": "country", "default_expression": null, "active": true, "element_data_type": 1, "editable": true, "short_definition": null}, "model": "element_type.elementtype", "pk": 12}, {"fields": {"sort": 230, "readable_plural_name": "Latitudes", "long_definition": null, "entity_name": "Latitude", "readable_name": "Latitude", "schema_name": "latitude", "default_expression": null, "active": true, "element_data_type": 1, "editable": true, "short_definition": null}, "model": "element_type.elementtype", "pk": 13}, {"fields": {"sort": 240, "readable_plural_name": "Longitudes", "long_definition": null, "entity_name": "Longitude", "readable_name": "Longitude", "schema_name": "longitude", "default_expression": null, "active": true, "element_data_type": 1, "editable": true, "short_definition": null}, "model": "element_type.elementtype", "pk": 14}, {"fields": {"sort": 250, "readable_plural_name": "Phones", "long_definition": null, "entity_name": "Phone", "readable_name": "Phone", "schema_name": "phone", "default_expression": null, "active": true, "element_data_type": 1, "editable": true, "short_definition": null}, "model": "element_type.elementtype", "pk": 15}, {"fields": {"sort": 260, "readable_plural_name": "Emails", "long_definition": null, "entity_name": "Email", "readable_name": "Email", "schema_name": "email", "default_expression": null, "active": true, "element_data_type": 1, "editable": true, "short_definition": null}, "model": "element_type.elementtype", "pk": 16}, {"fields": {"sort": 270, "readable_plural_name": "Websites", "long_definition": null, "entity_name": "Website", "readable_name": "Website", "schema_name": "website", "default_expression": null, "active": true, "element_data_type": 1, "editable": true, "short_definition": null}, "model": "element_type.elementtype", "pk": 17}, {"fields": {"sort": 280, "readable_plural_name": "Facebook", "long_definition": null, "entity_name": "Facebook", "readable_name": "Facebook", "schema_name": "facebook", "default_expression": null, "active": true, "element_data_type": 1, "editable": true, "short_definition": null}, "model": "element_type.elementtype", "pk": 18}, {"fields": {"sort": 290, "readable_plural_name": "LinkedIn", "long_definition": null, "entity_name": "LinkedIn", "readable_name": "LinkedIn", "schema_name": "linkedin", "default_expression": null, "active": true, "element_data_type": 1, "editable": true, "short_definition": null}, "model": "element_type.elementtype", "pk": 19}, {"fields": {"sort": 300, "readable_plural_name": "Twitter", "long_definition": null, "entity_name": "Twitter", "readable_name": "Twitter", "schema_name": "twitter", "default_expression": null, "active": true, "element_data_type": 1, "editable": true, "short_definition": null}, "model": "element_type.elementtype", "pk": 20}, {"fields": {"sort": 310, "readable_plural_name": "Action Statuses", "long_definition": null, "entity_name": "ActionStatus", "readable_name": "Action Status", "schema_name": "action_status", "default_expression": null, "active": true, "element_data_type": 1, "editable": true, "short_definition": null}, "model": "element_type.elementtype", "pk": 21}, {"fields": {"sort": 320, "readable_plural_name": "Action Efforts", "long_definition": null, "entity_name": "ActionEffort", "readable_name": "Action Effort", "schema_name": "action_effort", "default_expression": null, "active": true, "element_data_type": 1, "editable": true, "short_definition": null}, "model": "element_type.elementtype", "pk": 22}, {"fields": {"sort": 330, "readable_plural_name": "Schedule Types", "long_definition": null, "entity_name": "ScheduleType", "readable_name": "Schedule Type", "schema_name": "schedule_type", "default_expression": null, "active": true, "element_data_type": 1, "editable": true, "short_definition": null}, "model": "element_type.elementtype", "pk": 23}, {"fields": {"sort": 340, "readable_plural_name": "Beginning Buffers", "long_definition": null, "entity_name": "BeginningBuffer", "readable_name": "Beginning Buffer", "schema_name": "beginning_buffer", "default_expression": null, "active": true, "element_data_type": 4, "editable": true, "short_definition": null}, "model": "element_type.elementtype", "pk": 24}, {"fields": {"sort": 350, "readable_plural_name": "Beginning Events", "long_definition": null, "entity_name": "BeginningEvent", "readable_name": "Beginning Event", "schema_name": "beginning_event", "default_expression": null, "active": true, "element_data_type": 4, "editable": true, "short_definition": null}, "model": "element_type.elementtype", "pk": 25}, {"fields": {"sort": 360, "readable_plural_name": "Ending Events", "long_definition": null, "entity_name": "EndingEvent", "readable_name": "Ending Event", "schema_name": "ending_event", "default_expression": null, "active": true, "element_data_type": 4, "editable": true, "short_definition": null}, "model": "element_type.elementtype", "pk": 26}, {"fields": {"sort": 370, "readable_plural_name": "Ending Buffers", "long_definition": null, "entity_name": "EndingBuffer", "readable_name": "Ending Buffer", "schema_name": "ending_buffer", "default_expression": null, "active": true, "element_data_type": 4, "editable": true, "short_definition": null}, "model": "element_type.elementtype", "pk": 27}, {"fields": {"sort": 380, "readable_plural_name": "Event Times", "long_definition": null, "entity_name": "EventTime", "readable_name": "Event Time", "schema_name": "event_time", "default_expression": null, "active": true, "element_data_type": 5, "editable": true, "short_definition": null}, "model": "element_type.elementtype", "pk": 28}, {"fields": {"sort": 390, "readable_plural_name": "Total Times", "long_definition": null, "entity_name": "TotalTime", "readable_name": "Total Time", "schema_name": "total_time", "default_expression": null, "active": true, "element_data_type": 5, "editable": true, "short_definition": null}, "model": "element_type.elementtype", "pk": 29}, {"fields": {"sort": 400, "readable_plural_name": "Recurring Optionss", "long_definition": null, "entity_name": "RecurringOptions", "readable_name": "Recurring Options", "schema_name": "recurring_options", "default_expression": null, "active": true, "element_data_type": 2, "editable": true, "short_definition": null}, "model": "element_type.elementtype", "pk": 30}, {"fields": {"sort": 410, "readable_plural_name": "Alerts", "long_definition": null, "entity_name": "Alert", "readable_name": "Alert", "schema_name": "alert", "default_expression": null, "active": true, "element_data_type": 4, "editable": true, "short_definition": null}, "model": "element_type.elementtype", "pk": 31}, {"fields": {"sort": 420, "readable_plural_name": "Logged In", "long_definition": null, "entity_name": "LoggedIn", "readable_name": "Logged In", "schema_name": "logged_in", "default_expression": null, "active": true, "element_data_type": 3, "editable": true, "short_definition": null}, "model": "element_type.elementtype", "pk": 32}, {"fields": {"sort": 430, "readable_plural_name": "Item Statuses", "long_definition": null, "entity_name": "ItemStatus", "readable_name": "Item Status", "schema_name": "item_status", "default_expression": null, "active": true, "element_data_type": 1, "editable": true, "short_definition": null}, "model": "element_type.elementtype", "pk": 33}, {"fields": {"sort": 440, "readable_plural_name": "Item Contents", "long_definition": null, "entity_name": "ItemContent", "readable_name": "Item Content", "schema_name": "item_content", "default_expression": null, "active": true, "element_data_type": 2, "editable": true, "short_definition": null}, "model": "element_type.elementtype", "pk": 34}, {"fields": {"sort": 450, "readable_plural_name": "Froms", "long_definition": null, "entity_name": "From", "readable_name": "From", "schema_name": "from", "default_expression": null, "active": true, "element_data_type": 1, "editable": true, "short_definition": null}, "model": "element_type.elementtype", "pk": 35}, {"fields": {"sort": 460, "readable_plural_name": "Tos", "long_definition": null, "entity_name": "To", "readable_name": "To", "schema_name": "to", "default_expression": null, "active": true, "element_data_type": 1, "editable": true, "short_definition": null}, "model": "element_type.elementtype", "pk": 36}, {"fields": {"sort": 470, "readable_plural_name": "Links", "long_definition": "Any local, network, or www address", "entity_name": "Link", "readable_name": "Link", "schema_name": "link", "default_expression": null, "active": true, "element_data_type": 1, "editable": true, "short_definition": "URL"}, "model": "element_type.elementtype", "pk": 37}, {"fields": {"sort": 480, "readable_plural_name": "Attachments", "long_definition": "File attachment", "entity_name": "Attachment", "readable_name": "Attachment", "schema_name": "attachment", "default_expression": null, "active": true, "element_data_type": 6, "editable": true, "short_definition": null}, "model": "element_type.elementtype", "pk": 38}, {"fields": {"sort": 490, "readable_plural_name": "Creation Dates", "long_definition": "SHOULD THIS BE ROLLED INTO EVENTS?", "entity_name": "CreationDate", "readable_name": "Creation Date", "schema_name": "creation_date", "default_expression": null, "active": true, "element_data_type": 4, "editable": true, "short_definition": null}, "model": "element_type.elementtype", "pk": 39}, {"fields": {"sort": 500, "readable_plural_name": "Modification Dates", "long_definition": "SHOULD THIS BE ROLLED INTO EVENTS?", "entity_name": "ModificationDate", "readable_name": "Modification Date", "schema_name": "modification_date", "default_expression": null, "active": true, "element_data_type": 4, "editable": true, "short_definition": null}, "model": "element_type.elementtype", "pk": 40}, {"fields": {"sort": 1010110, "active": true, "element_type": 1, "datum_type": 1}, "model": "element_type.elementtypedatumtype", "pk": 1}, {"fields": {"sort": 1010120, "active": true, "element_type": 2, "datum_type": 1}, "model": "element_type.elementtypedatumtype", "pk": 2}, {"fields": {"sort": 1020110, "active": true, "element_type": 1, "datum_type": 2}, "model": "element_type.elementtypedatumtype", "pk": 3}, {"fields": {"sort": 1020120, "active": true, "element_type": 2, "datum_type": 2}, "model": "element_type.elementtypedatumtype", "pk": 4}, {"fields": {"sort": 1030110, "active": true, "element_type": 1, "datum_type": 3}, "model": "element_type.elementtypedatumtype", "pk": 5}, {"fields": {"sort": 1030120, "active": true, "element_type": 2, "datum_type": 3}, "model": "element_type.elementtypedatumtype", "pk": 6}, {"fields": {"sort": 1040110, "active": true, "element_type": 1, "datum_type": 4}, "model": "element_type.elementtypedatumtype", "pk": 7}, {"fields": {"sort": 1040120, "active": true, "element_type": 2, "datum_type": 4}, "model": "element_type.elementtypedatumtype", "pk": 8}, {"fields": {"sort": 1040130, "active": true, "element_type": 3, "datum_type": 4}, "model": "element_type.elementtypedatumtype", "pk": 9}, {"fields": {"sort": 1040140, "active": true, "element_type": 4, "datum_type": 4}, "model": "element_type.elementtypedatumtype", "pk": 10}, {"fields": {"sort": 1040150, "active": true, "element_type": 5, "datum_type": 4}, "model": "element_type.elementtypedatumtype", "pk": 11}, {"fields": {"sort": 1040160, "active": true, "element_type": 6, "datum_type": 4}, "model": "element_type.elementtypedatumtype", "pk": 12}, {"fields": {"sort": 1050110, "active": true, "element_type": 1, "datum_type": 5}, "model": "element_type.elementtypedatumtype", "pk": 13}, {"fields": {"sort": 1050120, "active": true, "element_type": 2, "datum_type": 5}, "model": "element_type.elementtypedatumtype", "pk": 14}, {"fields": {"sort": 1050170, "active": true, "element_type": 7, "datum_type": 5}, "model": "element_type.elementtypedatumtype", "pk": 15}, {"fields": {"sort": 1060110, "active": true, "element_type": 1, "datum_type": 6}, "model": "element_type.elementtypedatumtype", "pk": 16}, {"fields": {"sort": 1060120, "active": true, "element_type": 2, "datum_type": 6}, "model": "element_type.elementtypedatumtype", "pk": 17}, {"fields": {"sort": 1060180, "active": true, "element_type": 8, "datum_type": 6}, "model": "element_type.elementtypedatumtype", "pk": 18}, {"fields": {"sort": 1060190, "active": true, "element_type": 9, "datum_type": 6}, "model": "element_type.elementtypedatumtype", "pk": 19}, {"fields": {"sort": 1060200, "active": true, "element_type": 10, "datum_type": 6}, "model": "element_type.elementtypedatumtype", "pk": 20}, {"fields": {"sort": 1060210, "active": true, "element_type": 11, "datum_type": 6}, "model": "element_type.elementtypedatumtype", "pk": 21}, {"fields": {"sort": 1060220, "active": true, "element_type": 12, "datum_type": 6}, "model": "element_type.elementtypedatumtype", "pk": 22}, {"fields": {"sort": 1060230, "active": true, "element_type": 13, "datum_type": 6}, "model": "element_type.elementtypedatumtype", "pk": 23}, {"fields": {"sort": 1060240, "active": true, "element_type": 14, "datum_type": 6}, "model": "element_type.elementtypedatumtype", "pk": 24}, {"fields": {"sort": 1070110, "active": true, "element_type": 1, "datum_type": 7}, "model": "element_type.elementtypedatumtype", "pk": 25}, {"fields": {"sort": 1070120, "active": true, "element_type": 2, "datum_type": 7}, "model": "element_type.elementtypedatumtype", "pk": 26}, {"fields": {"sort": 1070250, "active": true, "element_type": 15, "datum_type": 7}, "model": "element_type.elementtypedatumtype", "pk": 27}, {"fields": {"sort": 1070260, "active": true, "element_type": 16, "datum_type": 7}, "model": "element_type.elementtypedatumtype", "pk": 28}, {"fields": {"sort": 1070270, "active": true, "element_type": 17, "datum_type": 7}, "model": "element_type.elementtypedatumtype", "pk": 29}, {"fields": {"sort": 1070280, "active": true, "element_type": 18, "datum_type": 7}, "model": "element_type.elementtypedatumtype", "pk": 30}, {"fields": {"sort": 1070290, "active": true, "element_type": 19, "datum_type": 7}, "model": "element_type.elementtypedatumtype", "pk": 31}, {"fields": {"sort": 1070300, "active": true, "element_type": 20, "datum_type": 7}, "model": "element_type.elementtypedatumtype", "pk": 32}, {"fields": {"sort": 2010120, "active": true, "element_type": 2, "datum_type": 8}, "model": "element_type.elementtypedatumtype", "pk": 33}, {"fields": {"sort": 2010310, "active": true, "element_type": 21, "datum_type": 8}, "model": "element_type.elementtypedatumtype", "pk": 34}, {"fields": {"sort": 2010320, "active": true, "element_type": 22, "datum_type": 8}, "model": "element_type.elementtypedatumtype", "pk": 35}, {"fields": {"sort": 2020120, "active": true, "element_type": 2, "datum_type": 9}, "model": "element_type.elementtypedatumtype", "pk": 36}, {"fields": {"sort": 2030120, "active": true, "element_type": 2, "datum_type": 10}, "model": "element_type.elementtypedatumtype", "pk": 37}, {"fields": {"sort": 3010110, "active": true, "element_type": 1, "datum_type": 11}, "model": "element_type.elementtypedatumtype", "pk": 38}, {"fields": {"sort": 3010330, "active": true, "element_type": 23, "datum_type": 11}, "model": "element_type.elementtypedatumtype", "pk": 39}, {"fields": {"sort": 3020340, "active": true, "element_type": 24, "datum_type": 12}, "model": "element_type.elementtypedatumtype", "pk": 40}, {"fields": {"sort": 3020350, "active": true, "element_type": 25, "datum_type": 12}, "model": "element_type.elementtypedatumtype", "pk": 41}, {"fields": {"sort": 3020360, "active": true, "element_type": 26, "datum_type": 12}, "model": "element_type.elementtypedatumtype", "pk": 42}, {"fields": {"sort": 3020370, "active": true, "element_type": 27, "datum_type": 12}, "model": "element_type.elementtypedatumtype", "pk": 43}, {"fields": {"sort": 3020380, "active": true, "element_type": 28, "datum_type": 12}, "model": "element_type.elementtypedatumtype", "pk": 44}, {"fields": {"sort": 3020390, "active": true, "element_type": 29, "datum_type": 12}, "model": "element_type.elementtypedatumtype", "pk": 45}, {"fields": {"sort": 3020400, "active": true, "element_type": 30, "datum_type": 12}, "model": "element_type.elementtypedatumtype", "pk": 46}, {"fields": {"sort": 3030400, "active": true, "element_type": 30, "datum_type": 13}, "model": "element_type.elementtypedatumtype", "pk": 47}, {"fields": {"sort": 3030410, "active": true, "element_type": 31, "datum_type": 13}, "model": "element_type.elementtypedatumtype", "pk": 48}, {"fields": {"sort": 3030420, "active": true, "element_type": 32, "datum_type": 13}, "model": "element_type.elementtypedatumtype", "pk": 49}, {"fields": {"sort": 4010110, "active": true, "element_type": 1, "datum_type": 14}, "model": "element_type.elementtypedatumtype", "pk": 50}, {"fields": {"sort": 4010430, "active": true, "element_type": 33, "datum_type": 14}, "model": "element_type.elementtypedatumtype", "pk": 51}, {"fields": {"sort": 4010440, "active": true, "element_type": 34, "datum_type": 14}, "model": "element_type.elementtypedatumtype", "pk": 52}, {"fields": {"sort": 4010470, "active": true, "element_type": 37, "datum_type": 14}, "model": "element_type.elementtypedatumtype", "pk": 53}, {"fields": {"sort": 4020110, "active": true, "element_type": 1, "datum_type": 15}, "model": "element_type.elementtypedatumtype", "pk": 54}, {"fields": {"sort": 4020120, "active": true, "element_type": 2, "datum_type": 15}, "model": "element_type.elementtypedatumtype", "pk": 55}, {"fields": {"sort": 4020430, "active": true, "element_type": 33, "datum_type": 15}, "model": "element_type.elementtypedatumtype", "pk": 56}, {"fields": {"sort": 4020470, "active": true, "element_type": 37, "datum_type": 15}, "model": "element_type.elementtypedatumtype", "pk": 57}, {"fields": {"sort": 4020480, "active": true, "element_type": 38, "datum_type": 15}, "model": "element_type.elementtypedatumtype", "pk": 58}, {"fields": {"sort": 4020490, "active": true, "element_type": 39, "datum_type": 15}, "model": "element_type.elementtypedatumtype", "pk": 59}, {"fields": {"sort": 4020500, "active": true, "element_type": 40, "datum_type": 15}, "model": "element_type.elementtypedatumtype", "pk": 60}, {"fields": {"sort": 4030110, "active": true, "element_type": 1, "datum_type": 16}, "model": "element_type.elementtypedatumtype", "pk": 61}, {"fields": {"sort": 4030120, "active": true, "element_type": 2, "datum_type": 16}, "model": "element_type.elementtypedatumtype", "pk": 62}, {"fields": {"sort": 4030430, "active": true, "element_type": 33, "datum_type": 16}, "model": "element_type.elementtypedatumtype", "pk": 63}, {"fields": {"sort": 4030470, "active": true, "element_type": 37, "datum_type": 16}, "model": "element_type.elementtypedatumtype", "pk": 64}, {"fields": {"sort": 4030490, "active": true, "element_type": 39, "datum_type": 16}, "model": "element_type.elementtypedatumtype", "pk": 65}, {"fields": {"sort": 4030500, "active": true, "element_type": 40, "datum_type": 16}, "model": "element_type.elementtypedatumtype", "pk": 66}, {"fields": {"sort": 4040110, "active": true, "element_type": 1, "datum_type": 17}, "model": "element_type.elementtypedatumtype", "pk": 67}, {"fields": {"sort": 4040120, "active": true, "element_type": 2, "datum_type": 17}, "model": "element_type.elementtypedatumtype", "pk": 68}, {"fields": {"sort": 4040430, "active": true, "element_type": 33, "datum_type": 17}, "model": "element_type.elementtypedatumtype", "pk": 69}, {"fields": {"sort": 4040470, "active": true, "element_type": 37, "datum_type": 17}, "model": "element_type.elementtypedatumtype", "pk": 70}, {"fields": {"sort": 4050110, "active": true, "element_type": 1, "datum_type": 18}, "model": "element_type.elementtypedatumtype", "pk": 71}, {"fields": {"sort": 4050440, "active": true, "element_type": 34, "datum_type": 18}, "model": "element_type.elementtypedatumtype", "pk": 72}, {"fields": {"sort": 4050450, "active": true, "element_type": 35, "datum_type": 18}, "model": "element_type.elementtypedatumtype", "pk": 73}, {"fields": {"sort": 4050460, "active": true, "element_type": 36, "datum_type": 18}, "model": "element_type.elementtypedatumtype", "pk": 74}, {"fields": {"sort": 4050490, "active": true, "element_type": 39, "datum_type": 18}, "model": "element_type.elementtypedatumtype", "pk": 75}, {"fields": {"sort": 4060110, "active": true, "element_type": 1, "datum_type": 19}, "model": "element_type.elementtypedatumtype", "pk": 76}, {"fields": {"sort": 4060120, "active": true, "element_type": 2, "datum_type": 19}, "model": "element_type.elementtypedatumtype", "pk": 77}, {"fields": {"sort": 4060430, "active": true, "element_type": 33, "datum_type": 19}, "model": "element_type.elementtypedatumtype", "pk": 78}, {"fields": {"sort": 4060440, "active": true, "element_type": 34, "datum_type": 19}, "model": "element_type.elementtypedatumtype", "pk": 79}, {"fields": {"sort": 4060470, "active": true, "element_type": 37, "datum_type": 19}, "model": "element_type.elementtypedatumtype", "pk": 80}, {"fields": {"sort": 4060490, "active": true, "element_type": 39, "datum_type": 19}, "model": "element_type.elementtypedatumtype", "pk": 81}, {"fields": {"sort": 17010, "readable_plural_name": "Businesses", "long_definition": null, "entity_name": "Business", "readable_name": "Business", "schema_name": "business", "active": true, "element_type": 7, "short_definition": null}, "model": "element_type.elementoption", "pk": 1}, {"fields": {"sort": 17020, "readable_plural_name": "Non-Profits", "long_definition": null, "entity_name": "Non-Profit", "readable_name": "Non-Profit", "schema_name": "non-profit", "active": true, "element_type": 7, "short_definition": null}, "model": "element_type.elementoption", "pk": 2}, {"fields": {"sort": 17030, "readable_plural_name": "Education", "long_definition": null, "entity_name": "Education", "readable_name": "Education", "schema_name": "education", "active": true, "element_type": 7, "short_definition": null}, "model": "element_type.elementoption", "pk": 3}, {"fields": {"sort": 17040, "readable_plural_name": "Food", "long_definition": null, "entity_name": "Food", "readable_name": "Food", "schema_name": "food", "active": true, "element_type": 7, "short_definition": null}, "model": "element_type.elementoption", "pk": 4}, {"fields": {"sort": 17050, "readable_plural_name": "Services", "long_definition": null, "entity_name": "Service", "readable_name": "Service", "schema_name": "service", "active": true, "element_type": 7, "short_definition": null}, "model": "element_type.elementoption", "pk": 5}, {"fields": {"sort": 17060, "readable_plural_name": "Cultural", "long_definition": null, "entity_name": "Cultural", "readable_name": "Cultural", "schema_name": "cultural", "active": true, "element_type": 7, "short_definition": null}, "model": "element_type.elementoption", "pk": 6}, {"fields": {"sort": 17070, "readable_plural_name": "Religious", "long_definition": null, "entity_name": "Religious", "readable_name": "Religious", "schema_name": "religious", "active": true, "element_type": 7, "short_definition": null}, "model": "element_type.elementoption", "pk": 7}, {"fields": {"sort": 17080, "readable_plural_name": "Governments", "long_definition": null, "entity_name": "Government", "readable_name": "Government", "schema_name": "government", "active": true, "element_type": 7, "short_definition": null}, "model": "element_type.elementoption", "pk": 8}, {"fields": {"sort": 17090, "readable_plural_name": "Social", "long_definition": null, "entity_name": "Social", "readable_name": "Social", "schema_name": "social", "active": true, "element_type": 7, "short_definition": null}, "model": "element_type.elementoption", "pk": 9}, {"fields": {"sort": 31010, "readable_plural_name": "New", "long_definition": null, "entity_name": "ActionNew", "readable_name": "New", "schema_name": "new", "active": true, "element_type": 21, "short_definition": null}, "model": "element_type.elementoption", "pk": 10}, {"fields": {"sort": 31020, "readable_plural_name": "Someday", "long_definition": null, "entity_name": "ActionSomeday", "readable_name": "Someday", "schema_name": "someday", "active": true, "element_type": 21, "short_definition": null}, "model": "element_type.elementoption", "pk": 11}, {"fields": {"sort": 31030, "readable_plural_name": "Upcoming", "long_definition": null, "entity_name": "ActionUpcoming", "readable_name": "Upcoming", "schema_name": "upcoming", "active": true, "element_type": 21, "short_definition": null}, "model": "element_type.elementoption", "pk": 12}, {"fields": {"sort": 31040, "readable_plural_name": "Current", "long_definition": null, "entity_name": "ActionCurrent", "readable_name": "Current", "schema_name": "current", "active": true, "element_type": 21, "short_definition": null}, "model": "element_type.elementoption", "pk": 13}, {"fields": {"sort": 31050, "readable_plural_name": "In Progress", "long_definition": null, "entity_name": "ActionInProgress", "readable_name": "In Progress", "schema_name": "in_progress", "active": true, "element_type": 21, "short_definition": null}, "model": "element_type.elementoption", "pk": 14}, {"fields": {"sort": 31060, "readable_plural_name": "Complete", "long_definition": null, "entity_name": "ActionComplete", "readable_name": "Complete", "schema_name": "complete", "active": true, "element_type": 21, "short_definition": null}, "model": "element_type.elementoption", "pk": 15}, {"fields": {"sort": 31070, "readable_plural_name": "WaitingFor", "long_definition": null, "entity_name": "ActionWaitingFor", "readable_name": "WaitingFor", "schema_name": "waitingfor", "active": true, "element_type": 21, "short_definition": null}, "model": "element_type.elementoption", "pk": 16}, {"fields": {"sort": 32010, "readable_plural_name": "1", "long_definition": null, "entity_name": "1", "readable_name": "1", "schema_name": "1", "active": true, "element_type": 22, "short_definition": "Very Easy"}, "model": "element_type.elementoption", "pk": 17}, {"fields": {"sort": 32020, "readable_plural_name": "2", "long_definition": null, "entity_name": "2", "readable_name": "2", "schema_name": "2", "active": true, "element_type": 22, "short_definition": "Easy"}, "model": "element_type.elementoption", "pk": 18}, {"fields": {"sort": 32030, "readable_plural_name": "3", "long_definition": null, "entity_name": "3", "readable_name": "3", "schema_name": "3", "active": true, "element_type": 22, "short_definition": "Neither Easy or Hard"}, "model": "element_type.elementoption", "pk": 19}, {"fields": {"sort": 32040, "readable_plural_name": "4", "long_definition": null, "entity_name": "4", "readable_name": "4", "schema_name": "4", "active": true, "element_type": 22, "short_definition": "Hard"}, "model": "element_type.elementoption", "pk": 20}, {"fields": {"sort": 32050, "readable_plural_name": "5", "long_definition": null, "entity_name": "5", "readable_name": "5", "schema_name": "5", "active": true, "element_type": 22, "short_definition": "Very Hard"}, "model": "element_type.elementoption", "pk": 21}, {"fields": {"sort": 33010, "readable_plural_name": "Actuals", "long_definition": null, "entity_name": "Actual", "readable_name": "Actual", "schema_name": "actual", "active": true, "element_type": 23, "short_definition": null}, "model": "element_type.elementoption", "pk": 22}, {"fields": {"sort": 33020, "readable_plural_name": "Planneds", "long_definition": null, "entity_name": "Planned", "readable_name": "Planned", "schema_name": "planned", "active": true, "element_type": 23, "short_definition": null}, "model": "element_type.elementoption", "pk": 23}, {"fields": {"sort": 40010, "readable_plural_name": "Placeholders", "long_definition": null, "entity_name": "Placeholder", "readable_name": "Placeholder", "schema_name": "placeholder", "active": true, "element_type": 30, "short_definition": null}, "model": "element_type.elementoption", "pk": 24}, {"fields": {"sort": 43010, "readable_plural_name": "New", "long_definition": null, "entity_name": "ItemNew", "readable_name": "New", "schema_name": "new", "active": true, "element_type": 33, "short_definition": null}, "model": "element_type.elementoption", "pk": 25}, {"fields": {"sort": 43020, "readable_plural_name": "Start", "long_definition": null, "entity_name": "ItemStart", "readable_name": "Start", "schema_name": "start", "active": true, "element_type": 33, "short_definition": null}, "model": "element_type.elementoption", "pk": 26}, {"fields": {"sort": 43030, "readable_plural_name": "Working", "long_definition": null, "entity_name": "ItemWorking", "readable_name": "Working", "schema_name": "working", "active": true, "element_type": 33, "short_definition": null}, "model": "element_type.elementoption", "pk": 27}, {"fields": {"sort": 43040, "readable_plural_name": "Edit", "long_definition": null, "entity_name": "ItemEdit", "readable_name": "Edit", "schema_name": "edit", "active": true, "element_type": 33, "short_definition": null}, "model": "element_type.elementoption", "pk": 28}, {"fields": {"sort": 43050, "readable_plural_name": "Complete", "long_definition": null, "entity_name": "ItemComplete", "readable_name": "Complete", "schema_name": "complete", "active": true, "element_type": 33, "short_definition": null}, "model": "element_type.elementoption", "pk": 29}]