[
{
    "model": "auth.user",
    "fields": {
        "groups": [],
        "user_permissions": [],
        "last_login": "2015-07-27T20:34:19.664Z",
        "last_name": "",
        "username": "test",
        "first_name": "",
        "date_joined": "2015-07-07T22:24:49.483Z",
        "is_superuser": true,
        "password": "pbkdf2_sha256$20000$B5clPvWDubLD$mWKVhuiVMLhkfGfCNVQ5bB9Fu7qwdvgC99mVdu6kfkQ=",
        "is_active": true,
        "email": "test@test.com",
        "is_staff": true
    },
    "pk": 1
},
{
    "model": "datum.datumgroup",
    "fields": {
        "readable_plural_name": "Areas",
        "active": true,
        "sort": 10,
        "created": "2015-07-06T23:09:39.310Z",
        "entity_name": "Area",
        "readable_name": "Area",
        "example": "Home, Hobby, Job",
        "long_definition": "The 'areas' of your life that are important to you.",
        "schema_name": "area",
        "modified": "2015-07-06T23:08:16.544Z",
        "short_definition": "Categories, Nouns"
    },
    "pk": 1
},
{
    "model": "datum.datumgroup",
    "fields": {
        "readable_plural_name": "Activities",
        "active": true,
        "sort": 20,
        "created": "2015-07-06T23:09:39.310Z",
        "entity_name": "Activity",
        "readable_name": "Activity",
        "example": "Meet with Joe, Learn guitar",
        "long_definition": "What you are doing, what you want to do, and what you did.",
        "schema_name": "activity",
        "modified": "2015-07-06T23:08:16.544Z",
        "short_definition": "Tasks, Verbs"
    },
    "pk": 2
},
{
    "model": "datum.datumgroup",
    "fields": {
        "readable_plural_name": "Times",
        "active": true,
        "sort": 30,
        "created": "2015-07-06T23:09:39.310Z",
        "entity_name": "Time",
        "readable_name": "Time",
        "example": "Tomorrow between 1-2 PM",
        "long_definition": "When you are doing. Time-based events and deadlines.",
        "schema_name": "time",
        "modified": "2015-07-06T23:08:16.544Z",
        "short_definition": "Events, Reminders"
    },
    "pk": 3
},
{
    "model": "datum.datumgroup",
    "fields": {
        "readable_plural_name": "Items",
        "active": true,
        "sort": 40,
        "created": "2015-07-06T23:09:39.310Z",
        "entity_name": "Item",
        "readable_name": "Item",
        "example": "PDF document, Email from Joe, important note",
        "long_definition": "What you know - your information storage.",
        "schema_name": "item",
        "modified": "2015-07-06T23:08:16.544Z",
        "short_definition": "Reference, Files"
    },
    "pk": 4
},
{
    "model": "datum.datumtype",
    "fields": {
        "readable_plural_name": "Categories",
        "active": true,
        "sort": 10100,
        "datum_group": 1,
        "modified": "2015-07-06T23:08:20.041Z",
        "schema_name": "category",
        "short_definition": "Topics, Folders",
        "headline_expr": "{{name}}",
        "icon_class": "fa fa-square-o",
        "created": "2015-07-06T23:09:40.020Z",
        "entity_name": "Category",
        "long_definition": "General container for anything of interest or importance.",
        "readable_name": "Category",
        "example": "House, Family, Job, Marketing"
    },
    "pk": 1
},
{
    "model": "datum.datumtype",
    "fields": {
        "readable_plural_name": "Projects",
        "active": true,
        "sort": 10110,
        "datum_group": 1,
        "modified": "2015-07-06T23:08:20.041Z",
        "schema_name": "project",
        "short_definition": "Named Plan",
        "headline_expr": "{{name}}",
        "icon_class": "fa fa-check-square-o",
        "created": "2015-07-06T23:09:40.020Z",
        "entity_name": "Project",
        "long_definition": "A label for a particular goal or purpose so you can organize all your information.",
        "readable_name": "Project",
        "example": "Tracuse App, Morning Checklist, Department Reorganization"
    },
    "pk": 2
},
{
    "model": "datum.datumtype",
    "fields": {
        "readable_plural_name": "Contexts",
        "active": true,
        "sort": 10120,
        "datum_group": 1,
        "modified": "2015-07-06T23:08:20.041Z",
        "schema_name": "context",
        "short_definition": "Settings, Tools",
        "headline_expr": "{{name}}",
        "icon_class": "fa fa-plus-square-o",
        "created": "2015-07-06T23:09:40.020Z",
        "entity_name": "Context",
        "long_definition": "What you use or general location for an action.",
        "readable_name": "Context",
        "example": "Call, Computer, Read, Errands"
    },
    "pk": 3
},
{
    "model": "datum.datumtype",
    "fields": {
        "readable_plural_name": "Persons",
        "active": true,
        "sort": 10130,
        "datum_group": 1,
        "modified": "2015-07-06T23:08:20.041Z",
        "schema_name": "person",
        "short_definition": "An Individual",
        "headline_expr": "{{name}}",
        "icon_class": "fa fa-user",
        "created": "2015-07-06T23:09:40.020Z",
        "entity_name": "Person",
        "long_definition": "Who you commonly interact with.",
        "readable_name": "Person",
        "example": "Sally Sister, Carl Coworker"
    },
    "pk": 4
},
{
    "model": "datum.datumtype",
    "fields": {
        "readable_plural_name": "Entities",
        "active": true,
        "sort": 10140,
        "datum_group": 1,
        "modified": "2015-07-06T23:08:20.041Z",
        "schema_name": "entity",
        "short_definition": "Organizational Group",
        "headline_expr": "{{name}}",
        "icon_class": "fa fa-users",
        "created": "2015-07-06T23:09:40.020Z",
        "entity_name": "Entity",
        "long_definition": "Any group, such as a business, government agency, religious, or social organization.",
        "readable_name": "Entity",
        "example": "Employer, Son's School, Softball League"
    },
    "pk": 5
},
{
    "model": "datum.datumtype",
    "fields": {
        "readable_plural_name": "Locations",
        "active": true,
        "sort": 10150,
        "datum_group": 1,
        "modified": "2015-07-06T23:08:20.041Z",
        "schema_name": "location",
        "short_definition": "A Place",
        "headline_expr": "{{name}}",
        "icon_class": "fa fa-home",
        "created": "2015-07-06T23:09:40.020Z",
        "entity_name": "Location",
        "long_definition": "A formal address/geolocation, or any informal point of interest.",
        "readable_name": "Location",
        "example": "Office Address, School Address, The Garage"
    },
    "pk": 6
},
{
    "model": "datum.datumtype",
    "fields": {
        "readable_plural_name": "Contacts",
        "active": true,
        "sort": 10160,
        "datum_group": 1,
        "modified": "2015-07-06T23:08:20.041Z",
        "schema_name": "contact",
        "short_definition": "Contact Info",
        "headline_expr": "{{name}}",
        "icon_class": "fa fa-phone",
        "created": "2015-07-06T23:09:40.020Z",
        "entity_name": "Contact",
        "long_definition": "How to communicate with a Person or Entity, including phone, email, and social media.",
        "readable_name": "Contact",
        "example": "Carl's Work Contact, Carl's Home Contact, Main Office Contact"
    },
    "pk": 7
},
{
    "model": "datum.datumtype",
    "fields": {
        "readable_plural_name": "Actions",
        "active": true,
        "sort": 20100,
        "datum_group": 2,
        "modified": "2015-07-06T23:08:20.041Z",
        "schema_name": "action",
        "short_definition": "Task",
        "headline_expr": "{{description}}",
        "icon_class": "fa fa-check-circle-o",
        "created": "2015-07-06T23:09:40.020Z",
        "entity_name": "Action",
        "long_definition": "Any individual idea or thought about something you will do.",
        "readable_name": "Action",
        "example": "Call the auto mechanic, Review Q1 sales, Be a better husband"
    },
    "pk": 8
},
{
    "model": "datum.datumtype",
    "fields": {
        "readable_plural_name": "Principles",
        "active": true,
        "sort": 20110,
        "datum_group": 2,
        "modified": "2015-07-06T23:08:20.041Z",
        "schema_name": "principle",
        "short_definition": "Purpose, Mantra",
        "headline_expr": "{{description}}",
        "icon_class": "fa fa-bullseye",
        "created": "2015-07-06T23:09:40.020Z",
        "entity_name": "Principle",
        "long_definition": "Why you are doing what you are doing. Represents your values and vision.",
        "readable_name": "Principle",
        "example": "So we can take that vacation, So I will be healthy and happy"
    },
    "pk": 9
},
{
    "model": "datum.datumtype",
    "fields": {
        "readable_plural_name": "Journals",
        "active": true,
        "sort": 20120,
        "datum_group": 2,
        "modified": "2015-07-06T23:08:20.041Z",
        "schema_name": "journal",
        "short_definition": "Diary, Log",
        "headline_expr": "{{description}}",
        "icon_class": "fa fa-book",
        "created": "2015-07-06T23:09:40.020Z",
        "entity_name": "Journal",
        "long_definition": "A record of what happened that you can use for next time.",
        "readable_name": "Journal",
        "example": "Okay rehearsal practice song more, Good meeting but next time have firm agenda"
    },
    "pk": 10
},
{
    "model": "datum.datumtype",
    "fields": {
        "readable_plural_name": "Schedules",
        "active": true,
        "sort": 30100,
        "datum_group": 3,
        "modified": "2015-07-06T23:08:20.041Z",
        "schema_name": "schedule",
        "short_definition": "Collection of Events",
        "headline_expr": "{{name}}",
        "icon_class": "fa fa-calendar-o",
        "created": "2015-07-06T23:09:40.020Z",
        "entity_name": "Schedule",
        "long_definition": "Track multiple events for an object to compare what you planned to do versus what you did.",
        "readable_name": "Schedule",
        "example": "Actual Schedule, Planned Schedule 2, Project Schedule 5"
    },
    "pk": 11
},
{
    "model": "datum.datumtype",
    "fields": {
        "readable_plural_name": "Events",
        "active": true,
        "sort": 30110,
        "datum_group": 3,
        "modified": "2015-07-06T23:08:20.041Z",
        "schema_name": "event",
        "short_definition": "When Something Happens",
        "headline_expr": "{{ending_event}}",
        "icon_class": "fa fa-calendar",
        "created": "2015-07-06T23:09:40.020Z",
        "entity_name": "Event",
        "long_definition": "A meeting, appointment, or any other time-based occurrence.",
        "readable_name": "Event",
        "example": "Next Thursday All Day, May 13 2-3 PM"
    },
    "pk": 12
},
{
    "model": "datum.datumtype",
    "fields": {
        "readable_plural_name": "Reminders",
        "active": true,
        "sort": 30120,
        "datum_group": 3,
        "modified": "2015-07-06T23:08:20.041Z",
        "schema_name": "reminder",
        "short_definition": "Date/Time Alert",
        "headline_expr": "{{alert}}",
        "icon_class": "fa fa-bell-o",
        "created": "2015-07-06T23:09:40.020Z",
        "entity_name": "Reminder",
        "long_definition": "Simple alerts that can be used for short-term alarm or long-term tickler.",
        "readable_name": "Reminder",
        "example": "Every Friday at Noon, July 4 9:30 AM"
    },
    "pk": 13
},
{
    "model": "datum.datumtype",
    "fields": {
        "readable_plural_name": "Notes",
        "active": true,
        "sort": 40100,
        "datum_group": 4,
        "modified": "2015-07-06T23:08:20.041Z",
        "schema_name": "note",
        "short_definition": "Reference",
        "headline_expr": "{{name}}",
        "icon_class": "fa fa-file-text-o",
        "created": "2015-07-06T23:09:40.020Z",
        "entity_name": "Note",
        "long_definition": "A fact or idea to remember.",
        "readable_name": "Note",
        "example": "How to, Saved Quote, Pi = 3.14159"
    },
    "pk": 14
},
{
    "model": "datum.datumtype",
    "fields": {
        "readable_plural_name": "Files",
        "active": true,
        "sort": 40110,
        "datum_group": 4,
        "modified": "2015-07-06T23:08:20.041Z",
        "schema_name": "file",
        "short_definition": "Document",
        "headline_expr": "{{name}}",
        "icon_class": "fa fa-paperclip",
        "created": "2015-07-06T23:09:40.020Z",
        "entity_name": "File",
        "long_definition": "An external attachment or hyperlink to a digitial document.",
        "readable_name": "File",
        "example": "MS Excel Spreadsheet, Image, Movie"
    },
    "pk": 15
},
{
    "model": "datum.datumtype",
    "fields": {
        "readable_plural_name": "Directories",
        "active": true,
        "sort": 40120,
        "datum_group": 4,
        "modified": "2015-07-06T23:08:20.041Z",
        "schema_name": "directory",
        "short_definition": "Collection of Files",
        "headline_expr": "{{name}}",
        "icon_class": "fa fa-folder-open-o",
        "created": "2015-07-06T23:09:40.020Z",
        "entity_name": "Directory",
        "long_definition": "Any container or folder of documents, can be in local or cloud storage.",
        "readable_name": "Directory",
        "example": "Project Folder, My Harddrive"
    },
    "pk": 16
},
{
    "model": "datum.datumtype",
    "fields": {
        "readable_plural_name": "Webpages",
        "active": true,
        "sort": 40130,
        "datum_group": 4,
        "modified": "2015-07-06T23:08:20.041Z",
        "schema_name": "webpage",
        "short_definition": "Single Web Address",
        "headline_expr": "{{name}}",
        "icon_class": "fa fa-link",
        "created": "2015-07-06T23:09:40.020Z",
        "entity_name": "Webpage",
        "long_definition": "A hyperlink to a favorite website. Can be to homepage or specific webpage within site.",
        "readable_name": "Webpage",
        "example": "www.cnn.com, www.example.com/section2/page3"
    },
    "pk": 17
},
{
    "model": "datum.datumtype",
    "fields": {
        "readable_plural_name": "Messages",
        "active": true,
        "sort": 40140,
        "datum_group": 4,
        "modified": "2015-07-06T23:08:20.041Z",
        "schema_name": "message",
        "short_definition": "Communication",
        "headline_expr": "{{name}}",
        "icon_class": "fa fa-comment-o",
        "created": "2015-07-06T23:09:40.020Z",
        "entity_name": "Message",
        "long_definition": "Any electronic message, including emails, texts, and messages through social networking services.",
        "readable_name": "Message",
        "example": "Email from Carl, Facebook Message from Mom"
    },
    "pk": 18
},
{
    "model": "datum.datumtype",
    "fields": {
        "readable_plural_name": "Posts",
        "active": true,
        "sort": 40150,
        "datum_group": 4,
        "modified": "2015-07-06T23:08:20.041Z",
        "schema_name": "post",
        "short_definition": "Article",
        "headline_expr": "{{name}}",
        "icon_class": "fa fa-rss",
        "created": "2015-07-06T23:09:40.020Z",
        "entity_name": "Post",
        "long_definition": "Content from a streaming service provider, such as a blog or social networking post.",
        "readable_name": "Post",
        "example": "Blog Post about Drum Technique, Facebook Post about Nephews"
    },
    "pk": 19
},
{
    "model": "element_type.elementdatatype",
    "fields": {
        "readable_plural_name": "Strings",
        "active": true,
        "sort": 10,
        "created": "2015-07-06T23:09:41.211Z",
        "entity_name": "String",
        "readable_name": "String",
        "example": null,
        "long_definition": "Used for all major text-based elements",
        "schema_name": "string",
        "modified": "2015-07-06T23:08:22.548Z",
        "short_definition": "VarChar(255)"
    },
    "pk": 1
},
{
    "model": "element_type.elementdatatype",
    "fields": {
        "readable_plural_name": "Text Data",
        "active": true,
        "sort": 20,
        "created": "2015-07-06T23:09:41.211Z",
        "entity_name": "TextData",
        "readable_name": "Text Data",
        "example": null,
        "long_definition": "Only used for string-based sub-data types, such as json or html",
        "schema_name": "text_data",
        "modified": "2015-07-06T23:08:22.548Z",
        "short_definition": "Text"
    },
    "pk": 2
},
{
    "model": "element_type.elementdatatype",
    "fields": {
        "readable_plural_name": "Booleans",
        "active": true,
        "sort": 30,
        "created": "2015-07-06T23:09:41.211Z",
        "entity_name": "Boolean",
        "readable_name": "Boolean",
        "example": null,
        "long_definition": null,
        "schema_name": "boolean",
        "modified": "2015-07-06T23:08:22.548Z",
        "short_definition": "Boolean"
    },
    "pk": 3
},
{
    "model": "element_type.elementdatatype",
    "fields": {
        "readable_plural_name": "Datetimes",
        "active": true,
        "sort": 40,
        "created": "2015-07-06T23:09:41.211Z",
        "entity_name": "Datetime",
        "readable_name": "Datetime",
        "example": null,
        "long_definition": null,
        "schema_name": "datetime",
        "modified": "2015-07-06T23:08:22.548Z",
        "short_definition": "Datetime with Timezone"
    },
    "pk": 4
},
{
    "model": "element_type.elementdatatype",
    "fields": {
        "readable_plural_name": "Decimals",
        "active": true,
        "sort": 50,
        "created": "2015-07-06T23:09:41.211Z",
        "entity_name": "Decimal",
        "readable_name": "Decimal",
        "example": null,
        "long_definition": "Use str_expression and UI to manage scale",
        "schema_name": "decimal",
        "modified": "2015-07-06T23:08:22.548Z",
        "short_definition": "Number"
    },
    "pk": 5
},
{
    "model": "element_type.elementdatatype",
    "fields": {
        "readable_plural_name": "Binarys",
        "active": true,
        "sort": 60,
        "created": "2015-07-06T23:09:41.211Z",
        "entity_name": "Binary",
        "readable_name": "Binary",
        "example": null,
        "long_definition": "Used for any attachments and large data",
        "schema_name": "binary",
        "modified": "2015-07-06T23:08:22.548Z",
        "short_definition": "Blob"
    },
    "pk": 6
},
{
    "model": "element_type.elementtype",
    "fields": {
        "readable_plural_name": "Names",
        "active": true,
        "sort": 110,
        "element_view": "ElementText",
        "modified": "2015-07-06T23:08:30.550Z",
        "schema_name": "name",
        "short_definition": null,
        "element_data_type": 1,
        "created": "2015-07-06T23:09:43.747Z",
        "entity_name": "Name",
        "str_expression": "",
        "editable": true,
        "long_definition": "Commonly used for string representation of object.",
        "readable_name": "Name",
        "example": null
    },
    "pk": 1
},
{
    "model": "element_type.elementtype",
    "fields": {
        "readable_plural_name": "Descriptions",
        "active": true,
        "sort": 120,
        "element_view": "ElementText",
        "modified": "2015-07-06T23:08:30.550Z",
        "schema_name": "description",
        "short_definition": null,
        "element_data_type": 1,
        "created": "2015-07-06T23:09:43.747Z",
        "entity_name": "Description",
        "str_expression": "",
        "editable": true,
        "long_definition": null,
        "readable_name": "Description",
        "example": null
    },
    "pk": 2
},
{
    "model": "element_type.elementtype",
    "fields": {
        "readable_plural_name": "First Names",
        "active": true,
        "sort": 130,
        "element_view": "ElementText",
        "modified": "2015-07-06T23:08:30.550Z",
        "schema_name": "first_name",
        "short_definition": null,
        "element_data_type": 1,
        "created": "2015-07-06T23:09:43.747Z",
        "entity_name": "FirstName",
        "str_expression": "",
        "editable": true,
        "long_definition": null,
        "readable_name": "First Name",
        "example": null
    },
    "pk": 3
},
{
    "model": "element_type.elementtype",
    "fields": {
        "readable_plural_name": "Last Names",
        "active": true,
        "sort": 140,
        "element_view": "ElementText",
        "modified": "2015-07-06T23:08:30.550Z",
        "schema_name": "last_name",
        "short_definition": null,
        "element_data_type": 1,
        "created": "2015-07-06T23:09:43.747Z",
        "entity_name": "LastName",
        "str_expression": "",
        "editable": true,
        "long_definition": null,
        "readable_name": "Last Name",
        "example": null
    },
    "pk": 4
},
{
    "model": "element_type.elementtype",
    "fields": {
        "readable_plural_name": "Nicknames",
        "active": true,
        "sort": 150,
        "element_view": "ElementText",
        "modified": "2015-07-06T23:08:30.550Z",
        "schema_name": "nickname",
        "short_definition": null,
        "element_data_type": 1,
        "created": "2015-07-06T23:09:43.747Z",
        "entity_name": "Nickname",
        "str_expression": "",
        "editable": true,
        "long_definition": null,
        "readable_name": "Nickname",
        "example": null
    },
    "pk": 5
},
{
    "model": "element_type.elementtype",
    "fields": {
        "readable_plural_name": "Birthdays",
        "active": true,
        "sort": 160,
        "element_view": "ElementDate",
        "modified": "2015-07-06T23:08:30.550Z",
        "schema_name": "birthday",
        "short_definition": "",
        "element_data_type": 4,
        "created": "2015-07-06T23:09:43.747Z",
        "entity_name": "Birthday",
        "str_expression": "{{ value|date:'F j, Y' }}",
        "editable": true,
        "long_definition": "",
        "readable_name": "Birthday",
        "example": ""
    },
    "pk": 6
},
{
    "model": "element_type.elementtype",
    "fields": {
        "readable_plural_name": "Entity Types",
        "active": true,
        "sort": 170,
        "element_view": "ElementSelect",
        "modified": "2015-07-06T23:08:30.550Z",
        "schema_name": "entity_type",
        "short_definition": "",
        "element_data_type": 1,
        "created": "2015-07-06T23:09:43.747Z",
        "entity_name": "EntityType",
        "str_expression": "",
        "editable": true,
        "long_definition": "Organization types, including business, government, social, etc.",
        "readable_name": "Entity Type",
        "example": ""
    },
    "pk": 7
},
{
    "model": "element_type.elementtype",
    "fields": {
        "readable_plural_name": "Street Addresses",
        "active": true,
        "sort": 180,
        "element_view": "ElementText",
        "modified": "2015-07-06T23:08:30.550Z",
        "schema_name": "street_address",
        "short_definition": null,
        "element_data_type": 1,
        "created": "2015-07-06T23:09:43.747Z",
        "entity_name": "StreetAddress",
        "str_expression": "",
        "editable": true,
        "long_definition": null,
        "readable_name": "Street Address",
        "example": null
    },
    "pk": 8
},
{
    "model": "element_type.elementtype",
    "fields": {
        "readable_plural_name": "Citys",
        "active": true,
        "sort": 190,
        "element_view": "ElementText",
        "modified": "2015-07-06T23:08:30.550Z",
        "schema_name": "city",
        "short_definition": null,
        "element_data_type": 1,
        "created": "2015-07-06T23:09:43.747Z",
        "entity_name": "City",
        "str_expression": "",
        "editable": true,
        "long_definition": null,
        "readable_name": "City",
        "example": null
    },
    "pk": 9
},
{
    "model": "element_type.elementtype",
    "fields": {
        "readable_plural_name": "States",
        "active": true,
        "sort": 200,
        "element_view": "ElementText",
        "modified": "2015-07-06T23:08:30.550Z",
        "schema_name": "state",
        "short_definition": null,
        "element_data_type": 1,
        "created": "2015-07-06T23:09:43.747Z",
        "entity_name": "State",
        "str_expression": "",
        "editable": true,
        "long_definition": null,
        "readable_name": "State",
        "example": null
    },
    "pk": 10
},
{
    "model": "element_type.elementtype",
    "fields": {
        "readable_plural_name": "Zips",
        "active": true,
        "sort": 210,
        "element_view": "ElementText",
        "modified": "2015-07-06T23:08:30.550Z",
        "schema_name": "zip",
        "short_definition": null,
        "element_data_type": 1,
        "created": "2015-07-06T23:09:43.747Z",
        "entity_name": "Zip",
        "str_expression": "",
        "editable": true,
        "long_definition": null,
        "readable_name": "Zip",
        "example": null
    },
    "pk": 11
},
{
    "model": "element_type.elementtype",
    "fields": {
        "readable_plural_name": "Countries",
        "active": true,
        "sort": 220,
        "element_view": "ElementText",
        "modified": "2015-07-06T23:08:30.550Z",
        "schema_name": "country",
        "short_definition": null,
        "element_data_type": 1,
        "created": "2015-07-06T23:09:43.747Z",
        "entity_name": "Country",
        "str_expression": "",
        "editable": true,
        "long_definition": null,
        "readable_name": "Country",
        "example": null
    },
    "pk": 12
},
{
    "model": "element_type.elementtype",
    "fields": {
        "readable_plural_name": "Latitudes",
        "active": true,
        "sort": 230,
        "element_view": "ElementText",
        "modified": "2015-07-06T23:08:30.550Z",
        "schema_name": "latitude",
        "short_definition": "",
        "element_data_type": 5,
        "created": "2015-07-06T23:09:43.747Z",
        "entity_name": "Latitude",
        "str_expression": "{{ value|floatformat:6 }}",
        "editable": true,
        "long_definition": "In decimal degrees",
        "readable_name": "Latitude",
        "example": ""
    },
    "pk": 13
},
{
    "model": "element_type.elementtype",
    "fields": {
        "readable_plural_name": "Longitudes",
        "active": true,
        "sort": 240,
        "element_view": "ElementText",
        "modified": "2015-07-06T23:08:30.550Z",
        "schema_name": "longitude",
        "short_definition": "",
        "element_data_type": 5,
        "created": "2015-07-06T23:09:43.747Z",
        "entity_name": "Longitude",
        "str_expression": "{{ value|floatformat:6 }}",
        "editable": true,
        "long_definition": "In decimal degrees",
        "readable_name": "Longitude",
        "example": ""
    },
    "pk": 14
},
{
    "model": "element_type.elementtype",
    "fields": {
        "readable_plural_name": "Phones",
        "active": true,
        "sort": 250,
        "element_view": "ElementText",
        "modified": "2015-07-06T23:08:30.550Z",
        "schema_name": "phone",
        "short_definition": "",
        "element_data_type": 1,
        "created": "2015-07-06T23:09:43.747Z",
        "entity_name": "Phone",
        "str_expression": "",
        "editable": true,
        "long_definition": "",
        "readable_name": "Phone",
        "example": ""
    },
    "pk": 15
},
{
    "model": "element_type.elementtype",
    "fields": {
        "readable_plural_name": "Emails",
        "active": true,
        "sort": 260,
        "element_view": "ElementText",
        "modified": "2015-07-06T23:08:30.550Z",
        "schema_name": "email",
        "short_definition": "",
        "element_data_type": 1,
        "created": "2015-07-06T23:09:43.747Z",
        "entity_name": "Email",
        "str_expression": "",
        "editable": true,
        "long_definition": "",
        "readable_name": "Email",
        "example": ""
    },
    "pk": 16
},
{
    "model": "element_type.elementtype",
    "fields": {
        "readable_plural_name": "Websites",
        "active": true,
        "sort": 270,
        "element_view": "ElementText",
        "modified": "2015-07-06T23:08:30.550Z",
        "schema_name": "website",
        "short_definition": "",
        "element_data_type": 1,
        "created": "2015-07-06T23:09:43.747Z",
        "entity_name": "Website",
        "str_expression": "",
        "editable": true,
        "long_definition": "",
        "readable_name": "Website",
        "example": ""
    },
    "pk": 17
},
{
    "model": "element_type.elementtype",
    "fields": {
        "readable_plural_name": "Facebook",
        "active": true,
        "sort": 280,
        "element_view": "ElementText",
        "modified": "2015-07-06T23:08:30.550Z",
        "schema_name": "facebook",
        "short_definition": "",
        "element_data_type": 1,
        "created": "2015-07-06T23:09:43.747Z",
        "entity_name": "Facebook",
        "str_expression": "",
        "editable": true,
        "long_definition": "",
        "readable_name": "Facebook",
        "example": ""
    },
    "pk": 18
},
{
    "model": "element_type.elementtype",
    "fields": {
        "readable_plural_name": "LinkedIn",
        "active": true,
        "sort": 290,
        "element_view": "ElementText",
        "modified": "2015-07-06T23:08:30.550Z",
        "schema_name": "linkedin",
        "short_definition": "",
        "element_data_type": 1,
        "created": "2015-07-06T23:09:43.747Z",
        "entity_name": "LinkedIn",
        "str_expression": "",
        "editable": true,
        "long_definition": "",
        "readable_name": "LinkedIn",
        "example": ""
    },
    "pk": 19
},
{
    "model": "element_type.elementtype",
    "fields": {
        "readable_plural_name": "Twitter",
        "active": true,
        "sort": 300,
        "element_view": "ElementText",
        "modified": "2015-07-06T23:08:30.550Z",
        "schema_name": "twitter",
        "short_definition": "",
        "element_data_type": 1,
        "created": "2015-07-06T23:09:43.747Z",
        "entity_name": "Twitter",
        "str_expression": "",
        "editable": true,
        "long_definition": "",
        "readable_name": "Twitter",
        "example": ""
    },
    "pk": 20
},
{
    "model": "element_type.elementtype",
    "fields": {
        "readable_plural_name": "Statuses",
        "active": true,
        "sort": 310,
        "element_view": "ElementSelect",
        "modified": "2015-07-06T23:08:30.550Z",
        "schema_name": "action_status",
        "short_definition": "",
        "element_data_type": 1,
        "created": "2015-07-06T23:09:43.747Z",
        "entity_name": "ActionStatus",
        "str_expression": "",
        "editable": true,
        "long_definition": "",
        "readable_name": "Status",
        "example": ""
    },
    "pk": 21
},
{
    "model": "element_type.elementtype",
    "fields": {
        "readable_plural_name": "Effort",
        "active": true,
        "sort": 320,
        "element_view": "ElementSelect",
        "modified": "2015-07-06T23:08:30.550Z",
        "schema_name": "action_effort",
        "short_definition": "",
        "element_data_type": 5,
        "created": "2015-07-06T23:09:43.747Z",
        "entity_name": "ActionEffort",
        "str_expression": "{{ value|floatformat:0 }}",
        "editable": true,
        "long_definition": "",
        "readable_name": "Effort",
        "example": ""
    },
    "pk": 22
},
{
    "model": "element_type.elementtype",
    "fields": {
        "readable_plural_name": "Schedule Types",
        "active": true,
        "sort": 330,
        "element_view": "ElementSelect",
        "modified": "2015-07-06T23:08:30.550Z",
        "schema_name": "schedule_type",
        "short_definition": "",
        "element_data_type": 1,
        "created": "2015-07-06T23:09:43.747Z",
        "entity_name": "ScheduleType",
        "str_expression": "",
        "editable": true,
        "long_definition": "",
        "readable_name": "Schedule Type",
        "example": ""
    },
    "pk": 23
},
{
    "model": "element_type.elementtype",
    "fields": {
        "readable_plural_name": "Beginning Buffers",
        "active": true,
        "sort": 340,
        "element_view": "ElementDatetime",
        "modified": "2015-07-06T23:08:30.550Z",
        "schema_name": "beginning_buffer",
        "short_definition": "",
        "element_data_type": 4,
        "created": "2015-07-06T23:09:43.747Z",
        "entity_name": "BeginningBuffer",
        "str_expression": "{{ value|date:'F j, Y g:i A'}}",
        "editable": true,
        "long_definition": "",
        "readable_name": "Beginning Buffer",
        "example": ""
    },
    "pk": 24
},
{
    "model": "element_type.elementtype",
    "fields": {
        "readable_plural_name": "Beginning Events",
        "active": true,
        "sort": 350,
        "element_view": "ElementDatetime",
        "modified": "2015-07-06T23:08:30.550Z",
        "schema_name": "beginning_event",
        "short_definition": "",
        "element_data_type": 4,
        "created": "2015-07-06T23:09:43.747Z",
        "entity_name": "BeginningEvent",
        "str_expression": "{{ value|date:'F j, Y g:i A'}}",
        "editable": true,
        "long_definition": "",
        "readable_name": "Beginning Event",
        "example": ""
    },
    "pk": 25
},
{
    "model": "element_type.elementtype",
    "fields": {
        "readable_plural_name": "Ending Events",
        "active": true,
        "sort": 360,
        "element_view": "ElementDatetime",
        "modified": "2015-07-06T23:08:30.550Z",
        "schema_name": "ending_event",
        "short_definition": "",
        "element_data_type": 4,
        "created": "2015-07-06T23:09:43.747Z",
        "entity_name": "EndingEvent",
        "str_expression": "{{ value|date:'F j, Y g:i A'}}",
        "editable": true,
        "long_definition": "",
        "readable_name": "Ending Event",
        "example": ""
    },
    "pk": 26
},
{
    "model": "element_type.elementtype",
    "fields": {
        "readable_plural_name": "Ending Buffers",
        "active": true,
        "sort": 370,
        "element_view": "ElementDatetime",
        "modified": "2015-07-06T23:08:30.550Z",
        "schema_name": "ending_buffer",
        "short_definition": "",
        "element_data_type": 4,
        "created": "2015-07-06T23:09:43.747Z",
        "entity_name": "EndingBuffer",
        "str_expression": "{{ value|date:'F j, Y g:i A'}}",
        "editable": true,
        "long_definition": "",
        "readable_name": "Ending Buffer",
        "example": ""
    },
    "pk": 27
},
{
    "model": "element_type.elementtype",
    "fields": {
        "readable_plural_name": "Event Times",
        "active": true,
        "sort": 380,
        "element_view": "ElementText",
        "modified": "2015-07-06T23:08:30.550Z",
        "schema_name": "event_time",
        "short_definition": "",
        "element_data_type": 5,
        "created": "2015-07-06T23:09:43.747Z",
        "entity_name": "EventTime",
        "str_expression": "{{ value|floatformat:2 }}",
        "editable": true,
        "long_definition": "",
        "readable_name": "Event Time",
        "example": ""
    },
    "pk": 28
},
{
    "model": "element_type.elementtype",
    "fields": {
        "readable_plural_name": "Total Times",
        "active": true,
        "sort": 390,
        "element_view": "ElementText",
        "modified": "2015-07-06T23:08:30.550Z",
        "schema_name": "total_time",
        "short_definition": "",
        "element_data_type": 5,
        "created": "2015-07-06T23:09:43.747Z",
        "entity_name": "TotalTime",
        "str_expression": "{{ value|floatformat:2 }}",
        "editable": true,
        "long_definition": "",
        "readable_name": "Total Time",
        "example": ""
    },
    "pk": 29
},
{
    "model": "element_type.elementtype",
    "fields": {
        "readable_plural_name": "Recurring Optionss",
        "active": true,
        "sort": 400,
        "element_view": "ElementText",
        "modified": "2015-07-06T23:08:30.550Z",
        "schema_name": "recurring_options",
        "short_definition": null,
        "element_data_type": 2,
        "created": "2015-07-06T23:09:43.747Z",
        "entity_name": "RecurringOptions",
        "str_expression": "",
        "editable": true,
        "long_definition": null,
        "readable_name": "Recurring Options",
        "example": null
    },
    "pk": 30
},
{
    "model": "element_type.elementtype",
    "fields": {
        "readable_plural_name": "Alerts",
        "active": true,
        "sort": 410,
        "element_view": "ElementDatetime",
        "modified": "2015-07-06T23:08:30.550Z",
        "schema_name": "alert",
        "short_definition": "",
        "element_data_type": 4,
        "created": "2015-07-06T23:09:43.747Z",
        "entity_name": "Alert",
        "str_expression": "{{ value|date:'F j, Y g:i A'}}",
        "editable": true,
        "long_definition": "",
        "readable_name": "Alert",
        "example": ""
    },
    "pk": 31
},
{
    "model": "element_type.elementtype",
    "fields": {
        "readable_plural_name": "Logged In",
        "active": true,
        "sort": 420,
        "element_view": "ElementText",
        "modified": "2015-07-06T23:08:30.550Z",
        "schema_name": "logged_in",
        "short_definition": "",
        "element_data_type": 3,
        "created": "2015-07-06T23:09:43.747Z",
        "entity_name": "LoggedIn",
        "str_expression": "",
        "editable": true,
        "long_definition": "",
        "readable_name": "Logged In",
        "example": null
    },
    "pk": 32
},
{
    "model": "element_type.elementtype",
    "fields": {
        "readable_plural_name": "Item Statuses",
        "active": true,
        "sort": 430,
        "element_view": "ElementText",
        "modified": "2015-07-06T23:08:30.550Z",
        "schema_name": "item_status",
        "short_definition": null,
        "element_data_type": 1,
        "created": "2015-07-06T23:09:43.747Z",
        "entity_name": "ItemStatus",
        "str_expression": "",
        "editable": true,
        "long_definition": null,
        "readable_name": "Item Status",
        "example": null
    },
    "pk": 33
},
{
    "model": "element_type.elementtype",
    "fields": {
        "readable_plural_name": "Item Contents",
        "active": true,
        "sort": 440,
        "element_view": "ElementText",
        "modified": "2015-07-06T23:08:30.550Z",
        "schema_name": "item_content",
        "short_definition": null,
        "element_data_type": 2,
        "created": "2015-07-06T23:09:43.747Z",
        "entity_name": "ItemContent",
        "str_expression": "",
        "editable": true,
        "long_definition": null,
        "readable_name": "Item Content",
        "example": null
    },
    "pk": 34
},
{
    "model": "element_type.elementtype",
    "fields": {
        "readable_plural_name": "Froms",
        "active": true,
        "sort": 450,
        "element_view": "ElementText",
        "modified": "2015-07-06T23:08:30.550Z",
        "schema_name": "from",
        "short_definition": null,
        "element_data_type": 1,
        "created": "2015-07-06T23:09:43.747Z",
        "entity_name": "From",
        "str_expression": "",
        "editable": true,
        "long_definition": null,
        "readable_name": "From",
        "example": null
    },
    "pk": 35
},
{
    "model": "element_type.elementtype",
    "fields": {
        "readable_plural_name": "Tos",
        "active": true,
        "sort": 460,
        "element_view": "ElementText",
        "modified": "2015-07-06T23:08:30.550Z",
        "schema_name": "to",
        "short_definition": null,
        "element_data_type": 1,
        "created": "2015-07-06T23:09:43.747Z",
        "entity_name": "To",
        "str_expression": "",
        "editable": true,
        "long_definition": null,
        "readable_name": "To",
        "example": null
    },
    "pk": 36
},
{
    "model": "element_type.elementtype",
    "fields": {
        "readable_plural_name": "Links",
        "active": true,
        "sort": 470,
        "element_view": "ElementText",
        "modified": "2015-07-06T23:08:30.550Z",
        "schema_name": "link",
        "short_definition": "URL",
        "element_data_type": 1,
        "created": "2015-07-06T23:09:43.747Z",
        "entity_name": "Link",
        "str_expression": "",
        "editable": true,
        "long_definition": "Any local, network, or www address",
        "readable_name": "Link",
        "example": ""
    },
    "pk": 37
},
{
    "model": "element_type.elementtype",
    "fields": {
        "readable_plural_name": "Attachments",
        "active": true,
        "sort": 480,
        "element_view": "ElementText",
        "modified": "2015-07-06T23:08:30.550Z",
        "schema_name": "attachment",
        "short_definition": "",
        "element_data_type": 1,
        "created": "2015-07-06T23:09:43.747Z",
        "entity_name": "Attachment",
        "str_expression": "",
        "editable": true,
        "long_definition": "File attachment",
        "readable_name": "Attachment",
        "example": ""
    },
    "pk": 38
},
{
    "model": "element_type.elementtype",
    "fields": {
        "readable_plural_name": "Creation Dates",
        "active": true,
        "sort": 490,
        "element_view": "ElementDatetime",
        "modified": "2015-07-06T23:08:30.550Z",
        "schema_name": "creation_date",
        "short_definition": "",
        "element_data_type": 4,
        "created": "2015-07-06T23:09:43.747Z",
        "entity_name": "CreationDate",
        "str_expression": "{{ value|date:'F j, Y g:i A'}}",
        "editable": true,
        "long_definition": "SHOULD THIS BE ROLLED INTO EVENTS?",
        "readable_name": "Creation Date",
        "example": ""
    },
    "pk": 39
},
{
    "model": "element_type.elementtype",
    "fields": {
        "readable_plural_name": "Modification Dates",
        "active": true,
        "sort": 500,
        "element_view": "ElementDatetime",
        "modified": "2015-07-06T23:08:30.550Z",
        "schema_name": "modification_date",
        "short_definition": "",
        "element_data_type": 4,
        "created": "2015-07-06T23:09:43.747Z",
        "entity_name": "ModificationDate",
        "str_expression": "{{ value|date:'F j, Y g:i A'}}",
        "editable": true,
        "long_definition": "SHOULD THIS BE ROLLED INTO EVENTS?",
        "readable_name": "Modification Date",
        "example": ""
    },
    "pk": 40
},
{
    "model": "element_type.elementoption",
    "fields": {
        "readable_plural_name": "Businesses",
        "active": true,
        "sort": 17010,
        "modified": "2015-07-06T23:08:29.013Z",
        "schema_name": "business",
        "short_definition": null,
        "created": "2015-07-06T23:09:43.452Z",
        "entity_name": "Business",
        "element_type": 7,
        "long_definition": null,
        "readable_name": "Business",
        "example": null
    },
    "pk": 1
},
{
    "model": "element_type.elementoption",
    "fields": {
        "readable_plural_name": "Non-Profits",
        "active": true,
        "sort": 17020,
        "modified": "2015-07-06T23:08:29.013Z",
        "schema_name": "non-profit",
        "short_definition": null,
        "created": "2015-07-06T23:09:43.452Z",
        "entity_name": "Non-Profit",
        "element_type": 7,
        "long_definition": null,
        "readable_name": "Non-Profit",
        "example": null
    },
    "pk": 2
},
{
    "model": "element_type.elementoption",
    "fields": {
        "readable_plural_name": "Education",
        "active": true,
        "sort": 17030,
        "modified": "2015-07-06T23:08:29.013Z",
        "schema_name": "education",
        "short_definition": null,
        "created": "2015-07-06T23:09:43.452Z",
        "entity_name": "Education",
        "element_type": 7,
        "long_definition": null,
        "readable_name": "Education",
        "example": null
    },
    "pk": 3
},
{
    "model": "element_type.elementoption",
    "fields": {
        "readable_plural_name": "Food",
        "active": true,
        "sort": 17040,
        "modified": "2015-07-06T23:08:29.013Z",
        "schema_name": "food",
        "short_definition": null,
        "created": "2015-07-06T23:09:43.452Z",
        "entity_name": "Food",
        "element_type": 7,
        "long_definition": null,
        "readable_name": "Food",
        "example": null
    },
    "pk": 4
},
{
    "model": "element_type.elementoption",
    "fields": {
        "readable_plural_name": "Services",
        "active": true,
        "sort": 17050,
        "modified": "2015-07-06T23:08:29.013Z",
        "schema_name": "service",
        "short_definition": null,
        "created": "2015-07-06T23:09:43.452Z",
        "entity_name": "Service",
        "element_type": 7,
        "long_definition": null,
        "readable_name": "Service",
        "example": null
    },
    "pk": 5
},
{
    "model": "element_type.elementoption",
    "fields": {
        "readable_plural_name": "Cultural",
        "active": true,
        "sort": 17060,
        "modified": "2015-07-06T23:08:29.013Z",
        "schema_name": "cultural",
        "short_definition": null,
        "created": "2015-07-06T23:09:43.452Z",
        "entity_name": "Cultural",
        "element_type": 7,
        "long_definition": null,
        "readable_name": "Cultural",
        "example": null
    },
    "pk": 6
},
{
    "model": "element_type.elementoption",
    "fields": {
        "readable_plural_name": "Religious",
        "active": true,
        "sort": 17070,
        "modified": "2015-07-06T23:08:29.013Z",
        "schema_name": "religious",
        "short_definition": null,
        "created": "2015-07-06T23:09:43.452Z",
        "entity_name": "Religious",
        "element_type": 7,
        "long_definition": null,
        "readable_name": "Religious",
        "example": null
    },
    "pk": 7
},
{
    "model": "element_type.elementoption",
    "fields": {
        "readable_plural_name": "Governments",
        "active": true,
        "sort": 17080,
        "modified": "2015-07-06T23:08:29.013Z",
        "schema_name": "government",
        "short_definition": null,
        "created": "2015-07-06T23:09:43.452Z",
        "entity_name": "Government",
        "element_type": 7,
        "long_definition": null,
        "readable_name": "Government",
        "example": null
    },
    "pk": 8
},
{
    "model": "element_type.elementoption",
    "fields": {
        "readable_plural_name": "Social",
        "active": true,
        "sort": 17090,
        "modified": "2015-07-06T23:08:29.013Z",
        "schema_name": "social",
        "short_definition": null,
        "created": "2015-07-06T23:09:43.452Z",
        "entity_name": "Social",
        "element_type": 7,
        "long_definition": null,
        "readable_name": "Social",
        "example": null
    },
    "pk": 9
},
{
    "model": "element_type.elementoption",
    "fields": {
        "readable_plural_name": "New",
        "active": true,
        "sort": 30010,
        "modified": "2015-07-06T23:08:29.013Z",
        "schema_name": "new",
        "short_definition": "Just Created",
        "created": "2015-07-06T23:09:43.452Z",
        "entity_name": "ActionNew",
        "element_type": 21,
        "long_definition": "Action just added to Tracuse that need to be reviewed for reclassification.",
        "readable_name": "New",
        "example": null
    },
    "pk": 10
},
{
    "model": "element_type.elementoption",
    "fields": {
        "readable_plural_name": "Someday",
        "active": true,
        "sort": 30020,
        "modified": "2015-07-06T23:08:29.013Z",
        "schema_name": "someday",
        "short_definition": "Deferred Indefinitely",
        "created": "2015-07-06T23:09:43.452Z",
        "entity_name": "ActionSomeday",
        "element_type": 21,
        "long_definition": "Action that may not complete for years, months, or ever.",
        "readable_name": "Someday",
        "example": null
    },
    "pk": 11
},
{
    "model": "element_type.elementoption",
    "fields": {
        "readable_plural_name": "Upcoming",
        "active": true,
        "sort": 30030,
        "modified": "2015-07-06T23:08:29.013Z",
        "schema_name": "upcoming",
        "short_definition": "On the Horizon",
        "created": "2015-07-06T23:09:43.452Z",
        "entity_name": "ActionUpcoming",
        "element_type": 21,
        "long_definition": "Action that is coming up in the next month or so and needs some basic attention.",
        "readable_name": "Upcoming",
        "example": null
    },
    "pk": 12
},
{
    "model": "element_type.elementoption",
    "fields": {
        "readable_plural_name": "Current",
        "active": true,
        "sort": 30040,
        "modified": "2015-07-06T23:08:29.013Z",
        "schema_name": "current",
        "short_definition": "Active Now",
        "created": "2015-07-06T23:09:43.452Z",
        "entity_name": "ActionCurrent",
        "element_type": 21,
        "long_definition": "Action to be completed immediately.  Highly visible on your lists.",
        "readable_name": "Current",
        "example": null
    },
    "pk": 13
},
{
    "model": "element_type.elementoption",
    "fields": {
        "readable_plural_name": "In Progress",
        "active": true,
        "sort": 30050,
        "modified": "2015-07-06T23:08:29.013Z",
        "schema_name": "in_progress",
        "short_definition": "Being Done",
        "created": "2015-07-06T23:09:43.452Z",
        "entity_name": "ActionInProgress",
        "element_type": 21,
        "long_definition": "Action that has paused after starting. Should be used rarely.",
        "readable_name": "In Progress",
        "example": null
    },
    "pk": 14
},
{
    "model": "element_type.elementoption",
    "fields": {
        "readable_plural_name": "Complete",
        "active": true,
        "sort": 30060,
        "modified": "2015-07-06T23:08:29.013Z",
        "schema_name": "complete",
        "short_definition": "DONE",
        "created": "2015-07-06T23:09:43.452Z",
        "entity_name": "ActionComplete",
        "element_type": 21,
        "long_definition": "Action that has completed.  Way to go!",
        "readable_name": "Complete",
        "example": null
    },
    "pk": 15
},
{
    "model": "element_type.elementoption",
    "fields": {
        "readable_plural_name": "WaitingFor",
        "active": true,
        "sort": 30070,
        "modified": "2015-07-06T23:08:29.013Z",
        "schema_name": "waitingfor",
        "short_definition": "For Someone Else",
        "created": "2015-07-06T23:09:43.452Z",
        "entity_name": "ActionWaitingFor",
        "element_type": 21,
        "long_definition": "Action that has been assigned to someone else, but you want to keep track of it.",
        "readable_name": "WaitingFor",
        "example": null
    },
    "pk": 16
},
{
    "model": "element_type.elementoption",
    "fields": {
        "readable_plural_name": "1",
        "active": true,
        "sort": 32010,
        "modified": "2015-07-06T23:08:29.013Z",
        "schema_name": "1",
        "short_definition": "Very Easy",
        "created": "2015-07-06T23:09:43.452Z",
        "entity_name": "1",
        "element_type": 22,
        "long_definition": null,
        "readable_name": "1",
        "example": null
    },
    "pk": 17
},
{
    "model": "element_type.elementoption",
    "fields": {
        "readable_plural_name": "2",
        "active": true,
        "sort": 32020,
        "modified": "2015-07-06T23:08:29.013Z",
        "schema_name": "2",
        "short_definition": "Easy",
        "created": "2015-07-06T23:09:43.452Z",
        "entity_name": "2",
        "element_type": 22,
        "long_definition": null,
        "readable_name": "2",
        "example": null
    },
    "pk": 18
},
{
    "model": "element_type.elementoption",
    "fields": {
        "readable_plural_name": "3",
        "active": true,
        "sort": 32030,
        "modified": "2015-07-06T23:08:29.013Z",
        "schema_name": "3",
        "short_definition": "Neither Easy or Hard",
        "created": "2015-07-06T23:09:43.452Z",
        "entity_name": "3",
        "element_type": 22,
        "long_definition": null,
        "readable_name": "3",
        "example": null
    },
    "pk": 19
},
{
    "model": "element_type.elementoption",
    "fields": {
        "readable_plural_name": "4",
        "active": true,
        "sort": 32040,
        "modified": "2015-07-06T23:08:29.013Z",
        "schema_name": "4",
        "short_definition": "Hard",
        "created": "2015-07-06T23:09:43.452Z",
        "entity_name": "4",
        "element_type": 22,
        "long_definition": null,
        "readable_name": "4",
        "example": null
    },
    "pk": 20
},
{
    "model": "element_type.elementoption",
    "fields": {
        "readable_plural_name": "5",
        "active": true,
        "sort": 32050,
        "modified": "2015-07-06T23:08:29.013Z",
        "schema_name": "5",
        "short_definition": "Very Hard",
        "created": "2015-07-06T23:09:43.452Z",
        "entity_name": "5",
        "element_type": 22,
        "long_definition": null,
        "readable_name": "5",
        "example": null
    },
    "pk": 21
},
{
    "model": "element_type.elementoption",
    "fields": {
        "readable_plural_name": "Actuals",
        "active": true,
        "sort": 32010,
        "modified": "2015-07-06T23:08:29.013Z",
        "schema_name": "actual",
        "short_definition": "Events Occurred",
        "created": "2015-07-06T23:09:43.452Z",
        "entity_name": "Actual",
        "element_type": 23,
        "long_definition": "Use for any events that actually occur",
        "readable_name": "Actual",
        "example": null
    },
    "pk": 22
},
{
    "model": "element_type.elementoption",
    "fields": {
        "readable_plural_name": "Planneds",
        "active": true,
        "sort": 32020,
        "modified": "2015-07-06T23:08:29.013Z",
        "schema_name": "planned",
        "short_definition": "Events Expected",
        "created": "2015-07-06T23:09:43.452Z",
        "entity_name": "Planned",
        "element_type": 23,
        "long_definition": "Use for any expected events",
        "readable_name": "Planned",
        "example": null
    },
    "pk": 23
},
{
    "model": "element_type.elementoption",
    "fields": {
        "readable_plural_name": "Placeholders",
        "active": true,
        "sort": 40010,
        "modified": "2015-07-06T23:08:29.013Z",
        "schema_name": "placeholder",
        "short_definition": null,
        "created": "2015-07-06T23:09:43.452Z",
        "entity_name": "Placeholder",
        "element_type": 30,
        "long_definition": null,
        "readable_name": "Placeholder",
        "example": null
    },
    "pk": 24
},
{
    "model": "element_type.elementoption",
    "fields": {
        "readable_plural_name": "New",
        "active": true,
        "sort": 42010,
        "modified": "2015-07-06T23:08:29.013Z",
        "schema_name": "new",
        "short_definition": "Just Created",
        "created": "2015-07-06T23:09:43.452Z",
        "entity_name": "ItemNew",
        "element_type": 33,
        "long_definition": "Item just added to Tracuse that need to be reviewed for reclassification.",
        "readable_name": "New",
        "example": null
    },
    "pk": 25
},
{
    "model": "element_type.elementoption",
    "fields": {
        "readable_plural_name": "Start",
        "active": true,
        "sort": 42020,
        "modified": "2015-07-06T23:08:29.013Z",
        "schema_name": "start",
        "short_definition": "Initial Review",
        "created": "2015-07-06T23:09:43.452Z",
        "entity_name": "ItemStart",
        "element_type": 33,
        "long_definition": "Item just begun, may include outlining, research, and other preparation.",
        "readable_name": "Start",
        "example": null
    },
    "pk": 26
},
{
    "model": "element_type.elementoption",
    "fields": {
        "readable_plural_name": "Working",
        "active": true,
        "sort": 42030,
        "modified": "2015-07-06T23:08:29.013Z",
        "schema_name": "working",
        "short_definition": "Main Action",
        "created": "2015-07-06T23:09:43.452Z",
        "entity_name": "ItemWorking",
        "element_type": 33,
        "long_definition": "Primary work on Item. Can be reading, writing, consuming, producing, etc.",
        "readable_name": "Working",
        "example": null
    },
    "pk": 27
},
{
    "model": "element_type.elementoption",
    "fields": {
        "readable_plural_name": "Conclusion",
        "active": true,
        "sort": 42040,
        "modified": "2015-07-06T23:08:29.013Z",
        "schema_name": "conclusion",
        "short_definition": "Almost Complete",
        "created": "2015-07-06T23:09:43.452Z",
        "entity_name": "ItemConclusion",
        "element_type": 33,
        "long_definition": "Item in final stages.  Can be final draft, editing, or other wrap-up actions.",
        "readable_name": "Conclusion",
        "example": null
    },
    "pk": 28
},
{
    "model": "element_type.elementoption",
    "fields": {
        "readable_plural_name": "Complete",
        "active": true,
        "sort": 42050,
        "modified": "2015-07-06T23:08:29.013Z",
        "schema_name": "complete",
        "short_definition": "DONE",
        "created": "2015-07-06T23:09:43.452Z",
        "entity_name": "ItemComplete",
        "element_type": 33,
        "long_definition": "Item that has completed.  Way to go!",
        "readable_name": "Complete",
        "example": null
    },
    "pk": 29
},
{
    "model": "element_type.elementdatumtype",
    "fields": {
        "readable_plural_name": "Categories - Names",
        "active": true,
        "sort": 10100110,
        "modified": "2015-07-06T23:08:25.981Z",
        "datum_type": 1,
        "schema_name": "category_name",
        "short_definition": "",
        "calc_expression": "",
        "created": "2015-07-06T23:09:41.829Z",
        "entity_name": "CategoryName",
        "primary_view": true,
        "element_type": 1,
        "long_definition": "",
        "readable_name": "Category - Name",
        "example": "Home"
    },
    "pk": 1
},
{
    "model": "element_type.elementdatumtype",
    "fields": {
        "readable_plural_name": "Categories - Descriptions",
        "active": true,
        "sort": 10100120,
        "modified": "2015-07-06T23:08:25.981Z",
        "datum_type": 1,
        "schema_name": "category_description",
        "short_definition": null,
        "calc_expression": "",
        "created": "2015-07-06T23:09:41.829Z",
        "entity_name": "CategoryDescription",
        "primary_view": false,
        "element_type": 2,
        "long_definition": null,
        "readable_name": "Category - Description",
        "example": "Where the heart is"
    },
    "pk": 2
},
{
    "model": "element_type.elementdatumtype",
    "fields": {
        "readable_plural_name": "Projects - Names",
        "active": true,
        "sort": 10110110,
        "modified": "2015-07-06T23:08:25.981Z",
        "datum_type": 2,
        "schema_name": "project_name",
        "short_definition": "",
        "calc_expression": "",
        "created": "2015-07-06T23:09:41.829Z",
        "entity_name": "ProjectName",
        "primary_view": true,
        "element_type": 1,
        "long_definition": "",
        "readable_name": "Project - Name",
        "example": "Marketing Initiative"
    },
    "pk": 3
},
{
    "model": "element_type.elementdatumtype",
    "fields": {
        "readable_plural_name": "Projects - Descriptions",
        "active": true,
        "sort": 10110120,
        "modified": "2015-07-06T23:08:25.981Z",
        "datum_type": 2,
        "schema_name": "project_description",
        "short_definition": null,
        "calc_expression": "",
        "created": "2015-07-06T23:09:41.829Z",
        "entity_name": "ProjectDescription",
        "primary_view": false,
        "element_type": 2,
        "long_definition": null,
        "readable_name": "Project - Description",
        "example": "Revamp marketing materials"
    },
    "pk": 4
},
{
    "model": "element_type.elementdatumtype",
    "fields": {
        "readable_plural_name": "Contexts - Names",
        "active": true,
        "sort": 10120110,
        "modified": "2015-07-06T23:08:25.981Z",
        "datum_type": 3,
        "schema_name": "context_name",
        "short_definition": "",
        "calc_expression": "",
        "created": "2015-07-06T23:09:41.829Z",
        "entity_name": "ContextName",
        "primary_view": true,
        "element_type": 1,
        "long_definition": "",
        "readable_name": "Context - Name",
        "example": "Call"
    },
    "pk": 5
},
{
    "model": "element_type.elementdatumtype",
    "fields": {
        "readable_plural_name": "Contexts - Descriptions",
        "active": true,
        "sort": 10120120,
        "modified": "2015-07-06T23:08:25.981Z",
        "datum_type": 3,
        "schema_name": "context_description",
        "short_definition": null,
        "calc_expression": "",
        "created": "2015-07-06T23:09:41.829Z",
        "entity_name": "ContextDescription",
        "primary_view": false,
        "element_type": 2,
        "long_definition": null,
        "readable_name": "Context - Description",
        "example": "Speaking to someone over the phone"
    },
    "pk": 6
},
{
    "model": "element_type.elementdatumtype",
    "fields": {
        "readable_plural_name": "Persons - Names",
        "active": true,
        "sort": 10130110,
        "modified": "2015-07-06T23:08:25.981Z",
        "datum_type": 4,
        "schema_name": "person_name",
        "short_definition": "",
        "calc_expression": "{{ first_name }}{% if last_name %}{{ ' '|add:last_name }}{% endif %}",
        "created": "2015-07-06T23:09:41.829Z",
        "entity_name": "PersonName",
        "primary_view": true,
        "element_type": 1,
        "long_definition": "Default = First Name + Last Name",
        "readable_name": "Person - Name",
        "example": "John Smith"
    },
    "pk": 7
},
{
    "model": "element_type.elementdatumtype",
    "fields": {
        "readable_plural_name": "Persons - Descriptions",
        "active": true,
        "sort": 10130120,
        "modified": "2015-07-06T23:08:25.981Z",
        "datum_type": 4,
        "schema_name": "person_description",
        "short_definition": null,
        "calc_expression": "",
        "created": "2015-07-06T23:09:41.829Z",
        "entity_name": "PersonDescription",
        "primary_view": false,
        "element_type": 2,
        "long_definition": null,
        "readable_name": "Person - Description",
        "example": "My pal John"
    },
    "pk": 8
},
{
    "model": "element_type.elementdatumtype",
    "fields": {
        "readable_plural_name": "Persons - First Names",
        "active": true,
        "sort": 10130130,
        "modified": "2015-07-06T23:08:25.981Z",
        "datum_type": 4,
        "schema_name": "person_first_name",
        "short_definition": "",
        "calc_expression": "{{ name|truncatewords:1 }}",
        "created": "2015-07-06T23:09:41.829Z",
        "entity_name": "PersonFirstName",
        "primary_view": false,
        "element_type": 3,
        "long_definition": "",
        "readable_name": "Person - First Name",
        "example": "John"
    },
    "pk": 9
},
{
    "model": "element_type.elementdatumtype",
    "fields": {
        "readable_plural_name": "Persons - Last Names",
        "active": true,
        "sort": 10130140,
        "modified": "2015-07-06T23:08:25.981Z",
        "datum_type": 4,
        "schema_name": "person_last_name",
        "short_definition": "",
        "calc_expression": "",
        "created": "2015-07-06T23:09:41.829Z",
        "entity_name": "PersonLastName",
        "primary_view": false,
        "element_type": 4,
        "long_definition": "",
        "readable_name": "Person - Last Name",
        "example": "Smith"
    },
    "pk": 10
},
{
    "model": "element_type.elementdatumtype",
    "fields": {
        "readable_plural_name": "Persons - Nicknames",
        "active": true,
        "sort": 10130150,
        "modified": "2015-07-06T23:08:25.981Z",
        "datum_type": 4,
        "schema_name": "person_nickname",
        "short_definition": null,
        "calc_expression": "",
        "created": "2015-07-06T23:09:41.829Z",
        "entity_name": "PersonNickname",
        "primary_view": false,
        "element_type": 5,
        "long_definition": null,
        "readable_name": "Person - Nickname",
        "example": "Johnny Boy"
    },
    "pk": 11
},
{
    "model": "element_type.elementdatumtype",
    "fields": {
        "readable_plural_name": "Persons - Birthdays",
        "active": true,
        "sort": 10130160,
        "modified": "2015-07-06T23:08:25.981Z",
        "datum_type": 4,
        "schema_name": "person_birthday",
        "short_definition": null,
        "calc_expression": "",
        "created": "2015-07-06T23:09:41.829Z",
        "entity_name": "PersonBirthday",
        "primary_view": false,
        "element_type": 6,
        "long_definition": null,
        "readable_name": "Person - Birthday",
        "example": "1/1/2001"
    },
    "pk": 12
},
{
    "model": "element_type.elementdatumtype",
    "fields": {
        "readable_plural_name": "Entities - Names",
        "active": true,
        "sort": 10140110,
        "modified": "2015-07-06T23:08:25.981Z",
        "datum_type": 5,
        "schema_name": "entity_name",
        "short_definition": "",
        "calc_expression": "",
        "created": "2015-07-06T23:09:41.829Z",
        "entity_name": "EntityName",
        "primary_view": true,
        "element_type": 1,
        "long_definition": "",
        "readable_name": "Entity - Name",
        "example": "Joe's Auto Shop"
    },
    "pk": 13
},
{
    "model": "element_type.elementdatumtype",
    "fields": {
        "readable_plural_name": "Entities - Descriptions",
        "active": true,
        "sort": 10140120,
        "modified": "2015-07-06T23:08:25.981Z",
        "datum_type": 5,
        "schema_name": "entity_description",
        "short_definition": null,
        "calc_expression": "",
        "created": "2015-07-06T23:09:41.829Z",
        "entity_name": "EntityDescription",
        "primary_view": false,
        "element_type": 2,
        "long_definition": null,
        "readable_name": "Entity - Description",
        "example": "Where I take my car"
    },
    "pk": 14
},
{
    "model": "element_type.elementdatumtype",
    "fields": {
        "readable_plural_name": "Entities - Entity Types",
        "active": true,
        "sort": 10140170,
        "modified": "2015-07-06T23:08:25.981Z",
        "datum_type": 5,
        "schema_name": "entity_entity_type",
        "short_definition": null,
        "calc_expression": "",
        "created": "2015-07-06T23:09:41.829Z",
        "entity_name": "EntityEntityType",
        "primary_view": false,
        "element_type": 7,
        "long_definition": null,
        "readable_name": "Entity - Entity Type",
        "example": "Business"
    },
    "pk": 15
},
{
    "model": "element_type.elementdatumtype",
    "fields": {
        "readable_plural_name": "Locations - Names",
        "active": true,
        "sort": 10150110,
        "modified": "2015-07-06T23:08:25.981Z",
        "datum_type": 6,
        "schema_name": "location_name",
        "short_definition": "",
        "calc_expression": "",
        "created": "2015-07-06T23:09:41.829Z",
        "entity_name": "LocationName",
        "primary_view": true,
        "element_type": 1,
        "long_definition": "Default = Person/Entity Name + *** + Location",
        "readable_name": "Location - Name",
        "example": "Joe's Auto Shop Main Address"
    },
    "pk": 16
},
{
    "model": "element_type.elementdatumtype",
    "fields": {
        "readable_plural_name": "Locations - Descriptions",
        "active": true,
        "sort": 10150120,
        "modified": "2015-07-06T23:08:25.981Z",
        "datum_type": 6,
        "schema_name": "location_description",
        "short_definition": null,
        "calc_expression": "",
        "created": "2015-07-06T23:09:41.829Z",
        "entity_name": "LocationDescription",
        "primary_view": false,
        "element_type": 2,
        "long_definition": null,
        "readable_name": "Location - Description",
        "example": "Next to the convenience store"
    },
    "pk": 17
},
{
    "model": "element_type.elementdatumtype",
    "fields": {
        "readable_plural_name": "Locations - Street Addresses",
        "active": true,
        "sort": 10150180,
        "modified": "2015-07-06T23:08:25.981Z",
        "datum_type": 6,
        "schema_name": "location_street_address",
        "short_definition": null,
        "calc_expression": "",
        "created": "2015-07-06T23:09:41.829Z",
        "entity_name": "LocationStreetAddress",
        "primary_view": false,
        "element_type": 8,
        "long_definition": null,
        "readable_name": "Location - Street Address",
        "example": "123 Main St"
    },
    "pk": 18
},
{
    "model": "element_type.elementdatumtype",
    "fields": {
        "readable_plural_name": "Locations - Citys",
        "active": true,
        "sort": 10150190,
        "modified": "2015-07-06T23:08:25.981Z",
        "datum_type": 6,
        "schema_name": "location_city",
        "short_definition": null,
        "calc_expression": "",
        "created": "2015-07-06T23:09:41.829Z",
        "entity_name": "LocationCity",
        "primary_view": false,
        "element_type": 9,
        "long_definition": null,
        "readable_name": "Location - City",
        "example": "Portland"
    },
    "pk": 19
},
{
    "model": "element_type.elementdatumtype",
    "fields": {
        "readable_plural_name": "Locations - States",
        "active": true,
        "sort": 10150200,
        "modified": "2015-07-06T23:08:25.981Z",
        "datum_type": 6,
        "schema_name": "location_state",
        "short_definition": null,
        "calc_expression": "",
        "created": "2015-07-06T23:09:41.829Z",
        "entity_name": "LocationState",
        "primary_view": false,
        "element_type": 10,
        "long_definition": null,
        "readable_name": "Location - State",
        "example": "OR"
    },
    "pk": 20
},
{
    "model": "element_type.elementdatumtype",
    "fields": {
        "readable_plural_name": "Locations - Zips",
        "active": true,
        "sort": 10150210,
        "modified": "2015-07-06T23:08:25.981Z",
        "datum_type": 6,
        "schema_name": "location_zip",
        "short_definition": null,
        "calc_expression": "",
        "created": "2015-07-06T23:09:41.829Z",
        "entity_name": "LocationZip",
        "primary_view": false,
        "element_type": 11,
        "long_definition": null,
        "readable_name": "Location - Zip",
        "example": "97209"
    },
    "pk": 21
},
{
    "model": "element_type.elementdatumtype",
    "fields": {
        "readable_plural_name": "Locations - Countries",
        "active": true,
        "sort": 10150220,
        "modified": "2015-07-06T23:08:25.981Z",
        "datum_type": 6,
        "schema_name": "location_country",
        "short_definition": null,
        "calc_expression": "",
        "created": "2015-07-06T23:09:41.829Z",
        "entity_name": "LocationCountry",
        "primary_view": false,
        "element_type": 12,
        "long_definition": null,
        "readable_name": "Location - Country",
        "example": "USA"
    },
    "pk": 22
},
{
    "model": "element_type.elementdatumtype",
    "fields": {
        "readable_plural_name": "Locations - Latitudes",
        "active": true,
        "sort": 10150230,
        "modified": "2015-07-06T23:08:25.981Z",
        "datum_type": 6,
        "schema_name": "location_latitude",
        "short_definition": null,
        "calc_expression": "",
        "created": "2015-07-06T23:09:41.829Z",
        "entity_name": "LocationLatitude",
        "primary_view": false,
        "element_type": 13,
        "long_definition": null,
        "readable_name": "Location - Latitude",
        "example": "45.515586"
    },
    "pk": 23
},
{
    "model": "element_type.elementdatumtype",
    "fields": {
        "readable_plural_name": "Locations - Longitudes",
        "active": true,
        "sort": 10150240,
        "modified": "2015-07-06T23:08:25.981Z",
        "datum_type": 6,
        "schema_name": "location_longitude",
        "short_definition": null,
        "calc_expression": "",
        "created": "2015-07-06T23:09:41.829Z",
        "entity_name": "LocationLongitude",
        "primary_view": false,
        "element_type": 14,
        "long_definition": null,
        "readable_name": "Location - Longitude",
        "example": "-122.692291"
    },
    "pk": 24
},
{
    "model": "element_type.elementdatumtype",
    "fields": {
        "readable_plural_name": "Contacts - Names",
        "active": true,
        "sort": 10160110,
        "modified": "2015-07-06T23:08:25.981Z",
        "datum_type": 7,
        "schema_name": "contact_name",
        "short_definition": "",
        "calc_expression": "",
        "created": "2015-07-06T23:09:41.829Z",
        "entity_name": "ContactName",
        "primary_view": true,
        "element_type": 1,
        "long_definition": "Default = Person/Entity Name + *** + Contact",
        "readable_name": "Contact - Name",
        "example": "Joe's Auto Shop Main Contact"
    },
    "pk": 25
},
{
    "model": "element_type.elementdatumtype",
    "fields": {
        "readable_plural_name": "Contacts - Descriptions",
        "active": true,
        "sort": 10160120,
        "modified": "2015-07-06T23:08:25.981Z",
        "datum_type": 7,
        "schema_name": "contact_description",
        "short_definition": null,
        "calc_expression": "",
        "created": "2015-07-06T23:09:41.829Z",
        "entity_name": "ContactDescription",
        "primary_view": false,
        "element_type": 2,
        "long_definition": null,
        "readable_name": "Contact - Description",
        "example": null
    },
    "pk": 26
},
{
    "model": "element_type.elementdatumtype",
    "fields": {
        "readable_plural_name": "Contacts - Phones",
        "active": true,
        "sort": 10160250,
        "modified": "2015-07-06T23:08:25.981Z",
        "datum_type": 7,
        "schema_name": "contact_phone",
        "short_definition": null,
        "calc_expression": "",
        "created": "2015-07-06T23:09:41.829Z",
        "entity_name": "ContactPhone",
        "primary_view": false,
        "element_type": 15,
        "long_definition": null,
        "readable_name": "Contact - Phone",
        "example": "(503) 555-1234"
    },
    "pk": 27
},
{
    "model": "element_type.elementdatumtype",
    "fields": {
        "readable_plural_name": "Contacts - Emails",
        "active": true,
        "sort": 10160260,
        "modified": "2015-07-06T23:08:25.981Z",
        "datum_type": 7,
        "schema_name": "contact_email",
        "short_definition": null,
        "calc_expression": "",
        "created": "2015-07-06T23:09:41.829Z",
        "entity_name": "ContactEmail",
        "primary_view": false,
        "element_type": 16,
        "long_definition": null,
        "readable_name": "Contact - Email",
        "example": "joe@joesautoshop.com"
    },
    "pk": 28
},
{
    "model": "element_type.elementdatumtype",
    "fields": {
        "readable_plural_name": "Contacts - Websites",
        "active": true,
        "sort": 10160270,
        "modified": "2015-07-06T23:08:25.981Z",
        "datum_type": 7,
        "schema_name": "contact_website",
        "short_definition": null,
        "calc_expression": "",
        "created": "2015-07-06T23:09:41.829Z",
        "entity_name": "ContactWebsite",
        "primary_view": false,
        "element_type": 17,
        "long_definition": null,
        "readable_name": "Contact - Website",
        "example": "http://www.joesautoshop.com"
    },
    "pk": 29
},
{
    "model": "element_type.elementdatumtype",
    "fields": {
        "readable_plural_name": "Contacts - Facebook",
        "active": true,
        "sort": 10160280,
        "modified": "2015-07-06T23:08:25.981Z",
        "datum_type": 7,
        "schema_name": "contact_facebook",
        "short_definition": null,
        "calc_expression": "",
        "created": "2015-07-06T23:09:41.829Z",
        "entity_name": "ContactFacebook",
        "primary_view": false,
        "element_type": 18,
        "long_definition": null,
        "readable_name": "Contact - Facebook",
        "example": "https://www.facebook.com/joesautoshop"
    },
    "pk": 30
},
{
    "model": "element_type.elementdatumtype",
    "fields": {
        "readable_plural_name": "Contacts - LinkedIn",
        "active": true,
        "sort": 10160290,
        "modified": "2015-07-06T23:08:25.981Z",
        "datum_type": 7,
        "schema_name": "contact_linkedin",
        "short_definition": null,
        "calc_expression": "",
        "created": "2015-07-06T23:09:41.829Z",
        "entity_name": "ContactLinkedIn",
        "primary_view": false,
        "element_type": 19,
        "long_definition": null,
        "readable_name": "Contact - LinkedIn",
        "example": "https://www.linkedin.com/in/joesautoshop"
    },
    "pk": 31
},
{
    "model": "element_type.elementdatumtype",
    "fields": {
        "readable_plural_name": "Contacts - Twitter",
        "active": true,
        "sort": 10160300,
        "modified": "2015-07-06T23:08:25.981Z",
        "datum_type": 7,
        "schema_name": "contact_twitter",
        "short_definition": null,
        "calc_expression": "",
        "created": "2015-07-06T23:09:41.829Z",
        "entity_name": "ContactTwitter",
        "primary_view": false,
        "element_type": 20,
        "long_definition": null,
        "readable_name": "Contact - Twitter",
        "example": "@joesautoshop"
    },
    "pk": 32
},
{
    "model": "element_type.elementdatumtype",
    "fields": {
        "readable_plural_name": "Actions - Descriptions",
        "active": true,
        "sort": 20100120,
        "modified": "2015-07-06T23:08:25.981Z",
        "datum_type": 8,
        "schema_name": "action_description",
        "short_definition": "",
        "calc_expression": "",
        "created": "2015-07-06T23:09:41.829Z",
        "entity_name": "ActionDescription",
        "primary_view": true,
        "element_type": 2,
        "long_definition": "",
        "readable_name": "Action - Description",
        "example": "Go to the gym"
    },
    "pk": 33
},
{
    "model": "element_type.elementdatumtype",
    "fields": {
        "readable_plural_name": "Actions - Action Statuses",
        "active": true,
        "sort": 20100310,
        "modified": "2015-07-06T23:08:25.981Z",
        "datum_type": 8,
        "schema_name": "action_action_status",
        "short_definition": "",
        "calc_expression": "",
        "created": "2015-07-06T23:09:41.829Z",
        "entity_name": "ActionActionStatus",
        "primary_view": true,
        "element_type": 21,
        "long_definition": "",
        "readable_name": "Action - Action Status",
        "example": "Current"
    },
    "pk": 34
},
{
    "model": "element_type.elementdatumtype",
    "fields": {
        "readable_plural_name": "Actions - Action Efforts",
        "active": true,
        "sort": 20100320,
        "modified": "2015-07-06T23:08:25.981Z",
        "datum_type": 8,
        "schema_name": "action_action_effort",
        "short_definition": "",
        "calc_expression": "",
        "created": "2015-07-06T23:09:41.829Z",
        "entity_name": "ActionActionEffort",
        "primary_view": true,
        "element_type": 22,
        "long_definition": "",
        "readable_name": "Action - Action Effort",
        "example": "5"
    },
    "pk": 35
},
{
    "model": "element_type.elementdatumtype",
    "fields": {
        "readable_plural_name": "Principles - Descriptions",
        "active": true,
        "sort": 20110120,
        "modified": "2015-07-06T23:08:25.981Z",
        "datum_type": 9,
        "schema_name": "principle_description",
        "short_definition": "",
        "calc_expression": "",
        "created": "2015-07-06T23:09:41.829Z",
        "entity_name": "PrincipleDescription",
        "primary_view": true,
        "element_type": 2,
        "long_definition": "",
        "readable_name": "Principle - Description",
        "example": "So I can be fit and healthy"
    },
    "pk": 36
},
{
    "model": "element_type.elementdatumtype",
    "fields": {
        "readable_plural_name": "Journals - Descriptions",
        "active": true,
        "sort": 20120120,
        "modified": "2015-07-06T23:08:25.981Z",
        "datum_type": 10,
        "schema_name": "journal_description",
        "short_definition": "",
        "calc_expression": "",
        "created": "2015-07-06T23:09:41.829Z",
        "entity_name": "JournalDescription",
        "primary_view": true,
        "element_type": 2,
        "long_definition": "",
        "readable_name": "Journal - Description",
        "example": "Need to watch my bench press form"
    },
    "pk": 37
},
{
    "model": "element_type.elementdatumtype",
    "fields": {
        "readable_plural_name": "Schedules - Names",
        "active": true,
        "sort": 30100110,
        "modified": "2015-07-06T23:08:25.981Z",
        "datum_type": 11,
        "schema_name": "schedule_name",
        "short_definition": "",
        "calc_expression": "",
        "created": "2015-07-06T23:09:41.829Z",
        "entity_name": "ScheduleName",
        "primary_view": true,
        "element_type": 1,
        "long_definition": "",
        "readable_name": "Schedule - Name",
        "example": "Actual Schedule"
    },
    "pk": 38
},
{
    "model": "element_type.elementdatumtype",
    "fields": {
        "readable_plural_name": "Schedules - Schedule Types",
        "active": true,
        "sort": 30100330,
        "modified": "2015-07-06T23:08:25.981Z",
        "datum_type": 11,
        "schema_name": "schedule_schedule_type",
        "short_definition": null,
        "calc_expression": "",
        "created": "2015-07-06T23:09:41.829Z",
        "entity_name": "ScheduleScheduleType",
        "primary_view": false,
        "element_type": 23,
        "long_definition": null,
        "readable_name": "Schedule - Schedule Type",
        "example": "Actual"
    },
    "pk": 39
},
{
    "model": "element_type.elementdatumtype",
    "fields": {
        "readable_plural_name": "Events - Beginning Buffers",
        "active": true,
        "sort": 30110340,
        "modified": "2015-07-06T23:08:25.981Z",
        "datum_type": 12,
        "schema_name": "event_beginning_buffer",
        "short_definition": null,
        "calc_expression": "",
        "created": "2015-07-06T23:09:41.829Z",
        "entity_name": "EventBeginningBuffer",
        "primary_view": false,
        "element_type": 24,
        "long_definition": null,
        "readable_name": "Event - Beginning Buffer",
        "example": "3/4/2015 1:00:00 PM"
    },
    "pk": 40
},
{
    "model": "element_type.elementdatumtype",
    "fields": {
        "readable_plural_name": "Events - Beginning Events",
        "active": true,
        "sort": 30110350,
        "modified": "2015-07-06T23:08:25.981Z",
        "datum_type": 12,
        "schema_name": "event_beginning_event",
        "short_definition": "",
        "calc_expression": "",
        "created": "2015-07-06T23:09:41.829Z",
        "entity_name": "EventBeginningEvent",
        "primary_view": true,
        "element_type": 25,
        "long_definition": "",
        "readable_name": "Event - Beginning Event",
        "example": "3/4/2015 1:30:00 PM"
    },
    "pk": 41
},
{
    "model": "element_type.elementdatumtype",
    "fields": {
        "readable_plural_name": "Events - Ending Events",
        "active": true,
        "sort": 30110360,
        "modified": "2015-07-06T23:08:25.981Z",
        "datum_type": 12,
        "schema_name": "event_ending_event",
        "short_definition": "",
        "calc_expression": "",
        "created": "2015-07-06T23:09:41.829Z",
        "entity_name": "EventEndingEvent",
        "primary_view": true,
        "element_type": 26,
        "long_definition": "",
        "readable_name": "Event - Ending Event",
        "example": "3/4/2015 2:30:00 PM"
    },
    "pk": 42
},
{
    "model": "element_type.elementdatumtype",
    "fields": {
        "readable_plural_name": "Events - Ending Buffers",
        "active": true,
        "sort": 30110370,
        "modified": "2015-07-06T23:08:25.981Z",
        "datum_type": 12,
        "schema_name": "event_ending_buffer",
        "short_definition": null,
        "calc_expression": "",
        "created": "2015-07-06T23:09:41.829Z",
        "entity_name": "EventEndingBuffer",
        "primary_view": false,
        "element_type": 27,
        "long_definition": null,
        "readable_name": "Event - Ending Buffer",
        "example": "3/4/2015 3:00:00 PM"
    },
    "pk": 43
},
{
    "model": "element_type.elementdatumtype",
    "fields": {
        "readable_plural_name": "Events - Event Times",
        "active": true,
        "sort": 30110380,
        "modified": "2015-07-06T23:08:25.981Z",
        "datum_type": 12,
        "schema_name": "event_event_time",
        "short_definition": null,
        "calc_expression": "",
        "created": "2015-07-06T23:09:41.829Z",
        "entity_name": "EventEventTime",
        "primary_view": false,
        "element_type": 28,
        "long_definition": null,
        "readable_name": "Event - Event Time",
        "example": "2"
    },
    "pk": 44
},
{
    "model": "element_type.elementdatumtype",
    "fields": {
        "readable_plural_name": "Events - Total Times",
        "active": true,
        "sort": 30110390,
        "modified": "2015-07-06T23:08:25.981Z",
        "datum_type": 12,
        "schema_name": "event_total_time",
        "short_definition": null,
        "calc_expression": "",
        "created": "2015-07-06T23:09:41.829Z",
        "entity_name": "EventTotalTime",
        "primary_view": false,
        "element_type": 29,
        "long_definition": null,
        "readable_name": "Event - Total Time",
        "example": "1"
    },
    "pk": 45
},
{
    "model": "element_type.elementdatumtype",
    "fields": {
        "readable_plural_name": "Events - Recurring Optionss",
        "active": true,
        "sort": 30110400,
        "modified": "2015-07-06T23:08:25.981Z",
        "datum_type": 12,
        "schema_name": "event_recurring_options",
        "short_definition": null,
        "calc_expression": "",
        "created": "2015-07-06T23:09:41.829Z",
        "entity_name": "EventRecurringOptions",
        "primary_view": false,
        "element_type": 30,
        "long_definition": null,
        "readable_name": "Event - Recurring Options",
        "example": null
    },
    "pk": 46
},
{
    "model": "element_type.elementdatumtype",
    "fields": {
        "readable_plural_name": "Reminders - Recurring Optionss",
        "active": true,
        "sort": 30120400,
        "modified": "2015-07-06T23:08:25.981Z",
        "datum_type": 13,
        "schema_name": "reminder_recurring_options",
        "short_definition": null,
        "calc_expression": "",
        "created": "2015-07-06T23:09:41.829Z",
        "entity_name": "ReminderRecurringOptions",
        "primary_view": false,
        "element_type": 30,
        "long_definition": null,
        "readable_name": "Reminder - Recurring Options",
        "example": null
    },
    "pk": 47
},
{
    "model": "element_type.elementdatumtype",
    "fields": {
        "readable_plural_name": "Reminders - Alerts",
        "active": true,
        "sort": 30120410,
        "modified": "2015-07-06T23:08:25.981Z",
        "datum_type": 13,
        "schema_name": "reminder_alert",
        "short_definition": null,
        "calc_expression": "",
        "created": "2015-07-06T23:09:41.829Z",
        "entity_name": "ReminderAlert",
        "primary_view": false,
        "element_type": 31,
        "long_definition": null,
        "readable_name": "Reminder - Alert",
        "example": "5/13/2015 2:30:00 PM"
    },
    "pk": 48
},
{
    "model": "element_type.elementdatumtype",
    "fields": {
        "readable_plural_name": "Reminders - Logged In",
        "active": true,
        "sort": 30120420,
        "modified": "2015-07-06T23:08:25.981Z",
        "datum_type": 13,
        "schema_name": "reminder_logged_in",
        "short_definition": null,
        "calc_expression": "",
        "created": "2015-07-06T23:09:41.829Z",
        "entity_name": "ReminderLoggedIn",
        "primary_view": false,
        "element_type": 32,
        "long_definition": null,
        "readable_name": "Reminder - Logged In",
        "example": "0"
    },
    "pk": 49
},
{
    "model": "element_type.elementdatumtype",
    "fields": {
        "readable_plural_name": "Notes - Names",
        "active": true,
        "sort": 40100110,
        "modified": "2015-07-06T23:08:25.981Z",
        "datum_type": 14,
        "schema_name": "note_name",
        "short_definition": "",
        "calc_expression": "",
        "created": "2015-07-06T23:09:41.829Z",
        "entity_name": "NoteName",
        "primary_view": true,
        "element_type": 1,
        "long_definition": "",
        "readable_name": "Note - Name",
        "example": "How to fix a flat tire"
    },
    "pk": 50
},
{
    "model": "element_type.elementdatumtype",
    "fields": {
        "readable_plural_name": "Notes - Item Statuses",
        "active": true,
        "sort": 40100430,
        "modified": "2015-07-06T23:08:25.981Z",
        "datum_type": 14,
        "schema_name": "note_item_status",
        "short_definition": null,
        "calc_expression": "",
        "created": "2015-07-06T23:09:41.829Z",
        "entity_name": "NoteItemStatus",
        "primary_view": false,
        "element_type": 33,
        "long_definition": null,
        "readable_name": "Note - Item Status",
        "example": "ItemComplete"
    },
    "pk": 51
},
{
    "model": "element_type.elementdatumtype",
    "fields": {
        "readable_plural_name": "Notes - Item Contents",
        "active": true,
        "sort": 40100440,
        "modified": "2015-07-06T23:08:25.981Z",
        "datum_type": 14,
        "schema_name": "note_item_content",
        "short_definition": null,
        "calc_expression": "",
        "created": "2015-07-06T23:09:41.829Z",
        "entity_name": "NoteItemContent",
        "primary_view": false,
        "element_type": 34,
        "long_definition": null,
        "readable_name": "Note - Item Content",
        "example": "<h1>Fix a flat tire</h1><br><p>Step 1</p>"
    },
    "pk": 52
},
{
    "model": "element_type.elementdatumtype",
    "fields": {
        "readable_plural_name": "Notes - Links",
        "active": true,
        "sort": 40100470,
        "modified": "2015-07-06T23:08:25.981Z",
        "datum_type": 14,
        "schema_name": "note_link",
        "short_definition": null,
        "calc_expression": "",
        "created": "2015-07-06T23:09:41.829Z",
        "entity_name": "NoteLink",
        "primary_view": false,
        "element_type": 37,
        "long_definition": null,
        "readable_name": "Note - Link",
        "example": null
    },
    "pk": 53
},
{
    "model": "element_type.elementdatumtype",
    "fields": {
        "readable_plural_name": "Files - Names",
        "active": true,
        "sort": 40110110,
        "modified": "2015-07-06T23:08:25.981Z",
        "datum_type": 15,
        "schema_name": "file_name",
        "short_definition": "",
        "calc_expression": "",
        "created": "2015-07-06T23:09:41.829Z",
        "entity_name": "FileName",
        "primary_view": true,
        "element_type": 1,
        "long_definition": "",
        "readable_name": "File - Name",
        "example": ""
    },
    "pk": 54
},
{
    "model": "element_type.elementdatumtype",
    "fields": {
        "readable_plural_name": "Files - Descriptions",
        "active": true,
        "sort": 40110120,
        "modified": "2015-07-06T23:08:25.981Z",
        "datum_type": 15,
        "schema_name": "file_description",
        "short_definition": null,
        "calc_expression": "",
        "created": "2015-07-06T23:09:41.829Z",
        "entity_name": "FileDescription",
        "primary_view": false,
        "element_type": 2,
        "long_definition": null,
        "readable_name": "File - Description",
        "example": null
    },
    "pk": 55
},
{
    "model": "element_type.elementdatumtype",
    "fields": {
        "readable_plural_name": "Files - Item Statuses",
        "active": true,
        "sort": 40110430,
        "modified": "2015-07-06T23:08:25.981Z",
        "datum_type": 15,
        "schema_name": "file_item_status",
        "short_definition": null,
        "calc_expression": "",
        "created": "2015-07-06T23:09:41.829Z",
        "entity_name": "FileItemStatus",
        "primary_view": false,
        "element_type": 33,
        "long_definition": null,
        "readable_name": "File - Item Status",
        "example": "ItemStart"
    },
    "pk": 56
},
{
    "model": "element_type.elementdatumtype",
    "fields": {
        "readable_plural_name": "Files - Links",
        "active": true,
        "sort": 40110470,
        "modified": "2015-07-06T23:08:25.981Z",
        "datum_type": 15,
        "schema_name": "file_link",
        "short_definition": "",
        "calc_expression": "",
        "created": "2015-07-06T23:09:41.829Z",
        "entity_name": "FileLink",
        "primary_view": true,
        "element_type": 37,
        "long_definition": "",
        "readable_name": "File - Link",
        "example": ""
    },
    "pk": 57
},
{
    "model": "element_type.elementdatumtype",
    "fields": {
        "readable_plural_name": "Files - Attachments",
        "active": true,
        "sort": 40110480,
        "modified": "2015-07-06T23:08:25.981Z",
        "datum_type": 15,
        "schema_name": "file_attachment",
        "short_definition": "",
        "calc_expression": "",
        "created": "2015-07-06T23:09:41.829Z",
        "entity_name": "FileAttachment",
        "primary_view": false,
        "element_type": 38,
        "long_definition": "",
        "readable_name": "File - Attachment",
        "example": ""
    },
    "pk": 58
},
{
    "model": "element_type.elementdatumtype",
    "fields": {
        "readable_plural_name": "Files - Creation Dates",
        "active": true,
        "sort": 40110490,
        "modified": "2015-07-06T23:08:25.981Z",
        "datum_type": 15,
        "schema_name": "file_creation_date",
        "short_definition": null,
        "calc_expression": "",
        "created": "2015-07-06T23:09:41.829Z",
        "entity_name": "FileCreationDate",
        "primary_view": false,
        "element_type": 39,
        "long_definition": null,
        "readable_name": "File - Creation Date",
        "example": null
    },
    "pk": 59
},
{
    "model": "element_type.elementdatumtype",
    "fields": {
        "readable_plural_name": "Files - Modification Dates",
        "active": true,
        "sort": 40110500,
        "modified": "2015-07-06T23:08:25.981Z",
        "datum_type": 15,
        "schema_name": "file_modification_date",
        "short_definition": null,
        "calc_expression": "",
        "created": "2015-07-06T23:09:41.829Z",
        "entity_name": "FileModificationDate",
        "primary_view": false,
        "element_type": 40,
        "long_definition": null,
        "readable_name": "File - Modification Date",
        "example": null
    },
    "pk": 60
},
{
    "model": "element_type.elementdatumtype",
    "fields": {
        "readable_plural_name": "Directories - Names",
        "active": true,
        "sort": 40120110,
        "modified": "2015-07-06T23:08:25.981Z",
        "datum_type": 16,
        "schema_name": "directory_name",
        "short_definition": "",
        "calc_expression": "",
        "created": "2015-07-06T23:09:41.829Z",
        "entity_name": "DirectoryName",
        "primary_view": true,
        "element_type": 1,
        "long_definition": "",
        "readable_name": "Directory - Name",
        "example": ""
    },
    "pk": 61
},
{
    "model": "element_type.elementdatumtype",
    "fields": {
        "readable_plural_name": "Directories - Descriptions",
        "active": true,
        "sort": 40120120,
        "modified": "2015-07-06T23:08:25.981Z",
        "datum_type": 16,
        "schema_name": "directory_description",
        "short_definition": null,
        "calc_expression": "",
        "created": "2015-07-06T23:09:41.829Z",
        "entity_name": "DirectoryDescription",
        "primary_view": false,
        "element_type": 2,
        "long_definition": null,
        "readable_name": "Directory - Description",
        "example": null
    },
    "pk": 62
},
{
    "model": "element_type.elementdatumtype",
    "fields": {
        "readable_plural_name": "Directories - Item Statuses",
        "active": true,
        "sort": 40120430,
        "modified": "2015-07-06T23:08:25.981Z",
        "datum_type": 16,
        "schema_name": "directory_item_status",
        "short_definition": null,
        "calc_expression": "",
        "created": "2015-07-06T23:09:41.829Z",
        "entity_name": "DirectoryItemStatus",
        "primary_view": false,
        "element_type": 33,
        "long_definition": null,
        "readable_name": "Directory - Item Status",
        "example": "ItemComplete"
    },
    "pk": 63
},
{
    "model": "element_type.elementdatumtype",
    "fields": {
        "readable_plural_name": "Directories - Links",
        "active": true,
        "sort": 40120470,
        "modified": "2015-07-06T23:08:25.981Z",
        "datum_type": 16,
        "schema_name": "directory_link",
        "short_definition": "",
        "calc_expression": "",
        "created": "2015-07-06T23:09:41.829Z",
        "entity_name": "DirectoryLink",
        "primary_view": true,
        "element_type": 37,
        "long_definition": "",
        "readable_name": "Directory - Link",
        "example": ""
    },
    "pk": 64
},
{
    "model": "element_type.elementdatumtype",
    "fields": {
        "readable_plural_name": "Directories - Creation Dates",
        "active": true,
        "sort": 40120490,
        "modified": "2015-07-06T23:08:25.981Z",
        "datum_type": 16,
        "schema_name": "directory_creation_date",
        "short_definition": null,
        "calc_expression": "",
        "created": "2015-07-06T23:09:41.829Z",
        "entity_name": "DirectoryCreationDate",
        "primary_view": false,
        "element_type": 39,
        "long_definition": null,
        "readable_name": "Directory - Creation Date",
        "example": null
    },
    "pk": 65
},
{
    "model": "element_type.elementdatumtype",
    "fields": {
        "readable_plural_name": "Directories - Modification Dates",
        "active": true,
        "sort": 40120500,
        "modified": "2015-07-06T23:08:25.981Z",
        "datum_type": 16,
        "schema_name": "directory_modification_date",
        "short_definition": null,
        "calc_expression": "",
        "created": "2015-07-06T23:09:41.829Z",
        "entity_name": "DirectoryModificationDate",
        "primary_view": false,
        "element_type": 40,
        "long_definition": null,
        "readable_name": "Directory - Modification Date",
        "example": null
    },
    "pk": 66
},
{
    "model": "element_type.elementdatumtype",
    "fields": {
        "readable_plural_name": "Webpages - Names",
        "active": true,
        "sort": 40130110,
        "modified": "2015-07-06T23:08:25.981Z",
        "datum_type": 17,
        "schema_name": "webpage_name",
        "short_definition": "",
        "calc_expression": "",
        "created": "2015-07-06T23:09:41.829Z",
        "entity_name": "WebpageName",
        "primary_view": true,
        "element_type": 1,
        "long_definition": "",
        "readable_name": "Webpage - Name",
        "example": ""
    },
    "pk": 67
},
{
    "model": "element_type.elementdatumtype",
    "fields": {
        "readable_plural_name": "Webpages - Descriptions",
        "active": true,
        "sort": 40130120,
        "modified": "2015-07-06T23:08:25.981Z",
        "datum_type": 17,
        "schema_name": "webpage_description",
        "short_definition": null,
        "calc_expression": "",
        "created": "2015-07-06T23:09:41.829Z",
        "entity_name": "WebpageDescription",
        "primary_view": false,
        "element_type": 2,
        "long_definition": null,
        "readable_name": "Webpage - Description",
        "example": null
    },
    "pk": 68
},
{
    "model": "element_type.elementdatumtype",
    "fields": {
        "readable_plural_name": "Webpages - Item Statuses",
        "active": true,
        "sort": 40130430,
        "modified": "2015-07-06T23:08:25.981Z",
        "datum_type": 17,
        "schema_name": "webpage_item_status",
        "short_definition": null,
        "calc_expression": "",
        "created": "2015-07-06T23:09:41.829Z",
        "entity_name": "WebpageItemStatus",
        "primary_view": false,
        "element_type": 33,
        "long_definition": null,
        "readable_name": "Webpage - Item Status",
        "example": "ItemNew"
    },
    "pk": 69
},
{
    "model": "element_type.elementdatumtype",
    "fields": {
        "readable_plural_name": "Webpages - Links",
        "active": true,
        "sort": 40130470,
        "modified": "2015-07-06T23:08:25.981Z",
        "datum_type": 17,
        "schema_name": "webpage_link",
        "short_definition": "",
        "calc_expression": "",
        "created": "2015-07-06T23:09:41.829Z",
        "entity_name": "WebpageLink",
        "primary_view": true,
        "element_type": 37,
        "long_definition": "",
        "readable_name": "Webpage - Link",
        "example": ""
    },
    "pk": 70
},
{
    "model": "element_type.elementdatumtype",
    "fields": {
        "readable_plural_name": "Messages - Names",
        "active": true,
        "sort": 40140110,
        "modified": "2015-07-06T23:08:25.981Z",
        "datum_type": 18,
        "schema_name": "message_name",
        "short_definition": null,
        "calc_expression": "",
        "created": "2015-07-06T23:09:41.829Z",
        "entity_name": "MessageName",
        "primary_view": false,
        "element_type": 1,
        "long_definition": null,
        "readable_name": "Message - Name",
        "example": null
    },
    "pk": 71
},
{
    "model": "element_type.elementdatumtype",
    "fields": {
        "readable_plural_name": "Messages - Item Contents",
        "active": true,
        "sort": 40140440,
        "modified": "2015-07-06T23:08:25.981Z",
        "datum_type": 18,
        "schema_name": "message_item_content",
        "short_definition": null,
        "calc_expression": "",
        "created": "2015-07-06T23:09:41.829Z",
        "entity_name": "MessageItemContent",
        "primary_view": false,
        "element_type": 34,
        "long_definition": null,
        "readable_name": "Message - Item Content",
        "example": null
    },
    "pk": 72
},
{
    "model": "element_type.elementdatumtype",
    "fields": {
        "readable_plural_name": "Messages - Froms",
        "active": true,
        "sort": 40140450,
        "modified": "2015-07-06T23:08:25.981Z",
        "datum_type": 18,
        "schema_name": "message_from",
        "short_definition": "",
        "calc_expression": "",
        "created": "2015-07-06T23:09:41.829Z",
        "entity_name": "MessageFrom",
        "primary_view": true,
        "element_type": 35,
        "long_definition": "",
        "readable_name": "Message - From",
        "example": ""
    },
    "pk": 73
},
{
    "model": "element_type.elementdatumtype",
    "fields": {
        "readable_plural_name": "Messages - Tos",
        "active": true,
        "sort": 40140460,
        "modified": "2015-07-06T23:08:25.981Z",
        "datum_type": 18,
        "schema_name": "message_to",
        "short_definition": "",
        "calc_expression": "",
        "created": "2015-07-06T23:09:41.829Z",
        "entity_name": "MessageTo",
        "primary_view": true,
        "element_type": 36,
        "long_definition": "",
        "readable_name": "Message - To",
        "example": ""
    },
    "pk": 74
},
{
    "model": "element_type.elementdatumtype",
    "fields": {
        "readable_plural_name": "Messages - Creation Dates",
        "active": true,
        "sort": 40140490,
        "modified": "2015-07-06T23:08:25.981Z",
        "datum_type": 18,
        "schema_name": "message_creation_date",
        "short_definition": null,
        "calc_expression": "",
        "created": "2015-07-06T23:09:41.829Z",
        "entity_name": "MessageCreationDate",
        "primary_view": false,
        "element_type": 39,
        "long_definition": null,
        "readable_name": "Message - Creation Date",
        "example": null
    },
    "pk": 75
},
{
    "model": "element_type.elementdatumtype",
    "fields": {
        "readable_plural_name": "Posts - Names",
        "active": true,
        "sort": 40150110,
        "modified": "2015-07-06T23:08:25.981Z",
        "datum_type": 19,
        "schema_name": "post_name",
        "short_definition": "",
        "calc_expression": "",
        "created": "2015-07-06T23:09:41.829Z",
        "entity_name": "PostName",
        "primary_view": true,
        "element_type": 1,
        "long_definition": "",
        "readable_name": "Post - Name",
        "example": ""
    },
    "pk": 76
},
{
    "model": "element_type.elementdatumtype",
    "fields": {
        "readable_plural_name": "Posts - Descriptions",
        "active": true,
        "sort": 40150120,
        "modified": "2015-07-06T23:08:25.981Z",
        "datum_type": 19,
        "schema_name": "post_description",
        "short_definition": null,
        "calc_expression": "",
        "created": "2015-07-06T23:09:41.829Z",
        "entity_name": "PostDescription",
        "primary_view": false,
        "element_type": 2,
        "long_definition": null,
        "readable_name": "Post - Description",
        "example": null
    },
    "pk": 77
},
{
    "model": "element_type.elementdatumtype",
    "fields": {
        "readable_plural_name": "Posts - Item Statuses",
        "active": true,
        "sort": 40150430,
        "modified": "2015-07-06T23:08:25.981Z",
        "datum_type": 19,
        "schema_name": "post_item_status",
        "short_definition": null,
        "calc_expression": "",
        "created": "2015-07-06T23:09:41.829Z",
        "entity_name": "PostItemStatus",
        "primary_view": false,
        "element_type": 33,
        "long_definition": null,
        "readable_name": "Post - Item Status",
        "example": null
    },
    "pk": 78
},
{
    "model": "element_type.elementdatumtype",
    "fields": {
        "readable_plural_name": "Posts - Item Contents",
        "active": true,
        "sort": 40150440,
        "modified": "2015-07-06T23:08:25.981Z",
        "datum_type": 19,
        "schema_name": "post_item_content",
        "short_definition": null,
        "calc_expression": "",
        "created": "2015-07-06T23:09:41.829Z",
        "entity_name": "PostItemContent",
        "primary_view": false,
        "element_type": 34,
        "long_definition": null,
        "readable_name": "Post - Item Content",
        "example": null
    },
    "pk": 79
},
{
    "model": "element_type.elementdatumtype",
    "fields": {
        "readable_plural_name": "Posts - Links",
        "active": true,
        "sort": 40150470,
        "modified": "2015-07-06T23:08:25.981Z",
        "datum_type": 19,
        "schema_name": "post_link",
        "short_definition": "",
        "calc_expression": "",
        "created": "2015-07-06T23:09:41.829Z",
        "entity_name": "PostLink",
        "primary_view": true,
        "element_type": 37,
        "long_definition": "",
        "readable_name": "Post - Link",
        "example": ""
    },
    "pk": 80
},
{
    "model": "element_type.elementdatumtype",
    "fields": {
        "readable_plural_name": "Posts - Creation Dates",
        "active": true,
        "sort": 40150490,
        "modified": "2015-07-06T23:08:25.981Z",
        "datum_type": 19,
        "schema_name": "post_creation_date",
        "short_definition": null,
        "calc_expression": "",
        "created": "2015-07-06T23:09:41.829Z",
        "entity_name": "PostCreationDate",
        "primary_view": false,
        "element_type": 39,
        "long_definition": null,
        "readable_name": "Post - Creation Date",
        "example": null
    },
    "pk": 81
},
{
    "model": "element_type.elementdatumtype",
    "fields": {
        "readable_plural_name": "Messages - Item Statuses",
        "active": true,
        "sort": 40140430,
        "modified": "2015-07-06T23:08:25.981Z",
        "datum_type": 18,
        "schema_name": "message_item_status",
        "short_definition": null,
        "calc_expression": "",
        "created": "2015-07-06T23:09:41.829Z",
        "entity_name": "MessageItemStatus",
        "primary_view": false,
        "element_type": 33,
        "long_definition": null,
        "readable_name": "Message - Item Status",
        "example": null
    },
    "pk": 83
},
{
    "model": "element_type.elementoperator",
    "fields": {
        "readable_plural_name": "equals",
        "active": true,
        "sort": 1010,
        "default_operator": true,
        "modified": "2015-07-29T03:31:14Z",
        "schema_name": "equals",
        "short_definition": null,
        "element_data_type": 1,
        "created": "2015-07-29T03:31:14Z",
        "entity_name": "iexact",
        "long_definition": null,
        "readable_name": "equals",
        "example": null
    },
    "pk": 3
},
{
    "model": "element_type.elementoperator",
    "fields": {
        "readable_plural_name": "contains",
        "active": true,
        "sort": 1020,
        "default_operator": false,
        "modified": "2015-07-29T03:31:14Z",
        "schema_name": "contains",
        "short_definition": null,
        "element_data_type": 1,
        "created": "2015-07-29T03:31:14Z",
        "entity_name": "icontains",
        "long_definition": null,
        "readable_name": "contains",
        "example": null
    },
    "pk": 4
},
{
    "model": "element_type.elementoperator",
    "fields": {
        "readable_plural_name": "starts with",
        "active": true,
        "sort": 1030,
        "default_operator": false,
        "modified": "2015-07-29T03:31:14Z",
        "schema_name": "starts_with",
        "short_definition": null,
        "element_data_type": 1,
        "created": "2015-07-29T03:31:14Z",
        "entity_name": "istartswith",
        "long_definition": null,
        "readable_name": "starts with",
        "example": null
    },
    "pk": 5
},
{
    "model": "element_type.elementoperator",
    "fields": {
        "readable_plural_name": "starts with",
        "active": true,
        "sort": 1040,
        "default_operator": false,
        "modified": "2015-07-29T03:31:14Z",
        "schema_name": "starts_with",
        "short_definition": null,
        "element_data_type": 1,
        "created": "2015-07-29T03:31:14Z",
        "entity_name": "iendswith",
        "long_definition": null,
        "readable_name": "starts with",
        "example": null
    },
    "pk": 6
},
{
    "model": "element_type.elementoperator",
    "fields": {
        "readable_plural_name": "equals",
        "active": true,
        "sort": 2010,
        "default_operator": true,
        "modified": "2015-07-29T03:31:14Z",
        "schema_name": "equals",
        "short_definition": null,
        "element_data_type": 2,
        "created": "2015-07-29T03:31:14Z",
        "entity_name": "iexact",
        "long_definition": null,
        "readable_name": "equals",
        "example": null
    },
    "pk": 7
},
{
    "model": "element_type.elementoperator",
    "fields": {
        "readable_plural_name": "contains",
        "active": true,
        "sort": 2020,
        "default_operator": false,
        "modified": "2015-07-29T03:31:14Z",
        "schema_name": "contains",
        "short_definition": null,
        "element_data_type": 2,
        "created": "2015-07-29T03:31:14Z",
        "entity_name": "icontains",
        "long_definition": null,
        "readable_name": "contains",
        "example": null
    },
    "pk": 8
},
{
    "model": "element_type.elementoperator",
    "fields": {
        "readable_plural_name": "starts with",
        "active": true,
        "sort": 2030,
        "default_operator": false,
        "modified": "2015-07-29T03:31:14Z",
        "schema_name": "starts_with",
        "short_definition": null,
        "element_data_type": 2,
        "created": "2015-07-29T03:31:14Z",
        "entity_name": "istartswith",
        "long_definition": null,
        "readable_name": "starts with",
        "example": null
    },
    "pk": 9
},
{
    "model": "element_type.elementoperator",
    "fields": {
        "readable_plural_name": "starts with",
        "active": true,
        "sort": 2040,
        "default_operator": false,
        "modified": "2015-07-29T03:31:14Z",
        "schema_name": "starts_with",
        "short_definition": null,
        "element_data_type": 2,
        "created": "2015-07-29T03:31:14Z",
        "entity_name": "iendswith",
        "long_definition": null,
        "readable_name": "starts with",
        "example": null
    },
    "pk": 10
},
{
    "model": "element_type.elementoperator",
    "fields": {
        "readable_plural_name": "equals",
        "active": true,
        "sort": 3010,
        "default_operator": true,
        "modified": "2015-07-29T03:31:14Z",
        "schema_name": "equals",
        "short_definition": null,
        "element_data_type": 3,
        "created": "2015-07-29T03:31:14Z",
        "entity_name": "exact",
        "long_definition": null,
        "readable_name": "equals",
        "example": null
    },
    "pk": 11
},
{
    "model": "element_type.elementoperator",
    "fields": {
        "readable_plural_name": "equals",
        "active": true,
        "sort": 4010,
        "default_operator": true,
        "modified": "2015-07-29T03:31:14Z",
        "schema_name": "equals",
        "short_definition": null,
        "element_data_type": 4,
        "created": "2015-07-29T03:31:14Z",
        "entity_name": "exact",
        "long_definition": null,
        "readable_name": "equals",
        "example": null
    },
    "pk": 12
},
{
    "model": "element_type.elementoperator",
    "fields": {
        "readable_plural_name": "greater than",
        "active": true,
        "sort": 4020,
        "default_operator": false,
        "modified": "2015-07-29T03:31:14Z",
        "schema_name": "greater_than",
        "short_definition": null,
        "element_data_type": 4,
        "created": "2015-07-29T03:31:14Z",
        "entity_name": "gt",
        "long_definition": null,
        "readable_name": "greater than",
        "example": null
    },
    "pk": 13
},
{
    "model": "element_type.elementoperator",
    "fields": {
        "readable_plural_name": "greater or equal to ",
        "active": true,
        "sort": 4030,
        "default_operator": false,
        "modified": "2015-07-29T03:31:14Z",
        "schema_name": "greater or equal to ",
        "short_definition": null,
        "element_data_type": 4,
        "created": "2015-07-29T03:31:14Z",
        "entity_name": "gte",
        "long_definition": null,
        "readable_name": "greater or equal to ",
        "example": null
    },
    "pk": 14
},
{
    "model": "element_type.elementoperator",
    "fields": {
        "readable_plural_name": "less than",
        "active": true,
        "sort": 4040,
        "default_operator": false,
        "modified": "2015-07-29T03:31:14Z",
        "schema_name": "less_than",
        "short_definition": null,
        "element_data_type": 4,
        "created": "2015-07-29T03:31:14Z",
        "entity_name": "lt",
        "long_definition": null,
        "readable_name": "less than",
        "example": null
    },
    "pk": 15
},
{
    "model": "element_type.elementoperator",
    "fields": {
        "readable_plural_name": "less or equal to",
        "active": true,
        "sort": 4050,
        "default_operator": false,
        "modified": "2015-07-29T03:31:14Z",
        "schema_name": "less or equal to",
        "short_definition": null,
        "element_data_type": 4,
        "created": "2015-07-29T03:31:14Z",
        "entity_name": "lte",
        "long_definition": null,
        "readable_name": "less or equal to",
        "example": null
    },
    "pk": 16
},
{
    "model": "element_type.elementoperator",
    "fields": {
        "readable_plural_name": "year",
        "active": true,
        "sort": 4060,
        "default_operator": false,
        "modified": "2015-07-29T03:31:14Z",
        "schema_name": "year",
        "short_definition": null,
        "element_data_type": 4,
        "created": "2015-07-29T03:31:14Z",
        "entity_name": "year",
        "long_definition": null,
        "readable_name": "year",
        "example": null
    },
    "pk": 17
},
{
    "model": "element_type.elementoperator",
    "fields": {
        "readable_plural_name": "month",
        "active": true,
        "sort": 4070,
        "default_operator": false,
        "modified": "2015-07-29T03:31:14Z",
        "schema_name": "month",
        "short_definition": null,
        "element_data_type": 4,
        "created": "2015-07-29T03:31:14Z",
        "entity_name": "month",
        "long_definition": null,
        "readable_name": "month",
        "example": null
    },
    "pk": 18
},
{
    "model": "element_type.elementoperator",
    "fields": {
        "readable_plural_name": "day",
        "active": true,
        "sort": 4080,
        "default_operator": false,
        "modified": "2015-07-29T03:31:14Z",
        "schema_name": "day",
        "short_definition": null,
        "element_data_type": 4,
        "created": "2015-07-29T03:31:14Z",
        "entity_name": "day",
        "long_definition": null,
        "readable_name": "day",
        "example": null
    },
    "pk": 19
},
{
    "model": "element_type.elementoperator",
    "fields": {
        "readable_plural_name": "weekday",
        "active": true,
        "sort": 4090,
        "default_operator": false,
        "modified": "2015-07-29T03:31:14Z",
        "schema_name": "weekday",
        "short_definition": null,
        "element_data_type": 4,
        "created": "2015-07-29T03:31:14Z",
        "entity_name": "week_day",
        "long_definition": null,
        "readable_name": "weekday",
        "example": null
    },
    "pk": 20
},
{
    "model": "element_type.elementoperator",
    "fields": {
        "readable_plural_name": "hour",
        "active": true,
        "sort": 4091,
        "default_operator": false,
        "modified": "2015-07-29T03:31:14Z",
        "schema_name": "hour",
        "short_definition": null,
        "element_data_type": 4,
        "created": "2015-07-29T03:31:14Z",
        "entity_name": "hour",
        "long_definition": null,
        "readable_name": "hour",
        "example": null
    },
    "pk": 21
},
{
    "model": "element_type.elementoperator",
    "fields": {
        "readable_plural_name": "minute",
        "active": true,
        "sort": 4092,
        "default_operator": false,
        "modified": "2015-07-29T03:31:14Z",
        "schema_name": "minute",
        "short_definition": null,
        "element_data_type": 4,
        "created": "2015-07-29T03:31:14Z",
        "entity_name": "minute",
        "long_definition": null,
        "readable_name": "minute",
        "example": null
    },
    "pk": 22
},
{
    "model": "element_type.elementoperator",
    "fields": {
        "readable_plural_name": "equals",
        "active": true,
        "sort": 5010,
        "default_operator": true,
        "modified": "2015-07-29T03:31:14Z",
        "schema_name": "equals",
        "short_definition": null,
        "element_data_type": 5,
        "created": "2015-07-29T03:31:14Z",
        "entity_name": "exact",
        "long_definition": null,
        "readable_name": "equals",
        "example": null
    },
    "pk": 23
},
{
    "model": "element_type.elementoperator",
    "fields": {
        "readable_plural_name": "greater than",
        "active": true,
        "sort": 5020,
        "default_operator": false,
        "modified": "2015-07-29T03:31:14Z",
        "schema_name": "greater_than",
        "short_definition": null,
        "element_data_type": 5,
        "created": "2015-07-29T03:31:14Z",
        "entity_name": "gt",
        "long_definition": null,
        "readable_name": "greater than",
        "example": null
    },
    "pk": 24
},
{
    "model": "element_type.elementoperator",
    "fields": {
        "readable_plural_name": "greater or equal to ",
        "active": true,
        "sort": 5030,
        "default_operator": false,
        "modified": "2015-07-29T03:31:14Z",
        "schema_name": "greater or equal to ",
        "short_definition": null,
        "element_data_type": 5,
        "created": "2015-07-29T03:31:14Z",
        "entity_name": "gte",
        "long_definition": null,
        "readable_name": "greater or equal to ",
        "example": null
    },
    "pk": 25
},
{
    "model": "element_type.elementoperator",
    "fields": {
        "readable_plural_name": "less than",
        "active": true,
        "sort": 5040,
        "default_operator": false,
        "modified": "2015-07-29T03:31:14Z",
        "schema_name": "less_than",
        "short_definition": null,
        "element_data_type": 5,
        "created": "2015-07-29T03:31:14Z",
        "entity_name": "lt",
        "long_definition": null,
        "readable_name": "less than",
        "example": null
    },
    "pk": 26
},
{
    "model": "element_type.elementoperator",
    "fields": {
        "readable_plural_name": "less or equal to",
        "active": true,
        "sort": 5050,
        "default_operator": false,
        "modified": "2015-07-29T03:31:14Z",
        "schema_name": "less or equal to",
        "short_definition": null,
        "element_data_type": 5,
        "created": "2015-07-29T03:31:14Z",
        "entity_name": "lte",
        "long_definition": null,
        "readable_name": "less or equal to",
        "example": null
    },
    "pk": 27
},
{
    "model": "association.associationtype",
    "fields": {
        "readable_plural_name": "Defaults",
        "active": true,
        "sort": 100,
        "created": "2015-07-06T23:09:37.969Z",
        "entity_name": "Default",
        "readable_name": "Default",
        "example": null,
        "long_definition": null,
        "schema_name": "default",
        "modified": "2015-07-06T23:08:14.749Z",
        "short_definition": "Default Association"
    },
    "pk": 1
},
{
    "model": "association.associationdirection",
    "fields": {
        "readable_plural_name": "Parents",
        "active": true,
        "sort": 100,
        "created": "2015-07-06T23:09:37.610Z",
        "entity_name": "Parent",
        "readable_name": "Parent",
        "example": null,
        "long_definition": null,
        "schema_name": "parent",
        "modified": "2015-07-06T23:08:12.942Z",
        "short_definition": "Ancestors"
    },
    "pk": -1
},
{
    "model": "association.associationdirection",
    "fields": {
        "readable_plural_name": "Boths",
        "active": true,
        "sort": 101,
        "created": "2015-07-06T23:09:37.610Z",
        "entity_name": "Both",
        "readable_name": "Both",
        "example": null,
        "long_definition": null,
        "schema_name": "both",
        "modified": "2015-07-06T23:08:12.942Z",
        "short_definition": "Both Directions"
    },
    "pk": 0
},
{
    "model": "association.associationdirection",
    "fields": {
        "readable_plural_name": "Children",
        "active": true,
        "sort": 120,
        "created": "2015-07-06T23:09:37.610Z",
        "entity_name": "Child",
        "readable_name": "Child",
        "example": null,
        "long_definition": null,
        "schema_name": "child",
        "modified": "2015-07-06T23:08:12.942Z",
        "short_definition": "Descendants"
    },
    "pk": 1
},
{
    "model": "viewuse.viewuseobject",
    "fields": {
        "active": true,
        "title": "Current Actions",
        "sort": 100,
        "created": "2015-07-28T20:43:15.044Z",
        "viewuse_arrangement": 1,
        "datum_filter": "{\"FilterRuleGroup\": [], \"FilterRuleUser\": [], \"FilterRuleType\": [], \"FilterRuleElement\": [], \"FilterRuleAssociation\": [], \"FilterRuleDataType\": []}",
        "description": "",
        "modified": "2015-07-28T20:56:06.153Z",
        "user": null
    },
    "pk": 1
},
{
    "model": "viewuse.viewuseobject",
    "fields": {
        "active": true,
        "title": "Upcoming Actions",
        "sort": 101,
        "created": "2015-07-28T20:44:46.538Z",
        "viewuse_arrangement": 1,
        "datum_filter": "{\"FilterRuleElement\": [], \"FilterRuleDataType\": [], \"FilterRuleGroup\": [], \"FilterRuleAssociation\": [], \"FilterRuleUser\": [], \"FilterRuleType\": [{\"conditional\": \"OR\", \"datum_type_id\": 8}]}",
        "description": "",
        "modified": "2015-07-29T03:42:52.691Z",
        "user": null
    },
    "pk": 2
},
{
    "model": "viewuse.viewusearrangement",
    "fields": {
        "readable_plural_name": "Tile",
        "active": true,
        "sort": 100,
        "created": "2015-07-28T20:38:14.603Z",
        "entity_name": "ViewuseTile",
        "readable_name": "Tile",
        "example": "",
        "long_definition": "Uses CSS flexbox",
        "schema_name": "viewuse_tile",
        "modified": "2015-07-28T21:46:46.271Z",
        "short_definition": "Objects in tiled boxes"
    },
    "pk": 1
},
{
    "model": "windowuse.windowuseobject",
    "fields": {
        "active": true,
        "title": "Work Actions",
        "sort": 100,
        "created": "2015-07-28T20:45:06.300Z",
        "datum_filter": "{\"FilterRuleGroup\": [], \"FilterRuleUser\": [], \"FilterRuleType\": [], \"FilterRuleElement\": [], \"FilterRuleAssociation\": [], \"FilterRuleDataType\": []}",
        "description": "",
        "modified": "2015-07-28T20:56:16.396Z",
        "user": null
    },
    "pk": 1
},
{
    "model": "windowuse.windowuseviewuse",
    "fields": {
        "active": true,
        "sort": 100,
        "windowuse_object": 1,
        "created": "2015-07-28T20:45:06.304Z",
        "modified": "2015-07-28T20:45:06.326Z",
        "viewuse_object": 1
    },
    "pk": 1
},
{
    "model": "windowuse.windowuseviewuse",
    "fields": {
        "active": true,
        "sort": 101,
        "windowuse_object": 1,
        "created": "2015-07-28T20:45:16.784Z",
        "modified": "2015-07-28T20:45:16.800Z",
        "viewuse_object": 2
    },
    "pk": 2
}
]
