[
  {
    "fields": {
      "username": "test",
      "last_login": null,
      "last_name": "",
      "user_permissions": [],
      "is_superuser": true,
      "date_joined": "2015-05-11T04:35:19.994Z",
      "first_name": "",
      "is_staff": true,
      "password": "pbkdf2_sha256$20000$KSGPM8dI4sjp$uzvKwlUpzWgfhzo38MONpOerrKedHWgYQ5GsNXaGSD4=",
      "groups": [],
      "email": "test@test.com",
      "is_active": true
    },
    "pk": 1,
    "model": "auth.user"
  },
  {
    "fields": {
      "readable_name": "Area",
      "sort": 10,
      "entity_name": "Area",
      "long_definition": null,
      "schema_name": "area",
      "short_definition": null,
      "readable_plural_name": "Areas",
      "active": true
    },
    "pk": 1,
    "model": "datum.datumgroup"
  },
  {
    "fields": {
      "readable_name": "Activity",
      "sort": 20,
      "entity_name": "Activity",
      "long_definition": null,
      "schema_name": "activity",
      "short_definition": null,
      "readable_plural_name": "Activities",
      "active": true
    },
    "pk": 2,
    "model": "datum.datumgroup"
  },
  {
    "fields": {
      "readable_name": "Time",
      "sort": 30,
      "entity_name": "Time",
      "long_definition": null,
      "schema_name": "time",
      "short_definition": null,
      "readable_plural_name": "Times",
      "active": true
    },
    "pk": 3,
    "model": "datum.datumgroup"
  },
  {
    "fields": {
      "readable_name": "Item",
      "sort": 40,
      "entity_name": "Item",
      "long_definition": null,
      "schema_name": "item",
      "short_definition": null,
      "readable_plural_name": "Items",
      "active": true
    },
    "pk": 4,
    "model": "datum.datumgroup"
  },
  {
    "fields": {
      "readable_name": "Category",
      "sort": 10100,
      "entity_name": "Category",
      "repr_expression": "{{name}}",
      "long_definition": null,
      "datum_group": 1,
      "schema_name": "category",
      "short_definition": null,
      "readable_plural_name": "Categories",
      "active": true
    },
    "pk": 1,
    "model": "datum.datumtype"
  },
  {
    "fields": {
      "readable_name": "Project",
      "sort": 10110,
      "entity_name": "Project",
      "repr_expression": "{{name}}",
      "long_definition": null,
      "datum_group": 1,
      "schema_name": "project",
      "short_definition": null,
      "readable_plural_name": "Projects",
      "active": true
    },
    "pk": 2,
    "model": "datum.datumtype"
  },
  {
    "fields": {
      "readable_name": "Context",
      "sort": 10120,
      "entity_name": "Context",
      "repr_expression": "{{name}}",
      "long_definition": null,
      "datum_group": 1,
      "schema_name": "context",
      "short_definition": null,
      "readable_plural_name": "Contexts",
      "active": true
    },
    "pk": 3,
    "model": "datum.datumtype"
  },
  {
    "fields": {
      "readable_name": "Person",
      "sort": 10130,
      "entity_name": "Person",
      "repr_expression": "{{name}}",
      "long_definition": null,
      "datum_group": 1,
      "schema_name": "person",
      "short_definition": null,
      "readable_plural_name": "Persons",
      "active": true
    },
    "pk": 4,
    "model": "datum.datumtype"
  },
  {
    "fields": {
      "readable_name": "Entity",
      "sort": 10140,
      "entity_name": "Entity",
      "repr_expression": "{{name}}",
      "long_definition": null,
      "datum_group": 1,
      "schema_name": "entity",
      "short_definition": null,
      "readable_plural_name": "Entities",
      "active": true
    },
    "pk": 5,
    "model": "datum.datumtype"
  },
  {
    "fields": {
      "readable_name": "Location",
      "sort": 10150,
      "entity_name": "Location",
      "repr_expression": "{{name}}",
      "long_definition": null,
      "datum_group": 1,
      "schema_name": "location",
      "short_definition": null,
      "readable_plural_name": "Locations",
      "active": true
    },
    "pk": 6,
    "model": "datum.datumtype"
  },
  {
    "fields": {
      "readable_name": "Contact",
      "sort": 10160,
      "entity_name": "Contact",
      "repr_expression": "{{name}}",
      "long_definition": null,
      "datum_group": 1,
      "schema_name": "contact",
      "short_definition": null,
      "readable_plural_name": "Contacts",
      "active": true
    },
    "pk": 7,
    "model": "datum.datumtype"
  },
  {
    "fields": {
      "readable_name": "Action",
      "sort": 20170,
      "entity_name": "Action",
      "repr_expression": "{{description}}",
      "long_definition": null,
      "datum_group": 2,
      "schema_name": "action",
      "short_definition": null,
      "readable_plural_name": "Actions",
      "active": true
    },
    "pk": 8,
    "model": "datum.datumtype"
  },
  {
    "fields": {
      "readable_name": "Principle",
      "sort": 20180,
      "entity_name": "Principle",
      "repr_expression": "{{description}}",
      "long_definition": null,
      "datum_group": 2,
      "schema_name": "principle",
      "short_definition": null,
      "readable_plural_name": "Principles",
      "active": true
    },
    "pk": 9,
    "model": "datum.datumtype"
  },
  {
    "fields": {
      "readable_name": "Journal",
      "sort": 20190,
      "entity_name": "Journal",
      "repr_expression": "{{description}}",
      "long_definition": null,
      "datum_group": 2,
      "schema_name": "journal",
      "short_definition": null,
      "readable_plural_name": "Journals",
      "active": true
    },
    "pk": 10,
    "model": "datum.datumtype"
  },
  {
    "fields": {
      "readable_name": "Schedule",
      "sort": 30200,
      "entity_name": "Schedule",
      "repr_expression": "{{description}}",
      "long_definition": null,
      "datum_group": 3,
      "schema_name": "schedule",
      "short_definition": null,
      "readable_plural_name": "Schedules",
      "active": true
    },
    "pk": 11,
    "model": "datum.datumtype"
  },
  {
    "fields": {
      "readable_name": "Event",
      "sort": 30210,
      "entity_name": "Event",
      "repr_expression": "{{endingevent}}",
      "long_definition": null,
      "datum_group": 3,
      "schema_name": "event",
      "short_definition": null,
      "readable_plural_name": "Events",
      "active": true
    },
    "pk": 12,
    "model": "datum.datumtype"
  },
  {
    "fields": {
      "readable_name": "Reminder",
      "sort": 30220,
      "entity_name": "Reminder",
      "repr_expression": "{{alert}}",
      "long_definition": null,
      "datum_group": 3,
      "schema_name": "reminder",
      "short_definition": null,
      "readable_plural_name": "Reminders",
      "active": true
    },
    "pk": 13,
    "model": "datum.datumtype"
  },
  {
    "fields": {
      "readable_name": "Note",
      "sort": 40230,
      "entity_name": "Note",
      "repr_expression": "{{name}}",
      "long_definition": null,
      "datum_group": 4,
      "schema_name": "note",
      "short_definition": null,
      "readable_plural_name": "Notes",
      "active": true
    },
    "pk": 14,
    "model": "datum.datumtype"
  },
  {
    "fields": {
      "readable_name": "File",
      "sort": 40240,
      "entity_name": "File",
      "repr_expression": "{{name}}",
      "long_definition": null,
      "datum_group": 4,
      "schema_name": "file",
      "short_definition": null,
      "readable_plural_name": "Files",
      "active": true
    },
    "pk": 15,
    "model": "datum.datumtype"
  },
  {
    "fields": {
      "readable_name": "Directory",
      "sort": 40250,
      "entity_name": "Directory",
      "repr_expression": "{{name}}",
      "long_definition": null,
      "datum_group": 4,
      "schema_name": "directory",
      "short_definition": null,
      "readable_plural_name": "Directories",
      "active": true
    },
    "pk": 16,
    "model": "datum.datumtype"
  },
  {
    "fields": {
      "readable_name": "Webpage",
      "sort": 40260,
      "entity_name": "Webpage",
      "repr_expression": "{{name}}",
      "long_definition": null,
      "datum_group": 4,
      "schema_name": "webpage",
      "short_definition": null,
      "readable_plural_name": "Webpages",
      "active": true
    },
    "pk": 17,
    "model": "datum.datumtype"
  },
  {
    "fields": {
      "readable_name": "Message",
      "sort": 40270,
      "entity_name": "Message",
      "repr_expression": "{{name}}",
      "long_definition": null,
      "datum_group": 4,
      "schema_name": "message",
      "short_definition": null,
      "readable_plural_name": "Messages",
      "active": true
    },
    "pk": 18,
    "model": "datum.datumtype"
  },
  {
    "fields": {
      "readable_name": "Post",
      "sort": 40280,
      "entity_name": "Post",
      "repr_expression": "{{name}}",
      "long_definition": null,
      "datum_group": 4,
      "schema_name": "post",
      "short_definition": null,
      "readable_plural_name": "Posts",
      "active": true
    },
    "pk": 19,
    "model": "datum.datumtype"
  },
  {
    "fields": {
      "readable_name": "String",
      "sort": 10,
      "entity_name": "String",
      "long_definition": "Used for all major text-based elements",
      "schema_name": "string",
      "short_definition": "VarChar(255)",
      "readable_plural_name": "Strings",
      "active": true
    },
    "pk": 1,
    "model": "element_type.elementdatatype"
  },
  {
    "fields": {
      "readable_name": "Text Data",
      "sort": 20,
      "entity_name": "TextData",
      "long_definition": "Only used for string-based sub-data types, such as json or html",
      "schema_name": "text_data",
      "short_definition": "Text",
      "readable_plural_name": "Text Data",
      "active": true
    },
    "pk": 2,
    "model": "element_type.elementdatatype"
  },
  {
    "fields": {
      "readable_name": "Boolean",
      "sort": 30,
      "entity_name": "Boolean",
      "long_definition": null,
      "schema_name": "boolean",
      "short_definition": "Boolean",
      "readable_plural_name": "Booleans",
      "active": true
    },
    "pk": 3,
    "model": "element_type.elementdatatype"
  },
  {
    "fields": {
      "readable_name": "Datetime",
      "sort": 40,
      "entity_name": "Datetime",
      "long_definition": null,
      "schema_name": "datetime",
      "short_definition": "Datetime with Timezone",
      "readable_plural_name": "Datetimes",
      "active": true
    },
    "pk": 4,
    "model": "element_type.elementdatatype"
  },
  {
    "fields": {
      "readable_name": "Decimal",
      "sort": 50,
      "entity_name": "Decimal",
      "long_definition": null,
      "schema_name": "decimal",
      "short_definition": "Decimal(scale=2)",
      "readable_plural_name": "Decimals",
      "active": true
    },
    "pk": 5,
    "model": "element_type.elementdatatype"
  },
  {
    "fields": {
      "readable_name": "Binary",
      "sort": 60,
      "entity_name": "Binary",
      "long_definition": "Used for any attachments and large data",
      "schema_name": "binary",
      "short_definition": "Blob",
      "readable_plural_name": "Binarys",
      "active": true
    },
    "pk": 6,
    "model": "element_type.elementdatatype"
  },
  {
    "fields": {
      "default_expression": "",
      "readable_name": "Name",
      "sort": 110,
      "entity_name": "Name",
      "element_data_type": 1,
      "long_definition": null,
      "schema_name": "name",
      "short_definition": null,
      "readable_plural_name": "Names",
      "editable": true,
      "active": true
    },
    "pk": 1,
    "model": "element_type.elementtype"
  },
  {
    "fields": {
      "default_expression": "",
      "readable_name": "Description",
      "sort": 120,
      "entity_name": "Description",
      "element_data_type": 1,
      "long_definition": null,
      "schema_name": "description",
      "short_definition": null,
      "readable_plural_name": "Descriptions",
      "editable": true,
      "active": true
    },
    "pk": 2,
    "model": "element_type.elementtype"
  },
  {
    "fields": {
      "default_expression": "",
      "readable_name": "First Name",
      "sort": 130,
      "entity_name": "FirstName",
      "element_data_type": 1,
      "long_definition": null,
      "schema_name": "first_name",
      "short_definition": null,
      "readable_plural_name": "First Names",
      "editable": true,
      "active": true
    },
    "pk": 3,
    "model": "element_type.elementtype"
  },
  {
    "fields": {
      "default_expression": "",
      "readable_name": "Last Name",
      "sort": 140,
      "entity_name": "LastName",
      "element_data_type": 1,
      "long_definition": null,
      "schema_name": "last_name",
      "short_definition": null,
      "readable_plural_name": "Last Names",
      "editable": true,
      "active": true
    },
    "pk": 4,
    "model": "element_type.elementtype"
  },
  {
    "fields": {
      "default_expression": "",
      "readable_name": "Nickname",
      "sort": 150,
      "entity_name": "Nickname",
      "element_data_type": 1,
      "long_definition": null,
      "schema_name": "nickname",
      "short_definition": null,
      "readable_plural_name": "Nicknames",
      "editable": true,
      "active": true
    },
    "pk": 5,
    "model": "element_type.elementtype"
  },
  {
    "fields": {
      "default_expression": "",
      "readable_name": "Birthday",
      "sort": 160,
      "entity_name": "Birthday",
      "element_data_type": 4,
      "long_definition": null,
      "schema_name": "birthday",
      "short_definition": null,
      "readable_plural_name": "Birthdays",
      "editable": true,
      "active": true
    },
    "pk": 6,
    "model": "element_type.elementtype"
  },
  {
    "fields": {
      "default_expression": "",
      "readable_name": "Entity Type",
      "sort": 170,
      "entity_name": "EntityType",
      "element_data_type": 1,
      "long_definition": null,
      "schema_name": "entity_type",
      "short_definition": null,
      "readable_plural_name": "Entity Types",
      "editable": true,
      "active": true
    },
    "pk": 7,
    "model": "element_type.elementtype"
  },
  {
    "fields": {
      "default_expression": "",
      "readable_name": "Street Address",
      "sort": 180,
      "entity_name": "StreetAddress",
      "element_data_type": 1,
      "long_definition": null,
      "schema_name": "street_address",
      "short_definition": null,
      "readable_plural_name": "Street Addresses",
      "editable": true,
      "active": true
    },
    "pk": 8,
    "model": "element_type.elementtype"
  },
  {
    "fields": {
      "default_expression": "",
      "readable_name": "City",
      "sort": 190,
      "entity_name": "City",
      "element_data_type": 1,
      "long_definition": null,
      "schema_name": "city",
      "short_definition": null,
      "readable_plural_name": "Citys",
      "editable": true,
      "active": true
    },
    "pk": 9,
    "model": "element_type.elementtype"
  },
  {
    "fields": {
      "default_expression": "",
      "readable_name": "State",
      "sort": 200,
      "entity_name": "State",
      "element_data_type": 1,
      "long_definition": null,
      "schema_name": "state",
      "short_definition": null,
      "readable_plural_name": "States",
      "editable": true,
      "active": true
    },
    "pk": 10,
    "model": "element_type.elementtype"
  },
  {
    "fields": {
      "default_expression": "",
      "readable_name": "Zip",
      "sort": 210,
      "entity_name": "Zip",
      "element_data_type": 1,
      "long_definition": null,
      "schema_name": "zip",
      "short_definition": null,
      "readable_plural_name": "Zips",
      "editable": true,
      "active": true
    },
    "pk": 11,
    "model": "element_type.elementtype"
  },
  {
    "fields": {
      "default_expression": "",
      "readable_name": "Country",
      "sort": 220,
      "entity_name": "Country",
      "element_data_type": 1,
      "long_definition": null,
      "schema_name": "country",
      "short_definition": null,
      "readable_plural_name": "Countries",
      "editable": true,
      "active": true
    },
    "pk": 12,
    "model": "element_type.elementtype"
  },
  {
    "fields": {
      "default_expression": "",
      "readable_name": "Latitude",
      "sort": 230,
      "entity_name": "Latitude",
      "element_data_type": 1,
      "long_definition": null,
      "schema_name": "latitude",
      "short_definition": null,
      "readable_plural_name": "Latitudes",
      "editable": true,
      "active": true
    },
    "pk": 13,
    "model": "element_type.elementtype"
  },
  {
    "fields": {
      "default_expression": "",
      "readable_name": "Longitude",
      "sort": 240,
      "entity_name": "Longitude",
      "element_data_type": 1,
      "long_definition": null,
      "schema_name": "longitude",
      "short_definition": null,
      "readable_plural_name": "Longitudes",
      "editable": true,
      "active": true
    },
    "pk": 14,
    "model": "element_type.elementtype"
  },
  {
    "fields": {
      "default_expression": "",
      "readable_name": "Phone",
      "sort": 250,
      "entity_name": "Phone",
      "element_data_type": 1,
      "long_definition": null,
      "schema_name": "phone",
      "short_definition": null,
      "readable_plural_name": "Phones",
      "editable": true,
      "active": true
    },
    "pk": 15,
    "model": "element_type.elementtype"
  },
  {
    "fields": {
      "default_expression": "",
      "readable_name": "Email",
      "sort": 260,
      "entity_name": "Email",
      "element_data_type": 1,
      "long_definition": null,
      "schema_name": "email",
      "short_definition": null,
      "readable_plural_name": "Emails",
      "editable": true,
      "active": true
    },
    "pk": 16,
    "model": "element_type.elementtype"
  },
  {
    "fields": {
      "default_expression": "",
      "readable_name": "Website",
      "sort": 270,
      "entity_name": "Website",
      "element_data_type": 1,
      "long_definition": null,
      "schema_name": "website",
      "short_definition": null,
      "readable_plural_name": "Websites",
      "editable": true,
      "active": true
    },
    "pk": 17,
    "model": "element_type.elementtype"
  },
  {
    "fields": {
      "default_expression": "",
      "readable_name": "Facebook",
      "sort": 280,
      "entity_name": "Facebook",
      "element_data_type": 1,
      "long_definition": null,
      "schema_name": "facebook",
      "short_definition": null,
      "readable_plural_name": "Facebook",
      "editable": true,
      "active": true
    },
    "pk": 18,
    "model": "element_type.elementtype"
  },
  {
    "fields": {
      "default_expression": "",
      "readable_name": "LinkedIn",
      "sort": 290,
      "entity_name": "LinkedIn",
      "element_data_type": 1,
      "long_definition": null,
      "schema_name": "linkedin",
      "short_definition": null,
      "readable_plural_name": "LinkedIn",
      "editable": true,
      "active": true
    },
    "pk": 19,
    "model": "element_type.elementtype"
  },
  {
    "fields": {
      "default_expression": "",
      "readable_name": "Twitter",
      "sort": 300,
      "entity_name": "Twitter",
      "element_data_type": 1,
      "long_definition": null,
      "schema_name": "twitter",
      "short_definition": null,
      "readable_plural_name": "Twitter",
      "editable": true,
      "active": true
    },
    "pk": 20,
    "model": "element_type.elementtype"
  },
  {
    "fields": {
      "default_expression": "",
      "readable_name": "Action Status",
      "sort": 310,
      "entity_name": "ActionStatus",
      "element_data_type": 1,
      "long_definition": null,
      "schema_name": "action_status",
      "short_definition": null,
      "readable_plural_name": "Action Statuses",
      "editable": true,
      "active": true
    },
    "pk": 21,
    "model": "element_type.elementtype"
  },
  {
    "fields": {
      "default_expression": "",
      "readable_name": "Action Effort",
      "sort": 320,
      "entity_name": "ActionEffort",
      "element_data_type": 1,
      "long_definition": null,
      "schema_name": "action_effort",
      "short_definition": null,
      "readable_plural_name": "Action Efforts",
      "editable": true,
      "active": true
    },
    "pk": 22,
    "model": "element_type.elementtype"
  },
  {
    "fields": {
      "default_expression": "",
      "readable_name": "Schedule Type",
      "sort": 330,
      "entity_name": "ScheduleType",
      "element_data_type": 1,
      "long_definition": null,
      "schema_name": "schedule_type",
      "short_definition": null,
      "readable_plural_name": "Schedule Types",
      "editable": true,
      "active": true
    },
    "pk": 23,
    "model": "element_type.elementtype"
  },
  {
    "fields": {
      "default_expression": "",
      "readable_name": "Beginning Buffer",
      "sort": 340,
      "entity_name": "BeginningBuffer",
      "element_data_type": 4,
      "long_definition": null,
      "schema_name": "beginning_buffer",
      "short_definition": null,
      "readable_plural_name": "Beginning Buffers",
      "editable": true,
      "active": true
    },
    "pk": 24,
    "model": "element_type.elementtype"
  },
  {
    "fields": {
      "default_expression": "",
      "readable_name": "Beginning Event",
      "sort": 350,
      "entity_name": "BeginningEvent",
      "element_data_type": 4,
      "long_definition": null,
      "schema_name": "beginning_event",
      "short_definition": null,
      "readable_plural_name": "Beginning Events",
      "editable": true,
      "active": true
    },
    "pk": 25,
    "model": "element_type.elementtype"
  },
  {
    "fields": {
      "default_expression": "",
      "readable_name": "Ending Event",
      "sort": 360,
      "entity_name": "EndingEvent",
      "element_data_type": 4,
      "long_definition": null,
      "schema_name": "ending_event",
      "short_definition": null,
      "readable_plural_name": "Ending Events",
      "editable": true,
      "active": true
    },
    "pk": 26,
    "model": "element_type.elementtype"
  },
  {
    "fields": {
      "default_expression": "",
      "readable_name": "Ending Buffer",
      "sort": 370,
      "entity_name": "EndingBuffer",
      "element_data_type": 4,
      "long_definition": null,
      "schema_name": "ending_buffer",
      "short_definition": null,
      "readable_plural_name": "Ending Buffers",
      "editable": true,
      "active": true
    },
    "pk": 27,
    "model": "element_type.elementtype"
  },
  {
    "fields": {
      "default_expression": "",
      "readable_name": "Event Time",
      "sort": 380,
      "entity_name": "EventTime",
      "element_data_type": 5,
      "long_definition": null,
      "schema_name": "event_time",
      "short_definition": null,
      "readable_plural_name": "Event Times",
      "editable": true,
      "active": true
    },
    "pk": 28,
    "model": "element_type.elementtype"
  },
  {
    "fields": {
      "default_expression": "",
      "readable_name": "Total Time",
      "sort": 390,
      "entity_name": "TotalTime",
      "element_data_type": 5,
      "long_definition": null,
      "schema_name": "total_time",
      "short_definition": null,
      "readable_plural_name": "Total Times",
      "editable": true,
      "active": true
    },
    "pk": 29,
    "model": "element_type.elementtype"
  },
  {
    "fields": {
      "default_expression": "",
      "readable_name": "Recurring Options",
      "sort": 400,
      "entity_name": "RecurringOptions",
      "element_data_type": 2,
      "long_definition": null,
      "schema_name": "recurring_options",
      "short_definition": null,
      "readable_plural_name": "Recurring Optionss",
      "editable": true,
      "active": true
    },
    "pk": 30,
    "model": "element_type.elementtype"
  },
  {
    "fields": {
      "default_expression": "",
      "readable_name": "Alert",
      "sort": 410,
      "entity_name": "Alert",
      "element_data_type": 4,
      "long_definition": null,
      "schema_name": "alert",
      "short_definition": null,
      "readable_plural_name": "Alerts",
      "editable": true,
      "active": true
    },
    "pk": 31,
    "model": "element_type.elementtype"
  },
  {
    "fields": {
      "default_expression": "",
      "readable_name": "Logged In",
      "sort": 420,
      "entity_name": "LoggedIn",
      "element_data_type": 3,
      "long_definition": null,
      "schema_name": "logged_in",
      "short_definition": null,
      "readable_plural_name": "Logged In",
      "editable": true,
      "active": true
    },
    "pk": 32,
    "model": "element_type.elementtype"
  },
  {
    "fields": {
      "default_expression": "",
      "readable_name": "Item Status",
      "sort": 430,
      "entity_name": "ItemStatus",
      "element_data_type": 1,
      "long_definition": null,
      "schema_name": "item_status",
      "short_definition": null,
      "readable_plural_name": "Item Statuses",
      "editable": true,
      "active": true
    },
    "pk": 33,
    "model": "element_type.elementtype"
  },
  {
    "fields": {
      "default_expression": "",
      "readable_name": "Item Content",
      "sort": 440,
      "entity_name": "ItemContent",
      "element_data_type": 2,
      "long_definition": null,
      "schema_name": "item_content",
      "short_definition": null,
      "readable_plural_name": "Item Contents",
      "editable": true,
      "active": true
    },
    "pk": 34,
    "model": "element_type.elementtype"
  },
  {
    "fields": {
      "default_expression": "",
      "readable_name": "From",
      "sort": 450,
      "entity_name": "From",
      "element_data_type": 1,
      "long_definition": null,
      "schema_name": "from",
      "short_definition": null,
      "readable_plural_name": "Froms",
      "editable": true,
      "active": true
    },
    "pk": 35,
    "model": "element_type.elementtype"
  },
  {
    "fields": {
      "default_expression": "",
      "readable_name": "To",
      "sort": 460,
      "entity_name": "To",
      "element_data_type": 1,
      "long_definition": null,
      "schema_name": "to",
      "short_definition": null,
      "readable_plural_name": "Tos",
      "editable": true,
      "active": true
    },
    "pk": 36,
    "model": "element_type.elementtype"
  },
  {
    "fields": {
      "default_expression": "",
      "readable_name": "Link",
      "sort": 470,
      "entity_name": "Link",
      "element_data_type": 1,
      "long_definition": "Any local, network, or www address",
      "schema_name": "link",
      "short_definition": "URL",
      "readable_plural_name": "Links",
      "editable": true,
      "active": true
    },
    "pk": 37,
    "model": "element_type.elementtype"
  },
  {
    "fields": {
      "default_expression": "",
      "readable_name": "Attachment",
      "sort": 480,
      "entity_name": "Attachment",
      "element_data_type": 6,
      "long_definition": "File attachment",
      "schema_name": "attachment",
      "short_definition": null,
      "readable_plural_name": "Attachments",
      "editable": true,
      "active": true
    },
    "pk": 38,
    "model": "element_type.elementtype"
  },
  {
    "fields": {
      "default_expression": "",
      "readable_name": "Creation Date",
      "sort": 490,
      "entity_name": "CreationDate",
      "element_data_type": 4,
      "long_definition": "SHOULD THIS BE ROLLED INTO EVENTS?",
      "schema_name": "creation_date",
      "short_definition": null,
      "readable_plural_name": "Creation Dates",
      "editable": true,
      "active": true
    },
    "pk": 39,
    "model": "element_type.elementtype"
  },
  {
    "fields": {
      "default_expression": "",
      "readable_name": "Modification Date",
      "sort": 500,
      "entity_name": "ModificationDate",
      "element_data_type": 4,
      "long_definition": "SHOULD THIS BE ROLLED INTO EVENTS?",
      "schema_name": "modification_date",
      "short_definition": null,
      "readable_plural_name": "Modification Dates",
      "editable": true,
      "active": true
    },
    "pk": 40,
    "model": "element_type.elementtype"
  },
  {
    "fields": {
      "sort": 10100100,
      "datum_type": 1,
      "element_type": 1,
      "active": true
    },
    "pk": 1,
    "model": "element_type.elementtypedatumtype"
  },
  {
    "fields": {
      "sort": 10100110,
      "datum_type": 1,
      "element_type": 2,
      "active": true
    },
    "pk": 2,
    "model": "element_type.elementtypedatumtype"
  },
  {
    "fields": {
      "sort": 10200100,
      "datum_type": 2,
      "element_type": 1,
      "active": true
    },
    "pk": 3,
    "model": "element_type.elementtypedatumtype"
  },
  {
    "fields": {
      "sort": 10200110,
      "datum_type": 2,
      "element_type": 2,
      "active": true
    },
    "pk": 4,
    "model": "element_type.elementtypedatumtype"
  },
  {
    "fields": {
      "sort": 10300100,
      "datum_type": 3,
      "element_type": 1,
      "active": true
    },
    "pk": 5,
    "model": "element_type.elementtypedatumtype"
  },
  {
    "fields": {
      "sort": 10300110,
      "datum_type": 3,
      "element_type": 2,
      "active": true
    },
    "pk": 6,
    "model": "element_type.elementtypedatumtype"
  },
  {
    "fields": {
      "sort": 10400100,
      "datum_type": 4,
      "element_type": 1,
      "active": true
    },
    "pk": 7,
    "model": "element_type.elementtypedatumtype"
  },
  {
    "fields": {
      "sort": 10400110,
      "datum_type": 4,
      "element_type": 2,
      "active": true
    },
    "pk": 8,
    "model": "element_type.elementtypedatumtype"
  },
  {
    "fields": {
      "sort": 10400120,
      "datum_type": 4,
      "element_type": 3,
      "active": true
    },
    "pk": 9,
    "model": "element_type.elementtypedatumtype"
  },
  {
    "fields": {
      "sort": 10400130,
      "datum_type": 4,
      "element_type": 4,
      "active": true
    },
    "pk": 10,
    "model": "element_type.elementtypedatumtype"
  },
  {
    "fields": {
      "sort": 10400140,
      "datum_type": 4,
      "element_type": 5,
      "active": true
    },
    "pk": 11,
    "model": "element_type.elementtypedatumtype"
  },
  {
    "fields": {
      "sort": 10400150,
      "datum_type": 4,
      "element_type": 6,
      "active": true
    },
    "pk": 12,
    "model": "element_type.elementtypedatumtype"
  },
  {
    "fields": {
      "sort": 10500100,
      "datum_type": 5,
      "element_type": 1,
      "active": true
    },
    "pk": 13,
    "model": "element_type.elementtypedatumtype"
  },
  {
    "fields": {
      "sort": 10500110,
      "datum_type": 5,
      "element_type": 2,
      "active": true
    },
    "pk": 14,
    "model": "element_type.elementtypedatumtype"
  },
  {
    "fields": {
      "sort": 10500160,
      "datum_type": 5,
      "element_type": 7,
      "active": true
    },
    "pk": 15,
    "model": "element_type.elementtypedatumtype"
  },
  {
    "fields": {
      "sort": 10600100,
      "datum_type": 6,
      "element_type": 1,
      "active": true
    },
    "pk": 16,
    "model": "element_type.elementtypedatumtype"
  },
  {
    "fields": {
      "sort": 10600110,
      "datum_type": 6,
      "element_type": 2,
      "active": true
    },
    "pk": 17,
    "model": "element_type.elementtypedatumtype"
  },
  {
    "fields": {
      "sort": 10600170,
      "datum_type": 6,
      "element_type": 8,
      "active": true
    },
    "pk": 18,
    "model": "element_type.elementtypedatumtype"
  },
  {
    "fields": {
      "sort": 10600180,
      "datum_type": 6,
      "element_type": 9,
      "active": true
    },
    "pk": 19,
    "model": "element_type.elementtypedatumtype"
  },
  {
    "fields": {
      "sort": 10600190,
      "datum_type": 6,
      "element_type": 10,
      "active": true
    },
    "pk": 20,
    "model": "element_type.elementtypedatumtype"
  },
  {
    "fields": {
      "sort": 10600200,
      "datum_type": 6,
      "element_type": 11,
      "active": true
    },
    "pk": 21,
    "model": "element_type.elementtypedatumtype"
  },
  {
    "fields": {
      "sort": 10600210,
      "datum_type": 6,
      "element_type": 12,
      "active": true
    },
    "pk": 22,
    "model": "element_type.elementtypedatumtype"
  },
  {
    "fields": {
      "sort": 10600220,
      "datum_type": 6,
      "element_type": 13,
      "active": true
    },
    "pk": 23,
    "model": "element_type.elementtypedatumtype"
  },
  {
    "fields": {
      "sort": 10600230,
      "datum_type": 6,
      "element_type": 14,
      "active": true
    },
    "pk": 24,
    "model": "element_type.elementtypedatumtype"
  },
  {
    "fields": {
      "sort": 10700100,
      "datum_type": 7,
      "element_type": 1,
      "active": true
    },
    "pk": 25,
    "model": "element_type.elementtypedatumtype"
  },
  {
    "fields": {
      "sort": 10700110,
      "datum_type": 7,
      "element_type": 2,
      "active": true
    },
    "pk": 26,
    "model": "element_type.elementtypedatumtype"
  },
  {
    "fields": {
      "sort": 10700240,
      "datum_type": 7,
      "element_type": 15,
      "active": true
    },
    "pk": 27,
    "model": "element_type.elementtypedatumtype"
  },
  {
    "fields": {
      "sort": 10700250,
      "datum_type": 7,
      "element_type": 16,
      "active": true
    },
    "pk": 28,
    "model": "element_type.elementtypedatumtype"
  },
  {
    "fields": {
      "sort": 10700260,
      "datum_type": 7,
      "element_type": 17,
      "active": true
    },
    "pk": 29,
    "model": "element_type.elementtypedatumtype"
  },
  {
    "fields": {
      "sort": 10700270,
      "datum_type": 7,
      "element_type": 18,
      "active": true
    },
    "pk": 30,
    "model": "element_type.elementtypedatumtype"
  },
  {
    "fields": {
      "sort": 10700280,
      "datum_type": 7,
      "element_type": 19,
      "active": true
    },
    "pk": 31,
    "model": "element_type.elementtypedatumtype"
  },
  {
    "fields": {
      "sort": 10700290,
      "datum_type": 7,
      "element_type": 20,
      "active": true
    },
    "pk": 32,
    "model": "element_type.elementtypedatumtype"
  },
  {
    "fields": {
      "sort": 20100110,
      "datum_type": 8,
      "element_type": 2,
      "active": true
    },
    "pk": 33,
    "model": "element_type.elementtypedatumtype"
  },
  {
    "fields": {
      "sort": 20100300,
      "datum_type": 8,
      "element_type": 21,
      "active": true
    },
    "pk": 34,
    "model": "element_type.elementtypedatumtype"
  },
  {
    "fields": {
      "sort": 20100310,
      "datum_type": 8,
      "element_type": 22,
      "active": true
    },
    "pk": 35,
    "model": "element_type.elementtypedatumtype"
  },
  {
    "fields": {
      "sort": 20200110,
      "datum_type": 9,
      "element_type": 2,
      "active": true
    },
    "pk": 36,
    "model": "element_type.elementtypedatumtype"
  },
  {
    "fields": {
      "sort": 20300110,
      "datum_type": 10,
      "element_type": 2,
      "active": true
    },
    "pk": 37,
    "model": "element_type.elementtypedatumtype"
  },
  {
    "fields": {
      "sort": 30100100,
      "datum_type": 11,
      "element_type": 1,
      "active": true
    },
    "pk": 38,
    "model": "element_type.elementtypedatumtype"
  },
  {
    "fields": {
      "sort": 30100320,
      "datum_type": 11,
      "element_type": 23,
      "active": true
    },
    "pk": 39,
    "model": "element_type.elementtypedatumtype"
  },
  {
    "fields": {
      "sort": 30200330,
      "datum_type": 12,
      "element_type": 24,
      "active": true
    },
    "pk": 40,
    "model": "element_type.elementtypedatumtype"
  },
  {
    "fields": {
      "sort": 30200340,
      "datum_type": 12,
      "element_type": 25,
      "active": true
    },
    "pk": 41,
    "model": "element_type.elementtypedatumtype"
  },
  {
    "fields": {
      "sort": 30200350,
      "datum_type": 12,
      "element_type": 26,
      "active": true
    },
    "pk": 42,
    "model": "element_type.elementtypedatumtype"
  },
  {
    "fields": {
      "sort": 30200360,
      "datum_type": 12,
      "element_type": 27,
      "active": true
    },
    "pk": 43,
    "model": "element_type.elementtypedatumtype"
  },
  {
    "fields": {
      "sort": 30200370,
      "datum_type": 12,
      "element_type": 28,
      "active": true
    },
    "pk": 44,
    "model": "element_type.elementtypedatumtype"
  },
  {
    "fields": {
      "sort": 30200380,
      "datum_type": 12,
      "element_type": 29,
      "active": true
    },
    "pk": 45,
    "model": "element_type.elementtypedatumtype"
  },
  {
    "fields": {
      "sort": 30200390,
      "datum_type": 12,
      "element_type": 30,
      "active": true
    },
    "pk": 46,
    "model": "element_type.elementtypedatumtype"
  },
  {
    "fields": {
      "sort": 30300390,
      "datum_type": 13,
      "element_type": 30,
      "active": true
    },
    "pk": 47,
    "model": "element_type.elementtypedatumtype"
  },
  {
    "fields": {
      "sort": 30300400,
      "datum_type": 13,
      "element_type": 31,
      "active": true
    },
    "pk": 48,
    "model": "element_type.elementtypedatumtype"
  },
  {
    "fields": {
      "sort": 30300410,
      "datum_type": 13,
      "element_type": 32,
      "active": true
    },
    "pk": 49,
    "model": "element_type.elementtypedatumtype"
  },
  {
    "fields": {
      "sort": 40100100,
      "datum_type": 14,
      "element_type": 1,
      "active": true
    },
    "pk": 50,
    "model": "element_type.elementtypedatumtype"
  },
  {
    "fields": {
      "sort": 40100420,
      "datum_type": 14,
      "element_type": 33,
      "active": true
    },
    "pk": 51,
    "model": "element_type.elementtypedatumtype"
  },
  {
    "fields": {
      "sort": 40100430,
      "datum_type": 14,
      "element_type": 34,
      "active": true
    },
    "pk": 52,
    "model": "element_type.elementtypedatumtype"
  },
  {
    "fields": {
      "sort": 40100460,
      "datum_type": 14,
      "element_type": 37,
      "active": true
    },
    "pk": 53,
    "model": "element_type.elementtypedatumtype"
  },
  {
    "fields": {
      "sort": 40200100,
      "datum_type": 15,
      "element_type": 1,
      "active": true
    },
    "pk": 54,
    "model": "element_type.elementtypedatumtype"
  },
  {
    "fields": {
      "sort": 40200110,
      "datum_type": 15,
      "element_type": 2,
      "active": true
    },
    "pk": 55,
    "model": "element_type.elementtypedatumtype"
  },
  {
    "fields": {
      "sort": 40200420,
      "datum_type": 15,
      "element_type": 33,
      "active": true
    },
    "pk": 56,
    "model": "element_type.elementtypedatumtype"
  },
  {
    "fields": {
      "sort": 40200460,
      "datum_type": 15,
      "element_type": 37,
      "active": true
    },
    "pk": 57,
    "model": "element_type.elementtypedatumtype"
  },
  {
    "fields": {
      "sort": 40200470,
      "datum_type": 15,
      "element_type": 38,
      "active": true
    },
    "pk": 58,
    "model": "element_type.elementtypedatumtype"
  },
  {
    "fields": {
      "sort": 40200480,
      "datum_type": 15,
      "element_type": 39,
      "active": true
    },
    "pk": 59,
    "model": "element_type.elementtypedatumtype"
  },
  {
    "fields": {
      "sort": 40200490,
      "datum_type": 15,
      "element_type": 40,
      "active": true
    },
    "pk": 60,
    "model": "element_type.elementtypedatumtype"
  },
  {
    "fields": {
      "sort": 40300100,
      "datum_type": 16,
      "element_type": 1,
      "active": true
    },
    "pk": 61,
    "model": "element_type.elementtypedatumtype"
  },
  {
    "fields": {
      "sort": 40300110,
      "datum_type": 16,
      "element_type": 2,
      "active": true
    },
    "pk": 62,
    "model": "element_type.elementtypedatumtype"
  },
  {
    "fields": {
      "sort": 40300420,
      "datum_type": 16,
      "element_type": 33,
      "active": true
    },
    "pk": 63,
    "model": "element_type.elementtypedatumtype"
  },
  {
    "fields": {
      "sort": 40300460,
      "datum_type": 16,
      "element_type": 37,
      "active": true
    },
    "pk": 64,
    "model": "element_type.elementtypedatumtype"
  },
  {
    "fields": {
      "sort": 40300480,
      "datum_type": 16,
      "element_type": 39,
      "active": true
    },
    "pk": 65,
    "model": "element_type.elementtypedatumtype"
  },
  {
    "fields": {
      "sort": 40300490,
      "datum_type": 16,
      "element_type": 40,
      "active": true
    },
    "pk": 66,
    "model": "element_type.elementtypedatumtype"
  },
  {
    "fields": {
      "sort": 40400100,
      "datum_type": 17,
      "element_type": 1,
      "active": true
    },
    "pk": 67,
    "model": "element_type.elementtypedatumtype"
  },
  {
    "fields": {
      "sort": 40400110,
      "datum_type": 17,
      "element_type": 2,
      "active": true
    },
    "pk": 68,
    "model": "element_type.elementtypedatumtype"
  },
  {
    "fields": {
      "sort": 40400420,
      "datum_type": 17,
      "element_type": 33,
      "active": true
    },
    "pk": 69,
    "model": "element_type.elementtypedatumtype"
  },
  {
    "fields": {
      "sort": 40400460,
      "datum_type": 17,
      "element_type": 37,
      "active": true
    },
    "pk": 70,
    "model": "element_type.elementtypedatumtype"
  },
  {
    "fields": {
      "sort": 40500100,
      "datum_type": 18,
      "element_type": 1,
      "active": true
    },
    "pk": 71,
    "model": "element_type.elementtypedatumtype"
  },
  {
    "fields": {
      "sort": 40500430,
      "datum_type": 18,
      "element_type": 34,
      "active": true
    },
    "pk": 72,
    "model": "element_type.elementtypedatumtype"
  },
  {
    "fields": {
      "sort": 40500440,
      "datum_type": 18,
      "element_type": 35,
      "active": true
    },
    "pk": 73,
    "model": "element_type.elementtypedatumtype"
  },
  {
    "fields": {
      "sort": 40500450,
      "datum_type": 18,
      "element_type": 36,
      "active": true
    },
    "pk": 74,
    "model": "element_type.elementtypedatumtype"
  },
  {
    "fields": {
      "sort": 40500480,
      "datum_type": 18,
      "element_type": 39,
      "active": true
    },
    "pk": 75,
    "model": "element_type.elementtypedatumtype"
  },
  {
    "fields": {
      "sort": 40600100,
      "datum_type": 19,
      "element_type": 1,
      "active": true
    },
    "pk": 76,
    "model": "element_type.elementtypedatumtype"
  },
  {
    "fields": {
      "sort": 40600110,
      "datum_type": 19,
      "element_type": 2,
      "active": true
    },
    "pk": 77,
    "model": "element_type.elementtypedatumtype"
  },
  {
    "fields": {
      "sort": 40600420,
      "datum_type": 19,
      "element_type": 33,
      "active": true
    },
    "pk": 78,
    "model": "element_type.elementtypedatumtype"
  },
  {
    "fields": {
      "sort": 40600430,
      "datum_type": 19,
      "element_type": 34,
      "active": true
    },
    "pk": 79,
    "model": "element_type.elementtypedatumtype"
  },
  {
    "fields": {
      "sort": 40600460,
      "datum_type": 19,
      "element_type": 37,
      "active": true
    },
    "pk": 80,
    "model": "element_type.elementtypedatumtype"
  },
  {
    "fields": {
      "sort": 40600480,
      "datum_type": 19,
      "element_type": 39,
      "active": true
    },
    "pk": 81,
    "model": "element_type.elementtypedatumtype"
  },
  {
    "fields": {
      "readable_name": "Business",
      "sort": 16010,
      "entity_name": "Business",
      "element_type": 7,
      "long_definition": null,
      "schema_name": "business",
      "short_definition": null,
      "readable_plural_name": "Businesses",
      "active": true
    },
    "pk": 1,
    "model": "element_type.elementoption"
  },
  {
    "fields": {
      "readable_name": "Non-Profit",
      "sort": 16020,
      "entity_name": "Non-Profit",
      "element_type": 7,
      "long_definition": null,
      "schema_name": "non-profit",
      "short_definition": null,
      "readable_plural_name": "Non-Profits",
      "active": true
    },
    "pk": 2,
    "model": "element_type.elementoption"
  },
  {
    "fields": {
      "readable_name": "Education",
      "sort": 16030,
      "entity_name": "Education",
      "element_type": 7,
      "long_definition": null,
      "schema_name": "education",
      "short_definition": null,
      "readable_plural_name": "Education",
      "active": true
    },
    "pk": 3,
    "model": "element_type.elementoption"
  },
  {
    "fields": {
      "readable_name": "Food",
      "sort": 16040,
      "entity_name": "Food",
      "element_type": 7,
      "long_definition": null,
      "schema_name": "food",
      "short_definition": null,
      "readable_plural_name": "Food",
      "active": true
    },
    "pk": 4,
    "model": "element_type.elementoption"
  },
  {
    "fields": {
      "readable_name": "Service",
      "sort": 16050,
      "entity_name": "Service",
      "element_type": 7,
      "long_definition": null,
      "schema_name": "service",
      "short_definition": null,
      "readable_plural_name": "Services",
      "active": true
    },
    "pk": 5,
    "model": "element_type.elementoption"
  },
  {
    "fields": {
      "readable_name": "Cultural",
      "sort": 16060,
      "entity_name": "Cultural",
      "element_type": 7,
      "long_definition": null,
      "schema_name": "cultural",
      "short_definition": null,
      "readable_plural_name": "Cultural",
      "active": true
    },
    "pk": 6,
    "model": "element_type.elementoption"
  },
  {
    "fields": {
      "readable_name": "Religious",
      "sort": 16070,
      "entity_name": "Religious",
      "element_type": 7,
      "long_definition": null,
      "schema_name": "religious",
      "short_definition": null,
      "readable_plural_name": "Religious",
      "active": true
    },
    "pk": 7,
    "model": "element_type.elementoption"
  },
  {
    "fields": {
      "readable_name": "Government",
      "sort": 16080,
      "entity_name": "Government",
      "element_type": 7,
      "long_definition": null,
      "schema_name": "government",
      "short_definition": null,
      "readable_plural_name": "Governments",
      "active": true
    },
    "pk": 8,
    "model": "element_type.elementoption"
  },
  {
    "fields": {
      "readable_name": "Social",
      "sort": 16090,
      "entity_name": "Social",
      "element_type": 7,
      "long_definition": null,
      "schema_name": "social",
      "short_definition": null,
      "readable_plural_name": "Social",
      "active": true
    },
    "pk": 9,
    "model": "element_type.elementoption"
  },
  {
    "fields": {
      "readable_name": "New",
      "sort": 30010,
      "entity_name": "ActionNew",
      "element_type": 21,
      "long_definition": null,
      "schema_name": "new",
      "short_definition": null,
      "readable_plural_name": "New",
      "active": true
    },
    "pk": 10,
    "model": "element_type.elementoption"
  },
  {
    "fields": {
      "readable_name": "Someday",
      "sort": 30020,
      "entity_name": "ActionSomeday",
      "element_type": 21,
      "long_definition": null,
      "schema_name": "someday",
      "short_definition": null,
      "readable_plural_name": "Someday",
      "active": true
    },
    "pk": 11,
    "model": "element_type.elementoption"
  },
  {
    "fields": {
      "readable_name": "Upcoming",
      "sort": 30030,
      "entity_name": "ActionUpcoming",
      "element_type": 21,
      "long_definition": null,
      "schema_name": "upcoming",
      "short_definition": null,
      "readable_plural_name": "Upcoming",
      "active": true
    },
    "pk": 12,
    "model": "element_type.elementoption"
  },
  {
    "fields": {
      "readable_name": "Current",
      "sort": 30040,
      "entity_name": "ActionCurrent",
      "element_type": 21,
      "long_definition": null,
      "schema_name": "current",
      "short_definition": null,
      "readable_plural_name": "Current",
      "active": true
    },
    "pk": 13,
    "model": "element_type.elementoption"
  },
  {
    "fields": {
      "readable_name": "In Progress",
      "sort": 30050,
      "entity_name": "ActionInProgress",
      "element_type": 21,
      "long_definition": null,
      "schema_name": "in_progress",
      "short_definition": null,
      "readable_plural_name": "In Progress",
      "active": true
    },
    "pk": 14,
    "model": "element_type.elementoption"
  },
  {
    "fields": {
      "readable_name": "Complete",
      "sort": 30060,
      "entity_name": "ActionComplete",
      "element_type": 21,
      "long_definition": null,
      "schema_name": "complete",
      "short_definition": null,
      "readable_plural_name": "Complete",
      "active": true
    },
    "pk": 15,
    "model": "element_type.elementoption"
  },
  {
    "fields": {
      "readable_name": "WaitingFor",
      "sort": 30070,
      "entity_name": "ActionWaitingFor",
      "element_type": 21,
      "long_definition": null,
      "schema_name": "waitingfor",
      "short_definition": null,
      "readable_plural_name": "WaitingFor",
      "active": true
    },
    "pk": 16,
    "model": "element_type.elementoption"
  },
  {
    "fields": {
      "readable_name": "1",
      "sort": 31010,
      "entity_name": "1",
      "element_type": 22,
      "long_definition": null,
      "schema_name": "1",
      "short_definition": "Very Easy",
      "readable_plural_name": "1",
      "active": true
    },
    "pk": 17,
    "model": "element_type.elementoption"
  },
  {
    "fields": {
      "readable_name": "2",
      "sort": 31020,
      "entity_name": "2",
      "element_type": 22,
      "long_definition": null,
      "schema_name": "2",
      "short_definition": "Easy",
      "readable_plural_name": "2",
      "active": true
    },
    "pk": 18,
    "model": "element_type.elementoption"
  },
  {
    "fields": {
      "readable_name": "3",
      "sort": 31030,
      "entity_name": "3",
      "element_type": 22,
      "long_definition": null,
      "schema_name": "3",
      "short_definition": "Neither Easy or Hard",
      "readable_plural_name": "3",
      "active": true
    },
    "pk": 19,
    "model": "element_type.elementoption"
  },
  {
    "fields": {
      "readable_name": "4",
      "sort": 31040,
      "entity_name": "4",
      "element_type": 22,
      "long_definition": null,
      "schema_name": "4",
      "short_definition": "Hard",
      "readable_plural_name": "4",
      "active": true
    },
    "pk": 20,
    "model": "element_type.elementoption"
  },
  {
    "fields": {
      "readable_name": "5",
      "sort": 31050,
      "entity_name": "5",
      "element_type": 22,
      "long_definition": null,
      "schema_name": "5",
      "short_definition": "Very Hard",
      "readable_plural_name": "5",
      "active": true
    },
    "pk": 21,
    "model": "element_type.elementoption"
  },
  {
    "fields": {
      "readable_name": "Actual",
      "sort": 32010,
      "entity_name": "Actual",
      "element_type": 23,
      "long_definition": null,
      "schema_name": "actual",
      "short_definition": null,
      "readable_plural_name": "Actuals",
      "active": true
    },
    "pk": 22,
    "model": "element_type.elementoption"
  },
  {
    "fields": {
      "readable_name": "Planned",
      "sort": 32020,
      "entity_name": "Planned",
      "element_type": 23,
      "long_definition": null,
      "schema_name": "planned",
      "short_definition": null,
      "readable_plural_name": "Planneds",
      "active": true
    },
    "pk": 23,
    "model": "element_type.elementoption"
  },
  {
    "fields": {
      "readable_name": "Placeholder",
      "sort": 39010,
      "entity_name": "Placeholder",
      "element_type": 30,
      "long_definition": null,
      "schema_name": "placeholder",
      "short_definition": null,
      "readable_plural_name": "Placeholders",
      "active": true
    },
    "pk": 24,
    "model": "element_type.elementoption"
  },
  {
    "fields": {
      "readable_name": "New",
      "sort": 42010,
      "entity_name": "ItemNew",
      "element_type": 33,
      "long_definition": null,
      "schema_name": "new",
      "short_definition": null,
      "readable_plural_name": "New",
      "active": true
    },
    "pk": 25,
    "model": "element_type.elementoption"
  },
  {
    "fields": {
      "readable_name": "Start",
      "sort": 42020,
      "entity_name": "ItemStart",
      "element_type": 33,
      "long_definition": null,
      "schema_name": "start",
      "short_definition": null,
      "readable_plural_name": "Start",
      "active": true
    },
    "pk": 26,
    "model": "element_type.elementoption"
  },
  {
    "fields": {
      "readable_name": "Working",
      "sort": 42030,
      "entity_name": "ItemWorking",
      "element_type": 33,
      "long_definition": null,
      "schema_name": "working",
      "short_definition": null,
      "readable_plural_name": "Working",
      "active": true
    },
    "pk": 27,
    "model": "element_type.elementoption"
  },
  {
    "fields": {
      "readable_name": "Edit",
      "sort": 42040,
      "entity_name": "ItemEdit",
      "element_type": 33,
      "long_definition": null,
      "schema_name": "edit",
      "short_definition": null,
      "readable_plural_name": "Edit",
      "active": true
    },
    "pk": 28,
    "model": "element_type.elementoption"
  },
  {
    "fields": {
      "readable_name": "Complete",
      "sort": 42050,
      "entity_name": "ItemComplete",
      "element_type": 33,
      "long_definition": null,
      "schema_name": "complete",
      "short_definition": null,
      "readable_plural_name": "Complete",
      "active": true
    },
    "pk": 29,
    "model": "element_type.elementoption"
  },
  {
    "fields": {
      "readable_name": "Parent",
      "sort": 100,
      "entity_name": "Parent",
      "long_definition": null,
      "schema_name": "parent",
      "short_definition": null,
      "readable_plural_name": "Parents",
      "active": true
    },
    "pk": -1,
    "model": "association.associationdirection"
  },
  {
    "fields": {
      "readable_name": "Both",
      "sort": 101,
      "entity_name": "Both",
      "long_definition": null,
      "schema_name": "both",
      "short_definition": null,
      "readable_plural_name": "Boths",
      "active": true
    },
    "pk": 0,
    "model": "association.associationdirection"
  },
  {
    "fields": {
      "readable_name": "Child",
      "sort": 102,
      "entity_name": "Child",
      "long_definition": null,
      "schema_name": "child",
      "short_definition": null,
      "readable_plural_name": "Children",
      "active": true
    },
    "pk": 1,
    "model": "association.associationdirection"
  }
]