[{"fields": {"date_joined": "2015-05-01T21:44:26.879Z", "is_superuser": true, "username": "test", "is_active": true, "user_permissions": [], "password": "pbkdf2_sha256$20000$odjVNXc9YQgp$NYL+qDMHUTwm8a0hJRnlmkf/nntoIN3EnpMTrCGAFnE=", "last_login": "2015-05-03T16:05:42.426Z", "email": "test@test.com", "last_name": "", "first_name": "", "is_staff": true, "groups": []}, "pk": 1, "model": "auth.user"}, {"fields": {"readable_name": "Area", "readable_plural_name": "Areas", "active": true, "short_definition": null, "schema_name": "area", "long_definition": null, "sort": 10, "entity_name": "Area"}, "pk": 1, "model": "datum.datumgroup"}, {"fields": {"readable_name": "Activity", "readable_plural_name": "Activities", "active": true, "short_definition": null, "schema_name": "activity", "long_definition": null, "sort": 20, "entity_name": "Activity"}, "pk": 2, "model": "datum.datumgroup"}, {"fields": {"readable_name": "Time", "readable_plural_name": "Times", "active": true, "short_definition": null, "schema_name": "time", "long_definition": null, "sort": 30, "entity_name": "Time"}, "pk": 3, "model": "datum.datumgroup"}, {"fields": {"readable_name": "Item", "readable_plural_name": "Items", "active": true, "short_definition": null, "schema_name": "item", "long_definition": null, "sort": 40, "entity_name": "Item"}, "pk": 4, "model": "datum.datumgroup"}, {"fields": {"readable_name": "Category", "datum_group": 1, "readable_plural_name": "Categories", "active": true, "repr_expression": "{{name}}", "short_definition": null, "schema_name": "category", "long_definition": null, "sort": 10100, "entity_name": "Category"}, "pk": 1, "model": "datum.datumtype"}, {"fields": {"readable_name": "Project", "datum_group": 1, "readable_plural_name": "Projects", "active": true, "repr_expression": "{{name}}", "short_definition": null, "schema_name": "project", "long_definition": null, "sort": 10110, "entity_name": "Project"}, "pk": 2, "model": "datum.datumtype"}, {"fields": {"readable_name": "Context", "datum_group": 1, "readable_plural_name": "Contexts", "active": true, "repr_expression": "{{name}}", "short_definition": null, "schema_name": "context", "long_definition": null, "sort": 10120, "entity_name": "Context"}, "pk": 3, "model": "datum.datumtype"}, {"fields": {"readable_name": "Person", "datum_group": 1, "readable_plural_name": "Persons", "active": true, "repr_expression": "{{name}}", "short_definition": null, "schema_name": "person", "long_definition": null, "sort": 10130, "entity_name": "Person"}, "pk": 4, "model": "datum.datumtype"}, {"fields": {"readable_name": "Entity", "datum_group": 1, "readable_plural_name": "Entities", "active": true, "repr_expression": "{{name}}", "short_definition": null, "schema_name": "entity", "long_definition": null, "sort": 10140, "entity_name": "Entity"}, "pk": 5, "model": "datum.datumtype"}, {"fields": {"readable_name": "Location", "datum_group": 1, "readable_plural_name": "Locations", "active": true, "repr_expression": "{{name}}", "short_definition": null, "schema_name": "location", "long_definition": null, "sort": 10150, "entity_name": "Location"}, "pk": 6, "model": "datum.datumtype"}, {"fields": {"readable_name": "Contact", "datum_group": 1, "readable_plural_name": "Contacts", "active": true, "repr_expression": "{{name}}", "short_definition": null, "schema_name": "contact", "long_definition": null, "sort": 10160, "entity_name": "Contact"}, "pk": 7, "model": "datum.datumtype"}, {"fields": {"readable_name": "Action", "datum_group": 2, "readable_plural_name": "Actions", "active": true, "repr_expression": "{{description}}", "short_definition": null, "schema_name": "action", "long_definition": null, "sort": 20170, "entity_name": "Action"}, "pk": 8, "model": "datum.datumtype"}, {"fields": {"readable_name": "Principle", "datum_group": 2, "readable_plural_name": "Principles", "active": true, "repr_expression": "{{description}}", "short_definition": null, "schema_name": "principle", "long_definition": null, "sort": 20180, "entity_name": "Principle"}, "pk": 9, "model": "datum.datumtype"}, {"fields": {"readable_name": "Journal", "datum_group": 2, "readable_plural_name": "Journals", "active": true, "repr_expression": "{{description}}", "short_definition": null, "schema_name": "journal", "long_definition": null, "sort": 20190, "entity_name": "Journal"}, "pk": 10, "model": "datum.datumtype"}, {"fields": {"readable_name": "Schedule", "datum_group": 3, "readable_plural_name": "Schedules", "active": true, "repr_expression": "{{description}}", "short_definition": null, "schema_name": "schedule", "long_definition": null, "sort": 30200, "entity_name": "Schedule"}, "pk": 11, "model": "datum.datumtype"}, {"fields": {"readable_name": "Event", "datum_group": 3, "readable_plural_name": "Events", "active": true, "repr_expression": "{{endingevent}}", "short_definition": null, "schema_name": "event", "long_definition": null, "sort": 30210, "entity_name": "Event"}, "pk": 12, "model": "datum.datumtype"}, {"fields": {"readable_name": "Reminder", "datum_group": 3, "readable_plural_name": "Reminders", "active": true, "repr_expression": "{{alert}}", "short_definition": null, "schema_name": "reminder", "long_definition": null, "sort": 30220, "entity_name": "Reminder"}, "pk": 13, "model": "datum.datumtype"}, {"fields": {"readable_name": "Note", "datum_group": 4, "readable_plural_name": "Notes", "active": true, "repr_expression": "{{name}}", "short_definition": null, "schema_name": "note", "long_definition": null, "sort": 40230, "entity_name": "Note"}, "pk": 14, "model": "datum.datumtype"}, {"fields": {"readable_name": "File", "datum_group": 4, "readable_plural_name": "Files", "active": true, "repr_expression": "{{name}}", "short_definition": null, "schema_name": "file", "long_definition": null, "sort": 40240, "entity_name": "File"}, "pk": 15, "model": "datum.datumtype"}, {"fields": {"readable_name": "Directory", "datum_group": 4, "readable_plural_name": "Directories", "active": true, "repr_expression": "{{name}}", "short_definition": null, "schema_name": "directory", "long_definition": null, "sort": 40250, "entity_name": "Directory"}, "pk": 16, "model": "datum.datumtype"}, {"fields": {"readable_name": "Webpage", "datum_group": 4, "readable_plural_name": "Webpages", "active": true, "repr_expression": "{{name}}", "short_definition": null, "schema_name": "webpage", "long_definition": null, "sort": 40260, "entity_name": "Webpage"}, "pk": 17, "model": "datum.datumtype"}, {"fields": {"readable_name": "Message", "datum_group": 4, "readable_plural_name": "Messages", "active": true, "repr_expression": "{{name}}", "short_definition": null, "schema_name": "message", "long_definition": null, "sort": 40270, "entity_name": "Message"}, "pk": 18, "model": "datum.datumtype"}, {"fields": {"readable_name": "Post", "datum_group": 4, "readable_plural_name": "Posts", "active": true, "repr_expression": "{{name}}", "short_definition": null, "schema_name": "post", "long_definition": null, "sort": 40280, "entity_name": "Post"}, "pk": 19, "model": "datum.datumtype"}, {"fields": {"readable_name": "String", "readable_plural_name": "Strings", "active": true, "short_definition": "VarChar(255)", "schema_name": "string", "long_definition": "Used for all major text-based elements", "sort": 10, "entity_name": "String"}, "pk": 1, "model": "element_type.elementdatatype"}, {"fields": {"readable_name": "Text Data", "readable_plural_name": "Text Data", "active": true, "short_definition": "Text", "schema_name": "text_data", "long_definition": "Only used for string-based sub-data types, such as json or html", "sort": 20, "entity_name": "TextData"}, "pk": 2, "model": "element_type.elementdatatype"}, {"fields": {"readable_name": "Boolean", "readable_plural_name": "Booleans", "active": true, "short_definition": "Boolean", "schema_name": "boolean", "long_definition": null, "sort": 30, "entity_name": "Boolean"}, "pk": 3, "model": "element_type.elementdatatype"}, {"fields": {"readable_name": "Datetime", "readable_plural_name": "Datetimes", "active": true, "short_definition": "Datetime with Timezone", "schema_name": "datetime", "long_definition": null, "sort": 40, "entity_name": "Datetime"}, "pk": 4, "model": "element_type.elementdatatype"}, {"fields": {"readable_name": "Decimal", "readable_plural_name": "Decimals", "active": true, "short_definition": "Decimal(scale=2)", "schema_name": "decimal", "long_definition": null, "sort": 50, "entity_name": "Decimal"}, "pk": 5, "model": "element_type.elementdatatype"}, {"fields": {"readable_name": "Binary", "readable_plural_name": "Binarys", "active": true, "short_definition": "Blob", "schema_name": "binary", "long_definition": "Used for any attachments and large data", "sort": 60, "entity_name": "Binary"}, "pk": 6, "model": "element_type.elementdatatype"}, {"fields": {"readable_name": "Name", "readable_plural_name": "Names", "active": true, "default_expression": null, "short_definition": null, "editable": true, "element_data_type": 1, "schema_name": "name", "long_definition": null, "sort": 100, "entity_name": "Name"}, "pk": 1, "model": "element_type.elementtype"}, {"fields": {"readable_name": "Description", "readable_plural_name": "Descriptions", "active": true, "default_expression": null, "short_definition": null, "editable": true, "element_data_type": 1, "schema_name": "description", "long_definition": null, "sort": 110, "entity_name": "Description"}, "pk": 2, "model": "element_type.elementtype"}, {"fields": {"readable_name": "First Name", "readable_plural_name": "First Names", "active": true, "default_expression": null, "short_definition": null, "editable": true, "element_data_type": 1, "schema_name": "first_name", "long_definition": null, "sort": 120, "entity_name": "FirstName"}, "pk": 3, "model": "element_type.elementtype"}, {"fields": {"readable_name": "Last Name", "readable_plural_name": "Last Names", "active": true, "default_expression": null, "short_definition": null, "editable": true, "element_data_type": 1, "schema_name": "last_name", "long_definition": null, "sort": 130, "entity_name": "LastName"}, "pk": 4, "model": "element_type.elementtype"}, {"fields": {"readable_name": "Nickname", "readable_plural_name": "Nicknames", "active": true, "default_expression": null, "short_definition": null, "editable": true, "element_data_type": 1, "schema_name": "nickname", "long_definition": null, "sort": 140, "entity_name": "Nickname"}, "pk": 5, "model": "element_type.elementtype"}, {"fields": {"readable_name": "Birthday", "readable_plural_name": "Birthdays", "active": true, "default_expression": null, "short_definition": null, "editable": true, "element_data_type": 4, "schema_name": "birthday", "long_definition": null, "sort": 150, "entity_name": "Birthday"}, "pk": 6, "model": "element_type.elementtype"}, {"fields": {"readable_name": "Entity Type", "readable_plural_name": "Entity Types", "active": true, "default_expression": null, "short_definition": null, "editable": true, "element_data_type": 1, "schema_name": "entity_type", "long_definition": null, "sort": 160, "entity_name": "EntityType"}, "pk": 7, "model": "element_type.elementtype"}, {"fields": {"readable_name": "Street Address", "readable_plural_name": "Street Addresses", "active": true, "default_expression": null, "short_definition": null, "editable": true, "element_data_type": 1, "schema_name": "street_address", "long_definition": null, "sort": 170, "entity_name": "StreetAddress"}, "pk": 8, "model": "element_type.elementtype"}, {"fields": {"readable_name": "City", "readable_plural_name": "Citys", "active": true, "default_expression": null, "short_definition": null, "editable": true, "element_data_type": 1, "schema_name": "city", "long_definition": null, "sort": 180, "entity_name": "City"}, "pk": 9, "model": "element_type.elementtype"}, {"fields": {"readable_name": "State", "readable_plural_name": "States", "active": true, "default_expression": null, "short_definition": null, "editable": true, "element_data_type": 1, "schema_name": "state", "long_definition": null, "sort": 190, "entity_name": "State"}, "pk": 10, "model": "element_type.elementtype"}, {"fields": {"readable_name": "Zip", "readable_plural_name": "Zips", "active": true, "default_expression": null, "short_definition": null, "editable": true, "element_data_type": 1, "schema_name": "zip", "long_definition": null, "sort": 200, "entity_name": "Zip"}, "pk": 11, "model": "element_type.elementtype"}, {"fields": {"readable_name": "Country", "readable_plural_name": "Countries", "active": true, "default_expression": null, "short_definition": null, "editable": true, "element_data_type": 1, "schema_name": "country", "long_definition": null, "sort": 210, "entity_name": "Country"}, "pk": 12, "model": "element_type.elementtype"}, {"fields": {"readable_name": "Latitude", "readable_plural_name": "Latitudes", "active": true, "default_expression": null, "short_definition": null, "editable": true, "element_data_type": 1, "schema_name": "latitude", "long_definition": null, "sort": 220, "entity_name": "Latitude"}, "pk": 13, "model": "element_type.elementtype"}, {"fields": {"readable_name": "Longitude", "readable_plural_name": "Longitudes", "active": true, "default_expression": null, "short_definition": null, "editable": true, "element_data_type": 1, "schema_name": "longitude", "long_definition": null, "sort": 230, "entity_name": "Longitude"}, "pk": 14, "model": "element_type.elementtype"}, {"fields": {"readable_name": "Phone", "readable_plural_name": "Phones", "active": true, "default_expression": null, "short_definition": null, "editable": true, "element_data_type": 1, "schema_name": "phone", "long_definition": null, "sort": 240, "entity_name": "Phone"}, "pk": 15, "model": "element_type.elementtype"}, {"fields": {"readable_name": "Email", "readable_plural_name": "Emails", "active": true, "default_expression": null, "short_definition": null, "editable": true, "element_data_type": 1, "schema_name": "email", "long_definition": null, "sort": 250, "entity_name": "Email"}, "pk": 16, "model": "element_type.elementtype"}, {"fields": {"readable_name": "Website", "readable_plural_name": "Websites", "active": true, "default_expression": null, "short_definition": null, "editable": true, "element_data_type": 1, "schema_name": "website", "long_definition": null, "sort": 260, "entity_name": "Website"}, "pk": 17, "model": "element_type.elementtype"}, {"fields": {"readable_name": "Facebook", "readable_plural_name": "Facebook", "active": true, "default_expression": null, "short_definition": null, "editable": true, "element_data_type": 1, "schema_name": "facebook", "long_definition": null, "sort": 270, "entity_name": "Facebook"}, "pk": 18, "model": "element_type.elementtype"}, {"fields": {"readable_name": "LinkedIn", "readable_plural_name": "LinkedIn", "active": true, "default_expression": null, "short_definition": null, "editable": true, "element_data_type": 1, "schema_name": "linkedin", "long_definition": null, "sort": 280, "entity_name": "LinkedIn"}, "pk": 19, "model": "element_type.elementtype"}, {"fields": {"readable_name": "Twitter", "readable_plural_name": "Twitter", "active": true, "default_expression": null, "short_definition": null, "editable": true, "element_data_type": 1, "schema_name": "twitter", "long_definition": null, "sort": 290, "entity_name": "Twitter"}, "pk": 20, "model": "element_type.elementtype"}, {"fields": {"readable_name": "Action Status", "readable_plural_name": "Action Statuses", "active": true, "default_expression": null, "short_definition": null, "editable": true, "element_data_type": 1, "schema_name": "action_status", "long_definition": null, "sort": 300, "entity_name": "ActionStatus"}, "pk": 21, "model": "element_type.elementtype"}, {"fields": {"readable_name": "Action Effort", "readable_plural_name": "Action Efforts", "active": true, "default_expression": null, "short_definition": null, "editable": true, "element_data_type": 1, "schema_name": "action_effort", "long_definition": null, "sort": 310, "entity_name": "ActionEffort"}, "pk": 22, "model": "element_type.elementtype"}, {"fields": {"readable_name": "Schedule Type", "readable_plural_name": "Schedule Types", "active": true, "default_expression": null, "short_definition": null, "editable": true, "element_data_type": 1, "schema_name": "schedule_type", "long_definition": null, "sort": 320, "entity_name": "ScheduleType"}, "pk": 23, "model": "element_type.elementtype"}, {"fields": {"readable_name": "Beginning Buffer", "readable_plural_name": "Beginning Buffers", "active": true, "default_expression": null, "short_definition": null, "editable": true, "element_data_type": 4, "schema_name": "beginning_buffer", "long_definition": null, "sort": 330, "entity_name": "BeginningBuffer"}, "pk": 24, "model": "element_type.elementtype"}, {"fields": {"readable_name": "Beginning Event", "readable_plural_name": "Beginning Events", "active": true, "default_expression": null, "short_definition": null, "editable": true, "element_data_type": 4, "schema_name": "beginning_event", "long_definition": null, "sort": 340, "entity_name": "BeginningEvent"}, "pk": 25, "model": "element_type.elementtype"}, {"fields": {"readable_name": "Ending Event", "readable_plural_name": "Ending Events", "active": true, "default_expression": null, "short_definition": null, "editable": true, "element_data_type": 4, "schema_name": "ending_event", "long_definition": null, "sort": 350, "entity_name": "EndingEvent"}, "pk": 26, "model": "element_type.elementtype"}, {"fields": {"readable_name": "Ending Buffer", "readable_plural_name": "Ending Buffers", "active": true, "default_expression": null, "short_definition": null, "editable": true, "element_data_type": 4, "schema_name": "ending_buffer", "long_definition": null, "sort": 360, "entity_name": "EndingBuffer"}, "pk": 27, "model": "element_type.elementtype"}, {"fields": {"readable_name": "Event Time", "readable_plural_name": "Event Times", "active": true, "default_expression": null, "short_definition": null, "editable": true, "element_data_type": 5, "schema_name": "event_time", "long_definition": null, "sort": 370, "entity_name": "EventTime"}, "pk": 28, "model": "element_type.elementtype"}, {"fields": {"readable_name": "Total Time", "readable_plural_name": "Total Times", "active": true, "default_expression": null, "short_definition": null, "editable": true, "element_data_type": 5, "schema_name": "total_time", "long_definition": null, "sort": 380, "entity_name": "TotalTime"}, "pk": 29, "model": "element_type.elementtype"}, {"fields": {"readable_name": "Recurring Options", "readable_plural_name": "Recurring Optionss", "active": true, "default_expression": null, "short_definition": null, "editable": true, "element_data_type": 2, "schema_name": "recurring_options", "long_definition": null, "sort": 390, "entity_name": "RecurringOptions"}, "pk": 30, "model": "element_type.elementtype"}, {"fields": {"readable_name": "Alert", "readable_plural_name": "Alerts", "active": true, "default_expression": null, "short_definition": null, "editable": true, "element_data_type": 4, "schema_name": "alert", "long_definition": null, "sort": 400, "entity_name": "Alert"}, "pk": 31, "model": "element_type.elementtype"}, {"fields": {"readable_name": "Logged In", "readable_plural_name": "Logged In", "active": true, "default_expression": null, "short_definition": null, "editable": true, "element_data_type": 3, "schema_name": "logged_in", "long_definition": null, "sort": 410, "entity_name": "LoggedIn"}, "pk": 32, "model": "element_type.elementtype"}, {"fields": {"readable_name": "Item Status", "readable_plural_name": "Item Statuses", "active": true, "default_expression": null, "short_definition": null, "editable": true, "element_data_type": 1, "schema_name": "item_status", "long_definition": null, "sort": 420, "entity_name": "ItemStatus"}, "pk": 33, "model": "element_type.elementtype"}, {"fields": {"readable_name": "Item Content", "readable_plural_name": "Item Contents", "active": true, "default_expression": null, "short_definition": null, "editable": true, "element_data_type": 2, "schema_name": "item_content", "long_definition": null, "sort": 430, "entity_name": "ItemContent"}, "pk": 34, "model": "element_type.elementtype"}, {"fields": {"readable_name": "From", "readable_plural_name": "Froms", "active": true, "default_expression": null, "short_definition": null, "editable": true, "element_data_type": 1, "schema_name": "from", "long_definition": null, "sort": 440, "entity_name": "From"}, "pk": 35, "model": "element_type.elementtype"}, {"fields": {"readable_name": "To", "readable_plural_name": "Tos", "active": true, "default_expression": null, "short_definition": null, "editable": true, "element_data_type": 1, "schema_name": "to", "long_definition": null, "sort": 450, "entity_name": "To"}, "pk": 36, "model": "element_type.elementtype"}, {"fields": {"readable_name": "Link", "readable_plural_name": "Links", "active": true, "default_expression": null, "short_definition": "URL", "editable": true, "element_data_type": 1, "schema_name": "link", "long_definition": "Any local, network, or www address", "sort": 460, "entity_name": "Link"}, "pk": 37, "model": "element_type.elementtype"}, {"fields": {"readable_name": "Attachment", "readable_plural_name": "Attachments", "active": true, "default_expression": null, "short_definition": null, "editable": true, "element_data_type": 6, "schema_name": "attachment", "long_definition": "File attachment", "sort": 470, "entity_name": "Attachment"}, "pk": 38, "model": "element_type.elementtype"}, {"fields": {"readable_name": "Creation Date", "readable_plural_name": "Creation Dates", "active": true, "default_expression": null, "short_definition": null, "editable": true, "element_data_type": 4, "schema_name": "creation_date", "long_definition": "SHOULD THIS BE ROLLED INTO EVENTS?", "sort": 480, "entity_name": "CreationDate"}, "pk": 39, "model": "element_type.elementtype"}, {"fields": {"readable_name": "Modification Date", "readable_plural_name": "Modification Dates", "active": true, "default_expression": null, "short_definition": null, "editable": true, "element_data_type": 4, "schema_name": "modification_date", "long_definition": "SHOULD THIS BE ROLLED INTO EVENTS?", "sort": 490, "entity_name": "ModificationDate"}, "pk": 40, "model": "element_type.elementtype"}, {"fields": {"datum_type": 1, "active": true, "sort": 10100100, "element_type": 1}, "pk": 1, "model": "element_type.elementtypedatumtype"}, {"fields": {"datum_type": 1, "active": true, "sort": 10100110, "element_type": 2}, "pk": 2, "model": "element_type.elementtypedatumtype"}, {"fields": {"datum_type": 2, "active": true, "sort": 10200100, "element_type": 1}, "pk": 3, "model": "element_type.elementtypedatumtype"}, {"fields": {"datum_type": 2, "active": true, "sort": 10200110, "element_type": 2}, "pk": 4, "model": "element_type.elementtypedatumtype"}, {"fields": {"datum_type": 3, "active": true, "sort": 10300100, "element_type": 1}, "pk": 5, "model": "element_type.elementtypedatumtype"}, {"fields": {"datum_type": 3, "active": true, "sort": 10300110, "element_type": 2}, "pk": 6, "model": "element_type.elementtypedatumtype"}, {"fields": {"datum_type": 4, "active": true, "sort": 10400100, "element_type": 1}, "pk": 7, "model": "element_type.elementtypedatumtype"}, {"fields": {"datum_type": 4, "active": true, "sort": 10400110, "element_type": 2}, "pk": 8, "model": "element_type.elementtypedatumtype"}, {"fields": {"datum_type": 4, "active": true, "sort": 10400120, "element_type": 3}, "pk": 9, "model": "element_type.elementtypedatumtype"}, {"fields": {"datum_type": 4, "active": true, "sort": 10400130, "element_type": 4}, "pk": 10, "model": "element_type.elementtypedatumtype"}, {"fields": {"datum_type": 4, "active": true, "sort": 10400140, "element_type": 5}, "pk": 11, "model": "element_type.elementtypedatumtype"}, {"fields": {"datum_type": 4, "active": true, "sort": 10400150, "element_type": 6}, "pk": 12, "model": "element_type.elementtypedatumtype"}, {"fields": {"datum_type": 5, "active": true, "sort": 10500100, "element_type": 1}, "pk": 13, "model": "element_type.elementtypedatumtype"}, {"fields": {"datum_type": 5, "active": true, "sort": 10500110, "element_type": 2}, "pk": 14, "model": "element_type.elementtypedatumtype"}, {"fields": {"datum_type": 5, "active": true, "sort": 10500160, "element_type": 7}, "pk": 15, "model": "element_type.elementtypedatumtype"}, {"fields": {"datum_type": 6, "active": true, "sort": 10600100, "element_type": 1}, "pk": 16, "model": "element_type.elementtypedatumtype"}, {"fields": {"datum_type": 6, "active": true, "sort": 10600110, "element_type": 2}, "pk": 17, "model": "element_type.elementtypedatumtype"}, {"fields": {"datum_type": 6, "active": true, "sort": 10600170, "element_type": 8}, "pk": 18, "model": "element_type.elementtypedatumtype"}, {"fields": {"datum_type": 6, "active": true, "sort": 10600180, "element_type": 9}, "pk": 19, "model": "element_type.elementtypedatumtype"}, {"fields": {"datum_type": 6, "active": true, "sort": 10600190, "element_type": 10}, "pk": 20, "model": "element_type.elementtypedatumtype"}, {"fields": {"datum_type": 6, "active": true, "sort": 10600200, "element_type": 11}, "pk": 21, "model": "element_type.elementtypedatumtype"}, {"fields": {"datum_type": 6, "active": true, "sort": 10600210, "element_type": 12}, "pk": 22, "model": "element_type.elementtypedatumtype"}, {"fields": {"datum_type": 6, "active": true, "sort": 10600220, "element_type": 13}, "pk": 23, "model": "element_type.elementtypedatumtype"}, {"fields": {"datum_type": 6, "active": true, "sort": 10600230, "element_type": 14}, "pk": 24, "model": "element_type.elementtypedatumtype"}, {"fields": {"datum_type": 7, "active": true, "sort": 10700100, "element_type": 1}, "pk": 25, "model": "element_type.elementtypedatumtype"}, {"fields": {"datum_type": 7, "active": true, "sort": 10700110, "element_type": 2}, "pk": 26, "model": "element_type.elementtypedatumtype"}, {"fields": {"datum_type": 7, "active": true, "sort": 10700240, "element_type": 15}, "pk": 27, "model": "element_type.elementtypedatumtype"}, {"fields": {"datum_type": 7, "active": true, "sort": 10700250, "element_type": 16}, "pk": 28, "model": "element_type.elementtypedatumtype"}, {"fields": {"datum_type": 7, "active": true, "sort": 10700260, "element_type": 17}, "pk": 29, "model": "element_type.elementtypedatumtype"}, {"fields": {"datum_type": 7, "active": true, "sort": 10700270, "element_type": 18}, "pk": 30, "model": "element_type.elementtypedatumtype"}, {"fields": {"datum_type": 7, "active": true, "sort": 10700280, "element_type": 19}, "pk": 31, "model": "element_type.elementtypedatumtype"}, {"fields": {"datum_type": 7, "active": true, "sort": 10700290, "element_type": 20}, "pk": 32, "model": "element_type.elementtypedatumtype"}, {"fields": {"datum_type": 8, "active": true, "sort": 20100110, "element_type": 2}, "pk": 33, "model": "element_type.elementtypedatumtype"}, {"fields": {"datum_type": 8, "active": true, "sort": 20100300, "element_type": 21}, "pk": 34, "model": "element_type.elementtypedatumtype"}, {"fields": {"datum_type": 8, "active": true, "sort": 20100310, "element_type": 22}, "pk": 35, "model": "element_type.elementtypedatumtype"}, {"fields": {"datum_type": 9, "active": true, "sort": 20200110, "element_type": 2}, "pk": 36, "model": "element_type.elementtypedatumtype"}, {"fields": {"datum_type": 10, "active": true, "sort": 20300110, "element_type": 2}, "pk": 37, "model": "element_type.elementtypedatumtype"}, {"fields": {"datum_type": 11, "active": true, "sort": 30100100, "element_type": 1}, "pk": 38, "model": "element_type.elementtypedatumtype"}, {"fields": {"datum_type": 11, "active": true, "sort": 30100320, "element_type": 23}, "pk": 39, "model": "element_type.elementtypedatumtype"}, {"fields": {"datum_type": 12, "active": true, "sort": 30200330, "element_type": 24}, "pk": 40, "model": "element_type.elementtypedatumtype"}, {"fields": {"datum_type": 12, "active": true, "sort": 30200340, "element_type": 25}, "pk": 41, "model": "element_type.elementtypedatumtype"}, {"fields": {"datum_type": 12, "active": true, "sort": 30200350, "element_type": 26}, "pk": 42, "model": "element_type.elementtypedatumtype"}, {"fields": {"datum_type": 12, "active": true, "sort": 30200360, "element_type": 27}, "pk": 43, "model": "element_type.elementtypedatumtype"}, {"fields": {"datum_type": 12, "active": true, "sort": 30200370, "element_type": 28}, "pk": 44, "model": "element_type.elementtypedatumtype"}, {"fields": {"datum_type": 12, "active": true, "sort": 30200380, "element_type": 29}, "pk": 45, "model": "element_type.elementtypedatumtype"}, {"fields": {"datum_type": 12, "active": true, "sort": 30200390, "element_type": 30}, "pk": 46, "model": "element_type.elementtypedatumtype"}, {"fields": {"datum_type": 13, "active": true, "sort": 30300390, "element_type": 30}, "pk": 47, "model": "element_type.elementtypedatumtype"}, {"fields": {"datum_type": 13, "active": true, "sort": 30300400, "element_type": 31}, "pk": 48, "model": "element_type.elementtypedatumtype"}, {"fields": {"datum_type": 13, "active": true, "sort": 30300410, "element_type": 32}, "pk": 49, "model": "element_type.elementtypedatumtype"}, {"fields": {"datum_type": 14, "active": true, "sort": 40100100, "element_type": 1}, "pk": 50, "model": "element_type.elementtypedatumtype"}, {"fields": {"datum_type": 14, "active": true, "sort": 40100420, "element_type": 33}, "pk": 51, "model": "element_type.elementtypedatumtype"}, {"fields": {"datum_type": 14, "active": true, "sort": 40100430, "element_type": 34}, "pk": 52, "model": "element_type.elementtypedatumtype"}, {"fields": {"datum_type": 14, "active": true, "sort": 40100460, "element_type": 37}, "pk": 53, "model": "element_type.elementtypedatumtype"}, {"fields": {"datum_type": 15, "active": true, "sort": 40200100, "element_type": 1}, "pk": 54, "model": "element_type.elementtypedatumtype"}, {"fields": {"datum_type": 15, "active": true, "sort": 40200110, "element_type": 2}, "pk": 55, "model": "element_type.elementtypedatumtype"}, {"fields": {"datum_type": 15, "active": true, "sort": 40200420, "element_type": 33}, "pk": 56, "model": "element_type.elementtypedatumtype"}, {"fields": {"datum_type": 15, "active": true, "sort": 40200460, "element_type": 37}, "pk": 57, "model": "element_type.elementtypedatumtype"}, {"fields": {"datum_type": 15, "active": true, "sort": 40200470, "element_type": 38}, "pk": 58, "model": "element_type.elementtypedatumtype"}, {"fields": {"datum_type": 15, "active": true, "sort": 40200480, "element_type": 39}, "pk": 59, "model": "element_type.elementtypedatumtype"}, {"fields": {"datum_type": 15, "active": true, "sort": 40200490, "element_type": 40}, "pk": 60, "model": "element_type.elementtypedatumtype"}, {"fields": {"datum_type": 16, "active": true, "sort": 40300100, "element_type": 1}, "pk": 61, "model": "element_type.elementtypedatumtype"}, {"fields": {"datum_type": 16, "active": true, "sort": 40300110, "element_type": 2}, "pk": 62, "model": "element_type.elementtypedatumtype"}, {"fields": {"datum_type": 16, "active": true, "sort": 40300420, "element_type": 33}, "pk": 63, "model": "element_type.elementtypedatumtype"}, {"fields": {"datum_type": 16, "active": true, "sort": 40300460, "element_type": 37}, "pk": 64, "model": "element_type.elementtypedatumtype"}, {"fields": {"datum_type": 16, "active": true, "sort": 40300480, "element_type": 39}, "pk": 65, "model": "element_type.elementtypedatumtype"}, {"fields": {"datum_type": 16, "active": true, "sort": 40300490, "element_type": 40}, "pk": 66, "model": "element_type.elementtypedatumtype"}, {"fields": {"datum_type": 17, "active": true, "sort": 40400100, "element_type": 1}, "pk": 67, "model": "element_type.elementtypedatumtype"}, {"fields": {"datum_type": 17, "active": true, "sort": 40400110, "element_type": 2}, "pk": 68, "model": "element_type.elementtypedatumtype"}, {"fields": {"datum_type": 17, "active": true, "sort": 40400420, "element_type": 33}, "pk": 69, "model": "element_type.elementtypedatumtype"}, {"fields": {"datum_type": 17, "active": true, "sort": 40400460, "element_type": 37}, "pk": 70, "model": "element_type.elementtypedatumtype"}, {"fields": {"datum_type": 18, "active": true, "sort": 40500100, "element_type": 1}, "pk": 71, "model": "element_type.elementtypedatumtype"}, {"fields": {"datum_type": 18, "active": true, "sort": 40500430, "element_type": 34}, "pk": 72, "model": "element_type.elementtypedatumtype"}, {"fields": {"datum_type": 18, "active": true, "sort": 40500440, "element_type": 35}, "pk": 73, "model": "element_type.elementtypedatumtype"}, {"fields": {"datum_type": 18, "active": true, "sort": 40500450, "element_type": 36}, "pk": 74, "model": "element_type.elementtypedatumtype"}, {"fields": {"datum_type": 18, "active": true, "sort": 40500480, "element_type": 39}, "pk": 75, "model": "element_type.elementtypedatumtype"}, {"fields": {"datum_type": 19, "active": true, "sort": 40600100, "element_type": 1}, "pk": 76, "model": "element_type.elementtypedatumtype"}, {"fields": {"datum_type": 19, "active": true, "sort": 40600110, "element_type": 2}, "pk": 77, "model": "element_type.elementtypedatumtype"}, {"fields": {"datum_type": 19, "active": true, "sort": 40600420, "element_type": 33}, "pk": 78, "model": "element_type.elementtypedatumtype"}, {"fields": {"datum_type": 19, "active": true, "sort": 40600430, "element_type": 34}, "pk": 79, "model": "element_type.elementtypedatumtype"}, {"fields": {"datum_type": 19, "active": true, "sort": 40600460, "element_type": 37}, "pk": 80, "model": "element_type.elementtypedatumtype"}, {"fields": {"datum_type": 19, "active": true, "sort": 40600480, "element_type": 39}, "pk": 81, "model": "element_type.elementtypedatumtype"}, {"fields": {"readable_name": "Business", "readable_plural_name": "Businesses", "active": true, "element_type": 7, "short_definition": null, "schema_name": "business", "long_definition": null, "sort": 16010, "entity_name": "Business"}, "pk": 1, "model": "element_type.elementoption"}, {"fields": {"readable_name": "Non-Profit", "readable_plural_name": "Non-Profits", "active": true, "element_type": 7, "short_definition": null, "schema_name": "non-profit", "long_definition": null, "sort": 16020, "entity_name": "Non-Profit"}, "pk": 2, "model": "element_type.elementoption"}, {"fields": {"readable_name": "Education", "readable_plural_name": "Education", "active": true, "element_type": 7, "short_definition": null, "schema_name": "education", "long_definition": null, "sort": 16030, "entity_name": "Education"}, "pk": 3, "model": "element_type.elementoption"}, {"fields": {"readable_name": "Food", "readable_plural_name": "Food", "active": true, "element_type": 7, "short_definition": null, "schema_name": "food", "long_definition": null, "sort": 16040, "entity_name": "Food"}, "pk": 4, "model": "element_type.elementoption"}, {"fields": {"readable_name": "Service", "readable_plural_name": "Services", "active": true, "element_type": 7, "short_definition": null, "schema_name": "service", "long_definition": null, "sort": 16050, "entity_name": "Service"}, "pk": 5, "model": "element_type.elementoption"}, {"fields": {"readable_name": "Cultural", "readable_plural_name": "Cultural", "active": true, "element_type": 7, "short_definition": null, "schema_name": "cultural", "long_definition": null, "sort": 16060, "entity_name": "Cultural"}, "pk": 6, "model": "element_type.elementoption"}, {"fields": {"readable_name": "Religious", "readable_plural_name": "Religious", "active": true, "element_type": 7, "short_definition": null, "schema_name": "religious", "long_definition": null, "sort": 16070, "entity_name": "Religious"}, "pk": 7, "model": "element_type.elementoption"}, {"fields": {"readable_name": "Government", "readable_plural_name": "Governments", "active": true, "element_type": 7, "short_definition": null, "schema_name": "government", "long_definition": null, "sort": 16080, "entity_name": "Government"}, "pk": 8, "model": "element_type.elementoption"}, {"fields": {"readable_name": "Social", "readable_plural_name": "Social", "active": true, "element_type": 7, "short_definition": null, "schema_name": "social", "long_definition": null, "sort": 16090, "entity_name": "Social"}, "pk": 9, "model": "element_type.elementoption"}, {"fields": {"readable_name": "New", "readable_plural_name": "New", "active": true, "element_type": 21, "short_definition": null, "schema_name": "new", "long_definition": null, "sort": 30010, "entity_name": "ActionNew"}, "pk": 10, "model": "element_type.elementoption"}, {"fields": {"readable_name": "Someday", "readable_plural_name": "Someday", "active": true, "element_type": 21, "short_definition": null, "schema_name": "someday", "long_definition": null, "sort": 30020, "entity_name": "ActionSomeday"}, "pk": 11, "model": "element_type.elementoption"}, {"fields": {"readable_name": "Upcoming", "readable_plural_name": "Upcoming", "active": true, "element_type": 21, "short_definition": null, "schema_name": "upcoming", "long_definition": null, "sort": 30030, "entity_name": "ActionUpcoming"}, "pk": 12, "model": "element_type.elementoption"}, {"fields": {"readable_name": "Current", "readable_plural_name": "Current", "active": true, "element_type": 21, "short_definition": null, "schema_name": "current", "long_definition": null, "sort": 30040, "entity_name": "ActionCurrent"}, "pk": 13, "model": "element_type.elementoption"}, {"fields": {"readable_name": "In Progress", "readable_plural_name": "In Progress", "active": true, "element_type": 21, "short_definition": null, "schema_name": "in_progress", "long_definition": null, "sort": 30050, "entity_name": "ActionInProgress"}, "pk": 14, "model": "element_type.elementoption"}, {"fields": {"readable_name": "Complete", "readable_plural_name": "Complete", "active": true, "element_type": 21, "short_definition": null, "schema_name": "complete", "long_definition": null, "sort": 30060, "entity_name": "ActionComplete"}, "pk": 15, "model": "element_type.elementoption"}, {"fields": {"readable_name": "WaitingFor", "readable_plural_name": "WaitingFor", "active": true, "element_type": 21, "short_definition": null, "schema_name": "waitingfor", "long_definition": null, "sort": 30070, "entity_name": "ActionWaitingFor"}, "pk": 16, "model": "element_type.elementoption"}, {"fields": {"readable_name": "1", "readable_plural_name": "1", "active": true, "element_type": 22, "short_definition": "Very Easy", "schema_name": "1", "long_definition": null, "sort": 31010, "entity_name": "1"}, "pk": 17, "model": "element_type.elementoption"}, {"fields": {"readable_name": "2", "readable_plural_name": "2", "active": true, "element_type": 22, "short_definition": "Easy", "schema_name": "2", "long_definition": null, "sort": 31020, "entity_name": "2"}, "pk": 18, "model": "element_type.elementoption"}, {"fields": {"readable_name": "3", "readable_plural_name": "3", "active": true, "element_type": 22, "short_definition": "Neither Easy or Hard", "schema_name": "3", "long_definition": null, "sort": 31030, "entity_name": "3"}, "pk": 19, "model": "element_type.elementoption"}, {"fields": {"readable_name": "4", "readable_plural_name": "4", "active": true, "element_type": 22, "short_definition": "Hard", "schema_name": "4", "long_definition": null, "sort": 31040, "entity_name": "4"}, "pk": 20, "model": "element_type.elementoption"}, {"fields": {"readable_name": "5", "readable_plural_name": "5", "active": true, "element_type": 22, "short_definition": "Very Hard", "schema_name": "5", "long_definition": null, "sort": 31050, "entity_name": "5"}, "pk": 21, "model": "element_type.elementoption"}, {"fields": {"readable_name": "Actual", "readable_plural_name": "Actuals", "active": true, "element_type": 23, "short_definition": null, "schema_name": "actual", "long_definition": null, "sort": 32010, "entity_name": "Actual"}, "pk": 22, "model": "element_type.elementoption"}, {"fields": {"readable_name": "Planned", "readable_plural_name": "Planneds", "active": true, "element_type": 23, "short_definition": null, "schema_name": "planned", "long_definition": null, "sort": 32020, "entity_name": "Planned"}, "pk": 23, "model": "element_type.elementoption"}, {"fields": {"readable_name": "Placeholder", "readable_plural_name": "Placeholders", "active": true, "element_type": 30, "short_definition": null, "schema_name": "placeholder", "long_definition": null, "sort": 39010, "entity_name": "Placeholder"}, "pk": 24, "model": "element_type.elementoption"}, {"fields": {"readable_name": "New", "readable_plural_name": "New", "active": true, "element_type": 33, "short_definition": null, "schema_name": "new", "long_definition": null, "sort": 42010, "entity_name": "ItemNew"}, "pk": 25, "model": "element_type.elementoption"}, {"fields": {"readable_name": "Start", "readable_plural_name": "Start", "active": true, "element_type": 33, "short_definition": null, "schema_name": "start", "long_definition": null, "sort": 42020, "entity_name": "ItemStart"}, "pk": 26, "model": "element_type.elementoption"}, {"fields": {"readable_name": "Working", "readable_plural_name": "Working", "active": true, "element_type": 33, "short_definition": null, "schema_name": "working", "long_definition": null, "sort": 42030, "entity_name": "ItemWorking"}, "pk": 27, "model": "element_type.elementoption"}, {"fields": {"readable_name": "Edit", "readable_plural_name": "Edit", "active": true, "element_type": 33, "short_definition": null, "schema_name": "edit", "long_definition": null, "sort": 42040, "entity_name": "ItemEdit"}, "pk": 28, "model": "element_type.elementoption"}, {"fields": {"readable_name": "Complete", "readable_plural_name": "Complete", "active": true, "element_type": 33, "short_definition": null, "schema_name": "complete", "long_definition": null, "sort": 42050, "entity_name": "ItemComplete"}, "pk": 29, "model": "element_type.elementoption"}, {"fields": {"readable_name": "Backward", "readable_plural_name": "Backwards", "active": true, "short_definition": null, "schema_name": "backward", "long_definition": null, "sort": 102, "entity_name": "backward"}, "pk": 1, "model": "association.associationdirection"}, {"fields": {"readable_name": "Forward", "readable_plural_name": "Forwards", "active": true, "short_definition": null, "schema_name": "forward", "long_definition": null, "sort": 101, "entity_name": "forward"}, "pk": 2, "model": "association.associationdirection"}, {"fields": {"readable_name": "All", "readable_plural_name": "All", "active": true, "short_definition": null, "schema_name": "all", "long_definition": null, "sort": 100, "entity_name": "all"}, "pk": 3, "model": "association.associationdirection"}]