[
  {
    "model": "auth.permission",
    "fields": {
      "name": "Can add log entry",
      "content_type": 1,
      "codename": "add_logentry"
    },
    "pk": 1
  },
  {
    "model": "auth.permission",
    "fields": {
      "name": "Can change log entry",
      "content_type": 1,
      "codename": "change_logentry"
    },
    "pk": 2
  },
  {
    "model": "auth.permission",
    "fields": {
      "name": "Can delete log entry",
      "content_type": 1,
      "codename": "delete_logentry"
    },
    "pk": 3
  },
  {
    "model": "auth.permission",
    "fields": {
      "name": "Can add permission",
      "content_type": 2,
      "codename": "add_permission"
    },
    "pk": 4
  },
  {
    "model": "auth.permission",
    "fields": {
      "name": "Can change permission",
      "content_type": 2,
      "codename": "change_permission"
    },
    "pk": 5
  },
  {
    "model": "auth.permission",
    "fields": {
      "name": "Can delete permission",
      "content_type": 2,
      "codename": "delete_permission"
    },
    "pk": 6
  },
  {
    "model": "auth.permission",
    "fields": {
      "name": "Can add group",
      "content_type": 3,
      "codename": "add_group"
    },
    "pk": 7
  },
  {
    "model": "auth.permission",
    "fields": {
      "name": "Can change group",
      "content_type": 3,
      "codename": "change_group"
    },
    "pk": 8
  },
  {
    "model": "auth.permission",
    "fields": {
      "name": "Can delete group",
      "content_type": 3,
      "codename": "delete_group"
    },
    "pk": 9
  },
  {
    "model": "auth.permission",
    "fields": {
      "name": "Can add user",
      "content_type": 4,
      "codename": "add_user"
    },
    "pk": 10
  },
  {
    "model": "auth.permission",
    "fields": {
      "name": "Can change user",
      "content_type": 4,
      "codename": "change_user"
    },
    "pk": 11
  },
  {
    "model": "auth.permission",
    "fields": {
      "name": "Can delete user",
      "content_type": 4,
      "codename": "delete_user"
    },
    "pk": 12
  },
  {
    "model": "auth.permission",
    "fields": {
      "name": "Can add content type",
      "content_type": 5,
      "codename": "add_contenttype"
    },
    "pk": 13
  },
  {
    "model": "auth.permission",
    "fields": {
      "name": "Can change content type",
      "content_type": 5,
      "codename": "change_contenttype"
    },
    "pk": 14
  },
  {
    "model": "auth.permission",
    "fields": {
      "name": "Can delete content type",
      "content_type": 5,
      "codename": "delete_contenttype"
    },
    "pk": 15
  },
  {
    "model": "auth.permission",
    "fields": {
      "name": "Can add session",
      "content_type": 6,
      "codename": "add_session"
    },
    "pk": 16
  },
  {
    "model": "auth.permission",
    "fields": {
      "name": "Can change session",
      "content_type": 6,
      "codename": "change_session"
    },
    "pk": 17
  },
  {
    "model": "auth.permission",
    "fields": {
      "name": "Can delete session",
      "content_type": 6,
      "codename": "delete_session"
    },
    "pk": 18
  },
  {
    "model": "auth.permission",
    "fields": {
      "name": "Can add Datum Group",
      "content_type": 7,
      "codename": "add_datumgroup"
    },
    "pk": 19
  },
  {
    "model": "auth.permission",
    "fields": {
      "name": "Can change Datum Group",
      "content_type": 7,
      "codename": "change_datumgroup"
    },
    "pk": 20
  },
  {
    "model": "auth.permission",
    "fields": {
      "name": "Can delete Datum Group",
      "content_type": 7,
      "codename": "delete_datumgroup"
    },
    "pk": 21
  },
  {
    "model": "auth.permission",
    "fields": {
      "name": "Can add Datum Type",
      "content_type": 8,
      "codename": "add_datumtype"
    },
    "pk": 22
  },
  {
    "model": "auth.permission",
    "fields": {
      "name": "Can change Datum Type",
      "content_type": 8,
      "codename": "change_datumtype"
    },
    "pk": 23
  },
  {
    "model": "auth.permission",
    "fields": {
      "name": "Can delete Datum Type",
      "content_type": 8,
      "codename": "delete_datumtype"
    },
    "pk": 24
  },
  {
    "model": "auth.permission",
    "fields": {
      "name": "Can add Datum",
      "content_type": 9,
      "codename": "add_datumobject"
    },
    "pk": 25
  },
  {
    "model": "auth.permission",
    "fields": {
      "name": "Can change Datum",
      "content_type": 9,
      "codename": "change_datumobject"
    },
    "pk": 26
  },
  {
    "model": "auth.permission",
    "fields": {
      "name": "Can delete Datum",
      "content_type": 9,
      "codename": "delete_datumobject"
    },
    "pk": 27
  },
  {
    "model": "auth.permission",
    "fields": {
      "name": "Can add Element Data Type",
      "content_type": 10,
      "codename": "add_elementdatatype"
    },
    "pk": 28
  },
  {
    "model": "auth.permission",
    "fields": {
      "name": "Can change Element Data Type",
      "content_type": 10,
      "codename": "change_elementdatatype"
    },
    "pk": 29
  },
  {
    "model": "auth.permission",
    "fields": {
      "name": "Can delete Element Data Type",
      "content_type": 10,
      "codename": "delete_elementdatatype"
    },
    "pk": 30
  },
  {
    "model": "auth.permission",
    "fields": {
      "name": "Can add element type",
      "content_type": 11,
      "codename": "add_elementtype"
    },
    "pk": 31
  },
  {
    "model": "auth.permission",
    "fields": {
      "name": "Can change element type",
      "content_type": 11,
      "codename": "change_elementtype"
    },
    "pk": 32
  },
  {
    "model": "auth.permission",
    "fields": {
      "name": "Can delete element type",
      "content_type": 11,
      "codename": "delete_elementtype"
    },
    "pk": 33
  },
  {
    "model": "auth.permission",
    "fields": {
      "name": "Can add Element Option",
      "content_type": 12,
      "codename": "add_elementoption"
    },
    "pk": 34
  },
  {
    "model": "auth.permission",
    "fields": {
      "name": "Can change Element Option",
      "content_type": 12,
      "codename": "change_elementoption"
    },
    "pk": 35
  },
  {
    "model": "auth.permission",
    "fields": {
      "name": "Can delete Element Option",
      "content_type": 12,
      "codename": "delete_elementoption"
    },
    "pk": 36
  },
  {
    "model": "auth.permission",
    "fields": {
      "name": "Can add Element Type - Datum Type",
      "content_type": 13,
      "codename": "add_elementtypedatumtype"
    },
    "pk": 37
  },
  {
    "model": "auth.permission",
    "fields": {
      "name": "Can change Element Type - Datum Type",
      "content_type": 13,
      "codename": "change_elementtypedatumtype"
    },
    "pk": 38
  },
  {
    "model": "auth.permission",
    "fields": {
      "name": "Can delete Element Type - Datum Type",
      "content_type": 13,
      "codename": "delete_elementtypedatumtype"
    },
    "pk": 39
  },
  {
    "model": "auth.permission",
    "fields": {
      "name": "Can add Element Type - Datum Object",
      "content_type": 14,
      "codename": "add_elementtypedatumobject"
    },
    "pk": 40
  },
  {
    "model": "auth.permission",
    "fields": {
      "name": "Can change Element Type - Datum Object",
      "content_type": 14,
      "codename": "change_elementtypedatumobject"
    },
    "pk": 41
  },
  {
    "model": "auth.permission",
    "fields": {
      "name": "Can delete Element Type - Datum Object",
      "content_type": 14,
      "codename": "delete_elementtypedatumobject"
    },
    "pk": 42
  },
  {
    "model": "auth.permission",
    "fields": {
      "name": "Can add Element Value",
      "content_type": 15,
      "codename": "add_elementvaluestring"
    },
    "pk": 43
  },
  {
    "model": "auth.permission",
    "fields": {
      "name": "Can change Element Value",
      "content_type": 15,
      "codename": "change_elementvaluestring"
    },
    "pk": 44
  },
  {
    "model": "auth.permission",
    "fields": {
      "name": "Can delete Element Value",
      "content_type": 15,
      "codename": "delete_elementvaluestring"
    },
    "pk": 45
  },
  {
    "model": "auth.permission",
    "fields": {
      "name": "Can add Element Value",
      "content_type": 16,
      "codename": "add_elementvaluetextdata"
    },
    "pk": 46
  },
  {
    "model": "auth.permission",
    "fields": {
      "name": "Can change Element Value",
      "content_type": 16,
      "codename": "change_elementvaluetextdata"
    },
    "pk": 47
  },
  {
    "model": "auth.permission",
    "fields": {
      "name": "Can delete Element Value",
      "content_type": 16,
      "codename": "delete_elementvaluetextdata"
    },
    "pk": 48
  },
  {
    "model": "auth.permission",
    "fields": {
      "name": "Can add Element Value",
      "content_type": 17,
      "codename": "add_elementvalueboolean"
    },
    "pk": 49
  },
  {
    "model": "auth.permission",
    "fields": {
      "name": "Can change Element Value",
      "content_type": 17,
      "codename": "change_elementvalueboolean"
    },
    "pk": 50
  },
  {
    "model": "auth.permission",
    "fields": {
      "name": "Can delete Element Value",
      "content_type": 17,
      "codename": "delete_elementvalueboolean"
    },
    "pk": 51
  },
  {
    "model": "auth.permission",
    "fields": {
      "name": "Can add Element Value",
      "content_type": 18,
      "codename": "add_elementvaluedatetime"
    },
    "pk": 52
  },
  {
    "model": "auth.permission",
    "fields": {
      "name": "Can change Element Value",
      "content_type": 18,
      "codename": "change_elementvaluedatetime"
    },
    "pk": 53
  },
  {
    "model": "auth.permission",
    "fields": {
      "name": "Can delete Element Value",
      "content_type": 18,
      "codename": "delete_elementvaluedatetime"
    },
    "pk": 54
  },
  {
    "model": "auth.permission",
    "fields": {
      "name": "Can add Element Value",
      "content_type": 19,
      "codename": "add_elementvaluedecimal"
    },
    "pk": 55
  },
  {
    "model": "auth.permission",
    "fields": {
      "name": "Can change Element Value",
      "content_type": 19,
      "codename": "change_elementvaluedecimal"
    },
    "pk": 56
  },
  {
    "model": "auth.permission",
    "fields": {
      "name": "Can delete Element Value",
      "content_type": 19,
      "codename": "delete_elementvaluedecimal"
    },
    "pk": 57
  },
  {
    "model": "auth.permission",
    "fields": {
      "name": "Can add Element Value",
      "content_type": 20,
      "codename": "add_elementvaluebinary"
    },
    "pk": 58
  },
  {
    "model": "auth.permission",
    "fields": {
      "name": "Can change Element Value",
      "content_type": 20,
      "codename": "change_elementvaluebinary"
    },
    "pk": 59
  },
  {
    "model": "auth.permission",
    "fields": {
      "name": "Can delete Element Value",
      "content_type": 20,
      "codename": "delete_elementvaluebinary"
    },
    "pk": 60
  },
  {
    "model": "auth.permission",
    "fields": {
      "name": "Can add Association Type",
      "content_type": 21,
      "codename": "add_associationtype"
    },
    "pk": 61
  },
  {
    "model": "auth.permission",
    "fields": {
      "name": "Can change Association Type",
      "content_type": 21,
      "codename": "change_associationtype"
    },
    "pk": 62
  },
  {
    "model": "auth.permission",
    "fields": {
      "name": "Can delete Association Type",
      "content_type": 21,
      "codename": "delete_associationtype"
    },
    "pk": 63
  },
  {
    "model": "auth.permission",
    "fields": {
      "name": "Can add Association Direction",
      "content_type": 22,
      "codename": "add_associationdirection"
    },
    "pk": 64
  },
  {
    "model": "auth.permission",
    "fields": {
      "name": "Can change Association Direction",
      "content_type": 22,
      "codename": "change_associationdirection"
    },
    "pk": 65
  },
  {
    "model": "auth.permission",
    "fields": {
      "name": "Can delete Association Direction",
      "content_type": 22,
      "codename": "delete_associationdirection"
    },
    "pk": 66
  },
  {
    "model": "auth.permission",
    "fields": {
      "name": "Can add Association Adjacent",
      "content_type": 23,
      "codename": "add_associationadjacent"
    },
    "pk": 67
  },
  {
    "model": "auth.permission",
    "fields": {
      "name": "Can change Association Adjacent",
      "content_type": 23,
      "codename": "change_associationadjacent"
    },
    "pk": 68
  },
  {
    "model": "auth.permission",
    "fields": {
      "name": "Can delete Association Adjacent",
      "content_type": 23,
      "codename": "delete_associationadjacent"
    },
    "pk": 69
  },
  {
    "model": "auth.permission",
    "fields": {
      "name": "Can add Association All",
      "content_type": 24,
      "codename": "add_associationall"
    },
    "pk": 70
  },
  {
    "model": "auth.permission",
    "fields": {
      "name": "Can change Association All",
      "content_type": 24,
      "codename": "change_associationall"
    },
    "pk": 71
  },
  {
    "model": "auth.permission",
    "fields": {
      "name": "Can delete Association All",
      "content_type": 24,
      "codename": "delete_associationall"
    },
    "pk": 72
  },
  {
    "model": "auth.permission",
    "fields": {
      "name": "Can add Filter Rule - Group",
      "content_type": 25,
      "codename": "add_filterrulegroup"
    },
    "pk": 73
  },
  {
    "model": "auth.permission",
    "fields": {
      "name": "Can change Filter Rule - Group",
      "content_type": 25,
      "codename": "change_filterrulegroup"
    },
    "pk": 74
  },
  {
    "model": "auth.permission",
    "fields": {
      "name": "Can delete Filter Rule - Group",
      "content_type": 25,
      "codename": "delete_filterrulegroup"
    },
    "pk": 75
  },
  {
    "model": "auth.permission",
    "fields": {
      "name": "Can add Filter Rule - Type",
      "content_type": 26,
      "codename": "add_filterruletype"
    },
    "pk": 76
  },
  {
    "model": "auth.permission",
    "fields": {
      "name": "Can change Filter Rule - Type",
      "content_type": 26,
      "codename": "change_filterruletype"
    },
    "pk": 77
  },
  {
    "model": "auth.permission",
    "fields": {
      "name": "Can delete Filter Rule - Type",
      "content_type": 26,
      "codename": "delete_filterruletype"
    },
    "pk": 78
  },
  {
    "model": "auth.permission",
    "fields": {
      "name": "Can add Filter Rule - Association",
      "content_type": 27,
      "codename": "add_filterruleassociation"
    },
    "pk": 79
  },
  {
    "model": "auth.permission",
    "fields": {
      "name": "Can change Filter Rule - Association",
      "content_type": 27,
      "codename": "change_filterruleassociation"
    },
    "pk": 80
  },
  {
    "model": "auth.permission",
    "fields": {
      "name": "Can delete Filter Rule - Association",
      "content_type": 27,
      "codename": "delete_filterruleassociation"
    },
    "pk": 81
  },
  {
    "model": "auth.permission",
    "fields": {
      "name": "Can add Filter Rule - Element",
      "content_type": 28,
      "codename": "add_filterruleelement"
    },
    "pk": 82
  },
  {
    "model": "auth.permission",
    "fields": {
      "name": "Can change Filter Rule - Element",
      "content_type": 28,
      "codename": "change_filterruleelement"
    },
    "pk": 83
  },
  {
    "model": "auth.permission",
    "fields": {
      "name": "Can delete Filter Rule - Element",
      "content_type": 28,
      "codename": "delete_filterruleelement"
    },
    "pk": 84
  },
  {
    "model": "auth.permission",
    "fields": {
      "name": "Can add Filter Set",
      "content_type": 29,
      "codename": "add_filterset"
    },
    "pk": 85
  },
  {
    "model": "auth.permission",
    "fields": {
      "name": "Can change Filter Set",
      "content_type": 29,
      "codename": "change_filterset"
    },
    "pk": 86
  },
  {
    "model": "auth.permission",
    "fields": {
      "name": "Can delete Filter Set",
      "content_type": 29,
      "codename": "delete_filterset"
    },
    "pk": 87
  },
  {
    "model": "auth.permission",
    "fields": {
      "name": "Can add filter set group rule",
      "content_type": 30,
      "codename": "add_filtersetgrouprule"
    },
    "pk": 88
  },
  {
    "model": "auth.permission",
    "fields": {
      "name": "Can change filter set group rule",
      "content_type": 30,
      "codename": "change_filtersetgrouprule"
    },
    "pk": 89
  },
  {
    "model": "auth.permission",
    "fields": {
      "name": "Can delete filter set group rule",
      "content_type": 30,
      "codename": "delete_filtersetgrouprule"
    },
    "pk": 90
  },
  {
    "model": "auth.permission",
    "fields": {
      "name": "Can add filter set type rule",
      "content_type": 31,
      "codename": "add_filtersettyperule"
    },
    "pk": 91
  },
  {
    "model": "auth.permission",
    "fields": {
      "name": "Can change filter set type rule",
      "content_type": 31,
      "codename": "change_filtersettyperule"
    },
    "pk": 92
  },
  {
    "model": "auth.permission",
    "fields": {
      "name": "Can delete filter set type rule",
      "content_type": 31,
      "codename": "delete_filtersettyperule"
    },
    "pk": 93
  },
  {
    "model": "auth.permission",
    "fields": {
      "name": "Can add filter set association rule",
      "content_type": 32,
      "codename": "add_filtersetassociationrule"
    },
    "pk": 94
  },
  {
    "model": "auth.permission",
    "fields": {
      "name": "Can change filter set association rule",
      "content_type": 32,
      "codename": "change_filtersetassociationrule"
    },
    "pk": 95
  },
  {
    "model": "auth.permission",
    "fields": {
      "name": "Can delete filter set association rule",
      "content_type": 32,
      "codename": "delete_filtersetassociationrule"
    },
    "pk": 96
  },
  {
    "model": "auth.permission",
    "fields": {
      "name": "Can add filter set element rule",
      "content_type": 33,
      "codename": "add_filtersetelementrule"
    },
    "pk": 97
  },
  {
    "model": "auth.permission",
    "fields": {
      "name": "Can change filter set element rule",
      "content_type": 33,
      "codename": "change_filtersetelementrule"
    },
    "pk": 98
  },
  {
    "model": "auth.permission",
    "fields": {
      "name": "Can delete filter set element rule",
      "content_type": 33,
      "codename": "delete_filtersetelementrule"
    },
    "pk": 99
  },
  {
    "model": "auth.permission",
    "fields": {
      "name": "Can add Datum Type Watchword",
      "content_type": 34,
      "codename": "add_watchworddatumtype"
    },
    "pk": 100
  },
  {
    "model": "auth.permission",
    "fields": {
      "name": "Can change Datum Type Watchword",
      "content_type": 34,
      "codename": "change_watchworddatumtype"
    },
    "pk": 101
  },
  {
    "model": "auth.permission",
    "fields": {
      "name": "Can delete Datum Type Watchword",
      "content_type": 34,
      "codename": "delete_watchworddatumtype"
    },
    "pk": 102
  },
  {
    "model": "auth.permission",
    "fields": {
      "name": "Can add Datum Object Watchword",
      "content_type": 35,
      "codename": "add_watchworddatumobject"
    },
    "pk": 103
  },
  {
    "model": "auth.permission",
    "fields": {
      "name": "Can change Datum Object Watchword",
      "content_type": 35,
      "codename": "change_watchworddatumobject"
    },
    "pk": 104
  },
  {
    "model": "auth.permission",
    "fields": {
      "name": "Can delete Datum Object Watchword",
      "content_type": 35,
      "codename": "delete_watchworddatumobject"
    },
    "pk": 105
  },
  {
    "model": "auth.permission",
    "fields": {
      "name": "Can add Association Type Watchword",
      "content_type": 36,
      "codename": "add_watchwordassociationtype"
    },
    "pk": 106
  },
  {
    "model": "auth.permission",
    "fields": {
      "name": "Can change Association Type Watchword",
      "content_type": 36,
      "codename": "change_watchwordassociationtype"
    },
    "pk": 107
  },
  {
    "model": "auth.permission",
    "fields": {
      "name": "Can delete Association Type Watchword",
      "content_type": 36,
      "codename": "delete_watchwordassociationtype"
    },
    "pk": 108
  },
  {
    "model": "auth.user",
    "fields": {
      "first_name": "",
      "date_joined": "2015-05-01T21:44:26.879Z",
      "is_staff": true,
      "email": "test@test.com",
      "password": "pbkdf2_sha256$20000$odjVNXc9YQgp$NYL+qDMHUTwm8a0hJRnlmkf/nntoIN3EnpMTrCGAFnE=",
      "is_active": true,
      "is_superuser": true,
      "username": "test",
      "user_permissions": [],
      "groups": [],
      "last_login": "2015-05-01T22:29:36.001Z",
      "last_name": ""
    },
    "pk": 1
  },
  {
    "model": "datum.datumgroup",
    "fields": {
      "sort": 10,
      "active": true,
      "readable_name": "Area",
      "readable_plural_name": "Areas",
      "entity_name": "Area",
      "long_definition": null,
      "schema_name": "area",
      "short_definition": null
    },
    "pk": 1
  },
  {
    "model": "datum.datumgroup",
    "fields": {
      "sort": 20,
      "active": true,
      "readable_name": "Activity",
      "readable_plural_name": "Activities",
      "entity_name": "Activity",
      "long_definition": null,
      "schema_name": "activity",
      "short_definition": null
    },
    "pk": 2
  },
  {
    "model": "datum.datumgroup",
    "fields": {
      "sort": 30,
      "active": true,
      "readable_name": "Time",
      "readable_plural_name": "Times",
      "entity_name": "Time",
      "long_definition": null,
      "schema_name": "time",
      "short_definition": null
    },
    "pk": 3
  },
  {
    "model": "datum.datumgroup",
    "fields": {
      "sort": 40,
      "active": true,
      "readable_name": "Item",
      "readable_plural_name": "Items",
      "entity_name": "Item",
      "long_definition": null,
      "schema_name": "item",
      "short_definition": null
    },
    "pk": 4
  },
  {
    "model": "datum.datumtype",
    "fields": {
      "repr_expression": "name",
      "sort": 1010,
      "datum_group": 1,
      "active": true,
      "readable_name": "Category",
      "readable_plural_name": "Categories",
      "entity_name": "Category",
      "long_definition": null,
      "schema_name": "category",
      "short_definition": null
    },
    "pk": 1
  },
  {
    "model": "datum.datumtype",
    "fields": {
      "repr_expression": "name",
      "sort": 1020,
      "datum_group": 1,
      "active": true,
      "readable_name": "Project",
      "readable_plural_name": "Projects",
      "entity_name": "Project",
      "long_definition": null,
      "schema_name": "project",
      "short_definition": null
    },
    "pk": 2
  },
  {
    "model": "datum.datumtype",
    "fields": {
      "repr_expression": "name",
      "sort": 1030,
      "datum_group": 1,
      "active": true,
      "readable_name": "Context",
      "readable_plural_name": "Contexts",
      "entity_name": "Context",
      "long_definition": null,
      "schema_name": "context",
      "short_definition": null
    },
    "pk": 3
  },
  {
    "model": "datum.datumtype",
    "fields": {
      "repr_expression": "name",
      "sort": 1040,
      "datum_group": 1,
      "active": true,
      "readable_name": "Person",
      "readable_plural_name": "Persons",
      "entity_name": "Person",
      "long_definition": null,
      "schema_name": "person",
      "short_definition": null
    },
    "pk": 4
  },
  {
    "model": "datum.datumtype",
    "fields": {
      "repr_expression": "name",
      "sort": 1050,
      "datum_group": 1,
      "active": true,
      "readable_name": "Entity",
      "readable_plural_name": "Entities",
      "entity_name": "Entity",
      "long_definition": null,
      "schema_name": "entity",
      "short_definition": null
    },
    "pk": 5
  },
  {
    "model": "datum.datumtype",
    "fields": {
      "repr_expression": "name",
      "sort": 1060,
      "datum_group": 1,
      "active": true,
      "readable_name": "Location",
      "readable_plural_name": "Locations",
      "entity_name": "Location",
      "long_definition": null,
      "schema_name": "location",
      "short_definition": null
    },
    "pk": 6
  },
  {
    "model": "datum.datumtype",
    "fields": {
      "repr_expression": "name",
      "sort": 1070,
      "datum_group": 1,
      "active": true,
      "readable_name": "Contact",
      "readable_plural_name": "Contacts",
      "entity_name": "Contact",
      "long_definition": null,
      "schema_name": "contact",
      "short_definition": null
    },
    "pk": 7
  },
  {
    "model": "datum.datumtype",
    "fields": {
      "repr_expression": "name",
      "sort": 2010,
      "datum_group": 2,
      "active": true,
      "readable_name": "Action",
      "readable_plural_name": "Actions",
      "entity_name": "Action",
      "long_definition": null,
      "schema_name": "action",
      "short_definition": null
    },
    "pk": 8
  },
  {
    "model": "datum.datumtype",
    "fields": {
      "repr_expression": "name",
      "sort": 2020,
      "datum_group": 2,
      "active": true,
      "readable_name": "Principle",
      "readable_plural_name": "Principles",
      "entity_name": "Principle",
      "long_definition": null,
      "schema_name": "principle",
      "short_definition": null
    },
    "pk": 9
  },
  {
    "model": "datum.datumtype",
    "fields": {
      "repr_expression": "name",
      "sort": 2030,
      "datum_group": 2,
      "active": true,
      "readable_name": "Journal",
      "readable_plural_name": "Journals",
      "entity_name": "Journal",
      "long_definition": null,
      "schema_name": "journal",
      "short_definition": null
    },
    "pk": 10
  },
  {
    "model": "datum.datumtype",
    "fields": {
      "repr_expression": "name",
      "sort": 3010,
      "datum_group": 3,
      "active": true,
      "readable_name": "Schedule",
      "readable_plural_name": "Schedules",
      "entity_name": "Schedule",
      "long_definition": null,
      "schema_name": "schedule",
      "short_definition": null
    },
    "pk": 11
  },
  {
    "model": "datum.datumtype",
    "fields": {
      "repr_expression": "name",
      "sort": 3020,
      "datum_group": 3,
      "active": true,
      "readable_name": "Event",
      "readable_plural_name": "Events",
      "entity_name": "Event",
      "long_definition": null,
      "schema_name": "event",
      "short_definition": null
    },
    "pk": 12
  },
  {
    "model": "datum.datumtype",
    "fields": {
      "repr_expression": "name",
      "sort": 3030,
      "datum_group": 3,
      "active": true,
      "readable_name": "Reminder",
      "readable_plural_name": "Reminders",
      "entity_name": "Reminder",
      "long_definition": null,
      "schema_name": "reminder",
      "short_definition": null
    },
    "pk": 13
  },
  {
    "model": "datum.datumtype",
    "fields": {
      "repr_expression": "name",
      "sort": 4010,
      "datum_group": 4,
      "active": true,
      "readable_name": "Note",
      "readable_plural_name": "Notes",
      "entity_name": "Note",
      "long_definition": null,
      "schema_name": "note",
      "short_definition": null
    },
    "pk": 14
  },
  {
    "model": "datum.datumtype",
    "fields": {
      "repr_expression": "name",
      "sort": 4020,
      "datum_group": 4,
      "active": true,
      "readable_name": "File",
      "readable_plural_name": "Files",
      "entity_name": "File",
      "long_definition": null,
      "schema_name": "file",
      "short_definition": null
    },
    "pk": 15
  },
  {
    "model": "datum.datumtype",
    "fields": {
      "repr_expression": "name",
      "sort": 4030,
      "datum_group": 4,
      "active": true,
      "readable_name": "Directory",
      "readable_plural_name": "Directories",
      "entity_name": "Directory",
      "long_definition": null,
      "schema_name": "directory",
      "short_definition": null
    },
    "pk": 16
  },
  {
    "model": "datum.datumtype",
    "fields": {
      "repr_expression": "name",
      "sort": 4040,
      "datum_group": 4,
      "active": true,
      "readable_name": "Webpage",
      "readable_plural_name": "Webpages",
      "entity_name": "Webpage",
      "long_definition": null,
      "schema_name": "webpage",
      "short_definition": null
    },
    "pk": 17
  },
  {
    "model": "datum.datumtype",
    "fields": {
      "repr_expression": "name",
      "sort": 4050,
      "datum_group": 4,
      "active": true,
      "readable_name": "Message",
      "readable_plural_name": "Messages",
      "entity_name": "Message",
      "long_definition": null,
      "schema_name": "message",
      "short_definition": null
    },
    "pk": 18
  },
  {
    "model": "datum.datumtype",
    "fields": {
      "repr_expression": "name",
      "sort": 4060,
      "datum_group": 4,
      "active": true,
      "readable_name": "Post",
      "readable_plural_name": "Posts",
      "entity_name": "Post",
      "long_definition": null,
      "schema_name": "post",
      "short_definition": null
    },
    "pk": 19
  },
  {
    "model": "element_type.elementdatatype",
    "fields": {
      "sort": 10,
      "active": true,
      "readable_name": "String",
      "readable_plural_name": "Strings",
      "entity_name": "String",
      "long_definition": "Used for all major text-based elements",
      "schema_name": "string",
      "short_definition": "VarChar(255)"
    },
    "pk": 1
  },
  {
    "model": "element_type.elementdatatype",
    "fields": {
      "sort": 20,
      "active": true,
      "readable_name": "Text Data",
      "readable_plural_name": "Text Data",
      "entity_name": "TextData",
      "long_definition": "Only used for string-based sub-data types, such as json or html",
      "schema_name": "text_data",
      "short_definition": "Text"
    },
    "pk": 2
  },
  {
    "model": "element_type.elementdatatype",
    "fields": {
      "sort": 30,
      "active": true,
      "readable_name": "Boolean",
      "readable_plural_name": "Booleans",
      "entity_name": "Boolean",
      "long_definition": null,
      "schema_name": "boolean",
      "short_definition": "Boolean"
    },
    "pk": 3
  },
  {
    "model": "element_type.elementdatatype",
    "fields": {
      "sort": 40,
      "active": true,
      "readable_name": "Datetime",
      "readable_plural_name": "Datetimes",
      "entity_name": "Datetime",
      "long_definition": null,
      "schema_name": "datetime",
      "short_definition": "Datetime with Timezone"
    },
    "pk": 4
  },
  {
    "model": "element_type.elementdatatype",
    "fields": {
      "sort": 50,
      "active": true,
      "readable_name": "Decimal",
      "readable_plural_name": "Decimals",
      "entity_name": "Decimal",
      "long_definition": null,
      "schema_name": "decimal",
      "short_definition": "Decimal(scale=2)"
    },
    "pk": 5
  },
  {
    "model": "element_type.elementdatatype",
    "fields": {
      "sort": 60,
      "active": true,
      "readable_name": "Binary",
      "readable_plural_name": "Binarys",
      "entity_name": "Binary",
      "long_definition": "Used for any attachments and large data",
      "schema_name": "binary",
      "short_definition": "Blob"
    },
    "pk": 6
  },
  {
    "model": "element_type.elementtype",
    "fields": {
      "sort": 110,
      "default_expression": null,
      "element_data_type": 1,
      "active": true,
      "readable_name": "Name",
      "readable_plural_name": "Names",
      "entity_name": "Name",
      "long_definition": null,
      "schema_name": "name",
      "editable": true,
      "short_definition": null
    },
    "pk": 1
  },
  {
    "model": "element_type.elementtype",
    "fields": {
      "sort": 120,
      "default_expression": null,
      "element_data_type": 1,
      "active": true,
      "readable_name": "Description",
      "readable_plural_name": "Descriptions",
      "entity_name": "Description",
      "long_definition": null,
      "schema_name": "description",
      "editable": true,
      "short_definition": null
    },
    "pk": 2
  },
  {
    "model": "element_type.elementtype",
    "fields": {
      "sort": 130,
      "default_expression": null,
      "element_data_type": 1,
      "active": true,
      "readable_name": "First Name",
      "readable_plural_name": "First Names",
      "entity_name": "FirstName",
      "long_definition": null,
      "schema_name": "first_name",
      "editable": true,
      "short_definition": null
    },
    "pk": 3
  },
  {
    "model": "element_type.elementtype",
    "fields": {
      "sort": 140,
      "default_expression": null,
      "element_data_type": 1,
      "active": true,
      "readable_name": "Last Name",
      "readable_plural_name": "Last Names",
      "entity_name": "LastName",
      "long_definition": null,
      "schema_name": "last_name",
      "editable": true,
      "short_definition": null
    },
    "pk": 4
  },
  {
    "model": "element_type.elementtype",
    "fields": {
      "sort": 150,
      "default_expression": null,
      "element_data_type": 1,
      "active": true,
      "readable_name": "Nickname",
      "readable_plural_name": "Nicknames",
      "entity_name": "Nickname",
      "long_definition": null,
      "schema_name": "nickname",
      "editable": true,
      "short_definition": null
    },
    "pk": 5
  },
  {
    "model": "element_type.elementtype",
    "fields": {
      "sort": 160,
      "default_expression": null,
      "element_data_type": 4,
      "active": true,
      "readable_name": "Birthday",
      "readable_plural_name": "Birthdays",
      "entity_name": "Birthday",
      "long_definition": null,
      "schema_name": "birthday",
      "editable": true,
      "short_definition": null
    },
    "pk": 6
  },
  {
    "model": "element_type.elementtype",
    "fields": {
      "sort": 170,
      "default_expression": null,
      "element_data_type": 1,
      "active": true,
      "readable_name": "Entity Type",
      "readable_plural_name": "Entity Types",
      "entity_name": "EntityType",
      "long_definition": null,
      "schema_name": "entity_type",
      "editable": true,
      "short_definition": null
    },
    "pk": 7
  },
  {
    "model": "element_type.elementtype",
    "fields": {
      "sort": 180,
      "default_expression": null,
      "element_data_type": 1,
      "active": true,
      "readable_name": "Street Address",
      "readable_plural_name": "Street Addresses",
      "entity_name": "StreetAddress",
      "long_definition": null,
      "schema_name": "street_address",
      "editable": true,
      "short_definition": null
    },
    "pk": 8
  },
  {
    "model": "element_type.elementtype",
    "fields": {
      "sort": 190,
      "default_expression": null,
      "element_data_type": 1,
      "active": true,
      "readable_name": "City",
      "readable_plural_name": "Citys",
      "entity_name": "City",
      "long_definition": null,
      "schema_name": "city",
      "editable": true,
      "short_definition": null
    },
    "pk": 9
  },
  {
    "model": "element_type.elementtype",
    "fields": {
      "sort": 200,
      "default_expression": null,
      "element_data_type": 1,
      "active": true,
      "readable_name": "State",
      "readable_plural_name": "States",
      "entity_name": "State",
      "long_definition": null,
      "schema_name": "state",
      "editable": true,
      "short_definition": null
    },
    "pk": 10
  },
  {
    "model": "element_type.elementtype",
    "fields": {
      "sort": 210,
      "default_expression": null,
      "element_data_type": 1,
      "active": true,
      "readable_name": "Zip",
      "readable_plural_name": "Zips",
      "entity_name": "Zip",
      "long_definition": null,
      "schema_name": "zip",
      "editable": true,
      "short_definition": null
    },
    "pk": 11
  },
  {
    "model": "element_type.elementtype",
    "fields": {
      "sort": 220,
      "default_expression": null,
      "element_data_type": 1,
      "active": true,
      "readable_name": "Country",
      "readable_plural_name": "Countries",
      "entity_name": "Country",
      "long_definition": null,
      "schema_name": "country",
      "editable": true,
      "short_definition": null
    },
    "pk": 12
  },
  {
    "model": "element_type.elementtype",
    "fields": {
      "sort": 230,
      "default_expression": null,
      "element_data_type": 1,
      "active": true,
      "readable_name": "Latitude",
      "readable_plural_name": "Latitudes",
      "entity_name": "Latitude",
      "long_definition": null,
      "schema_name": "latitude",
      "editable": true,
      "short_definition": null
    },
    "pk": 13
  },
  {
    "model": "element_type.elementtype",
    "fields": {
      "sort": 240,
      "default_expression": null,
      "element_data_type": 1,
      "active": true,
      "readable_name": "Longitude",
      "readable_plural_name": "Longitudes",
      "entity_name": "Longitude",
      "long_definition": null,
      "schema_name": "longitude",
      "editable": true,
      "short_definition": null
    },
    "pk": 14
  },
  {
    "model": "element_type.elementtype",
    "fields": {
      "sort": 250,
      "default_expression": null,
      "element_data_type": 1,
      "active": true,
      "readable_name": "Phone",
      "readable_plural_name": "Phones",
      "entity_name": "Phone",
      "long_definition": null,
      "schema_name": "phone",
      "editable": true,
      "short_definition": null
    },
    "pk": 15
  },
  {
    "model": "element_type.elementtype",
    "fields": {
      "sort": 260,
      "default_expression": null,
      "element_data_type": 1,
      "active": true,
      "readable_name": "Email",
      "readable_plural_name": "Emails",
      "entity_name": "Email",
      "long_definition": null,
      "schema_name": "email",
      "editable": true,
      "short_definition": null
    },
    "pk": 16
  },
  {
    "model": "element_type.elementtype",
    "fields": {
      "sort": 270,
      "default_expression": null,
      "element_data_type": 1,
      "active": true,
      "readable_name": "Website",
      "readable_plural_name": "Websites",
      "entity_name": "Website",
      "long_definition": null,
      "schema_name": "website",
      "editable": true,
      "short_definition": null
    },
    "pk": 17
  },
  {
    "model": "element_type.elementtype",
    "fields": {
      "sort": 280,
      "default_expression": null,
      "element_data_type": 1,
      "active": true,
      "readable_name": "Facebook",
      "readable_plural_name": "Facebook",
      "entity_name": "Facebook",
      "long_definition": null,
      "schema_name": "facebook",
      "editable": true,
      "short_definition": null
    },
    "pk": 18
  },
  {
    "model": "element_type.elementtype",
    "fields": {
      "sort": 290,
      "default_expression": null,
      "element_data_type": 1,
      "active": true,
      "readable_name": "LinkedIn",
      "readable_plural_name": "LinkedIn",
      "entity_name": "LinkedIn",
      "long_definition": null,
      "schema_name": "linkedin",
      "editable": true,
      "short_definition": null
    },
    "pk": 19
  },
  {
    "model": "element_type.elementtype",
    "fields": {
      "sort": 300,
      "default_expression": null,
      "element_data_type": 1,
      "active": true,
      "readable_name": "Twitter",
      "readable_plural_name": "Twitter",
      "entity_name": "Twitter",
      "long_definition": null,
      "schema_name": "twitter",
      "editable": true,
      "short_definition": null
    },
    "pk": 20
  },
  {
    "model": "element_type.elementtype",
    "fields": {
      "sort": 310,
      "default_expression": null,
      "element_data_type": 1,
      "active": true,
      "readable_name": "Action Status",
      "readable_plural_name": "Action Statuses",
      "entity_name": "ActionStatus",
      "long_definition": null,
      "schema_name": "action_status",
      "editable": true,
      "short_definition": null
    },
    "pk": 21
  },
  {
    "model": "element_type.elementtype",
    "fields": {
      "sort": 320,
      "default_expression": null,
      "element_data_type": 1,
      "active": true,
      "readable_name": "Action Effort",
      "readable_plural_name": "Action Efforts",
      "entity_name": "ActionEffort",
      "long_definition": null,
      "schema_name": "action_effort",
      "editable": true,
      "short_definition": null
    },
    "pk": 22
  },
  {
    "model": "element_type.elementtype",
    "fields": {
      "sort": 330,
      "default_expression": null,
      "element_data_type": 1,
      "active": true,
      "readable_name": "Schedule Type",
      "readable_plural_name": "Schedule Types",
      "entity_name": "ScheduleType",
      "long_definition": null,
      "schema_name": "schedule_type",
      "editable": true,
      "short_definition": null
    },
    "pk": 23
  },
  {
    "model": "element_type.elementtype",
    "fields": {
      "sort": 340,
      "default_expression": null,
      "element_data_type": 4,
      "active": true,
      "readable_name": "Beginning Buffer",
      "readable_plural_name": "Beginning Buffers",
      "entity_name": "BeginningBuffer",
      "long_definition": null,
      "schema_name": "beginning_buffer",
      "editable": true,
      "short_definition": null
    },
    "pk": 24
  },
  {
    "model": "element_type.elementtype",
    "fields": {
      "sort": 350,
      "default_expression": null,
      "element_data_type": 4,
      "active": true,
      "readable_name": "Beginning Event",
      "readable_plural_name": "Beginning Events",
      "entity_name": "BeginningEvent",
      "long_definition": null,
      "schema_name": "beginning_event",
      "editable": true,
      "short_definition": null
    },
    "pk": 25
  },
  {
    "model": "element_type.elementtype",
    "fields": {
      "sort": 360,
      "default_expression": null,
      "element_data_type": 4,
      "active": true,
      "readable_name": "Ending Event",
      "readable_plural_name": "Ending Events",
      "entity_name": "EndingEvent",
      "long_definition": null,
      "schema_name": "ending_event",
      "editable": true,
      "short_definition": null
    },
    "pk": 26
  },
  {
    "model": "element_type.elementtype",
    "fields": {
      "sort": 370,
      "default_expression": null,
      "element_data_type": 4,
      "active": true,
      "readable_name": "Ending Buffer",
      "readable_plural_name": "Ending Buffers",
      "entity_name": "EndingBuffer",
      "long_definition": null,
      "schema_name": "ending_buffer",
      "editable": true,
      "short_definition": null
    },
    "pk": 27
  },
  {
    "model": "element_type.elementtype",
    "fields": {
      "sort": 380,
      "default_expression": null,
      "element_data_type": 5,
      "active": true,
      "readable_name": "Event Time",
      "readable_plural_name": "Event Times",
      "entity_name": "EventTime",
      "long_definition": null,
      "schema_name": "event_time",
      "editable": true,
      "short_definition": null
    },
    "pk": 28
  },
  {
    "model": "element_type.elementtype",
    "fields": {
      "sort": 390,
      "default_expression": null,
      "element_data_type": 5,
      "active": true,
      "readable_name": "Total Time",
      "readable_plural_name": "Total Times",
      "entity_name": "TotalTime",
      "long_definition": null,
      "schema_name": "total_time",
      "editable": true,
      "short_definition": null
    },
    "pk": 29
  },
  {
    "model": "element_type.elementtype",
    "fields": {
      "sort": 400,
      "default_expression": null,
      "element_data_type": 2,
      "active": true,
      "readable_name": "Recurring Options",
      "readable_plural_name": "Recurring Optionss",
      "entity_name": "RecurringOptions",
      "long_definition": null,
      "schema_name": "recurring_options",
      "editable": true,
      "short_definition": null
    },
    "pk": 30
  },
  {
    "model": "element_type.elementtype",
    "fields": {
      "sort": 410,
      "default_expression": null,
      "element_data_type": 4,
      "active": true,
      "readable_name": "Alert",
      "readable_plural_name": "Alerts",
      "entity_name": "Alert",
      "long_definition": null,
      "schema_name": "alert",
      "editable": true,
      "short_definition": null
    },
    "pk": 31
  },
  {
    "model": "element_type.elementtype",
    "fields": {
      "sort": 420,
      "default_expression": null,
      "element_data_type": 3,
      "active": true,
      "readable_name": "Logged In",
      "readable_plural_name": "Logged In",
      "entity_name": "LoggedIn",
      "long_definition": null,
      "schema_name": "logged_in",
      "editable": true,
      "short_definition": null
    },
    "pk": 32
  },
  {
    "model": "element_type.elementtype",
    "fields": {
      "sort": 430,
      "default_expression": null,
      "element_data_type": 1,
      "active": true,
      "readable_name": "Item Status",
      "readable_plural_name": "Item Statuses",
      "entity_name": "ItemStatus",
      "long_definition": null,
      "schema_name": "item_status",
      "editable": true,
      "short_definition": null
    },
    "pk": 33
  },
  {
    "model": "element_type.elementtype",
    "fields": {
      "sort": 440,
      "default_expression": null,
      "element_data_type": 2,
      "active": true,
      "readable_name": "Item Content",
      "readable_plural_name": "Item Contents",
      "entity_name": "ItemContent",
      "long_definition": null,
      "schema_name": "item_content",
      "editable": true,
      "short_definition": null
    },
    "pk": 34
  },
  {
    "model": "element_type.elementtype",
    "fields": {
      "sort": 450,
      "default_expression": null,
      "element_data_type": 1,
      "active": true,
      "readable_name": "From",
      "readable_plural_name": "Froms",
      "entity_name": "From",
      "long_definition": null,
      "schema_name": "from",
      "editable": true,
      "short_definition": null
    },
    "pk": 35
  },
  {
    "model": "element_type.elementtype",
    "fields": {
      "sort": 460,
      "default_expression": null,
      "element_data_type": 1,
      "active": true,
      "readable_name": "To",
      "readable_plural_name": "Tos",
      "entity_name": "To",
      "long_definition": null,
      "schema_name": "to",
      "editable": true,
      "short_definition": null
    },
    "pk": 36
  },
  {
    "model": "element_type.elementtype",
    "fields": {
      "sort": 470,
      "default_expression": null,
      "element_data_type": 1,
      "active": true,
      "readable_name": "Link",
      "readable_plural_name": "Links",
      "entity_name": "Link",
      "long_definition": "Any local, network, or www address",
      "schema_name": "link",
      "editable": true,
      "short_definition": "URL"
    },
    "pk": 37
  },
  {
    "model": "element_type.elementtype",
    "fields": {
      "sort": 480,
      "default_expression": null,
      "element_data_type": 6,
      "active": true,
      "readable_name": "Attachment",
      "readable_plural_name": "Attachments",
      "entity_name": "Attachment",
      "long_definition": "File attachment",
      "schema_name": "attachment",
      "editable": true,
      "short_definition": null
    },
    "pk": 38
  },
  {
    "model": "element_type.elementtype",
    "fields": {
      "sort": 490,
      "default_expression": null,
      "element_data_type": 4,
      "active": true,
      "readable_name": "Creation Date",
      "readable_plural_name": "Creation Dates",
      "entity_name": "CreationDate",
      "long_definition": "SHOULD THIS BE ROLLED INTO EVENTS?",
      "schema_name": "creation_date",
      "editable": true,
      "short_definition": null
    },
    "pk": 39
  },
  {
    "model": "element_type.elementtype",
    "fields": {
      "sort": 500,
      "default_expression": null,
      "element_data_type": 4,
      "active": true,
      "readable_name": "Modification Date",
      "readable_plural_name": "Modification Dates",
      "entity_name": "ModificationDate",
      "long_definition": "SHOULD THIS BE ROLLED INTO EVENTS?",
      "schema_name": "modification_date",
      "editable": true,
      "short_definition": null
    },
    "pk": 40
  },
  {
    "model": "element_type.elementtypedatumtype",
    "fields": {
      "sort": 1010110,
      "element_type": 1,
      "active": true,
      "datum_type": 1
    },
    "pk": 1
  },
  {
    "model": "element_type.elementtypedatumtype",
    "fields": {
      "sort": 1010120,
      "element_type": 2,
      "active": true,
      "datum_type": 1
    },
    "pk": 2
  },
  {
    "model": "element_type.elementtypedatumtype",
    "fields": {
      "sort": 1020110,
      "element_type": 1,
      "active": true,
      "datum_type": 2
    },
    "pk": 3
  },
  {
    "model": "element_type.elementtypedatumtype",
    "fields": {
      "sort": 1020120,
      "element_type": 2,
      "active": true,
      "datum_type": 2
    },
    "pk": 4
  },
  {
    "model": "element_type.elementtypedatumtype",
    "fields": {
      "sort": 1030110,
      "element_type": 1,
      "active": true,
      "datum_type": 3
    },
    "pk": 5
  },
  {
    "model": "element_type.elementtypedatumtype",
    "fields": {
      "sort": 1030120,
      "element_type": 2,
      "active": true,
      "datum_type": 3
    },
    "pk": 6
  },
  {
    "model": "element_type.elementtypedatumtype",
    "fields": {
      "sort": 1040110,
      "element_type": 1,
      "active": true,
      "datum_type": 4
    },
    "pk": 7
  },
  {
    "model": "element_type.elementtypedatumtype",
    "fields": {
      "sort": 1040120,
      "element_type": 2,
      "active": true,
      "datum_type": 4
    },
    "pk": 8
  },
  {
    "model": "element_type.elementtypedatumtype",
    "fields": {
      "sort": 1040130,
      "element_type": 3,
      "active": true,
      "datum_type": 4
    },
    "pk": 9
  },
  {
    "model": "element_type.elementtypedatumtype",
    "fields": {
      "sort": 1040140,
      "element_type": 4,
      "active": true,
      "datum_type": 4
    },
    "pk": 10
  },
  {
    "model": "element_type.elementtypedatumtype",
    "fields": {
      "sort": 1040150,
      "element_type": 5,
      "active": true,
      "datum_type": 4
    },
    "pk": 11
  },
  {
    "model": "element_type.elementtypedatumtype",
    "fields": {
      "sort": 1040160,
      "element_type": 6,
      "active": true,
      "datum_type": 4
    },
    "pk": 12
  },
  {
    "model": "element_type.elementtypedatumtype",
    "fields": {
      "sort": 1050110,
      "element_type": 1,
      "active": true,
      "datum_type": 5
    },
    "pk": 13
  },
  {
    "model": "element_type.elementtypedatumtype",
    "fields": {
      "sort": 1050120,
      "element_type": 2,
      "active": true,
      "datum_type": 5
    },
    "pk": 14
  },
  {
    "model": "element_type.elementtypedatumtype",
    "fields": {
      "sort": 1050170,
      "element_type": 7,
      "active": true,
      "datum_type": 5
    },
    "pk": 15
  },
  {
    "model": "element_type.elementtypedatumtype",
    "fields": {
      "sort": 1060110,
      "element_type": 1,
      "active": true,
      "datum_type": 6
    },
    "pk": 16
  },
  {
    "model": "element_type.elementtypedatumtype",
    "fields": {
      "sort": 1060120,
      "element_type": 2,
      "active": true,
      "datum_type": 6
    },
    "pk": 17
  },
  {
    "model": "element_type.elementtypedatumtype",
    "fields": {
      "sort": 1060180,
      "element_type": 8,
      "active": true,
      "datum_type": 6
    },
    "pk": 18
  },
  {
    "model": "element_type.elementtypedatumtype",
    "fields": {
      "sort": 1060190,
      "element_type": 9,
      "active": true,
      "datum_type": 6
    },
    "pk": 19
  },
  {
    "model": "element_type.elementtypedatumtype",
    "fields": {
      "sort": 1060200,
      "element_type": 10,
      "active": true,
      "datum_type": 6
    },
    "pk": 20
  },
  {
    "model": "element_type.elementtypedatumtype",
    "fields": {
      "sort": 1060210,
      "element_type": 11,
      "active": true,
      "datum_type": 6
    },
    "pk": 21
  },
  {
    "model": "element_type.elementtypedatumtype",
    "fields": {
      "sort": 1060220,
      "element_type": 12,
      "active": true,
      "datum_type": 6
    },
    "pk": 22
  },
  {
    "model": "element_type.elementtypedatumtype",
    "fields": {
      "sort": 1060230,
      "element_type": 13,
      "active": true,
      "datum_type": 6
    },
    "pk": 23
  },
  {
    "model": "element_type.elementtypedatumtype",
    "fields": {
      "sort": 1060240,
      "element_type": 14,
      "active": true,
      "datum_type": 6
    },
    "pk": 24
  },
  {
    "model": "element_type.elementtypedatumtype",
    "fields": {
      "sort": 1070110,
      "element_type": 1,
      "active": true,
      "datum_type": 7
    },
    "pk": 25
  },
  {
    "model": "element_type.elementtypedatumtype",
    "fields": {
      "sort": 1070120,
      "element_type": 2,
      "active": true,
      "datum_type": 7
    },
    "pk": 26
  },
  {
    "model": "element_type.elementtypedatumtype",
    "fields": {
      "sort": 1070250,
      "element_type": 15,
      "active": true,
      "datum_type": 7
    },
    "pk": 27
  },
  {
    "model": "element_type.elementtypedatumtype",
    "fields": {
      "sort": 1070260,
      "element_type": 16,
      "active": true,
      "datum_type": 7
    },
    "pk": 28
  },
  {
    "model": "element_type.elementtypedatumtype",
    "fields": {
      "sort": 1070270,
      "element_type": 17,
      "active": true,
      "datum_type": 7
    },
    "pk": 29
  },
  {
    "model": "element_type.elementtypedatumtype",
    "fields": {
      "sort": 1070280,
      "element_type": 18,
      "active": true,
      "datum_type": 7
    },
    "pk": 30
  },
  {
    "model": "element_type.elementtypedatumtype",
    "fields": {
      "sort": 1070290,
      "element_type": 19,
      "active": true,
      "datum_type": 7
    },
    "pk": 31
  },
  {
    "model": "element_type.elementtypedatumtype",
    "fields": {
      "sort": 1070300,
      "element_type": 20,
      "active": true,
      "datum_type": 7
    },
    "pk": 32
  },
  {
    "model": "element_type.elementtypedatumtype",
    "fields": {
      "sort": 2010120,
      "element_type": 2,
      "active": true,
      "datum_type": 8
    },
    "pk": 33
  },
  {
    "model": "element_type.elementtypedatumtype",
    "fields": {
      "sort": 2010310,
      "element_type": 21,
      "active": true,
      "datum_type": 8
    },
    "pk": 34
  },
  {
    "model": "element_type.elementtypedatumtype",
    "fields": {
      "sort": 2010320,
      "element_type": 22,
      "active": true,
      "datum_type": 8
    },
    "pk": 35
  },
  {
    "model": "element_type.elementtypedatumtype",
    "fields": {
      "sort": 2020120,
      "element_type": 2,
      "active": true,
      "datum_type": 9
    },
    "pk": 36
  },
  {
    "model": "element_type.elementtypedatumtype",
    "fields": {
      "sort": 2030120,
      "element_type": 2,
      "active": true,
      "datum_type": 10
    },
    "pk": 37
  },
  {
    "model": "element_type.elementtypedatumtype",
    "fields": {
      "sort": 3010110,
      "element_type": 1,
      "active": true,
      "datum_type": 11
    },
    "pk": 38
  },
  {
    "model": "element_type.elementtypedatumtype",
    "fields": {
      "sort": 3010330,
      "element_type": 23,
      "active": true,
      "datum_type": 11
    },
    "pk": 39
  },
  {
    "model": "element_type.elementtypedatumtype",
    "fields": {
      "sort": 3020340,
      "element_type": 24,
      "active": true,
      "datum_type": 12
    },
    "pk": 40
  },
  {
    "model": "element_type.elementtypedatumtype",
    "fields": {
      "sort": 3020350,
      "element_type": 25,
      "active": true,
      "datum_type": 12
    },
    "pk": 41
  },
  {
    "model": "element_type.elementtypedatumtype",
    "fields": {
      "sort": 3020360,
      "element_type": 26,
      "active": true,
      "datum_type": 12
    },
    "pk": 42
  },
  {
    "model": "element_type.elementtypedatumtype",
    "fields": {
      "sort": 3020370,
      "element_type": 27,
      "active": true,
      "datum_type": 12
    },
    "pk": 43
  },
  {
    "model": "element_type.elementtypedatumtype",
    "fields": {
      "sort": 3020380,
      "element_type": 28,
      "active": true,
      "datum_type": 12
    },
    "pk": 44
  },
  {
    "model": "element_type.elementtypedatumtype",
    "fields": {
      "sort": 3020390,
      "element_type": 29,
      "active": true,
      "datum_type": 12
    },
    "pk": 45
  },
  {
    "model": "element_type.elementtypedatumtype",
    "fields": {
      "sort": 3020400,
      "element_type": 30,
      "active": true,
      "datum_type": 12
    },
    "pk": 46
  },
  {
    "model": "element_type.elementtypedatumtype",
    "fields": {
      "sort": 3030400,
      "element_type": 30,
      "active": true,
      "datum_type": 13
    },
    "pk": 47
  },
  {
    "model": "element_type.elementtypedatumtype",
    "fields": {
      "sort": 3030410,
      "element_type": 31,
      "active": true,
      "datum_type": 13
    },
    "pk": 48
  },
  {
    "model": "element_type.elementtypedatumtype",
    "fields": {
      "sort": 3030420,
      "element_type": 32,
      "active": true,
      "datum_type": 13
    },
    "pk": 49
  },
  {
    "model": "element_type.elementtypedatumtype",
    "fields": {
      "sort": 4010110,
      "element_type": 1,
      "active": true,
      "datum_type": 14
    },
    "pk": 50
  },
  {
    "model": "element_type.elementtypedatumtype",
    "fields": {
      "sort": 4010430,
      "element_type": 33,
      "active": true,
      "datum_type": 14
    },
    "pk": 51
  },
  {
    "model": "element_type.elementtypedatumtype",
    "fields": {
      "sort": 4010440,
      "element_type": 34,
      "active": true,
      "datum_type": 14
    },
    "pk": 52
  },
  {
    "model": "element_type.elementtypedatumtype",
    "fields": {
      "sort": 4010470,
      "element_type": 37,
      "active": true,
      "datum_type": 14
    },
    "pk": 53
  },
  {
    "model": "element_type.elementtypedatumtype",
    "fields": {
      "sort": 4020110,
      "element_type": 1,
      "active": true,
      "datum_type": 15
    },
    "pk": 54
  },
  {
    "model": "element_type.elementtypedatumtype",
    "fields": {
      "sort": 4020120,
      "element_type": 2,
      "active": true,
      "datum_type": 15
    },
    "pk": 55
  },
  {
    "model": "element_type.elementtypedatumtype",
    "fields": {
      "sort": 4020430,
      "element_type": 33,
      "active": true,
      "datum_type": 15
    },
    "pk": 56
  },
  {
    "model": "element_type.elementtypedatumtype",
    "fields": {
      "sort": 4020470,
      "element_type": 37,
      "active": true,
      "datum_type": 15
    },
    "pk": 57
  },
  {
    "model": "element_type.elementtypedatumtype",
    "fields": {
      "sort": 4020480,
      "element_type": 38,
      "active": true,
      "datum_type": 15
    },
    "pk": 58
  },
  {
    "model": "element_type.elementtypedatumtype",
    "fields": {
      "sort": 4020490,
      "element_type": 39,
      "active": true,
      "datum_type": 15
    },
    "pk": 59
  },
  {
    "model": "element_type.elementtypedatumtype",
    "fields": {
      "sort": 4020500,
      "element_type": 40,
      "active": true,
      "datum_type": 15
    },
    "pk": 60
  },
  {
    "model": "element_type.elementtypedatumtype",
    "fields": {
      "sort": 4030110,
      "element_type": 1,
      "active": true,
      "datum_type": 16
    },
    "pk": 61
  },
  {
    "model": "element_type.elementtypedatumtype",
    "fields": {
      "sort": 4030120,
      "element_type": 2,
      "active": true,
      "datum_type": 16
    },
    "pk": 62
  },
  {
    "model": "element_type.elementtypedatumtype",
    "fields": {
      "sort": 4030430,
      "element_type": 33,
      "active": true,
      "datum_type": 16
    },
    "pk": 63
  },
  {
    "model": "element_type.elementtypedatumtype",
    "fields": {
      "sort": 4030470,
      "element_type": 37,
      "active": true,
      "datum_type": 16
    },
    "pk": 64
  },
  {
    "model": "element_type.elementtypedatumtype",
    "fields": {
      "sort": 4030490,
      "element_type": 39,
      "active": true,
      "datum_type": 16
    },
    "pk": 65
  },
  {
    "model": "element_type.elementtypedatumtype",
    "fields": {
      "sort": 4030500,
      "element_type": 40,
      "active": true,
      "datum_type": 16
    },
    "pk": 66
  },
  {
    "model": "element_type.elementtypedatumtype",
    "fields": {
      "sort": 4040110,
      "element_type": 1,
      "active": true,
      "datum_type": 17
    },
    "pk": 67
  },
  {
    "model": "element_type.elementtypedatumtype",
    "fields": {
      "sort": 4040120,
      "element_type": 2,
      "active": true,
      "datum_type": 17
    },
    "pk": 68
  },
  {
    "model": "element_type.elementtypedatumtype",
    "fields": {
      "sort": 4040430,
      "element_type": 33,
      "active": true,
      "datum_type": 17
    },
    "pk": 69
  },
  {
    "model": "element_type.elementtypedatumtype",
    "fields": {
      "sort": 4040470,
      "element_type": 37,
      "active": true,
      "datum_type": 17
    },
    "pk": 70
  },
  {
    "model": "element_type.elementtypedatumtype",
    "fields": {
      "sort": 4050110,
      "element_type": 1,
      "active": true,
      "datum_type": 18
    },
    "pk": 71
  },
  {
    "model": "element_type.elementtypedatumtype",
    "fields": {
      "sort": 4050440,
      "element_type": 34,
      "active": true,
      "datum_type": 18
    },
    "pk": 72
  },
  {
    "model": "element_type.elementtypedatumtype",
    "fields": {
      "sort": 4050450,
      "element_type": 35,
      "active": true,
      "datum_type": 18
    },
    "pk": 73
  },
  {
    "model": "element_type.elementtypedatumtype",
    "fields": {
      "sort": 4050460,
      "element_type": 36,
      "active": true,
      "datum_type": 18
    },
    "pk": 74
  },
  {
    "model": "element_type.elementtypedatumtype",
    "fields": {
      "sort": 4050490,
      "element_type": 39,
      "active": true,
      "datum_type": 18
    },
    "pk": 75
  },
  {
    "model": "element_type.elementtypedatumtype",
    "fields": {
      "sort": 4060110,
      "element_type": 1,
      "active": true,
      "datum_type": 19
    },
    "pk": 76
  },
  {
    "model": "element_type.elementtypedatumtype",
    "fields": {
      "sort": 4060120,
      "element_type": 2,
      "active": true,
      "datum_type": 19
    },
    "pk": 77
  },
  {
    "model": "element_type.elementtypedatumtype",
    "fields": {
      "sort": 4060430,
      "element_type": 33,
      "active": true,
      "datum_type": 19
    },
    "pk": 78
  },
  {
    "model": "element_type.elementtypedatumtype",
    "fields": {
      "sort": 4060440,
      "element_type": 34,
      "active": true,
      "datum_type": 19
    },
    "pk": 79
  },
  {
    "model": "element_type.elementtypedatumtype",
    "fields": {
      "sort": 4060470,
      "element_type": 37,
      "active": true,
      "datum_type": 19
    },
    "pk": 80
  },
  {
    "model": "element_type.elementtypedatumtype",
    "fields": {
      "sort": 4060490,
      "element_type": 39,
      "active": true,
      "datum_type": 19
    },
    "pk": 81
  },
  {
    "model": "element_type.elementoption",
    "fields": {
      "sort": 17010,
      "active": true,
      "readable_name": "Business",
      "readable_plural_name": "Businesses",
      "entity_name": "Business",
      "long_definition": null,
      "element_type": 7,
      "schema_name": "business",
      "short_definition": null
    },
    "pk": 1
  },
  {
    "model": "element_type.elementoption",
    "fields": {
      "sort": 17020,
      "active": true,
      "readable_name": "Non-Profit",
      "readable_plural_name": "Non-Profits",
      "entity_name": "Non-Profit",
      "long_definition": null,
      "element_type": 7,
      "schema_name": "non-profit",
      "short_definition": null
    },
    "pk": 2
  },
  {
    "model": "element_type.elementoption",
    "fields": {
      "sort": 17030,
      "active": true,
      "readable_name": "Education",
      "readable_plural_name": "Education",
      "entity_name": "Education",
      "long_definition": null,
      "element_type": 7,
      "schema_name": "education",
      "short_definition": null
    },
    "pk": 3
  },
  {
    "model": "element_type.elementoption",
    "fields": {
      "sort": 17040,
      "active": true,
      "readable_name": "Food",
      "readable_plural_name": "Food",
      "entity_name": "Food",
      "long_definition": null,
      "element_type": 7,
      "schema_name": "food",
      "short_definition": null
    },
    "pk": 4
  },
  {
    "model": "element_type.elementoption",
    "fields": {
      "sort": 17050,
      "active": true,
      "readable_name": "Service",
      "readable_plural_name": "Services",
      "entity_name": "Service",
      "long_definition": null,
      "element_type": 7,
      "schema_name": "service",
      "short_definition": null
    },
    "pk": 5
  },
  {
    "model": "element_type.elementoption",
    "fields": {
      "sort": 17060,
      "active": true,
      "readable_name": "Cultural",
      "readable_plural_name": "Cultural",
      "entity_name": "Cultural",
      "long_definition": null,
      "element_type": 7,
      "schema_name": "cultural",
      "short_definition": null
    },
    "pk": 6
  },
  {
    "model": "element_type.elementoption",
    "fields": {
      "sort": 17070,
      "active": true,
      "readable_name": "Religious",
      "readable_plural_name": "Religious",
      "entity_name": "Religious",
      "long_definition": null,
      "element_type": 7,
      "schema_name": "religious",
      "short_definition": null
    },
    "pk": 7
  },
  {
    "model": "element_type.elementoption",
    "fields": {
      "sort": 17080,
      "active": true,
      "readable_name": "Government",
      "readable_plural_name": "Governments",
      "entity_name": "Government",
      "long_definition": null,
      "element_type": 7,
      "schema_name": "government",
      "short_definition": null
    },
    "pk": 8
  },
  {
    "model": "element_type.elementoption",
    "fields": {
      "sort": 17090,
      "active": true,
      "readable_name": "Social",
      "readable_plural_name": "Social",
      "entity_name": "Social",
      "long_definition": null,
      "element_type": 7,
      "schema_name": "social",
      "short_definition": null
    },
    "pk": 9
  },
  {
    "model": "element_type.elementoption",
    "fields": {
      "sort": 31010,
      "active": true,
      "readable_name": "New",
      "readable_plural_name": "New",
      "entity_name": "ActionNew",
      "long_definition": null,
      "element_type": 21,
      "schema_name": "new",
      "short_definition": null
    },
    "pk": 10
  },
  {
    "model": "element_type.elementoption",
    "fields": {
      "sort": 31020,
      "active": true,
      "readable_name": "Someday",
      "readable_plural_name": "Someday",
      "entity_name": "ActionSomeday",
      "long_definition": null,
      "element_type": 21,
      "schema_name": "someday",
      "short_definition": null
    },
    "pk": 11
  },
  {
    "model": "element_type.elementoption",
    "fields": {
      "sort": 31030,
      "active": true,
      "readable_name": "Upcoming",
      "readable_plural_name": "Upcoming",
      "entity_name": "ActionUpcoming",
      "long_definition": null,
      "element_type": 21,
      "schema_name": "upcoming",
      "short_definition": null
    },
    "pk": 12
  },
  {
    "model": "element_type.elementoption",
    "fields": {
      "sort": 31040,
      "active": true,
      "readable_name": "Current",
      "readable_plural_name": "Current",
      "entity_name": "ActionCurrent",
      "long_definition": null,
      "element_type": 21,
      "schema_name": "current",
      "short_definition": null
    },
    "pk": 13
  },
  {
    "model": "element_type.elementoption",
    "fields": {
      "sort": 31050,
      "active": true,
      "readable_name": "In Progress",
      "readable_plural_name": "In Progress",
      "entity_name": "ActionInProgress",
      "long_definition": null,
      "element_type": 21,
      "schema_name": "in_progress",
      "short_definition": null
    },
    "pk": 14
  },
  {
    "model": "element_type.elementoption",
    "fields": {
      "sort": 31060,
      "active": true,
      "readable_name": "Complete",
      "readable_plural_name": "Complete",
      "entity_name": "ActionComplete",
      "long_definition": null,
      "element_type": 21,
      "schema_name": "complete",
      "short_definition": null
    },
    "pk": 15
  },
  {
    "model": "element_type.elementoption",
    "fields": {
      "sort": 31070,
      "active": true,
      "readable_name": "WaitingFor",
      "readable_plural_name": "WaitingFor",
      "entity_name": "ActionWaitingFor",
      "long_definition": null,
      "element_type": 21,
      "schema_name": "waitingfor",
      "short_definition": null
    },
    "pk": 16
  },
  {
    "model": "element_type.elementoption",
    "fields": {
      "sort": 32010,
      "active": true,
      "readable_name": "1",
      "readable_plural_name": "1",
      "entity_name": "1",
      "long_definition": null,
      "element_type": 22,
      "schema_name": "1",
      "short_definition": "Very Easy"
    },
    "pk": 17
  },
  {
    "model": "element_type.elementoption",
    "fields": {
      "sort": 32020,
      "active": true,
      "readable_name": "2",
      "readable_plural_name": "2",
      "entity_name": "2",
      "long_definition": null,
      "element_type": 22,
      "schema_name": "2",
      "short_definition": "Easy"
    },
    "pk": 18
  },
  {
    "model": "element_type.elementoption",
    "fields": {
      "sort": 32030,
      "active": true,
      "readable_name": "3",
      "readable_plural_name": "3",
      "entity_name": "3",
      "long_definition": null,
      "element_type": 22,
      "schema_name": "3",
      "short_definition": "Neither Easy or Hard"
    },
    "pk": 19
  },
  {
    "model": "element_type.elementoption",
    "fields": {
      "sort": 32040,
      "active": true,
      "readable_name": "4",
      "readable_plural_name": "4",
      "entity_name": "4",
      "long_definition": null,
      "element_type": 22,
      "schema_name": "4",
      "short_definition": "Hard"
    },
    "pk": 20
  },
  {
    "model": "element_type.elementoption",
    "fields": {
      "sort": 32050,
      "active": true,
      "readable_name": "5",
      "readable_plural_name": "5",
      "entity_name": "5",
      "long_definition": null,
      "element_type": 22,
      "schema_name": "5",
      "short_definition": "Very Hard"
    },
    "pk": 21
  },
  {
    "model": "element_type.elementoption",
    "fields": {
      "sort": 33010,
      "active": true,
      "readable_name": "Actual",
      "readable_plural_name": "Actuals",
      "entity_name": "Actual",
      "long_definition": null,
      "element_type": 23,
      "schema_name": "actual",
      "short_definition": null
    },
    "pk": 22
  },
  {
    "model": "element_type.elementoption",
    "fields": {
      "sort": 33020,
      "active": true,
      "readable_name": "Planned",
      "readable_plural_name": "Planneds",
      "entity_name": "Planned",
      "long_definition": null,
      "element_type": 23,
      "schema_name": "planned",
      "short_definition": null
    },
    "pk": 23
  },
  {
    "model": "element_type.elementoption",
    "fields": {
      "sort": 40010,
      "active": true,
      "readable_name": "Placeholder",
      "readable_plural_name": "Placeholders",
      "entity_name": "Placeholder",
      "long_definition": null,
      "element_type": 30,
      "schema_name": "placeholder",
      "short_definition": null
    },
    "pk": 24
  },
  {
    "model": "element_type.elementoption",
    "fields": {
      "sort": 43010,
      "active": true,
      "readable_name": "New",
      "readable_plural_name": "New",
      "entity_name": "ItemNew",
      "long_definition": null,
      "element_type": 33,
      "schema_name": "new",
      "short_definition": null
    },
    "pk": 25
  },
  {
    "model": "element_type.elementoption",
    "fields": {
      "sort": 43020,
      "active": true,
      "readable_name": "Start",
      "readable_plural_name": "Start",
      "entity_name": "ItemStart",
      "long_definition": null,
      "element_type": 33,
      "schema_name": "start",
      "short_definition": null
    },
    "pk": 26
  },
  {
    "model": "element_type.elementoption",
    "fields": {
      "sort": 43030,
      "active": true,
      "readable_name": "Working",
      "readable_plural_name": "Working",
      "entity_name": "ItemWorking",
      "long_definition": null,
      "element_type": 33,
      "schema_name": "working",
      "short_definition": null
    },
    "pk": 27
  },
  {
    "model": "element_type.elementoption",
    "fields": {
      "sort": 43040,
      "active": true,
      "readable_name": "Edit",
      "readable_plural_name": "Edit",
      "entity_name": "ItemEdit",
      "long_definition": null,
      "element_type": 33,
      "schema_name": "edit",
      "short_definition": null
    },
    "pk": 28
  },
  {
    "model": "element_type.elementoption",
    "fields": {
      "sort": 43050,
      "active": true,
      "readable_name": "Complete",
      "readable_plural_name": "Complete",
      "entity_name": "ItemComplete",
      "long_definition": null,
      "element_type": 33,
      "schema_name": "complete",
      "short_definition": null
    },
    "pk": 29
  }
]