[
  {
    "model": "auth.user",
    "pk": 1,
    "fields": {
      "user_permissions": [],
      "last_login": "2015-07-10T18:52:24.120Z",
      "email": "test@test.com",
      "date_joined": "2015-07-07T22:24:49.483Z",
      "last_name": "",
      "username": "test",
      "first_name": "",
      "is_staff": true,
      "is_superuser": true,
      "password": "pbkdf2_sha256$20000$B5clPvWDubLD$mWKVhuiVMLhkfGfCNVQ5bB9Fu7qwdvgC99mVdu6kfkQ=",
      "groups": [],
      "is_active": true
    }
  },
  {
    "model": "datum.datumgroup",
    "pk": 1,
    "fields": {
      "sort": 10,
      "readable_plural_name": "Areas",
      "long_definition": "The 'areas' of your life that are important to you.",
      "modified": "2015-07-06T23:08:16.544Z",
      "schema_name": "area",
      "active": true,
      "entity_name": "Area",
      "short_definition": "Categories, Nouns",
      "example": "Home, Hobby, Job",
      "created": "2015-07-06T23:09:39.310Z",
      "readable_name": "Area"
    }
  },
  {
    "model": "datum.datumgroup",
    "pk": 2,
    "fields": {
      "sort": 20,
      "readable_plural_name": "Activities",
      "long_definition": "What you are doing, what you want to do, and what you did.",
      "modified": "2015-07-06T23:08:16.544Z",
      "schema_name": "activity",
      "active": true,
      "entity_name": "Activity",
      "short_definition": "Tasks, Verbs",
      "example": "Meet with Joe, Learn guitar",
      "created": "2015-07-06T23:09:39.310Z",
      "readable_name": "Activity"
    }
  },
  {
    "model": "datum.datumgroup",
    "pk": 3,
    "fields": {
      "sort": 30,
      "readable_plural_name": "Times",
      "long_definition": "When you are doing. Time-based events and deadlines.",
      "modified": "2015-07-06T23:08:16.544Z",
      "schema_name": "time",
      "active": true,
      "entity_name": "Time",
      "short_definition": "Events, Reminders",
      "example": "Tomorrow between 1-2 PM",
      "created": "2015-07-06T23:09:39.310Z",
      "readable_name": "Time"
    }
  },
  {
    "model": "datum.datumgroup",
    "pk": 4,
    "fields": {
      "sort": 40,
      "readable_plural_name": "Items",
      "long_definition": "What you know - your information storage.",
      "modified": "2015-07-06T23:08:16.544Z",
      "schema_name": "item",
      "active": true,
      "entity_name": "Item",
      "short_definition": "Reference, Files",
      "example": "PDF document, Email from Joe, important note",
      "created": "2015-07-06T23:09:39.310Z",
      "readable_name": "Item"
    }
  },
  {
    "model": "datum.datumtype",
    "pk": 1,
    "fields": {
      "schema_name": "category",
      "icon_class": "fa fa-square-o",
      "sort": 10100,
      "entity_name": "Category",
      "short_definition": "Topics, Folders",
      "example": "House, Family, Job, Marketing",
      "created": "2015-07-06T23:09:40.020Z",
      "long_definition": "General container for anything of interest or importance.",
      "active": true,
      "headline_expr": "{{name}}",
      "modified": "2015-07-06T23:08:20.041Z",
      "datum_group": 1,
      "readable_name": "Category",
      "readable_plural_name": "Categories"
    }
  },
  {
    "model": "datum.datumtype",
    "pk": 2,
    "fields": {
      "schema_name": "project",
      "icon_class": "fa fa-check-square-o",
      "sort": 10110,
      "entity_name": "Project",
      "short_definition": "Named Plan",
      "example": "Tracuse App, Morning Checklist, Department Reorganization",
      "created": "2015-07-06T23:09:40.020Z",
      "long_definition": "A label for a particular goal or purpose so you can organize all your information.",
      "active": true,
      "headline_expr": "{{name}}",
      "modified": "2015-07-06T23:08:20.041Z",
      "datum_group": 1,
      "readable_name": "Project",
      "readable_plural_name": "Projects"
    }
  },
  {
    "model": "datum.datumtype",
    "pk": 3,
    "fields": {
      "schema_name": "context",
      "icon_class": "fa fa-plus-square-o",
      "sort": 10120,
      "entity_name": "Context",
      "short_definition": "Settings, Tools",
      "example": "Call, Computer, Read, Errands",
      "created": "2015-07-06T23:09:40.020Z",
      "long_definition": "What you use or general location for an action.",
      "active": true,
      "headline_expr": "{{name}}",
      "modified": "2015-07-06T23:08:20.041Z",
      "datum_group": 1,
      "readable_name": "Context",
      "readable_plural_name": "Contexts"
    }
  },
  {
    "model": "datum.datumtype",
    "pk": 4,
    "fields": {
      "schema_name": "person",
      "icon_class": "fa fa-user",
      "sort": 10130,
      "entity_name": "Person",
      "short_definition": "An Individual",
      "example": "Sally Sister, Carl Coworker",
      "created": "2015-07-06T23:09:40.020Z",
      "long_definition": "Who you commonly interact with.",
      "active": true,
      "headline_expr": "{{name}}",
      "modified": "2015-07-06T23:08:20.041Z",
      "datum_group": 1,
      "readable_name": "Person",
      "readable_plural_name": "Persons"
    }
  },
  {
    "model": "datum.datumtype",
    "pk": 5,
    "fields": {
      "schema_name": "entity",
      "icon_class": "fa fa-users",
      "sort": 10140,
      "entity_name": "Entity",
      "short_definition": "Organizational Group",
      "example": "Employer, Son's School, Softball League",
      "created": "2015-07-06T23:09:40.020Z",
      "long_definition": "Any group, such as a business, government agency, religious, or social organization.",
      "active": true,
      "headline_expr": "{{name}}",
      "modified": "2015-07-06T23:08:20.041Z",
      "datum_group": 1,
      "readable_name": "Entity",
      "readable_plural_name": "Entities"
    }
  },
  {
    "model": "datum.datumtype",
    "pk": 6,
    "fields": {
      "schema_name": "location",
      "icon_class": "fa fa-home",
      "sort": 10150,
      "entity_name": "Location",
      "short_definition": "A Place",
      "example": "Office Address, School Address, The Garage",
      "created": "2015-07-06T23:09:40.020Z",
      "long_definition": "A formal address/geolocation, or any informal point of interest.",
      "active": true,
      "headline_expr": "{{name}}",
      "modified": "2015-07-06T23:08:20.041Z",
      "datum_group": 1,
      "readable_name": "Location",
      "readable_plural_name": "Locations"
    }
  },
  {
    "model": "datum.datumtype",
    "pk": 7,
    "fields": {
      "schema_name": "contact",
      "icon_class": "fa fa-phone",
      "sort": 10160,
      "entity_name": "Contact",
      "short_definition": "Contact Info",
      "example": "Carl's Work Contact, Carl's Home Contact, Main Office Contact",
      "created": "2015-07-06T23:09:40.020Z",
      "long_definition": "How to communicate with a Person or Entity, including phone, email, and social media.",
      "active": true,
      "headline_expr": "{{name}}",
      "modified": "2015-07-06T23:08:20.041Z",
      "datum_group": 1,
      "readable_name": "Contact",
      "readable_plural_name": "Contacts"
    }
  },
  {
    "model": "datum.datumtype",
    "pk": 8,
    "fields": {
      "schema_name": "action",
      "icon_class": "fa fa-check-circle-o",
      "sort": 20100,
      "entity_name": "Action",
      "short_definition": "Task",
      "example": "Call the auto mechanic, Review Q1 sales, Be a better husband",
      "created": "2015-07-06T23:09:40.020Z",
      "long_definition": "Any individual idea or thought about something you will do.",
      "active": true,
      "headline_expr": "{{description}}",
      "modified": "2015-07-06T23:08:20.041Z",
      "datum_group": 2,
      "readable_name": "Action",
      "readable_plural_name": "Actions"
    }
  },
  {
    "model": "datum.datumtype",
    "pk": 9,
    "fields": {
      "schema_name": "principle",
      "icon_class": "fa fa-bullseye",
      "sort": 20110,
      "entity_name": "Principle",
      "short_definition": "Purpose, Mantra",
      "example": "So we can take that vacation, So I will be healthy and happy",
      "created": "2015-07-06T23:09:40.020Z",
      "long_definition": "Why you are doing what you are doing. Represents your values and vision.",
      "active": true,
      "headline_expr": "{{description}}",
      "modified": "2015-07-06T23:08:20.041Z",
      "datum_group": 2,
      "readable_name": "Principle",
      "readable_plural_name": "Principles"
    }
  },
  {
    "model": "datum.datumtype",
    "pk": 10,
    "fields": {
      "schema_name": "journal",
      "icon_class": "fa fa-book",
      "sort": 20120,
      "entity_name": "Journal",
      "short_definition": "Diary, Log",
      "example": "Okay rehearsal practice song more, Good meeting but next time have firm agenda",
      "created": "2015-07-06T23:09:40.020Z",
      "long_definition": "A record of what happened that you can use for next time.",
      "active": true,
      "headline_expr": "{{description}}",
      "modified": "2015-07-06T23:08:20.041Z",
      "datum_group": 2,
      "readable_name": "Journal",
      "readable_plural_name": "Journals"
    }
  },
  {
    "model": "datum.datumtype",
    "pk": 11,
    "fields": {
      "schema_name": "schedule",
      "icon_class": "fa fa-calendar-o",
      "sort": 30100,
      "entity_name": "Schedule",
      "short_definition": "Collection of Events",
      "example": "Actual Schedule, Planned Schedule 2, Project Schedule 5",
      "created": "2015-07-06T23:09:40.020Z",
      "long_definition": "Track multiple events for an object to compare what you planned to do versus what you did.",
      "active": true,
      "headline_expr": "{{name}}",
      "modified": "2015-07-06T23:08:20.041Z",
      "datum_group": 3,
      "readable_name": "Schedule",
      "readable_plural_name": "Schedules"
    }
  },
  {
    "model": "datum.datumtype",
    "pk": 12,
    "fields": {
      "schema_name": "event",
      "icon_class": "fa fa-calendar",
      "sort": 30110,
      "entity_name": "Event",
      "short_definition": "When Something Happens",
      "example": "Next Thursday All Day, May 13 2-3 PM",
      "created": "2015-07-06T23:09:40.020Z",
      "long_definition": "A meeting, appointment, or any other time-based occurrence.",
      "active": true,
      "headline_expr": "{{ending_event}}",
      "modified": "2015-07-06T23:08:20.041Z",
      "datum_group": 3,
      "readable_name": "Event",
      "readable_plural_name": "Events"
    }
  },
  {
    "model": "datum.datumtype",
    "pk": 13,
    "fields": {
      "schema_name": "reminder",
      "icon_class": "fa fa-bell-o",
      "sort": 30120,
      "entity_name": "Reminder",
      "short_definition": "Date/Time Alert",
      "example": "Every Friday at Noon, July 4 9:30 AM",
      "created": "2015-07-06T23:09:40.020Z",
      "long_definition": "Simple alerts that can be used for short-term alarm or long-term tickler.",
      "active": true,
      "headline_expr": "{{alert}}",
      "modified": "2015-07-06T23:08:20.041Z",
      "datum_group": 3,
      "readable_name": "Reminder",
      "readable_plural_name": "Reminders"
    }
  },
  {
    "model": "datum.datumtype",
    "pk": 14,
    "fields": {
      "schema_name": "note",
      "icon_class": "fa fa-file-text-o",
      "sort": 40100,
      "entity_name": "Note",
      "short_definition": "Reference",
      "example": "How to, Saved Quote, Pi = 3.14159",
      "created": "2015-07-06T23:09:40.020Z",
      "long_definition": "A fact or idea to remember.",
      "active": true,
      "headline_expr": "{{name}}",
      "modified": "2015-07-06T23:08:20.041Z",
      "datum_group": 4,
      "readable_name": "Note",
      "readable_plural_name": "Notes"
    }
  },
  {
    "model": "datum.datumtype",
    "pk": 15,
    "fields": {
      "schema_name": "file",
      "icon_class": "fa fa-paperclip",
      "sort": 40110,
      "entity_name": "File",
      "short_definition": "Document",
      "example": "MS Excel Spreadsheet, Image, Movie",
      "created": "2015-07-06T23:09:40.020Z",
      "long_definition": "An external attachment or hyperlink to a digitial document.",
      "active": true,
      "headline_expr": "{{name}}",
      "modified": "2015-07-06T23:08:20.041Z",
      "datum_group": 4,
      "readable_name": "File",
      "readable_plural_name": "Files"
    }
  },
  {
    "model": "datum.datumtype",
    "pk": 16,
    "fields": {
      "schema_name": "directory",
      "icon_class": "fa fa-folder-open-o",
      "sort": 40120,
      "entity_name": "Directory",
      "short_definition": "Collection of Files",
      "example": "Project Folder, My Harddrive",
      "created": "2015-07-06T23:09:40.020Z",
      "long_definition": "Any container or folder of documents, can be in local or cloud storage.",
      "active": true,
      "headline_expr": "{{name}}",
      "modified": "2015-07-06T23:08:20.041Z",
      "datum_group": 4,
      "readable_name": "Directory",
      "readable_plural_name": "Directories"
    }
  },
  {
    "model": "datum.datumtype",
    "pk": 17,
    "fields": {
      "schema_name": "webpage",
      "icon_class": "fa fa-link",
      "sort": 40130,
      "entity_name": "Webpage",
      "short_definition": "Single Web Address",
      "example": "www.cnn.com, www.example.com/section2/page3",
      "created": "2015-07-06T23:09:40.020Z",
      "long_definition": "A hyperlink to a favorite website. Can be to homepage or specific webpage within site.",
      "active": true,
      "headline_expr": "{{name}}",
      "modified": "2015-07-06T23:08:20.041Z",
      "datum_group": 4,
      "readable_name": "Webpage",
      "readable_plural_name": "Webpages"
    }
  },
  {
    "model": "datum.datumtype",
    "pk": 18,
    "fields": {
      "schema_name": "message",
      "icon_class": "fa fa-comment-o",
      "sort": 40140,
      "entity_name": "Message",
      "short_definition": "Communication",
      "example": "Email from Carl, Facebook Message from Mom",
      "created": "2015-07-06T23:09:40.020Z",
      "long_definition": "Any electronic message, including emails, texts, and messages through social networking services.",
      "active": true,
      "headline_expr": "{{name}}",
      "modified": "2015-07-06T23:08:20.041Z",
      "datum_group": 4,
      "readable_name": "Message",
      "readable_plural_name": "Messages"
    }
  },
  {
    "model": "datum.datumtype",
    "pk": 19,
    "fields": {
      "schema_name": "post",
      "icon_class": "fa fa-rss",
      "sort": 40150,
      "entity_name": "Post",
      "short_definition": "Article",
      "example": "Blog Post about Drum Technique, Facebook Post about Nephews",
      "created": "2015-07-06T23:09:40.020Z",
      "long_definition": "Content from a streaming service provider, such as a blog or social networking post.",
      "active": true,
      "headline_expr": "{{name}}",
      "modified": "2015-07-06T23:08:20.041Z",
      "datum_group": 4,
      "readable_name": "Post",
      "readable_plural_name": "Posts"
    }
  },
  {
    "model": "element_type.elementdatatype",
    "pk": 1,
    "fields": {
      "sort": 10,
      "readable_plural_name": "Strings",
      "long_definition": "Used for all major text-based elements",
      "modified": "2015-07-06T23:08:22.548Z",
      "schema_name": "string",
      "active": true,
      "entity_name": "String",
      "short_definition": "VarChar(255)",
      "example": null,
      "created": "2015-07-06T23:09:41.211Z",
      "readable_name": "String"
    }
  },
  {
    "model": "element_type.elementdatatype",
    "pk": 2,
    "fields": {
      "sort": 20,
      "readable_plural_name": "Text Data",
      "long_definition": "Only used for string-based sub-data types, such as json or html",
      "modified": "2015-07-06T23:08:22.548Z",
      "schema_name": "text_data",
      "active": true,
      "entity_name": "TextData",
      "short_definition": "Text",
      "example": null,
      "created": "2015-07-06T23:09:41.211Z",
      "readable_name": "Text Data"
    }
  },
  {
    "model": "element_type.elementdatatype",
    "pk": 3,
    "fields": {
      "sort": 30,
      "readable_plural_name": "Booleans",
      "long_definition": null,
      "modified": "2015-07-06T23:08:22.548Z",
      "schema_name": "boolean",
      "active": true,
      "entity_name": "Boolean",
      "short_definition": "Boolean",
      "example": null,
      "created": "2015-07-06T23:09:41.211Z",
      "readable_name": "Boolean"
    }
  },
  {
    "model": "element_type.elementdatatype",
    "pk": 4,
    "fields": {
      "sort": 40,
      "readable_plural_name": "Datetimes",
      "long_definition": null,
      "modified": "2015-07-06T23:08:22.548Z",
      "schema_name": "datetime",
      "active": true,
      "entity_name": "Datetime",
      "short_definition": "Datetime with Timezone",
      "example": null,
      "created": "2015-07-06T23:09:41.211Z",
      "readable_name": "Datetime"
    }
  },
  {
    "model": "element_type.elementdatatype",
    "pk": 5,
    "fields": {
      "sort": 50,
      "readable_plural_name": "Decimals",
      "long_definition": "Use str_expression and UI to manage scale",
      "modified": "2015-07-06T23:08:22.548Z",
      "schema_name": "decimal",
      "active": true,
      "entity_name": "Decimal",
      "short_definition": "Number",
      "example": null,
      "created": "2015-07-06T23:09:41.211Z",
      "readable_name": "Decimal"
    }
  },
  {
    "model": "element_type.elementdatatype",
    "pk": 6,
    "fields": {
      "sort": 60,
      "readable_plural_name": "Binarys",
      "long_definition": "Used for any attachments and large data",
      "modified": "2015-07-06T23:08:22.548Z",
      "schema_name": "binary",
      "active": true,
      "entity_name": "Binary",
      "short_definition": "Blob",
      "example": null,
      "created": "2015-07-06T23:09:41.211Z",
      "readable_name": "Binary"
    }
  },
  {
    "model": "element_type.elementtype",
    "pk": 1,
    "fields": {
      "schema_name": "name",
      "element_view": "ElementText",
      "sort": 110,
      "element_data_type": 1,
      "entity_name": "Name",
      "short_definition": null,
      "example": null,
      "created": "2015-07-06T23:09:43.747Z",
      "long_definition": "Commonly used for string representation of object.",
      "active": true,
      "editable": true,
      "modified": "2015-07-06T23:08:30.550Z",
      "str_expression": "",
      "readable_name": "Name",
      "readable_plural_name": "Names"
    }
  },
  {
    "model": "element_type.elementtype",
    "pk": 2,
    "fields": {
      "schema_name": "description",
      "element_view": "ElementText",
      "sort": 120,
      "element_data_type": 1,
      "entity_name": "Description",
      "short_definition": null,
      "example": null,
      "created": "2015-07-06T23:09:43.747Z",
      "long_definition": null,
      "active": true,
      "editable": true,
      "modified": "2015-07-06T23:08:30.550Z",
      "str_expression": "",
      "readable_name": "Description",
      "readable_plural_name": "Descriptions"
    }
  },
  {
    "model": "element_type.elementtype",
    "pk": 3,
    "fields": {
      "schema_name": "first_name",
      "element_view": "ElementText",
      "sort": 130,
      "element_data_type": 1,
      "entity_name": "FirstName",
      "short_definition": null,
      "example": null,
      "created": "2015-07-06T23:09:43.747Z",
      "long_definition": null,
      "active": true,
      "editable": true,
      "modified": "2015-07-06T23:08:30.550Z",
      "str_expression": "",
      "readable_name": "First Name",
      "readable_plural_name": "First Names"
    }
  },
  {
    "model": "element_type.elementtype",
    "pk": 4,
    "fields": {
      "schema_name": "last_name",
      "element_view": "ElementText",
      "sort": 140,
      "element_data_type": 1,
      "entity_name": "LastName",
      "short_definition": null,
      "example": null,
      "created": "2015-07-06T23:09:43.747Z",
      "long_definition": null,
      "active": true,
      "editable": true,
      "modified": "2015-07-06T23:08:30.550Z",
      "str_expression": "",
      "readable_name": "Last Name",
      "readable_plural_name": "Last Names"
    }
  },
  {
    "model": "element_type.elementtype",
    "pk": 5,
    "fields": {
      "schema_name": "nickname",
      "element_view": "ElementText",
      "sort": 150,
      "element_data_type": 1,
      "entity_name": "Nickname",
      "short_definition": null,
      "example": null,
      "created": "2015-07-06T23:09:43.747Z",
      "long_definition": null,
      "active": true,
      "editable": true,
      "modified": "2015-07-06T23:08:30.550Z",
      "str_expression": "",
      "readable_name": "Nickname",
      "readable_plural_name": "Nicknames"
    }
  },
  {
    "model": "element_type.elementtype",
    "pk": 6,
    "fields": {
      "schema_name": "birthday",
      "element_view": "ElementDate",
      "sort": 160,
      "element_data_type": 4,
      "entity_name": "Birthday",
      "short_definition": "",
      "example": "",
      "created": "2015-07-06T23:09:43.747Z",
      "long_definition": "",
      "active": true,
      "editable": true,
      "modified": "2015-07-06T23:08:30.550Z",
      "str_expression": "{{ value|date:'F j, Y' }}",
      "readable_name": "Birthday",
      "readable_plural_name": "Birthdays"
    }
  },
  {
    "model": "element_type.elementtype",
    "pk": 7,
    "fields": {
      "schema_name": "entity_type",
      "element_view": "ElementSelect",
      "sort": 170,
      "element_data_type": 1,
      "entity_name": "EntityType",
      "short_definition": "",
      "example": "",
      "created": "2015-07-06T23:09:43.747Z",
      "long_definition": "Organization types, including business, government, social, etc.",
      "active": true,
      "editable": true,
      "modified": "2015-07-06T23:08:30.550Z",
      "str_expression": "",
      "readable_name": "Entity Type",
      "readable_plural_name": "Entity Types"
    }
  },
  {
    "model": "element_type.elementtype",
    "pk": 8,
    "fields": {
      "schema_name": "street_address",
      "element_view": "ElementText",
      "sort": 180,
      "element_data_type": 1,
      "entity_name": "StreetAddress",
      "short_definition": null,
      "example": null,
      "created": "2015-07-06T23:09:43.747Z",
      "long_definition": null,
      "active": true,
      "editable": true,
      "modified": "2015-07-06T23:08:30.550Z",
      "str_expression": "",
      "readable_name": "Street Address",
      "readable_plural_name": "Street Addresses"
    }
  },
  {
    "model": "element_type.elementtype",
    "pk": 9,
    "fields": {
      "schema_name": "city",
      "element_view": "ElementText",
      "sort": 190,
      "element_data_type": 1,
      "entity_name": "City",
      "short_definition": null,
      "example": null,
      "created": "2015-07-06T23:09:43.747Z",
      "long_definition": null,
      "active": true,
      "editable": true,
      "modified": "2015-07-06T23:08:30.550Z",
      "str_expression": "",
      "readable_name": "City",
      "readable_plural_name": "Citys"
    }
  },
  {
    "model": "element_type.elementtype",
    "pk": 10,
    "fields": {
      "schema_name": "state",
      "element_view": "ElementText",
      "sort": 200,
      "element_data_type": 1,
      "entity_name": "State",
      "short_definition": null,
      "example": null,
      "created": "2015-07-06T23:09:43.747Z",
      "long_definition": null,
      "active": true,
      "editable": true,
      "modified": "2015-07-06T23:08:30.550Z",
      "str_expression": "",
      "readable_name": "State",
      "readable_plural_name": "States"
    }
  },
  {
    "model": "element_type.elementtype",
    "pk": 11,
    "fields": {
      "schema_name": "zip",
      "element_view": "ElementText",
      "sort": 210,
      "element_data_type": 1,
      "entity_name": "Zip",
      "short_definition": null,
      "example": null,
      "created": "2015-07-06T23:09:43.747Z",
      "long_definition": null,
      "active": true,
      "editable": true,
      "modified": "2015-07-06T23:08:30.550Z",
      "str_expression": "",
      "readable_name": "Zip",
      "readable_plural_name": "Zips"
    }
  },
  {
    "model": "element_type.elementtype",
    "pk": 12,
    "fields": {
      "schema_name": "country",
      "element_view": "ElementText",
      "sort": 220,
      "element_data_type": 1,
      "entity_name": "Country",
      "short_definition": null,
      "example": null,
      "created": "2015-07-06T23:09:43.747Z",
      "long_definition": null,
      "active": true,
      "editable": true,
      "modified": "2015-07-06T23:08:30.550Z",
      "str_expression": "",
      "readable_name": "Country",
      "readable_plural_name": "Countries"
    }
  },
  {
    "model": "element_type.elementtype",
    "pk": 13,
    "fields": {
      "schema_name": "latitude",
      "element_view": "ElementText",
      "sort": 230,
      "element_data_type": 5,
      "entity_name": "Latitude",
      "short_definition": "",
      "example": "",
      "created": "2015-07-06T23:09:43.747Z",
      "long_definition": "In decimal degrees",
      "active": true,
      "editable": true,
      "modified": "2015-07-06T23:08:30.550Z",
      "str_expression": "{{ value|floatformat:6 }}",
      "readable_name": "Latitude",
      "readable_plural_name": "Latitudes"
    }
  },
  {
    "model": "element_type.elementtype",
    "pk": 14,
    "fields": {
      "schema_name": "longitude",
      "element_view": "ElementText",
      "sort": 240,
      "element_data_type": 5,
      "entity_name": "Longitude",
      "short_definition": "",
      "example": "",
      "created": "2015-07-06T23:09:43.747Z",
      "long_definition": "In decimal degrees",
      "active": true,
      "editable": true,
      "modified": "2015-07-06T23:08:30.550Z",
      "str_expression": "{{ value|floatformat:6 }}",
      "readable_name": "Longitude",
      "readable_plural_name": "Longitudes"
    }
  },
  {
    "model": "element_type.elementtype",
    "pk": 15,
    "fields": {
      "schema_name": "phone",
      "element_view": "ElementText",
      "sort": 250,
      "element_data_type": 1,
      "entity_name": "Phone",
      "short_definition": "",
      "example": "",
      "created": "2015-07-06T23:09:43.747Z",
      "long_definition": "",
      "active": true,
      "editable": true,
      "modified": "2015-07-06T23:08:30.550Z",
      "str_expression": "",
      "readable_name": "Phone",
      "readable_plural_name": "Phones"
    }
  },
  {
    "model": "element_type.elementtype",
    "pk": 16,
    "fields": {
      "schema_name": "email",
      "element_view": "ElementText",
      "sort": 260,
      "element_data_type": 1,
      "entity_name": "Email",
      "short_definition": "",
      "example": "",
      "created": "2015-07-06T23:09:43.747Z",
      "long_definition": "",
      "active": true,
      "editable": true,
      "modified": "2015-07-06T23:08:30.550Z",
      "str_expression": "",
      "readable_name": "Email",
      "readable_plural_name": "Emails"
    }
  },
  {
    "model": "element_type.elementtype",
    "pk": 17,
    "fields": {
      "schema_name": "website",
      "element_view": "ElementText",
      "sort": 270,
      "element_data_type": 1,
      "entity_name": "Website",
      "short_definition": "",
      "example": "",
      "created": "2015-07-06T23:09:43.747Z",
      "long_definition": "",
      "active": true,
      "editable": true,
      "modified": "2015-07-06T23:08:30.550Z",
      "str_expression": "",
      "readable_name": "Website",
      "readable_plural_name": "Websites"
    }
  },
  {
    "model": "element_type.elementtype",
    "pk": 18,
    "fields": {
      "schema_name": "facebook",
      "element_view": "ElementText",
      "sort": 280,
      "element_data_type": 1,
      "entity_name": "Facebook",
      "short_definition": "",
      "example": "",
      "created": "2015-07-06T23:09:43.747Z",
      "long_definition": "",
      "active": true,
      "editable": true,
      "modified": "2015-07-06T23:08:30.550Z",
      "str_expression": "",
      "readable_name": "Facebook",
      "readable_plural_name": "Facebook"
    }
  },
  {
    "model": "element_type.elementtype",
    "pk": 19,
    "fields": {
      "schema_name": "linkedin",
      "element_view": "ElementText",
      "sort": 290,
      "element_data_type": 1,
      "entity_name": "LinkedIn",
      "short_definition": "",
      "example": "",
      "created": "2015-07-06T23:09:43.747Z",
      "long_definition": "",
      "active": true,
      "editable": true,
      "modified": "2015-07-06T23:08:30.550Z",
      "str_expression": "",
      "readable_name": "LinkedIn",
      "readable_plural_name": "LinkedIn"
    }
  },
  {
    "model": "element_type.elementtype",
    "pk": 20,
    "fields": {
      "schema_name": "twitter",
      "element_view": "ElementText",
      "sort": 300,
      "element_data_type": 1,
      "entity_name": "Twitter",
      "short_definition": "",
      "example": "",
      "created": "2015-07-06T23:09:43.747Z",
      "long_definition": "",
      "active": true,
      "editable": true,
      "modified": "2015-07-06T23:08:30.550Z",
      "str_expression": "",
      "readable_name": "Twitter",
      "readable_plural_name": "Twitter"
    }
  },
  {
    "model": "element_type.elementtype",
    "pk": 21,
    "fields": {
      "schema_name": "action_status",
      "element_view": "ElementSelect",
      "sort": 310,
      "element_data_type": 1,
      "entity_name": "ActionStatus",
      "short_definition": "",
      "example": "",
      "created": "2015-07-06T23:09:43.747Z",
      "long_definition": "",
      "active": true,
      "editable": true,
      "modified": "2015-07-06T23:08:30.550Z",
      "str_expression": "",
      "readable_name": "Status",
      "readable_plural_name": "Statuses"
    }
  },
  {
    "model": "element_type.elementtype",
    "pk": 22,
    "fields": {
      "schema_name": "action_effort",
      "element_view": "ElementSelect",
      "sort": 320,
      "element_data_type": 5,
      "entity_name": "ActionEffort",
      "short_definition": "",
      "example": "",
      "created": "2015-07-06T23:09:43.747Z",
      "long_definition": "",
      "active": true,
      "editable": true,
      "modified": "2015-07-06T23:08:30.550Z",
      "str_expression": "{{ value|floatformat:0 }}",
      "readable_name": "Effort",
      "readable_plural_name": "Effort"
    }
  },
  {
    "model": "element_type.elementtype",
    "pk": 23,
    "fields": {
      "schema_name": "schedule_type",
      "element_view": "ElementSelect",
      "sort": 330,
      "element_data_type": 1,
      "entity_name": "ScheduleType",
      "short_definition": "",
      "example": "",
      "created": "2015-07-06T23:09:43.747Z",
      "long_definition": "",
      "active": true,
      "editable": true,
      "modified": "2015-07-06T23:08:30.550Z",
      "str_expression": "",
      "readable_name": "Schedule Type",
      "readable_plural_name": "Schedule Types"
    }
  },
  {
    "model": "element_type.elementtype",
    "pk": 24,
    "fields": {
      "schema_name": "beginning_buffer",
      "element_view": "ElementDatetime",
      "sort": 340,
      "element_data_type": 4,
      "entity_name": "BeginningBuffer",
      "short_definition": "",
      "example": "",
      "created": "2015-07-06T23:09:43.747Z",
      "long_definition": "",
      "active": true,
      "editable": true,
      "modified": "2015-07-06T23:08:30.550Z",
      "str_expression": "{{ value|date:'F j, Y g:i A'}}",
      "readable_name": "Beginning Buffer",
      "readable_plural_name": "Beginning Buffers"
    }
  },
  {
    "model": "element_type.elementtype",
    "pk": 25,
    "fields": {
      "schema_name": "beginning_event",
      "element_view": "ElementDatetime",
      "sort": 350,
      "element_data_type": 4,
      "entity_name": "BeginningEvent",
      "short_definition": "",
      "example": "",
      "created": "2015-07-06T23:09:43.747Z",
      "long_definition": "",
      "active": true,
      "editable": true,
      "modified": "2015-07-06T23:08:30.550Z",
      "str_expression": "{{ value|date:'F j, Y g:i A'}}",
      "readable_name": "Beginning Event",
      "readable_plural_name": "Beginning Events"
    }
  },
  {
    "model": "element_type.elementtype",
    "pk": 26,
    "fields": {
      "schema_name": "ending_event",
      "element_view": "ElementDatetime",
      "sort": 360,
      "element_data_type": 4,
      "entity_name": "EndingEvent",
      "short_definition": "",
      "example": "",
      "created": "2015-07-06T23:09:43.747Z",
      "long_definition": "",
      "active": true,
      "editable": true,
      "modified": "2015-07-06T23:08:30.550Z",
      "str_expression": "{{ value|date:'F j, Y g:i A'}}",
      "readable_name": "Ending Event",
      "readable_plural_name": "Ending Events"
    }
  },
  {
    "model": "element_type.elementtype",
    "pk": 27,
    "fields": {
      "schema_name": "ending_buffer",
      "element_view": "ElementDatetime",
      "sort": 370,
      "element_data_type": 4,
      "entity_name": "EndingBuffer",
      "short_definition": "",
      "example": "",
      "created": "2015-07-06T23:09:43.747Z",
      "long_definition": "",
      "active": true,
      "editable": true,
      "modified": "2015-07-06T23:08:30.550Z",
      "str_expression": "{{ value|date:'F j, Y g:i A'}}",
      "readable_name": "Ending Buffer",
      "readable_plural_name": "Ending Buffers"
    }
  },
  {
    "model": "element_type.elementtype",
    "pk": 28,
    "fields": {
      "schema_name": "event_time",
      "element_view": "ElementText",
      "sort": 380,
      "element_data_type": 5,
      "entity_name": "EventTime",
      "short_definition": "",
      "example": "",
      "created": "2015-07-06T23:09:43.747Z",
      "long_definition": "",
      "active": true,
      "editable": true,
      "modified": "2015-07-06T23:08:30.550Z",
      "str_expression": "{{ value|floatformat:2 }}",
      "readable_name": "Event Time",
      "readable_plural_name": "Event Times"
    }
  },
  {
    "model": "element_type.elementtype",
    "pk": 29,
    "fields": {
      "schema_name": "total_time",
      "element_view": "ElementText",
      "sort": 390,
      "element_data_type": 5,
      "entity_name": "TotalTime",
      "short_definition": "",
      "example": "",
      "created": "2015-07-06T23:09:43.747Z",
      "long_definition": "",
      "active": true,
      "editable": true,
      "modified": "2015-07-06T23:08:30.550Z",
      "str_expression": "{{ value|floatformat:2 }}",
      "readable_name": "Total Time",
      "readable_plural_name": "Total Times"
    }
  },
  {
    "model": "element_type.elementtype",
    "pk": 30,
    "fields": {
      "schema_name": "recurring_options",
      "element_view": "ElementText",
      "sort": 400,
      "element_data_type": 2,
      "entity_name": "RecurringOptions",
      "short_definition": null,
      "example": null,
      "created": "2015-07-06T23:09:43.747Z",
      "long_definition": null,
      "active": true,
      "editable": true,
      "modified": "2015-07-06T23:08:30.550Z",
      "str_expression": "",
      "readable_name": "Recurring Options",
      "readable_plural_name": "Recurring Optionss"
    }
  },
  {
    "model": "element_type.elementtype",
    "pk": 31,
    "fields": {
      "schema_name": "alert",
      "element_view": "ElementDatetime",
      "sort": 410,
      "element_data_type": 4,
      "entity_name": "Alert",
      "short_definition": "",
      "example": "",
      "created": "2015-07-06T23:09:43.747Z",
      "long_definition": "",
      "active": true,
      "editable": true,
      "modified": "2015-07-06T23:08:30.550Z",
      "str_expression": "{{ value|date:'F j, Y g:i A'}}",
      "readable_name": "Alert",
      "readable_plural_name": "Alerts"
    }
  },
  {
    "model": "element_type.elementtype",
    "pk": 32,
    "fields": {
      "schema_name": "logged_in",
      "element_view": "ElementText",
      "sort": 420,
      "element_data_type": 3,
      "entity_name": "LoggedIn",
      "short_definition": "",
      "example": null,
      "created": "2015-07-06T23:09:43.747Z",
      "long_definition": "",
      "active": true,
      "editable": true,
      "modified": "2015-07-06T23:08:30.550Z",
      "str_expression": "",
      "readable_name": "Logged In",
      "readable_plural_name": "Logged In"
    }
  },
  {
    "model": "element_type.elementtype",
    "pk": 33,
    "fields": {
      "schema_name": "item_status",
      "element_view": "ElementText",
      "sort": 430,
      "element_data_type": 1,
      "entity_name": "ItemStatus",
      "short_definition": null,
      "example": null,
      "created": "2015-07-06T23:09:43.747Z",
      "long_definition": null,
      "active": true,
      "editable": true,
      "modified": "2015-07-06T23:08:30.550Z",
      "str_expression": "",
      "readable_name": "Item Status",
      "readable_plural_name": "Item Statuses"
    }
  },
  {
    "model": "element_type.elementtype",
    "pk": 34,
    "fields": {
      "schema_name": "item_content",
      "element_view": "ElementText",
      "sort": 440,
      "element_data_type": 2,
      "entity_name": "ItemContent",
      "short_definition": null,
      "example": null,
      "created": "2015-07-06T23:09:43.747Z",
      "long_definition": null,
      "active": true,
      "editable": true,
      "modified": "2015-07-06T23:08:30.550Z",
      "str_expression": "",
      "readable_name": "Item Content",
      "readable_plural_name": "Item Contents"
    }
  },
  {
    "model": "element_type.elementtype",
    "pk": 35,
    "fields": {
      "schema_name": "from",
      "element_view": "ElementText",
      "sort": 450,
      "element_data_type": 1,
      "entity_name": "From",
      "short_definition": null,
      "example": null,
      "created": "2015-07-06T23:09:43.747Z",
      "long_definition": null,
      "active": true,
      "editable": true,
      "modified": "2015-07-06T23:08:30.550Z",
      "str_expression": "",
      "readable_name": "From",
      "readable_plural_name": "Froms"
    }
  },
  {
    "model": "element_type.elementtype",
    "pk": 36,
    "fields": {
      "schema_name": "to",
      "element_view": "ElementText",
      "sort": 460,
      "element_data_type": 1,
      "entity_name": "To",
      "short_definition": null,
      "example": null,
      "created": "2015-07-06T23:09:43.747Z",
      "long_definition": null,
      "active": true,
      "editable": true,
      "modified": "2015-07-06T23:08:30.550Z",
      "str_expression": "",
      "readable_name": "To",
      "readable_plural_name": "Tos"
    }
  },
  {
    "model": "element_type.elementtype",
    "pk": 37,
    "fields": {
      "schema_name": "link",
      "element_view": "ElementText",
      "sort": 470,
      "element_data_type": 1,
      "entity_name": "Link",
      "short_definition": "URL",
      "example": "",
      "created": "2015-07-06T23:09:43.747Z",
      "long_definition": "Any local, network, or www address",
      "active": true,
      "editable": true,
      "modified": "2015-07-06T23:08:30.550Z",
      "str_expression": "",
      "readable_name": "Link",
      "readable_plural_name": "Links"
    }
  },
  {
    "model": "element_type.elementtype",
    "pk": 38,
    "fields": {
      "schema_name": "attachment",
      "element_view": "ElementText",
      "sort": 480,
      "element_data_type": 1,
      "entity_name": "Attachment",
      "short_definition": "",
      "example": "",
      "created": "2015-07-06T23:09:43.747Z",
      "long_definition": "File attachment",
      "active": true,
      "editable": true,
      "modified": "2015-07-06T23:08:30.550Z",
      "str_expression": "",
      "readable_name": "Attachment",
      "readable_plural_name": "Attachments"
    }
  },
  {
    "model": "element_type.elementtype",
    "pk": 39,
    "fields": {
      "schema_name": "creation_date",
      "element_view": "ElementDatetime",
      "sort": 490,
      "element_data_type": 4,
      "entity_name": "CreationDate",
      "short_definition": "",
      "example": "",
      "created": "2015-07-06T23:09:43.747Z",
      "long_definition": "SHOULD THIS BE ROLLED INTO EVENTS?",
      "active": true,
      "editable": true,
      "modified": "2015-07-06T23:08:30.550Z",
      "str_expression": "{{ value|date:'F j, Y g:i A'}}",
      "readable_name": "Creation Date",
      "readable_plural_name": "Creation Dates"
    }
  },
  {
    "model": "element_type.elementtype",
    "pk": 40,
    "fields": {
      "schema_name": "modification_date",
      "element_view": "ElementDatetime",
      "sort": 500,
      "element_data_type": 4,
      "entity_name": "ModificationDate",
      "short_definition": "",
      "example": "",
      "created": "2015-07-06T23:09:43.747Z",
      "long_definition": "SHOULD THIS BE ROLLED INTO EVENTS?",
      "active": true,
      "editable": true,
      "modified": "2015-07-06T23:08:30.550Z",
      "str_expression": "{{ value|date:'F j, Y g:i A'}}",
      "readable_name": "Modification Date",
      "readable_plural_name": "Modification Dates"
    }
  },
  {
    "model": "element_type.elementoption",
    "pk": 1,
    "fields": {
      "schema_name": "business",
      "element_type": 7,
      "sort": 17010,
      "entity_name": "Business",
      "short_definition": null,
      "example": null,
      "created": "2015-07-06T23:09:43.452Z",
      "long_definition": null,
      "active": true,
      "modified": "2015-07-06T23:08:29.013Z",
      "readable_name": "Business",
      "readable_plural_name": "Businesses"
    }
  },
  {
    "model": "element_type.elementoption",
    "pk": 2,
    "fields": {
      "schema_name": "non-profit",
      "element_type": 7,
      "sort": 17020,
      "entity_name": "Non-Profit",
      "short_definition": null,
      "example": null,
      "created": "2015-07-06T23:09:43.452Z",
      "long_definition": null,
      "active": true,
      "modified": "2015-07-06T23:08:29.013Z",
      "readable_name": "Non-Profit",
      "readable_plural_name": "Non-Profits"
    }
  },
  {
    "model": "element_type.elementoption",
    "pk": 3,
    "fields": {
      "schema_name": "education",
      "element_type": 7,
      "sort": 17030,
      "entity_name": "Education",
      "short_definition": null,
      "example": null,
      "created": "2015-07-06T23:09:43.452Z",
      "long_definition": null,
      "active": true,
      "modified": "2015-07-06T23:08:29.013Z",
      "readable_name": "Education",
      "readable_plural_name": "Education"
    }
  },
  {
    "model": "element_type.elementoption",
    "pk": 4,
    "fields": {
      "schema_name": "food",
      "element_type": 7,
      "sort": 17040,
      "entity_name": "Food",
      "short_definition": null,
      "example": null,
      "created": "2015-07-06T23:09:43.452Z",
      "long_definition": null,
      "active": true,
      "modified": "2015-07-06T23:08:29.013Z",
      "readable_name": "Food",
      "readable_plural_name": "Food"
    }
  },
  {
    "model": "element_type.elementoption",
    "pk": 5,
    "fields": {
      "schema_name": "service",
      "element_type": 7,
      "sort": 17050,
      "entity_name": "Service",
      "short_definition": null,
      "example": null,
      "created": "2015-07-06T23:09:43.452Z",
      "long_definition": null,
      "active": true,
      "modified": "2015-07-06T23:08:29.013Z",
      "readable_name": "Service",
      "readable_plural_name": "Services"
    }
  },
  {
    "model": "element_type.elementoption",
    "pk": 6,
    "fields": {
      "schema_name": "cultural",
      "element_type": 7,
      "sort": 17060,
      "entity_name": "Cultural",
      "short_definition": null,
      "example": null,
      "created": "2015-07-06T23:09:43.452Z",
      "long_definition": null,
      "active": true,
      "modified": "2015-07-06T23:08:29.013Z",
      "readable_name": "Cultural",
      "readable_plural_name": "Cultural"
    }
  },
  {
    "model": "element_type.elementoption",
    "pk": 7,
    "fields": {
      "schema_name": "religious",
      "element_type": 7,
      "sort": 17070,
      "entity_name": "Religious",
      "short_definition": null,
      "example": null,
      "created": "2015-07-06T23:09:43.452Z",
      "long_definition": null,
      "active": true,
      "modified": "2015-07-06T23:08:29.013Z",
      "readable_name": "Religious",
      "readable_plural_name": "Religious"
    }
  },
  {
    "model": "element_type.elementoption",
    "pk": 8,
    "fields": {
      "schema_name": "government",
      "element_type": 7,
      "sort": 17080,
      "entity_name": "Government",
      "short_definition": null,
      "example": null,
      "created": "2015-07-06T23:09:43.452Z",
      "long_definition": null,
      "active": true,
      "modified": "2015-07-06T23:08:29.013Z",
      "readable_name": "Government",
      "readable_plural_name": "Governments"
    }
  },
  {
    "model": "element_type.elementoption",
    "pk": 9,
    "fields": {
      "schema_name": "social",
      "element_type": 7,
      "sort": 17090,
      "entity_name": "Social",
      "short_definition": null,
      "example": null,
      "created": "2015-07-06T23:09:43.452Z",
      "long_definition": null,
      "active": true,
      "modified": "2015-07-06T23:08:29.013Z",
      "readable_name": "Social",
      "readable_plural_name": "Social"
    }
  },
  {
    "model": "element_type.elementoption",
    "pk": 10,
    "fields": {
      "schema_name": "new",
      "element_type": 21,
      "sort": 30010,
      "entity_name": "ActionNew",
      "short_definition": "Just Created",
      "example": null,
      "created": "2015-07-06T23:09:43.452Z",
      "long_definition": "Action just added to Tracuse that need to be reviewed for reclassification.",
      "active": true,
      "modified": "2015-07-06T23:08:29.013Z",
      "readable_name": "New",
      "readable_plural_name": "New"
    }
  },
  {
    "model": "element_type.elementoption",
    "pk": 11,
    "fields": {
      "schema_name": "someday",
      "element_type": 21,
      "sort": 30020,
      "entity_name": "ActionSomeday",
      "short_definition": "Deferred Indefinitely",
      "example": null,
      "created": "2015-07-06T23:09:43.452Z",
      "long_definition": "Action that may not complete for years, months, or ever.",
      "active": true,
      "modified": "2015-07-06T23:08:29.013Z",
      "readable_name": "Someday",
      "readable_plural_name": "Someday"
    }
  },
  {
    "model": "element_type.elementoption",
    "pk": 12,
    "fields": {
      "schema_name": "upcoming",
      "element_type": 21,
      "sort": 30030,
      "entity_name": "ActionUpcoming",
      "short_definition": "On the Horizon",
      "example": null,
      "created": "2015-07-06T23:09:43.452Z",
      "long_definition": "Action that is coming up in the next month or so and needs some basic attention.",
      "active": true,
      "modified": "2015-07-06T23:08:29.013Z",
      "readable_name": "Upcoming",
      "readable_plural_name": "Upcoming"
    }
  },
  {
    "model": "element_type.elementoption",
    "pk": 13,
    "fields": {
      "schema_name": "current",
      "element_type": 21,
      "sort": 30040,
      "entity_name": "ActionCurrent",
      "short_definition": "Active Now",
      "example": null,
      "created": "2015-07-06T23:09:43.452Z",
      "long_definition": "Action to be completed immediately.  Highly visible on your lists.",
      "active": true,
      "modified": "2015-07-06T23:08:29.013Z",
      "readable_name": "Current",
      "readable_plural_name": "Current"
    }
  },
  {
    "model": "element_type.elementoption",
    "pk": 14,
    "fields": {
      "schema_name": "in_progress",
      "element_type": 21,
      "sort": 30050,
      "entity_name": "ActionInProgress",
      "short_definition": "Being Done",
      "example": null,
      "created": "2015-07-06T23:09:43.452Z",
      "long_definition": "Action that has paused after starting. Should be used rarely.",
      "active": true,
      "modified": "2015-07-06T23:08:29.013Z",
      "readable_name": "In Progress",
      "readable_plural_name": "In Progress"
    }
  },
  {
    "model": "element_type.elementoption",
    "pk": 15,
    "fields": {
      "schema_name": "complete",
      "element_type": 21,
      "sort": 30060,
      "entity_name": "ActionComplete",
      "short_definition": "DONE",
      "example": null,
      "created": "2015-07-06T23:09:43.452Z",
      "long_definition": "Action that has completed.  Way to go!",
      "active": true,
      "modified": "2015-07-06T23:08:29.013Z",
      "readable_name": "Complete",
      "readable_plural_name": "Complete"
    }
  },
  {
    "model": "element_type.elementoption",
    "pk": 16,
    "fields": {
      "schema_name": "waitingfor",
      "element_type": 21,
      "sort": 30070,
      "entity_name": "ActionWaitingFor",
      "short_definition": "For Someone Else",
      "example": null,
      "created": "2015-07-06T23:09:43.452Z",
      "long_definition": "Action that has been assigned to someone else, but you want to keep track of it.",
      "active": true,
      "modified": "2015-07-06T23:08:29.013Z",
      "readable_name": "WaitingFor",
      "readable_plural_name": "WaitingFor"
    }
  },
  {
    "model": "element_type.elementoption",
    "pk": 17,
    "fields": {
      "schema_name": "1",
      "element_type": 22,
      "sort": 32010,
      "entity_name": "1",
      "short_definition": "Very Easy",
      "example": null,
      "created": "2015-07-06T23:09:43.452Z",
      "long_definition": null,
      "active": true,
      "modified": "2015-07-06T23:08:29.013Z",
      "readable_name": "1",
      "readable_plural_name": "1"
    }
  },
  {
    "model": "element_type.elementoption",
    "pk": 18,
    "fields": {
      "schema_name": "2",
      "element_type": 22,
      "sort": 32020,
      "entity_name": "2",
      "short_definition": "Easy",
      "example": null,
      "created": "2015-07-06T23:09:43.452Z",
      "long_definition": null,
      "active": true,
      "modified": "2015-07-06T23:08:29.013Z",
      "readable_name": "2",
      "readable_plural_name": "2"
    }
  },
  {
    "model": "element_type.elementoption",
    "pk": 19,
    "fields": {
      "schema_name": "3",
      "element_type": 22,
      "sort": 32030,
      "entity_name": "3",
      "short_definition": "Neither Easy or Hard",
      "example": null,
      "created": "2015-07-06T23:09:43.452Z",
      "long_definition": null,
      "active": true,
      "modified": "2015-07-06T23:08:29.013Z",
      "readable_name": "3",
      "readable_plural_name": "3"
    }
  },
  {
    "model": "element_type.elementoption",
    "pk": 20,
    "fields": {
      "schema_name": "4",
      "element_type": 22,
      "sort": 32040,
      "entity_name": "4",
      "short_definition": "Hard",
      "example": null,
      "created": "2015-07-06T23:09:43.452Z",
      "long_definition": null,
      "active": true,
      "modified": "2015-07-06T23:08:29.013Z",
      "readable_name": "4",
      "readable_plural_name": "4"
    }
  },
  {
    "model": "element_type.elementoption",
    "pk": 21,
    "fields": {
      "schema_name": "5",
      "element_type": 22,
      "sort": 32050,
      "entity_name": "5",
      "short_definition": "Very Hard",
      "example": null,
      "created": "2015-07-06T23:09:43.452Z",
      "long_definition": null,
      "active": true,
      "modified": "2015-07-06T23:08:29.013Z",
      "readable_name": "5",
      "readable_plural_name": "5"
    }
  },
  {
    "model": "element_type.elementoption",
    "pk": 22,
    "fields": {
      "schema_name": "actual",
      "element_type": 23,
      "sort": 32010,
      "entity_name": "Actual",
      "short_definition": "Events Occurred",
      "example": null,
      "created": "2015-07-06T23:09:43.452Z",
      "long_definition": "Use for any events that actually occur",
      "active": true,
      "modified": "2015-07-06T23:08:29.013Z",
      "readable_name": "Actual",
      "readable_plural_name": "Actuals"
    }
  },
  {
    "model": "element_type.elementoption",
    "pk": 23,
    "fields": {
      "schema_name": "planned",
      "element_type": 23,
      "sort": 32020,
      "entity_name": "Planned",
      "short_definition": "Events Expected",
      "example": null,
      "created": "2015-07-06T23:09:43.452Z",
      "long_definition": "Use for any expected events",
      "active": true,
      "modified": "2015-07-06T23:08:29.013Z",
      "readable_name": "Planned",
      "readable_plural_name": "Planneds"
    }
  },
  {
    "model": "element_type.elementoption",
    "pk": 24,
    "fields": {
      "schema_name": "placeholder",
      "element_type": 30,
      "sort": 40010,
      "entity_name": "Placeholder",
      "short_definition": null,
      "example": null,
      "created": "2015-07-06T23:09:43.452Z",
      "long_definition": null,
      "active": true,
      "modified": "2015-07-06T23:08:29.013Z",
      "readable_name": "Placeholder",
      "readable_plural_name": "Placeholders"
    }
  },
  {
    "model": "element_type.elementoption",
    "pk": 25,
    "fields": {
      "schema_name": "new",
      "element_type": 33,
      "sort": 42010,
      "entity_name": "ItemNew",
      "short_definition": "Just Created",
      "example": null,
      "created": "2015-07-06T23:09:43.452Z",
      "long_definition": "Item just added to Tracuse that need to be reviewed for reclassification.",
      "active": true,
      "modified": "2015-07-06T23:08:29.013Z",
      "readable_name": "New",
      "readable_plural_name": "New"
    }
  },
  {
    "model": "element_type.elementoption",
    "pk": 26,
    "fields": {
      "schema_name": "start",
      "element_type": 33,
      "sort": 42020,
      "entity_name": "ItemStart",
      "short_definition": "Initial Review",
      "example": null,
      "created": "2015-07-06T23:09:43.452Z",
      "long_definition": "Item just begun, may include outlining, research, and other preparation.",
      "active": true,
      "modified": "2015-07-06T23:08:29.013Z",
      "readable_name": "Start",
      "readable_plural_name": "Start"
    }
  },
  {
    "model": "element_type.elementoption",
    "pk": 27,
    "fields": {
      "schema_name": "working",
      "element_type": 33,
      "sort": 42030,
      "entity_name": "ItemWorking",
      "short_definition": "Main Action",
      "example": null,
      "created": "2015-07-06T23:09:43.452Z",
      "long_definition": "Primary work on Item. Can be reading, writing, consuming, producing, etc.",
      "active": true,
      "modified": "2015-07-06T23:08:29.013Z",
      "readable_name": "Working",
      "readable_plural_name": "Working"
    }
  },
  {
    "model": "element_type.elementoption",
    "pk": 28,
    "fields": {
      "schema_name": "conclusion",
      "element_type": 33,
      "sort": 42040,
      "entity_name": "ItemConclusion",
      "short_definition": "Almost Complete",
      "example": null,
      "created": "2015-07-06T23:09:43.452Z",
      "long_definition": "Item in final stages.  Can be final draft, editing, or other wrap-up actions.",
      "active": true,
      "modified": "2015-07-06T23:08:29.013Z",
      "readable_name": "Conclusion",
      "readable_plural_name": "Conclusion"
    }
  },
  {
    "model": "element_type.elementoption",
    "pk": 29,
    "fields": {
      "schema_name": "complete",
      "element_type": 33,
      "sort": 42050,
      "entity_name": "ItemComplete",
      "short_definition": "DONE",
      "example": null,
      "created": "2015-07-06T23:09:43.452Z",
      "long_definition": "Item that has completed.  Way to go!",
      "active": true,
      "modified": "2015-07-06T23:08:29.013Z",
      "readable_name": "Complete",
      "readable_plural_name": "Complete"
    }
  },
  {
    "model": "element_type.elementdatumtype",
    "pk": 1,
    "fields": {
      "schema_name": "category_name",
      "calc_expression": "",
      "element_type": 1,
      "sort": 10100110,
      "entity_name": "CategoryName",
      "short_definition": "",
      "example": "Home",
      "created": "2015-07-06T23:09:41.829Z",
      "long_definition": "",
      "active": true,
      "modified": "2015-07-06T23:08:25.981Z",
      "primary_view": true,
      "readable_name": "Category - Name",
      "datum_type": 1,
      "readable_plural_name": "Categories - Names"
    }
  },
  {
    "model": "element_type.elementdatumtype",
    "pk": 2,
    "fields": {
      "schema_name": "category_description",
      "calc_expression": "",
      "element_type": 2,
      "sort": 10100120,
      "entity_name": "CategoryDescription",
      "short_definition": null,
      "example": "Where the heart is",
      "created": "2015-07-06T23:09:41.829Z",
      "long_definition": null,
      "active": true,
      "modified": "2015-07-06T23:08:25.981Z",
      "primary_view": false,
      "readable_name": "Category - Description",
      "datum_type": 1,
      "readable_plural_name": "Categories - Descriptions"
    }
  },
  {
    "model": "element_type.elementdatumtype",
    "pk": 3,
    "fields": {
      "schema_name": "project_name",
      "calc_expression": "",
      "element_type": 1,
      "sort": 10110110,
      "entity_name": "ProjectName",
      "short_definition": "",
      "example": "Marketing Initiative",
      "created": "2015-07-06T23:09:41.829Z",
      "long_definition": "",
      "active": true,
      "modified": "2015-07-06T23:08:25.981Z",
      "primary_view": true,
      "readable_name": "Project - Name",
      "datum_type": 2,
      "readable_plural_name": "Projects - Names"
    }
  },
  {
    "model": "element_type.elementdatumtype",
    "pk": 4,
    "fields": {
      "schema_name": "project_description",
      "calc_expression": "",
      "element_type": 2,
      "sort": 10110120,
      "entity_name": "ProjectDescription",
      "short_definition": null,
      "example": "Revamp marketing materials",
      "created": "2015-07-06T23:09:41.829Z",
      "long_definition": null,
      "active": true,
      "modified": "2015-07-06T23:08:25.981Z",
      "primary_view": false,
      "readable_name": "Project - Description",
      "datum_type": 2,
      "readable_plural_name": "Projects - Descriptions"
    }
  },
  {
    "model": "element_type.elementdatumtype",
    "pk": 5,
    "fields": {
      "schema_name": "context_name",
      "calc_expression": "",
      "element_type": 1,
      "sort": 10120110,
      "entity_name": "ContextName",
      "short_definition": "",
      "example": "Call",
      "created": "2015-07-06T23:09:41.829Z",
      "long_definition": "",
      "active": true,
      "modified": "2015-07-06T23:08:25.981Z",
      "primary_view": true,
      "readable_name": "Context - Name",
      "datum_type": 3,
      "readable_plural_name": "Contexts - Names"
    }
  },
  {
    "model": "element_type.elementdatumtype",
    "pk": 6,
    "fields": {
      "schema_name": "context_description",
      "calc_expression": "",
      "element_type": 2,
      "sort": 10120120,
      "entity_name": "ContextDescription",
      "short_definition": null,
      "example": "Speaking to someone over the phone",
      "created": "2015-07-06T23:09:41.829Z",
      "long_definition": null,
      "active": true,
      "modified": "2015-07-06T23:08:25.981Z",
      "primary_view": false,
      "readable_name": "Context - Description",
      "datum_type": 3,
      "readable_plural_name": "Contexts - Descriptions"
    }
  },
  {
    "model": "element_type.elementdatumtype",
    "pk": 7,
    "fields": {
      "schema_name": "person_name",
      "calc_expression": "{{ first_name }}{% if last_name %}{{ ' '|add:last_name }}{% endif %}",
      "element_type": 1,
      "sort": 10130110,
      "entity_name": "PersonName",
      "short_definition": "",
      "example": "John Smith",
      "created": "2015-07-06T23:09:41.829Z",
      "long_definition": "Default = First Name + Last Name",
      "active": true,
      "modified": "2015-07-06T23:08:25.981Z",
      "primary_view": true,
      "readable_name": "Person - Name",
      "datum_type": 4,
      "readable_plural_name": "Persons - Names"
    }
  },
  {
    "model": "element_type.elementdatumtype",
    "pk": 8,
    "fields": {
      "schema_name": "person_description",
      "calc_expression": "",
      "element_type": 2,
      "sort": 10130120,
      "entity_name": "PersonDescription",
      "short_definition": null,
      "example": "My pal John",
      "created": "2015-07-06T23:09:41.829Z",
      "long_definition": null,
      "active": true,
      "modified": "2015-07-06T23:08:25.981Z",
      "primary_view": false,
      "readable_name": "Person - Description",
      "datum_type": 4,
      "readable_plural_name": "Persons - Descriptions"
    }
  },
  {
    "model": "element_type.elementdatumtype",
    "pk": 9,
    "fields": {
      "schema_name": "person_first_name",
      "calc_expression": "{{ name|truncatewords:1 }}",
      "element_type": 3,
      "sort": 10130130,
      "entity_name": "PersonFirstName",
      "short_definition": "",
      "example": "John",
      "created": "2015-07-06T23:09:41.829Z",
      "long_definition": "",
      "active": true,
      "modified": "2015-07-06T23:08:25.981Z",
      "primary_view": false,
      "readable_name": "Person - First Name",
      "datum_type": 4,
      "readable_plural_name": "Persons - First Names"
    }
  },
  {
    "model": "element_type.elementdatumtype",
    "pk": 10,
    "fields": {
      "schema_name": "person_last_name",
      "calc_expression": "",
      "element_type": 4,
      "sort": 10130140,
      "entity_name": "PersonLastName",
      "short_definition": "",
      "example": "Smith",
      "created": "2015-07-06T23:09:41.829Z",
      "long_definition": "",
      "active": true,
      "modified": "2015-07-06T23:08:25.981Z",
      "primary_view": false,
      "readable_name": "Person - Last Name",
      "datum_type": 4,
      "readable_plural_name": "Persons - Last Names"
    }
  },
  {
    "model": "element_type.elementdatumtype",
    "pk": 11,
    "fields": {
      "schema_name": "person_nickname",
      "calc_expression": "",
      "element_type": 5,
      "sort": 10130150,
      "entity_name": "PersonNickname",
      "short_definition": null,
      "example": "Johnny Boy",
      "created": "2015-07-06T23:09:41.829Z",
      "long_definition": null,
      "active": true,
      "modified": "2015-07-06T23:08:25.981Z",
      "primary_view": false,
      "readable_name": "Person - Nickname",
      "datum_type": 4,
      "readable_plural_name": "Persons - Nicknames"
    }
  },
  {
    "model": "element_type.elementdatumtype",
    "pk": 12,
    "fields": {
      "schema_name": "person_birthday",
      "calc_expression": "",
      "element_type": 6,
      "sort": 10130160,
      "entity_name": "PersonBirthday",
      "short_definition": null,
      "example": "1/1/2001",
      "created": "2015-07-06T23:09:41.829Z",
      "long_definition": null,
      "active": true,
      "modified": "2015-07-06T23:08:25.981Z",
      "primary_view": false,
      "readable_name": "Person - Birthday",
      "datum_type": 4,
      "readable_plural_name": "Persons - Birthdays"
    }
  },
  {
    "model": "element_type.elementdatumtype",
    "pk": 13,
    "fields": {
      "schema_name": "entity_name",
      "calc_expression": "",
      "element_type": 1,
      "sort": 10140110,
      "entity_name": "EntityName",
      "short_definition": "",
      "example": "Joe's Auto Shop",
      "created": "2015-07-06T23:09:41.829Z",
      "long_definition": "",
      "active": true,
      "modified": "2015-07-06T23:08:25.981Z",
      "primary_view": true,
      "readable_name": "Entity - Name",
      "datum_type": 5,
      "readable_plural_name": "Entities - Names"
    }
  },
  {
    "model": "element_type.elementdatumtype",
    "pk": 14,
    "fields": {
      "schema_name": "entity_description",
      "calc_expression": "",
      "element_type": 2,
      "sort": 10140120,
      "entity_name": "EntityDescription",
      "short_definition": null,
      "example": "Where I take my car",
      "created": "2015-07-06T23:09:41.829Z",
      "long_definition": null,
      "active": true,
      "modified": "2015-07-06T23:08:25.981Z",
      "primary_view": false,
      "readable_name": "Entity - Description",
      "datum_type": 5,
      "readable_plural_name": "Entities - Descriptions"
    }
  },
  {
    "model": "element_type.elementdatumtype",
    "pk": 15,
    "fields": {
      "schema_name": "entity_entity_type",
      "calc_expression": "",
      "element_type": 7,
      "sort": 10140170,
      "entity_name": "EntityEntityType",
      "short_definition": null,
      "example": "Business",
      "created": "2015-07-06T23:09:41.829Z",
      "long_definition": null,
      "active": true,
      "modified": "2015-07-06T23:08:25.981Z",
      "primary_view": false,
      "readable_name": "Entity - Entity Type",
      "datum_type": 5,
      "readable_plural_name": "Entities - Entity Types"
    }
  },
  {
    "model": "element_type.elementdatumtype",
    "pk": 16,
    "fields": {
      "schema_name": "location_name",
      "calc_expression": "",
      "element_type": 1,
      "sort": 10150110,
      "entity_name": "LocationName",
      "short_definition": "",
      "example": "Joe's Auto Shop Main Address",
      "created": "2015-07-06T23:09:41.829Z",
      "long_definition": "Default = Person/Entity Name + *** + Location",
      "active": true,
      "modified": "2015-07-06T23:08:25.981Z",
      "primary_view": true,
      "readable_name": "Location - Name",
      "datum_type": 6,
      "readable_plural_name": "Locations - Names"
    }
  },
  {
    "model": "element_type.elementdatumtype",
    "pk": 17,
    "fields": {
      "schema_name": "location_description",
      "calc_expression": "",
      "element_type": 2,
      "sort": 10150120,
      "entity_name": "LocationDescription",
      "short_definition": null,
      "example": "Next to the convenience store",
      "created": "2015-07-06T23:09:41.829Z",
      "long_definition": null,
      "active": true,
      "modified": "2015-07-06T23:08:25.981Z",
      "primary_view": false,
      "readable_name": "Location - Description",
      "datum_type": 6,
      "readable_plural_name": "Locations - Descriptions"
    }
  },
  {
    "model": "element_type.elementdatumtype",
    "pk": 18,
    "fields": {
      "schema_name": "location_street_address",
      "calc_expression": "",
      "element_type": 8,
      "sort": 10150180,
      "entity_name": "LocationStreetAddress",
      "short_definition": null,
      "example": "123 Main St",
      "created": "2015-07-06T23:09:41.829Z",
      "long_definition": null,
      "active": true,
      "modified": "2015-07-06T23:08:25.981Z",
      "primary_view": false,
      "readable_name": "Location - Street Address",
      "datum_type": 6,
      "readable_plural_name": "Locations - Street Addresses"
    }
  },
  {
    "model": "element_type.elementdatumtype",
    "pk": 19,
    "fields": {
      "schema_name": "location_city",
      "calc_expression": "",
      "element_type": 9,
      "sort": 10150190,
      "entity_name": "LocationCity",
      "short_definition": null,
      "example": "Portland",
      "created": "2015-07-06T23:09:41.829Z",
      "long_definition": null,
      "active": true,
      "modified": "2015-07-06T23:08:25.981Z",
      "primary_view": false,
      "readable_name": "Location - City",
      "datum_type": 6,
      "readable_plural_name": "Locations - Citys"
    }
  },
  {
    "model": "element_type.elementdatumtype",
    "pk": 20,
    "fields": {
      "schema_name": "location_state",
      "calc_expression": "",
      "element_type": 10,
      "sort": 10150200,
      "entity_name": "LocationState",
      "short_definition": null,
      "example": "OR",
      "created": "2015-07-06T23:09:41.829Z",
      "long_definition": null,
      "active": true,
      "modified": "2015-07-06T23:08:25.981Z",
      "primary_view": false,
      "readable_name": "Location - State",
      "datum_type": 6,
      "readable_plural_name": "Locations - States"
    }
  },
  {
    "model": "element_type.elementdatumtype",
    "pk": 21,
    "fields": {
      "schema_name": "location_zip",
      "calc_expression": "",
      "element_type": 11,
      "sort": 10150210,
      "entity_name": "LocationZip",
      "short_definition": null,
      "example": "97209",
      "created": "2015-07-06T23:09:41.829Z",
      "long_definition": null,
      "active": true,
      "modified": "2015-07-06T23:08:25.981Z",
      "primary_view": false,
      "readable_name": "Location - Zip",
      "datum_type": 6,
      "readable_plural_name": "Locations - Zips"
    }
  },
  {
    "model": "element_type.elementdatumtype",
    "pk": 22,
    "fields": {
      "schema_name": "location_country",
      "calc_expression": "",
      "element_type": 12,
      "sort": 10150220,
      "entity_name": "LocationCountry",
      "short_definition": null,
      "example": "USA",
      "created": "2015-07-06T23:09:41.829Z",
      "long_definition": null,
      "active": true,
      "modified": "2015-07-06T23:08:25.981Z",
      "primary_view": false,
      "readable_name": "Location - Country",
      "datum_type": 6,
      "readable_plural_name": "Locations - Countries"
    }
  },
  {
    "model": "element_type.elementdatumtype",
    "pk": 23,
    "fields": {
      "schema_name": "location_latitude",
      "calc_expression": "",
      "element_type": 13,
      "sort": 10150230,
      "entity_name": "LocationLatitude",
      "short_definition": null,
      "example": "45.515586",
      "created": "2015-07-06T23:09:41.829Z",
      "long_definition": null,
      "active": true,
      "modified": "2015-07-06T23:08:25.981Z",
      "primary_view": false,
      "readable_name": "Location - Latitude",
      "datum_type": 6,
      "readable_plural_name": "Locations - Latitudes"
    }
  },
  {
    "model": "element_type.elementdatumtype",
    "pk": 24,
    "fields": {
      "schema_name": "location_longitude",
      "calc_expression": "",
      "element_type": 14,
      "sort": 10150240,
      "entity_name": "LocationLongitude",
      "short_definition": null,
      "example": "-122.692291",
      "created": "2015-07-06T23:09:41.829Z",
      "long_definition": null,
      "active": true,
      "modified": "2015-07-06T23:08:25.981Z",
      "primary_view": false,
      "readable_name": "Location - Longitude",
      "datum_type": 6,
      "readable_plural_name": "Locations - Longitudes"
    }
  },
  {
    "model": "element_type.elementdatumtype",
    "pk": 25,
    "fields": {
      "schema_name": "contact_name",
      "calc_expression": "",
      "element_type": 1,
      "sort": 10160110,
      "entity_name": "ContactName",
      "short_definition": "",
      "example": "Joe's Auto Shop Main Contact",
      "created": "2015-07-06T23:09:41.829Z",
      "long_definition": "Default = Person/Entity Name + *** + Contact",
      "active": true,
      "modified": "2015-07-06T23:08:25.981Z",
      "primary_view": true,
      "readable_name": "Contact - Name",
      "datum_type": 7,
      "readable_plural_name": "Contacts - Names"
    }
  },
  {
    "model": "element_type.elementdatumtype",
    "pk": 26,
    "fields": {
      "schema_name": "contact_description",
      "calc_expression": "",
      "element_type": 2,
      "sort": 10160120,
      "entity_name": "ContactDescription",
      "short_definition": null,
      "example": null,
      "created": "2015-07-06T23:09:41.829Z",
      "long_definition": null,
      "active": true,
      "modified": "2015-07-06T23:08:25.981Z",
      "primary_view": false,
      "readable_name": "Contact - Description",
      "datum_type": 7,
      "readable_plural_name": "Contacts - Descriptions"
    }
  },
  {
    "model": "element_type.elementdatumtype",
    "pk": 27,
    "fields": {
      "schema_name": "contact_phone",
      "calc_expression": "",
      "element_type": 15,
      "sort": 10160250,
      "entity_name": "ContactPhone",
      "short_definition": null,
      "example": "(503) 555-1234",
      "created": "2015-07-06T23:09:41.829Z",
      "long_definition": null,
      "active": true,
      "modified": "2015-07-06T23:08:25.981Z",
      "primary_view": false,
      "readable_name": "Contact - Phone",
      "datum_type": 7,
      "readable_plural_name": "Contacts - Phones"
    }
  },
  {
    "model": "element_type.elementdatumtype",
    "pk": 28,
    "fields": {
      "schema_name": "contact_email",
      "calc_expression": "",
      "element_type": 16,
      "sort": 10160260,
      "entity_name": "ContactEmail",
      "short_definition": null,
      "example": "joe@joesautoshop.com",
      "created": "2015-07-06T23:09:41.829Z",
      "long_definition": null,
      "active": true,
      "modified": "2015-07-06T23:08:25.981Z",
      "primary_view": false,
      "readable_name": "Contact - Email",
      "datum_type": 7,
      "readable_plural_name": "Contacts - Emails"
    }
  },
  {
    "model": "element_type.elementdatumtype",
    "pk": 29,
    "fields": {
      "schema_name": "contact_website",
      "calc_expression": "",
      "element_type": 17,
      "sort": 10160270,
      "entity_name": "ContactWebsite",
      "short_definition": null,
      "example": "http://www.joesautoshop.com",
      "created": "2015-07-06T23:09:41.829Z",
      "long_definition": null,
      "active": true,
      "modified": "2015-07-06T23:08:25.981Z",
      "primary_view": false,
      "readable_name": "Contact - Website",
      "datum_type": 7,
      "readable_plural_name": "Contacts - Websites"
    }
  },
  {
    "model": "element_type.elementdatumtype",
    "pk": 30,
    "fields": {
      "schema_name": "contact_facebook",
      "calc_expression": "",
      "element_type": 18,
      "sort": 10160280,
      "entity_name": "ContactFacebook",
      "short_definition": null,
      "example": "https://www.facebook.com/joesautoshop",
      "created": "2015-07-06T23:09:41.829Z",
      "long_definition": null,
      "active": true,
      "modified": "2015-07-06T23:08:25.981Z",
      "primary_view": false,
      "readable_name": "Contact - Facebook",
      "datum_type": 7,
      "readable_plural_name": "Contacts - Facebook"
    }
  },
  {
    "model": "element_type.elementdatumtype",
    "pk": 31,
    "fields": {
      "schema_name": "contact_linkedin",
      "calc_expression": "",
      "element_type": 19,
      "sort": 10160290,
      "entity_name": "ContactLinkedIn",
      "short_definition": null,
      "example": "https://www.linkedin.com/in/joesautoshop",
      "created": "2015-07-06T23:09:41.829Z",
      "long_definition": null,
      "active": true,
      "modified": "2015-07-06T23:08:25.981Z",
      "primary_view": false,
      "readable_name": "Contact - LinkedIn",
      "datum_type": 7,
      "readable_plural_name": "Contacts - LinkedIn"
    }
  },
  {
    "model": "element_type.elementdatumtype",
    "pk": 32,
    "fields": {
      "schema_name": "contact_twitter",
      "calc_expression": "",
      "element_type": 20,
      "sort": 10160300,
      "entity_name": "ContactTwitter",
      "short_definition": null,
      "example": "@joesautoshop",
      "created": "2015-07-06T23:09:41.829Z",
      "long_definition": null,
      "active": true,
      "modified": "2015-07-06T23:08:25.981Z",
      "primary_view": false,
      "readable_name": "Contact - Twitter",
      "datum_type": 7,
      "readable_plural_name": "Contacts - Twitter"
    }
  },
  {
    "model": "element_type.elementdatumtype",
    "pk": 33,
    "fields": {
      "schema_name": "action_description",
      "calc_expression": "",
      "element_type": 2,
      "sort": 20100120,
      "entity_name": "ActionDescription",
      "short_definition": "",
      "example": "Go to the gym",
      "created": "2015-07-06T23:09:41.829Z",
      "long_definition": "",
      "active": true,
      "modified": "2015-07-06T23:08:25.981Z",
      "primary_view": true,
      "readable_name": "Action - Description",
      "datum_type": 8,
      "readable_plural_name": "Actions - Descriptions"
    }
  },
  {
    "model": "element_type.elementdatumtype",
    "pk": 34,
    "fields": {
      "schema_name": "action_action_status",
      "calc_expression": "",
      "element_type": 21,
      "sort": 20100310,
      "entity_name": "ActionActionStatus",
      "short_definition": "",
      "example": "Current",
      "created": "2015-07-06T23:09:41.829Z",
      "long_definition": "",
      "active": true,
      "modified": "2015-07-06T23:08:25.981Z",
      "primary_view": true,
      "readable_name": "Action - Action Status",
      "datum_type": 8,
      "readable_plural_name": "Actions - Action Statuses"
    }
  },
  {
    "model": "element_type.elementdatumtype",
    "pk": 35,
    "fields": {
      "schema_name": "action_action_effort",
      "calc_expression": "",
      "element_type": 22,
      "sort": 20100320,
      "entity_name": "ActionActionEffort",
      "short_definition": "",
      "example": "5",
      "created": "2015-07-06T23:09:41.829Z",
      "long_definition": "",
      "active": true,
      "modified": "2015-07-06T23:08:25.981Z",
      "primary_view": true,
      "readable_name": "Action - Action Effort",
      "datum_type": 8,
      "readable_plural_name": "Actions - Action Efforts"
    }
  },
  {
    "model": "element_type.elementdatumtype",
    "pk": 36,
    "fields": {
      "schema_name": "principle_description",
      "calc_expression": "",
      "element_type": 2,
      "sort": 20110120,
      "entity_name": "PrincipleDescription",
      "short_definition": "",
      "example": "So I can be fit and healthy",
      "created": "2015-07-06T23:09:41.829Z",
      "long_definition": "",
      "active": true,
      "modified": "2015-07-06T23:08:25.981Z",
      "primary_view": true,
      "readable_name": "Principle - Description",
      "datum_type": 9,
      "readable_plural_name": "Principles - Descriptions"
    }
  },
  {
    "model": "element_type.elementdatumtype",
    "pk": 37,
    "fields": {
      "schema_name": "journal_description",
      "calc_expression": "",
      "element_type": 2,
      "sort": 20120120,
      "entity_name": "JournalDescription",
      "short_definition": "",
      "example": "Need to watch my bench press form",
      "created": "2015-07-06T23:09:41.829Z",
      "long_definition": "",
      "active": true,
      "modified": "2015-07-06T23:08:25.981Z",
      "primary_view": true,
      "readable_name": "Journal - Description",
      "datum_type": 10,
      "readable_plural_name": "Journals - Descriptions"
    }
  },
  {
    "model": "element_type.elementdatumtype",
    "pk": 38,
    "fields": {
      "schema_name": "schedule_name",
      "calc_expression": "",
      "element_type": 1,
      "sort": 30100110,
      "entity_name": "ScheduleName",
      "short_definition": "",
      "example": "Actual Schedule",
      "created": "2015-07-06T23:09:41.829Z",
      "long_definition": "",
      "active": true,
      "modified": "2015-07-06T23:08:25.981Z",
      "primary_view": true,
      "readable_name": "Schedule - Name",
      "datum_type": 11,
      "readable_plural_name": "Schedules - Names"
    }
  },
  {
    "model": "element_type.elementdatumtype",
    "pk": 39,
    "fields": {
      "schema_name": "schedule_schedule_type",
      "calc_expression": "",
      "element_type": 23,
      "sort": 30100330,
      "entity_name": "ScheduleScheduleType",
      "short_definition": null,
      "example": "Actual",
      "created": "2015-07-06T23:09:41.829Z",
      "long_definition": null,
      "active": true,
      "modified": "2015-07-06T23:08:25.981Z",
      "primary_view": false,
      "readable_name": "Schedule - Schedule Type",
      "datum_type": 11,
      "readable_plural_name": "Schedules - Schedule Types"
    }
  },
  {
    "model": "element_type.elementdatumtype",
    "pk": 40,
    "fields": {
      "schema_name": "event_beginning_buffer",
      "calc_expression": "",
      "element_type": 24,
      "sort": 30110340,
      "entity_name": "EventBeginningBuffer",
      "short_definition": null,
      "example": "3/4/2015 1:00:00 PM",
      "created": "2015-07-06T23:09:41.829Z",
      "long_definition": null,
      "active": true,
      "modified": "2015-07-06T23:08:25.981Z",
      "primary_view": false,
      "readable_name": "Event - Beginning Buffer",
      "datum_type": 12,
      "readable_plural_name": "Events - Beginning Buffers"
    }
  },
  {
    "model": "element_type.elementdatumtype",
    "pk": 41,
    "fields": {
      "schema_name": "event_beginning_event",
      "calc_expression": "",
      "element_type": 25,
      "sort": 30110350,
      "entity_name": "EventBeginningEvent",
      "short_definition": "",
      "example": "3/4/2015 1:30:00 PM",
      "created": "2015-07-06T23:09:41.829Z",
      "long_definition": "",
      "active": true,
      "modified": "2015-07-06T23:08:25.981Z",
      "primary_view": true,
      "readable_name": "Event - Beginning Event",
      "datum_type": 12,
      "readable_plural_name": "Events - Beginning Events"
    }
  },
  {
    "model": "element_type.elementdatumtype",
    "pk": 42,
    "fields": {
      "schema_name": "event_ending_event",
      "calc_expression": "",
      "element_type": 26,
      "sort": 30110360,
      "entity_name": "EventEndingEvent",
      "short_definition": "",
      "example": "3/4/2015 2:30:00 PM",
      "created": "2015-07-06T23:09:41.829Z",
      "long_definition": "",
      "active": true,
      "modified": "2015-07-06T23:08:25.981Z",
      "primary_view": true,
      "readable_name": "Event - Ending Event",
      "datum_type": 12,
      "readable_plural_name": "Events - Ending Events"
    }
  },
  {
    "model": "element_type.elementdatumtype",
    "pk": 43,
    "fields": {
      "schema_name": "event_ending_buffer",
      "calc_expression": "",
      "element_type": 27,
      "sort": 30110370,
      "entity_name": "EventEndingBuffer",
      "short_definition": null,
      "example": "3/4/2015 3:00:00 PM",
      "created": "2015-07-06T23:09:41.829Z",
      "long_definition": null,
      "active": true,
      "modified": "2015-07-06T23:08:25.981Z",
      "primary_view": false,
      "readable_name": "Event - Ending Buffer",
      "datum_type": 12,
      "readable_plural_name": "Events - Ending Buffers"
    }
  },
  {
    "model": "element_type.elementdatumtype",
    "pk": 44,
    "fields": {
      "schema_name": "event_event_time",
      "calc_expression": "",
      "element_type": 28,
      "sort": 30110380,
      "entity_name": "EventEventTime",
      "short_definition": null,
      "example": "2",
      "created": "2015-07-06T23:09:41.829Z",
      "long_definition": null,
      "active": true,
      "modified": "2015-07-06T23:08:25.981Z",
      "primary_view": false,
      "readable_name": "Event - Event Time",
      "datum_type": 12,
      "readable_plural_name": "Events - Event Times"
    }
  },
  {
    "model": "element_type.elementdatumtype",
    "pk": 45,
    "fields": {
      "schema_name": "event_total_time",
      "calc_expression": "",
      "element_type": 29,
      "sort": 30110390,
      "entity_name": "EventTotalTime",
      "short_definition": null,
      "example": "1",
      "created": "2015-07-06T23:09:41.829Z",
      "long_definition": null,
      "active": true,
      "modified": "2015-07-06T23:08:25.981Z",
      "primary_view": false,
      "readable_name": "Event - Total Time",
      "datum_type": 12,
      "readable_plural_name": "Events - Total Times"
    }
  },
  {
    "model": "element_type.elementdatumtype",
    "pk": 46,
    "fields": {
      "schema_name": "event_recurring_options",
      "calc_expression": "",
      "element_type": 30,
      "sort": 30110400,
      "entity_name": "EventRecurringOptions",
      "short_definition": null,
      "example": null,
      "created": "2015-07-06T23:09:41.829Z",
      "long_definition": null,
      "active": true,
      "modified": "2015-07-06T23:08:25.981Z",
      "primary_view": false,
      "readable_name": "Event - Recurring Options",
      "datum_type": 12,
      "readable_plural_name": "Events - Recurring Optionss"
    }
  },
  {
    "model": "element_type.elementdatumtype",
    "pk": 47,
    "fields": {
      "schema_name": "reminder_recurring_options",
      "calc_expression": "",
      "element_type": 30,
      "sort": 30120400,
      "entity_name": "ReminderRecurringOptions",
      "short_definition": null,
      "example": null,
      "created": "2015-07-06T23:09:41.829Z",
      "long_definition": null,
      "active": true,
      "modified": "2015-07-06T23:08:25.981Z",
      "primary_view": false,
      "readable_name": "Reminder - Recurring Options",
      "datum_type": 13,
      "readable_plural_name": "Reminders - Recurring Optionss"
    }
  },
  {
    "model": "element_type.elementdatumtype",
    "pk": 48,
    "fields": {
      "schema_name": "reminder_alert",
      "calc_expression": "",
      "element_type": 31,
      "sort": 30120410,
      "entity_name": "ReminderAlert",
      "short_definition": null,
      "example": "5/13/2015 2:30:00 PM",
      "created": "2015-07-06T23:09:41.829Z",
      "long_definition": null,
      "active": true,
      "modified": "2015-07-06T23:08:25.981Z",
      "primary_view": false,
      "readable_name": "Reminder - Alert",
      "datum_type": 13,
      "readable_plural_name": "Reminders - Alerts"
    }
  },
  {
    "model": "element_type.elementdatumtype",
    "pk": 49,
    "fields": {
      "schema_name": "reminder_logged_in",
      "calc_expression": "",
      "element_type": 32,
      "sort": 30120420,
      "entity_name": "ReminderLoggedIn",
      "short_definition": null,
      "example": "0",
      "created": "2015-07-06T23:09:41.829Z",
      "long_definition": null,
      "active": true,
      "modified": "2015-07-06T23:08:25.981Z",
      "primary_view": false,
      "readable_name": "Reminder - Logged In",
      "datum_type": 13,
      "readable_plural_name": "Reminders - Logged In"
    }
  },
  {
    "model": "element_type.elementdatumtype",
    "pk": 50,
    "fields": {
      "schema_name": "note_name",
      "calc_expression": "",
      "element_type": 1,
      "sort": 40100110,
      "entity_name": "NoteName",
      "short_definition": "",
      "example": "How to fix a flat tire",
      "created": "2015-07-06T23:09:41.829Z",
      "long_definition": "",
      "active": true,
      "modified": "2015-07-06T23:08:25.981Z",
      "primary_view": true,
      "readable_name": "Note - Name",
      "datum_type": 14,
      "readable_plural_name": "Notes - Names"
    }
  },
  {
    "model": "element_type.elementdatumtype",
    "pk": 51,
    "fields": {
      "schema_name": "note_item_status",
      "calc_expression": "",
      "element_type": 33,
      "sort": 40100430,
      "entity_name": "NoteItemStatus",
      "short_definition": null,
      "example": "ItemComplete",
      "created": "2015-07-06T23:09:41.829Z",
      "long_definition": null,
      "active": true,
      "modified": "2015-07-06T23:08:25.981Z",
      "primary_view": false,
      "readable_name": "Note - Item Status",
      "datum_type": 14,
      "readable_plural_name": "Notes - Item Statuses"
    }
  },
  {
    "model": "element_type.elementdatumtype",
    "pk": 52,
    "fields": {
      "schema_name": "note_item_content",
      "calc_expression": "",
      "element_type": 34,
      "sort": 40100440,
      "entity_name": "NoteItemContent",
      "short_definition": null,
      "example": "<h1>Fix a flat tire</h1><br><p>Step 1</p>",
      "created": "2015-07-06T23:09:41.829Z",
      "long_definition": null,
      "active": true,
      "modified": "2015-07-06T23:08:25.981Z",
      "primary_view": false,
      "readable_name": "Note - Item Content",
      "datum_type": 14,
      "readable_plural_name": "Notes - Item Contents"
    }
  },
  {
    "model": "element_type.elementdatumtype",
    "pk": 53,
    "fields": {
      "schema_name": "note_link",
      "calc_expression": "",
      "element_type": 37,
      "sort": 40100470,
      "entity_name": "NoteLink",
      "short_definition": null,
      "example": null,
      "created": "2015-07-06T23:09:41.829Z",
      "long_definition": null,
      "active": true,
      "modified": "2015-07-06T23:08:25.981Z",
      "primary_view": false,
      "readable_name": "Note - Link",
      "datum_type": 14,
      "readable_plural_name": "Notes - Links"
    }
  },
  {
    "model": "element_type.elementdatumtype",
    "pk": 54,
    "fields": {
      "schema_name": "file_name",
      "calc_expression": "",
      "element_type": 1,
      "sort": 40110110,
      "entity_name": "FileName",
      "short_definition": "",
      "example": "",
      "created": "2015-07-06T23:09:41.829Z",
      "long_definition": "",
      "active": true,
      "modified": "2015-07-06T23:08:25.981Z",
      "primary_view": true,
      "readable_name": "File - Name",
      "datum_type": 15,
      "readable_plural_name": "Files - Names"
    }
  },
  {
    "model": "element_type.elementdatumtype",
    "pk": 55,
    "fields": {
      "schema_name": "file_description",
      "calc_expression": "",
      "element_type": 2,
      "sort": 40110120,
      "entity_name": "FileDescription",
      "short_definition": null,
      "example": null,
      "created": "2015-07-06T23:09:41.829Z",
      "long_definition": null,
      "active": true,
      "modified": "2015-07-06T23:08:25.981Z",
      "primary_view": false,
      "readable_name": "File - Description",
      "datum_type": 15,
      "readable_plural_name": "Files - Descriptions"
    }
  },
  {
    "model": "element_type.elementdatumtype",
    "pk": 56,
    "fields": {
      "schema_name": "file_item_status",
      "calc_expression": "",
      "element_type": 33,
      "sort": 40110430,
      "entity_name": "FileItemStatus",
      "short_definition": null,
      "example": "ItemStart",
      "created": "2015-07-06T23:09:41.829Z",
      "long_definition": null,
      "active": true,
      "modified": "2015-07-06T23:08:25.981Z",
      "primary_view": false,
      "readable_name": "File - Item Status",
      "datum_type": 15,
      "readable_plural_name": "Files - Item Statuses"
    }
  },
  {
    "model": "element_type.elementdatumtype",
    "pk": 57,
    "fields": {
      "schema_name": "file_link",
      "calc_expression": "",
      "element_type": 37,
      "sort": 40110470,
      "entity_name": "FileLink",
      "short_definition": "",
      "example": "",
      "created": "2015-07-06T23:09:41.829Z",
      "long_definition": "",
      "active": true,
      "modified": "2015-07-06T23:08:25.981Z",
      "primary_view": true,
      "readable_name": "File - Link",
      "datum_type": 15,
      "readable_plural_name": "Files - Links"
    }
  },
  {
    "model": "element_type.elementdatumtype",
    "pk": 58,
    "fields": {
      "schema_name": "file_attachment",
      "calc_expression": "",
      "element_type": 38,
      "sort": 40110480,
      "entity_name": "FileAttachment",
      "short_definition": "",
      "example": "",
      "created": "2015-07-06T23:09:41.829Z",
      "long_definition": "",
      "active": true,
      "modified": "2015-07-06T23:08:25.981Z",
      "primary_view": false,
      "readable_name": "File - Attachment",
      "datum_type": 15,
      "readable_plural_name": "Files - Attachments"
    }
  },
  {
    "model": "element_type.elementdatumtype",
    "pk": 59,
    "fields": {
      "schema_name": "file_creation_date",
      "calc_expression": "",
      "element_type": 39,
      "sort": 40110490,
      "entity_name": "FileCreationDate",
      "short_definition": null,
      "example": null,
      "created": "2015-07-06T23:09:41.829Z",
      "long_definition": null,
      "active": true,
      "modified": "2015-07-06T23:08:25.981Z",
      "primary_view": false,
      "readable_name": "File - Creation Date",
      "datum_type": 15,
      "readable_plural_name": "Files - Creation Dates"
    }
  },
  {
    "model": "element_type.elementdatumtype",
    "pk": 60,
    "fields": {
      "schema_name": "file_modification_date",
      "calc_expression": "",
      "element_type": 40,
      "sort": 40110500,
      "entity_name": "FileModificationDate",
      "short_definition": null,
      "example": null,
      "created": "2015-07-06T23:09:41.829Z",
      "long_definition": null,
      "active": true,
      "modified": "2015-07-06T23:08:25.981Z",
      "primary_view": false,
      "readable_name": "File - Modification Date",
      "datum_type": 15,
      "readable_plural_name": "Files - Modification Dates"
    }
  },
  {
    "model": "element_type.elementdatumtype",
    "pk": 61,
    "fields": {
      "schema_name": "directory_name",
      "calc_expression": "",
      "element_type": 1,
      "sort": 40120110,
      "entity_name": "DirectoryName",
      "short_definition": "",
      "example": "",
      "created": "2015-07-06T23:09:41.829Z",
      "long_definition": "",
      "active": true,
      "modified": "2015-07-06T23:08:25.981Z",
      "primary_view": true,
      "readable_name": "Directory - Name",
      "datum_type": 16,
      "readable_plural_name": "Directories - Names"
    }
  },
  {
    "model": "element_type.elementdatumtype",
    "pk": 62,
    "fields": {
      "schema_name": "directory_description",
      "calc_expression": "",
      "element_type": 2,
      "sort": 40120120,
      "entity_name": "DirectoryDescription",
      "short_definition": null,
      "example": null,
      "created": "2015-07-06T23:09:41.829Z",
      "long_definition": null,
      "active": true,
      "modified": "2015-07-06T23:08:25.981Z",
      "primary_view": false,
      "readable_name": "Directory - Description",
      "datum_type": 16,
      "readable_plural_name": "Directories - Descriptions"
    }
  },
  {
    "model": "element_type.elementdatumtype",
    "pk": 63,
    "fields": {
      "schema_name": "directory_item_status",
      "calc_expression": "",
      "element_type": 33,
      "sort": 40120430,
      "entity_name": "DirectoryItemStatus",
      "short_definition": null,
      "example": "ItemComplete",
      "created": "2015-07-06T23:09:41.829Z",
      "long_definition": null,
      "active": true,
      "modified": "2015-07-06T23:08:25.981Z",
      "primary_view": false,
      "readable_name": "Directory - Item Status",
      "datum_type": 16,
      "readable_plural_name": "Directories - Item Statuses"
    }
  },
  {
    "model": "element_type.elementdatumtype",
    "pk": 64,
    "fields": {
      "schema_name": "directory_link",
      "calc_expression": "",
      "element_type": 37,
      "sort": 40120470,
      "entity_name": "DirectoryLink",
      "short_definition": "",
      "example": "",
      "created": "2015-07-06T23:09:41.829Z",
      "long_definition": "",
      "active": true,
      "modified": "2015-07-06T23:08:25.981Z",
      "primary_view": true,
      "readable_name": "Directory - Link",
      "datum_type": 16,
      "readable_plural_name": "Directories - Links"
    }
  },
  {
    "model": "element_type.elementdatumtype",
    "pk": 65,
    "fields": {
      "schema_name": "directory_creation_date",
      "calc_expression": "",
      "element_type": 39,
      "sort": 40120490,
      "entity_name": "DirectoryCreationDate",
      "short_definition": null,
      "example": null,
      "created": "2015-07-06T23:09:41.829Z",
      "long_definition": null,
      "active": true,
      "modified": "2015-07-06T23:08:25.981Z",
      "primary_view": false,
      "readable_name": "Directory - Creation Date",
      "datum_type": 16,
      "readable_plural_name": "Directories - Creation Dates"
    }
  },
  {
    "model": "element_type.elementdatumtype",
    "pk": 66,
    "fields": {
      "schema_name": "directory_modification_date",
      "calc_expression": "",
      "element_type": 40,
      "sort": 40120500,
      "entity_name": "DirectoryModificationDate",
      "short_definition": null,
      "example": null,
      "created": "2015-07-06T23:09:41.829Z",
      "long_definition": null,
      "active": true,
      "modified": "2015-07-06T23:08:25.981Z",
      "primary_view": false,
      "readable_name": "Directory - Modification Date",
      "datum_type": 16,
      "readable_plural_name": "Directories - Modification Dates"
    }
  },
  {
    "model": "element_type.elementdatumtype",
    "pk": 67,
    "fields": {
      "schema_name": "webpage_name",
      "calc_expression": "",
      "element_type": 1,
      "sort": 40130110,
      "entity_name": "WebpageName",
      "short_definition": "",
      "example": "",
      "created": "2015-07-06T23:09:41.829Z",
      "long_definition": "",
      "active": true,
      "modified": "2015-07-06T23:08:25.981Z",
      "primary_view": true,
      "readable_name": "Webpage - Name",
      "datum_type": 17,
      "readable_plural_name": "Webpages - Names"
    }
  },
  {
    "model": "element_type.elementdatumtype",
    "pk": 68,
    "fields": {
      "schema_name": "webpage_description",
      "calc_expression": "",
      "element_type": 2,
      "sort": 40130120,
      "entity_name": "WebpageDescription",
      "short_definition": null,
      "example": null,
      "created": "2015-07-06T23:09:41.829Z",
      "long_definition": null,
      "active": true,
      "modified": "2015-07-06T23:08:25.981Z",
      "primary_view": false,
      "readable_name": "Webpage - Description",
      "datum_type": 17,
      "readable_plural_name": "Webpages - Descriptions"
    }
  },
  {
    "model": "element_type.elementdatumtype",
    "pk": 69,
    "fields": {
      "schema_name": "webpage_item_status",
      "calc_expression": "",
      "element_type": 33,
      "sort": 40130430,
      "entity_name": "WebpageItemStatus",
      "short_definition": null,
      "example": "ItemNew",
      "created": "2015-07-06T23:09:41.829Z",
      "long_definition": null,
      "active": true,
      "modified": "2015-07-06T23:08:25.981Z",
      "primary_view": false,
      "readable_name": "Webpage - Item Status",
      "datum_type": 17,
      "readable_plural_name": "Webpages - Item Statuses"
    }
  },
  {
    "model": "element_type.elementdatumtype",
    "pk": 70,
    "fields": {
      "schema_name": "webpage_link",
      "calc_expression": "",
      "element_type": 37,
      "sort": 40130470,
      "entity_name": "WebpageLink",
      "short_definition": "",
      "example": "",
      "created": "2015-07-06T23:09:41.829Z",
      "long_definition": "",
      "active": true,
      "modified": "2015-07-06T23:08:25.981Z",
      "primary_view": true,
      "readable_name": "Webpage - Link",
      "datum_type": 17,
      "readable_plural_name": "Webpages - Links"
    }
  },
  {
    "model": "element_type.elementdatumtype",
    "pk": 71,
    "fields": {
      "schema_name": "message_name",
      "calc_expression": "",
      "element_type": 1,
      "sort": 40140110,
      "entity_name": "MessageName",
      "short_definition": null,
      "example": null,
      "created": "2015-07-06T23:09:41.829Z",
      "long_definition": null,
      "active": true,
      "modified": "2015-07-06T23:08:25.981Z",
      "primary_view": false,
      "readable_name": "Message - Name",
      "datum_type": 18,
      "readable_plural_name": "Messages - Names"
    }
  },
  {
    "model": "element_type.elementdatumtype",
    "pk": 72,
    "fields": {
      "schema_name": "message_item_content",
      "calc_expression": "",
      "element_type": 34,
      "sort": 40140440,
      "entity_name": "MessageItemContent",
      "short_definition": null,
      "example": null,
      "created": "2015-07-06T23:09:41.829Z",
      "long_definition": null,
      "active": true,
      "modified": "2015-07-06T23:08:25.981Z",
      "primary_view": false,
      "readable_name": "Message - Item Content",
      "datum_type": 18,
      "readable_plural_name": "Messages - Item Contents"
    }
  },
  {
    "model": "element_type.elementdatumtype",
    "pk": 73,
    "fields": {
      "schema_name": "message_from",
      "calc_expression": "",
      "element_type": 35,
      "sort": 40140450,
      "entity_name": "MessageFrom",
      "short_definition": "",
      "example": "",
      "created": "2015-07-06T23:09:41.829Z",
      "long_definition": "",
      "active": true,
      "modified": "2015-07-06T23:08:25.981Z",
      "primary_view": true,
      "readable_name": "Message - From",
      "datum_type": 18,
      "readable_plural_name": "Messages - Froms"
    }
  },
  {
    "model": "element_type.elementdatumtype",
    "pk": 74,
    "fields": {
      "schema_name": "message_to",
      "calc_expression": "",
      "element_type": 36,
      "sort": 40140460,
      "entity_name": "MessageTo",
      "short_definition": "",
      "example": "",
      "created": "2015-07-06T23:09:41.829Z",
      "long_definition": "",
      "active": true,
      "modified": "2015-07-06T23:08:25.981Z",
      "primary_view": true,
      "readable_name": "Message - To",
      "datum_type": 18,
      "readable_plural_name": "Messages - Tos"
    }
  },
  {
    "model": "element_type.elementdatumtype",
    "pk": 75,
    "fields": {
      "schema_name": "message_creation_date",
      "calc_expression": "",
      "element_type": 39,
      "sort": 40140490,
      "entity_name": "MessageCreationDate",
      "short_definition": null,
      "example": null,
      "created": "2015-07-06T23:09:41.829Z",
      "long_definition": null,
      "active": true,
      "modified": "2015-07-06T23:08:25.981Z",
      "primary_view": false,
      "readable_name": "Message - Creation Date",
      "datum_type": 18,
      "readable_plural_name": "Messages - Creation Dates"
    }
  },
  {
    "model": "element_type.elementdatumtype",
    "pk": 76,
    "fields": {
      "schema_name": "post_name",
      "calc_expression": "",
      "element_type": 1,
      "sort": 40150110,
      "entity_name": "PostName",
      "short_definition": "",
      "example": "",
      "created": "2015-07-06T23:09:41.829Z",
      "long_definition": "",
      "active": true,
      "modified": "2015-07-06T23:08:25.981Z",
      "primary_view": true,
      "readable_name": "Post - Name",
      "datum_type": 19,
      "readable_plural_name": "Posts - Names"
    }
  },
  {
    "model": "element_type.elementdatumtype",
    "pk": 77,
    "fields": {
      "schema_name": "post_description",
      "calc_expression": "",
      "element_type": 2,
      "sort": 40150120,
      "entity_name": "PostDescription",
      "short_definition": null,
      "example": null,
      "created": "2015-07-06T23:09:41.829Z",
      "long_definition": null,
      "active": true,
      "modified": "2015-07-06T23:08:25.981Z",
      "primary_view": false,
      "readable_name": "Post - Description",
      "datum_type": 19,
      "readable_plural_name": "Posts - Descriptions"
    }
  },
  {
    "model": "element_type.elementdatumtype",
    "pk": 78,
    "fields": {
      "schema_name": "post_item_status",
      "calc_expression": "",
      "element_type": 33,
      "sort": 40150430,
      "entity_name": "PostItemStatus",
      "short_definition": null,
      "example": null,
      "created": "2015-07-06T23:09:41.829Z",
      "long_definition": null,
      "active": true,
      "modified": "2015-07-06T23:08:25.981Z",
      "primary_view": false,
      "readable_name": "Post - Item Status",
      "datum_type": 19,
      "readable_plural_name": "Posts - Item Statuses"
    }
  },
  {
    "model": "element_type.elementdatumtype",
    "pk": 79,
    "fields": {
      "schema_name": "post_item_content",
      "calc_expression": "",
      "element_type": 34,
      "sort": 40150440,
      "entity_name": "PostItemContent",
      "short_definition": null,
      "example": null,
      "created": "2015-07-06T23:09:41.829Z",
      "long_definition": null,
      "active": true,
      "modified": "2015-07-06T23:08:25.981Z",
      "primary_view": false,
      "readable_name": "Post - Item Content",
      "datum_type": 19,
      "readable_plural_name": "Posts - Item Contents"
    }
  },
  {
    "model": "element_type.elementdatumtype",
    "pk": 80,
    "fields": {
      "schema_name": "post_link",
      "calc_expression": "",
      "element_type": 37,
      "sort": 40150470,
      "entity_name": "PostLink",
      "short_definition": "",
      "example": "",
      "created": "2015-07-06T23:09:41.829Z",
      "long_definition": "",
      "active": true,
      "modified": "2015-07-06T23:08:25.981Z",
      "primary_view": true,
      "readable_name": "Post - Link",
      "datum_type": 19,
      "readable_plural_name": "Posts - Links"
    }
  },
  {
    "model": "element_type.elementdatumtype",
    "pk": 81,
    "fields": {
      "schema_name": "post_creation_date",
      "calc_expression": "",
      "element_type": 39,
      "sort": 40150490,
      "entity_name": "PostCreationDate",
      "short_definition": null,
      "example": null,
      "created": "2015-07-06T23:09:41.829Z",
      "long_definition": null,
      "active": true,
      "modified": "2015-07-06T23:08:25.981Z",
      "primary_view": false,
      "readable_name": "Post - Creation Date",
      "datum_type": 19,
      "readable_plural_name": "Posts - Creation Dates"
    }
  },
  {
    "model": "element_type.elementdatumtype",
    "pk": 83,
    "fields": {
      "schema_name": "message_item_status",
      "calc_expression": "",
      "element_type": 33,
      "sort": 40140430,
      "entity_name": "MessageItemStatus",
      "short_definition": null,
      "example": null,
      "created": "2015-07-06T23:09:41.829Z",
      "long_definition": null,
      "active": true,
      "modified": "2015-07-06T23:08:25.981Z",
      "primary_view": false,
      "readable_name": "Message - Item Status",
      "datum_type": 18,
      "readable_plural_name": "Messages - Item Statuses"
    }
  },
  {
    "model": "association.associationtype",
    "pk": 1,
    "fields": {
      "sort": 100,
      "readable_plural_name": "Defaults",
      "long_definition": null,
      "modified": "2015-07-06T23:08:14.749Z",
      "schema_name": "default",
      "active": true,
      "entity_name": "Default",
      "short_definition": "Default Association",
      "example": null,
      "created": "2015-07-06T23:09:37.969Z",
      "readable_name": "Default"
    }
  },
  {
    "model": "association.associationdirection",
    "pk": -1,
    "fields": {
      "sort": 100,
      "readable_plural_name": "Parents",
      "long_definition": null,
      "modified": "2015-07-06T23:08:12.942Z",
      "schema_name": "parent",
      "active": true,
      "entity_name": "Parent",
      "short_definition": "Ancestors",
      "example": null,
      "created": "2015-07-06T23:09:37.610Z",
      "readable_name": "Parent"
    }
  },
  {
    "model": "association.associationdirection",
    "pk": 0,
    "fields": {
      "sort": 101,
      "readable_plural_name": "Boths",
      "long_definition": null,
      "modified": "2015-07-06T23:08:12.942Z",
      "schema_name": "both",
      "active": true,
      "entity_name": "Both",
      "short_definition": "Both Directions",
      "example": null,
      "created": "2015-07-06T23:09:37.610Z",
      "readable_name": "Both"
    }
  },
  {
    "model": "association.associationdirection",
    "pk": 1,
    "fields": {
      "sort": 120,
      "readable_plural_name": "Children",
      "long_definition": null,
      "modified": "2015-07-06T23:08:12.942Z",
      "schema_name": "child",
      "active": true,
      "entity_name": "Child",
      "short_definition": "Descendants",
      "example": null,
      "created": "2015-07-06T23:09:37.610Z",
      "readable_name": "Child"
    }
  },
  {
    "model": "ui_object.uiarrangementtype",
    "pk": 1,
    "fields": {
      "sort": 100,
      "readable_plural_name": "Tiles",
      "long_definition": "Uses CSS Flexbox",
      "modified": "2015-07-22T02:09:14.405Z",
      "schema_name": "tile",
      "active": true,
      "entity_name": "Tile",
      "short_definition": "Tiled blocks",
      "example": "",
      "created": "2015-07-22T02:09:14.397Z",
      "readable_name": "Tile"
    }
  },
  {
    "model": "viewuse.viewuseobject",
    "pk": 1,
    "fields": {
      "sort": 100,
      "description": "",
      "ui_formatting_type": null,
      "modified": "2015-07-22T02:12:07.440Z",
      "ui_arrangement_type": 1,
      "active": true,
      "datum_filter": "{\"filter\":\"filter\"}",
      "user": null,
      "title": "Current Actions",
      "created": "2015-07-22T02:09:58.036Z"
    }
  },
  {
    "model": "viewuse.viewuseobject",
    "pk": 2,
    "fields": {
      "sort": 101,
      "description": "",
      "ui_formatting_type": null,
      "modified": "2015-07-22T02:12:07.446Z",
      "ui_arrangement_type": 1,
      "active": true,
      "datum_filter": "{\"filter\":\"filter\"}",
      "user": null,
      "title": "Upcoming Actions",
      "created": "2015-07-22T02:10:16.597Z"
    }
  },
  {
    "model": "windowuse.windowuseobject",
    "pk": 1,
    "fields": {
      "sort": 100,
      "description": "",
      "ui_formatting_type": null,
      "modified": "2015-07-22T02:12:15.934Z",
      "ui_arrangement_type": null,
      "active": true,
      "datum_filter": "{\"filter\":\"filter\"}",
      "user": null,
      "title": "Work Actions",
      "created": "2015-07-22T02:10:36.880Z"
    }
  },
  {
    "model": "windowuse.windowuseviewuse",
    "pk": 1,
    "fields": {
      "sort": 100,
      "modified": "2015-07-22T02:10:47.915Z",
      "viewuse_object": 1,
      "active": true,
      "windowuse_object": 1,
      "created": "2015-07-22T02:10:47.896Z"
    }
  },
  {
    "model": "windowuse.windowuseviewuse",
    "pk": 2,
    "fields": {
      "sort": 101,
      "modified": "2015-07-22T02:10:47.919Z",
      "viewuse_object": 2,
      "active": true,
      "windowuse_object": 1,
      "created": "2015-07-22T02:10:47.898Z"
    }
  }
]