[{"fields": {"last_name": "", "is_superuser": true, "is_active": true, "user_permissions": [], "groups": [], "email": "test@test.com", "is_staff": true, "username": "test", "date_joined": "2015-05-11T04:35:19.994Z", "last_login": "2015-05-12T17:55:45.454Z", "password": "pbkdf2_sha256$20000$KSGPM8dI4sjp$uzvKwlUpzWgfhzo38MONpOerrKedHWgYQ5GsNXaGSD4=", "first_name": ""}, "model": "auth.user", "pk": 1}, {"fields": {"schema_name": "area", "active": true, "long_definition": null, "short_definition": null, "sort": 10, "readable_plural_name": "Areas", "readable_name": "Area", "entity_name": "Area"}, "model": "datum.datumgroup", "pk": 1}, {"fields": {"schema_name": "activity", "active": true, "long_definition": null, "short_definition": null, "sort": 20, "readable_plural_name": "Activities", "readable_name": "Activity", "entity_name": "Activity"}, "model": "datum.datumgroup", "pk": 2}, {"fields": {"schema_name": "time", "active": true, "long_definition": null, "short_definition": null, "sort": 30, "readable_plural_name": "Times", "readable_name": "Time", "entity_name": "Time"}, "model": "datum.datumgroup", "pk": 3}, {"fields": {"schema_name": "item", "active": true, "long_definition": null, "short_definition": null, "sort": 40, "readable_plural_name": "Items", "readable_name": "Item", "entity_name": "Item"}, "model": "datum.datumgroup", "pk": 4}, {"fields": {"schema_name": "category", "active": true, "long_definition": null, "short_definition": null, "sort": 10100, "readable_plural_name": "Categories", "repr_expression": "{{name}}", "datum_group": 1, "readable_name": "Category", "entity_name": "Category"}, "model": "datum.datumtype", "pk": 1}, {"fields": {"schema_name": "project", "active": true, "long_definition": null, "short_definition": null, "sort": 10110, "readable_plural_name": "Projects", "repr_expression": "{{name}}", "datum_group": 1, "readable_name": "Project", "entity_name": "Project"}, "model": "datum.datumtype", "pk": 2}, {"fields": {"schema_name": "context", "active": true, "long_definition": null, "short_definition": null, "sort": 10120, "readable_plural_name": "Contexts", "repr_expression": "{{name}}", "datum_group": 1, "readable_name": "Context", "entity_name": "Context"}, "model": "datum.datumtype", "pk": 3}, {"fields": {"schema_name": "person", "active": true, "long_definition": null, "short_definition": null, "sort": 10130, "readable_plural_name": "Persons", "repr_expression": "{{name}}", "datum_group": 1, "readable_name": "Person", "entity_name": "Person"}, "model": "datum.datumtype", "pk": 4}, {"fields": {"schema_name": "entity", "active": true, "long_definition": null, "short_definition": null, "sort": 10140, "readable_plural_name": "Entities", "repr_expression": "{{name}}", "datum_group": 1, "readable_name": "Entity", "entity_name": "Entity"}, "model": "datum.datumtype", "pk": 5}, {"fields": {"schema_name": "location", "active": true, "long_definition": null, "short_definition": null, "sort": 10150, "readable_plural_name": "Locations", "repr_expression": "{{name}}", "datum_group": 1, "readable_name": "Location", "entity_name": "Location"}, "model": "datum.datumtype", "pk": 6}, {"fields": {"schema_name": "contact", "active": true, "long_definition": null, "short_definition": null, "sort": 10160, "readable_plural_name": "Contacts", "repr_expression": "{{name}}", "datum_group": 1, "readable_name": "Contact", "entity_name": "Contact"}, "model": "datum.datumtype", "pk": 7}, {"fields": {"schema_name": "action", "active": true, "long_definition": null, "short_definition": null, "sort": 20100, "readable_plural_name": "Actions", "repr_expression": "{{description}}", "datum_group": 2, "readable_name": "Action", "entity_name": "Action"}, "model": "datum.datumtype", "pk": 8}, {"fields": {"schema_name": "principle", "active": true, "long_definition": null, "short_definition": null, "sort": 20110, "readable_plural_name": "Principles", "repr_expression": "{{description}}", "datum_group": 2, "readable_name": "Principle", "entity_name": "Principle"}, "model": "datum.datumtype", "pk": 9}, {"fields": {"schema_name": "journal", "active": true, "long_definition": null, "short_definition": null, "sort": 20120, "readable_plural_name": "Journals", "repr_expression": "{{description}}", "datum_group": 2, "readable_name": "Journal", "entity_name": "Journal"}, "model": "datum.datumtype", "pk": 10}, {"fields": {"schema_name": "schedule", "active": true, "long_definition": null, "short_definition": null, "sort": 30100, "readable_plural_name": "Schedules", "repr_expression": "{{description}}", "datum_group": 3, "readable_name": "Schedule", "entity_name": "Schedule"}, "model": "datum.datumtype", "pk": 11}, {"fields": {"schema_name": "event", "active": true, "long_definition": null, "short_definition": null, "sort": 30110, "readable_plural_name": "Events", "repr_expression": "{{endingevent}}", "datum_group": 3, "readable_name": "Event", "entity_name": "Event"}, "model": "datum.datumtype", "pk": 12}, {"fields": {"schema_name": "reminder", "active": true, "long_definition": null, "short_definition": null, "sort": 30120, "readable_plural_name": "Reminders", "repr_expression": "{{alert}}", "datum_group": 3, "readable_name": "Reminder", "entity_name": "Reminder"}, "model": "datum.datumtype", "pk": 13}, {"fields": {"schema_name": "note", "active": true, "long_definition": null, "short_definition": null, "sort": 40100, "readable_plural_name": "Notes", "repr_expression": "{{name}}", "datum_group": 4, "readable_name": "Note", "entity_name": "Note"}, "model": "datum.datumtype", "pk": 14}, {"fields": {"schema_name": "file", "active": true, "long_definition": null, "short_definition": null, "sort": 40110, "readable_plural_name": "Files", "repr_expression": "{{name}}", "datum_group": 4, "readable_name": "File", "entity_name": "File"}, "model": "datum.datumtype", "pk": 15}, {"fields": {"schema_name": "directory", "active": true, "long_definition": null, "short_definition": null, "sort": 40120, "readable_plural_name": "Directories", "repr_expression": "{{name}}", "datum_group": 4, "readable_name": "Directory", "entity_name": "Directory"}, "model": "datum.datumtype", "pk": 16}, {"fields": {"schema_name": "webpage", "active": true, "long_definition": null, "short_definition": null, "sort": 40130, "readable_plural_name": "Webpages", "repr_expression": "{{name}}", "datum_group": 4, "readable_name": "Webpage", "entity_name": "Webpage"}, "model": "datum.datumtype", "pk": 17}, {"fields": {"schema_name": "message", "active": true, "long_definition": null, "short_definition": null, "sort": 40140, "readable_plural_name": "Messages", "repr_expression": "{{name}}", "datum_group": 4, "readable_name": "Message", "entity_name": "Message"}, "model": "datum.datumtype", "pk": 18}, {"fields": {"schema_name": "post", "active": true, "long_definition": null, "short_definition": null, "sort": 40150, "readable_plural_name": "Posts", "repr_expression": "{{name}}", "datum_group": 4, "readable_name": "Post", "entity_name": "Post"}, "model": "datum.datumtype", "pk": 19}, {"fields": {"schema_name": "string", "active": true, "long_definition": "Used for all major text-based elements", "short_definition": "VarChar(255)", "sort": 10, "readable_plural_name": "Strings", "readable_name": "String", "entity_name": "String"}, "model": "element_type.elementdatatype", "pk": 1}, {"fields": {"schema_name": "text_data", "active": true, "long_definition": "Only used for string-based sub-data types, such as json or html", "short_definition": "Text", "sort": 20, "readable_plural_name": "Text Data", "readable_name": "Text Data", "entity_name": "TextData"}, "model": "element_type.elementdatatype", "pk": 2}, {"fields": {"schema_name": "boolean", "active": true, "long_definition": null, "short_definition": "Boolean", "sort": 30, "readable_plural_name": "Booleans", "readable_name": "Boolean", "entity_name": "Boolean"}, "model": "element_type.elementdatatype", "pk": 3}, {"fields": {"schema_name": "datetime", "active": true, "long_definition": null, "short_definition": "Datetime with Timezone", "sort": 40, "readable_plural_name": "Datetimes", "readable_name": "Datetime", "entity_name": "Datetime"}, "model": "element_type.elementdatatype", "pk": 4}, {"fields": {"schema_name": "decimal", "active": true, "long_definition": null, "short_definition": "Decimal(scale=2)", "sort": 50, "readable_plural_name": "Decimals", "readable_name": "Decimal", "entity_name": "Decimal"}, "model": "element_type.elementdatatype", "pk": 5}, {"fields": {"schema_name": "binary", "active": true, "long_definition": "Used for any attachments and large data", "short_definition": "Blob", "sort": 60, "readable_plural_name": "Binarys", "readable_name": "Binary", "entity_name": "Binary"}, "model": "element_type.elementdatatype", "pk": 6}, {"fields": {"schema_name": "name", "default_expression": "", "long_definition": null, "editable": true, "element_data_type": 1, "html_element": "text", "readable_name": "Name", "entity_name": "Name", "active": true, "sort": 110, "short_definition": null, "readable_plural_name": "Names"}, "model": "element_type.elementtype", "pk": 1}, {"fields": {"schema_name": "description", "default_expression": "", "long_definition": null, "editable": true, "element_data_type": 1, "html_element": "text", "readable_name": "Description", "entity_name": "Description", "active": true, "sort": 120, "short_definition": null, "readable_plural_name": "Descriptions"}, "model": "element_type.elementtype", "pk": 2}, {"fields": {"schema_name": "first_name", "default_expression": "", "long_definition": null, "editable": true, "element_data_type": 1, "html_element": "text", "readable_name": "First Name", "entity_name": "FirstName", "active": true, "sort": 130, "short_definition": null, "readable_plural_name": "First Names"}, "model": "element_type.elementtype", "pk": 3}, {"fields": {"schema_name": "last_name", "default_expression": "", "long_definition": null, "editable": true, "element_data_type": 1, "html_element": "text", "readable_name": "Last Name", "entity_name": "LastName", "active": true, "sort": 140, "short_definition": null, "readable_plural_name": "Last Names"}, "model": "element_type.elementtype", "pk": 4}, {"fields": {"schema_name": "nickname", "default_expression": "", "long_definition": null, "editable": true, "element_data_type": 1, "html_element": "text", "readable_name": "Nickname", "entity_name": "Nickname", "active": true, "sort": 150, "short_definition": null, "readable_plural_name": "Nicknames"}, "model": "element_type.elementtype", "pk": 5}, {"fields": {"schema_name": "birthday", "default_expression": "", "long_definition": null, "editable": true, "element_data_type": 4, "html_element": "datetime", "readable_name": "Birthday", "entity_name": "Birthday", "active": true, "sort": 160, "short_definition": null, "readable_plural_name": "Birthdays"}, "model": "element_type.elementtype", "pk": 6}, {"fields": {"schema_name": "entity_type", "default_expression": "", "long_definition": null, "editable": true, "element_data_type": 1, "html_element": "text", "readable_name": "Entity Type", "entity_name": "EntityType", "active": true, "sort": 170, "short_definition": null, "readable_plural_name": "Entity Types"}, "model": "element_type.elementtype", "pk": 7}, {"fields": {"schema_name": "street_address", "default_expression": "", "long_definition": null, "editable": true, "element_data_type": 1, "html_element": "text", "readable_name": "Street Address", "entity_name": "StreetAddress", "active": true, "sort": 180, "short_definition": null, "readable_plural_name": "Street Addresses"}, "model": "element_type.elementtype", "pk": 8}, {"fields": {"schema_name": "city", "default_expression": "", "long_definition": null, "editable": true, "element_data_type": 1, "html_element": "text", "readable_name": "City", "entity_name": "City", "active": true, "sort": 190, "short_definition": null, "readable_plural_name": "Citys"}, "model": "element_type.elementtype", "pk": 9}, {"fields": {"schema_name": "state", "default_expression": "", "long_definition": null, "editable": true, "element_data_type": 1, "html_element": "text", "readable_name": "State", "entity_name": "State", "active": true, "sort": 200, "short_definition": null, "readable_plural_name": "States"}, "model": "element_type.elementtype", "pk": 10}, {"fields": {"schema_name": "zip", "default_expression": "", "long_definition": null, "editable": true, "element_data_type": 1, "html_element": "text", "readable_name": "Zip", "entity_name": "Zip", "active": true, "sort": 210, "short_definition": null, "readable_plural_name": "Zips"}, "model": "element_type.elementtype", "pk": 11}, {"fields": {"schema_name": "country", "default_expression": "", "long_definition": null, "editable": true, "element_data_type": 1, "html_element": "text", "readable_name": "Country", "entity_name": "Country", "active": true, "sort": 220, "short_definition": null, "readable_plural_name": "Countries"}, "model": "element_type.elementtype", "pk": 12}, {"fields": {"schema_name": "latitude", "default_expression": "", "long_definition": null, "editable": true, "element_data_type": 1, "html_element": "text", "readable_name": "Latitude", "entity_name": "Latitude", "active": true, "sort": 230, "short_definition": null, "readable_plural_name": "Latitudes"}, "model": "element_type.elementtype", "pk": 13}, {"fields": {"schema_name": "longitude", "default_expression": "", "long_definition": null, "editable": true, "element_data_type": 1, "html_element": "text", "readable_name": "Longitude", "entity_name": "Longitude", "active": true, "sort": 240, "short_definition": null, "readable_plural_name": "Longitudes"}, "model": "element_type.elementtype", "pk": 14}, {"fields": {"schema_name": "phone", "default_expression": "", "long_definition": null, "editable": true, "element_data_type": 1, "html_element": "text", "readable_name": "Phone", "entity_name": "Phone", "active": true, "sort": 250, "short_definition": null, "readable_plural_name": "Phones"}, "model": "element_type.elementtype", "pk": 15}, {"fields": {"schema_name": "email", "default_expression": "", "long_definition": null, "editable": true, "element_data_type": 1, "html_element": "text", "readable_name": "Email", "entity_name": "Email", "active": true, "sort": 260, "short_definition": null, "readable_plural_name": "Emails"}, "model": "element_type.elementtype", "pk": 16}, {"fields": {"schema_name": "website", "default_expression": "", "long_definition": null, "editable": true, "element_data_type": 1, "html_element": "text", "readable_name": "Website", "entity_name": "Website", "active": true, "sort": 270, "short_definition": null, "readable_plural_name": "Websites"}, "model": "element_type.elementtype", "pk": 17}, {"fields": {"schema_name": "facebook", "default_expression": "", "long_definition": null, "editable": true, "element_data_type": 1, "html_element": "text", "readable_name": "Facebook", "entity_name": "Facebook", "active": true, "sort": 280, "short_definition": null, "readable_plural_name": "Facebook"}, "model": "element_type.elementtype", "pk": 18}, {"fields": {"schema_name": "linkedin", "default_expression": "", "long_definition": null, "editable": true, "element_data_type": 1, "html_element": "text", "readable_name": "LinkedIn", "entity_name": "LinkedIn", "active": true, "sort": 290, "short_definition": null, "readable_plural_name": "LinkedIn"}, "model": "element_type.elementtype", "pk": 19}, {"fields": {"schema_name": "twitter", "default_expression": "", "long_definition": null, "editable": true, "element_data_type": 1, "html_element": "text", "readable_name": "Twitter", "entity_name": "Twitter", "active": true, "sort": 300, "short_definition": null, "readable_plural_name": "Twitter"}, "model": "element_type.elementtype", "pk": 20}, {"fields": {"schema_name": "action_status", "default_expression": "{{ ActionNew }}", "long_definition": "", "editable": true, "element_data_type": 1, "html_element": "text", "readable_name": "Action Status", "entity_name": "ActionStatus", "active": true, "sort": 310, "short_definition": "", "readable_plural_name": "Action Statuses"}, "model": "element_type.elementtype", "pk": 21}, {"fields": {"schema_name": "action_effort", "default_expression": "", "long_definition": null, "editable": true, "element_data_type": 1, "html_element": "text", "readable_name": "Action Effort", "entity_name": "ActionEffort", "active": true, "sort": 320, "short_definition": null, "readable_plural_name": "Action Efforts"}, "model": "element_type.elementtype", "pk": 22}, {"fields": {"schema_name": "schedule_type", "default_expression": "", "long_definition": null, "editable": true, "element_data_type": 1, "html_element": "text", "readable_name": "Schedule Type", "entity_name": "ScheduleType", "active": true, "sort": 330, "short_definition": null, "readable_plural_name": "Schedule Types"}, "model": "element_type.elementtype", "pk": 23}, {"fields": {"schema_name": "beginning_buffer", "default_expression": "", "long_definition": null, "editable": true, "element_data_type": 4, "html_element": "datetime", "readable_name": "Beginning Buffer", "entity_name": "BeginningBuffer", "active": true, "sort": 340, "short_definition": null, "readable_plural_name": "Beginning Buffers"}, "model": "element_type.elementtype", "pk": 24}, {"fields": {"schema_name": "beginning_event", "default_expression": "", "long_definition": null, "editable": true, "element_data_type": 4, "html_element": "datetime", "readable_name": "Beginning Event", "entity_name": "BeginningEvent", "active": true, "sort": 350, "short_definition": null, "readable_plural_name": "Beginning Events"}, "model": "element_type.elementtype", "pk": 25}, {"fields": {"schema_name": "ending_event", "default_expression": "", "long_definition": null, "editable": true, "element_data_type": 4, "html_element": "datetime", "readable_name": "Ending Event", "entity_name": "EndingEvent", "active": true, "sort": 360, "short_definition": null, "readable_plural_name": "Ending Events"}, "model": "element_type.elementtype", "pk": 26}, {"fields": {"schema_name": "ending_buffer", "default_expression": "", "long_definition": null, "editable": true, "element_data_type": 4, "html_element": "datetime", "readable_name": "Ending Buffer", "entity_name": "EndingBuffer", "active": true, "sort": 370, "short_definition": null, "readable_plural_name": "Ending Buffers"}, "model": "element_type.elementtype", "pk": 27}, {"fields": {"schema_name": "event_time", "default_expression": "", "long_definition": null, "editable": true, "element_data_type": 5, "html_element": "text", "readable_name": "Event Time", "entity_name": "EventTime", "active": true, "sort": 380, "short_definition": null, "readable_plural_name": "Event Times"}, "model": "element_type.elementtype", "pk": 28}, {"fields": {"schema_name": "total_time", "default_expression": "", "long_definition": null, "editable": true, "element_data_type": 5, "html_element": "text", "readable_name": "Total Time", "entity_name": "TotalTime", "active": true, "sort": 390, "short_definition": null, "readable_plural_name": "Total Times"}, "model": "element_type.elementtype", "pk": 29}, {"fields": {"schema_name": "recurring_options", "default_expression": "", "long_definition": null, "editable": true, "element_data_type": 2, "html_element": "text", "readable_name": "Recurring Options", "entity_name": "RecurringOptions", "active": true, "sort": 400, "short_definition": null, "readable_plural_name": "Recurring Optionss"}, "model": "element_type.elementtype", "pk": 30}, {"fields": {"schema_name": "alert", "default_expression": "", "long_definition": null, "editable": true, "element_data_type": 4, "html_element": "text", "readable_name": "Alert", "entity_name": "Alert", "active": true, "sort": 410, "short_definition": null, "readable_plural_name": "Alerts"}, "model": "element_type.elementtype", "pk": 31}, {"fields": {"schema_name": "logged_in", "default_expression": "", "long_definition": null, "editable": true, "element_data_type": 3, "html_element": "text", "readable_name": "Logged In", "entity_name": "LoggedIn", "active": true, "sort": 420, "short_definition": null, "readable_plural_name": "Logged In"}, "model": "element_type.elementtype", "pk": 32}, {"fields": {"schema_name": "item_status", "default_expression": "", "long_definition": null, "editable": true, "element_data_type": 1, "html_element": "text", "readable_name": "Item Status", "entity_name": "ItemStatus", "active": true, "sort": 430, "short_definition": null, "readable_plural_name": "Item Statuses"}, "model": "element_type.elementtype", "pk": 33}, {"fields": {"schema_name": "item_content", "default_expression": "", "long_definition": null, "editable": true, "element_data_type": 2, "html_element": "text", "readable_name": "Item Content", "entity_name": "ItemContent", "active": true, "sort": 440, "short_definition": null, "readable_plural_name": "Item Contents"}, "model": "element_type.elementtype", "pk": 34}, {"fields": {"schema_name": "from", "default_expression": "", "long_definition": null, "editable": true, "element_data_type": 1, "html_element": "text", "readable_name": "From", "entity_name": "From", "active": true, "sort": 450, "short_definition": null, "readable_plural_name": "Froms"}, "model": "element_type.elementtype", "pk": 35}, {"fields": {"schema_name": "to", "default_expression": "", "long_definition": null, "editable": true, "element_data_type": 1, "html_element": "text", "readable_name": "To", "entity_name": "To", "active": true, "sort": 460, "short_definition": null, "readable_plural_name": "Tos"}, "model": "element_type.elementtype", "pk": 36}, {"fields": {"schema_name": "link", "default_expression": "", "long_definition": "Any local, network, or www address", "editable": true, "element_data_type": 1, "html_element": "text", "readable_name": "Link", "entity_name": "Link", "active": true, "sort": 470, "short_definition": "URL", "readable_plural_name": "Links"}, "model": "element_type.elementtype", "pk": 37}, {"fields": {"schema_name": "attachment", "default_expression": "", "long_definition": "File attachment", "editable": true, "element_data_type": 6, "html_element": "text", "readable_name": "Attachment", "entity_name": "Attachment", "active": true, "sort": 480, "short_definition": null, "readable_plural_name": "Attachments"}, "model": "element_type.elementtype", "pk": 38}, {"fields": {"schema_name": "creation_date", "default_expression": "", "long_definition": "SHOULD THIS BE ROLLED INTO EVENTS?", "editable": true, "element_data_type": 4, "html_element": "datetime", "readable_name": "Creation Date", "entity_name": "CreationDate", "active": true, "sort": 490, "short_definition": null, "readable_plural_name": "Creation Dates"}, "model": "element_type.elementtype", "pk": 39}, {"fields": {"schema_name": "modification_date", "default_expression": "", "long_definition": "SHOULD THIS BE ROLLED INTO EVENTS?", "editable": true, "element_data_type": 4, "html_element": "datetime", "readable_name": "Modification Date", "entity_name": "ModificationDate", "active": true, "sort": 500, "short_definition": null, "readable_plural_name": "Modification Dates"}, "model": "element_type.elementtype", "pk": 40}, {"fields": {"sort": 10100110, "active": true, "element_type": 1, "datum_type": 1}, "model": "element_type.elementdatumtype", "pk": 1}, {"fields": {"sort": 10100120, "active": true, "element_type": 2, "datum_type": 1}, "model": "element_type.elementdatumtype", "pk": 2}, {"fields": {"sort": 10110110, "active": true, "element_type": 1, "datum_type": 2}, "model": "element_type.elementdatumtype", "pk": 3}, {"fields": {"sort": 10110120, "active": true, "element_type": 2, "datum_type": 2}, "model": "element_type.elementdatumtype", "pk": 4}, {"fields": {"sort": 10120110, "active": true, "element_type": 1, "datum_type": 3}, "model": "element_type.elementdatumtype", "pk": 5}, {"fields": {"sort": 10120120, "active": true, "element_type": 2, "datum_type": 3}, "model": "element_type.elementdatumtype", "pk": 6}, {"fields": {"sort": 10130110, "active": true, "element_type": 1, "datum_type": 4}, "model": "element_type.elementdatumtype", "pk": 7}, {"fields": {"sort": 10130120, "active": true, "element_type": 2, "datum_type": 4}, "model": "element_type.elementdatumtype", "pk": 8}, {"fields": {"sort": 10130130, "active": true, "element_type": 3, "datum_type": 4}, "model": "element_type.elementdatumtype", "pk": 9}, {"fields": {"sort": 10130140, "active": true, "element_type": 4, "datum_type": 4}, "model": "element_type.elementdatumtype", "pk": 10}, {"fields": {"sort": 10130150, "active": true, "element_type": 5, "datum_type": 4}, "model": "element_type.elementdatumtype", "pk": 11}, {"fields": {"sort": 10130160, "active": true, "element_type": 6, "datum_type": 4}, "model": "element_type.elementdatumtype", "pk": 12}, {"fields": {"sort": 10140110, "active": true, "element_type": 1, "datum_type": 5}, "model": "element_type.elementdatumtype", "pk": 13}, {"fields": {"sort": 10140120, "active": true, "element_type": 2, "datum_type": 5}, "model": "element_type.elementdatumtype", "pk": 14}, {"fields": {"sort": 10140170, "active": true, "element_type": 7, "datum_type": 5}, "model": "element_type.elementdatumtype", "pk": 15}, {"fields": {"sort": 10150110, "active": true, "element_type": 1, "datum_type": 6}, "model": "element_type.elementdatumtype", "pk": 16}, {"fields": {"sort": 10150120, "active": true, "element_type": 2, "datum_type": 6}, "model": "element_type.elementdatumtype", "pk": 17}, {"fields": {"sort": 10150180, "active": true, "element_type": 8, "datum_type": 6}, "model": "element_type.elementdatumtype", "pk": 18}, {"fields": {"sort": 10150190, "active": true, "element_type": 9, "datum_type": 6}, "model": "element_type.elementdatumtype", "pk": 19}, {"fields": {"sort": 10150200, "active": true, "element_type": 10, "datum_type": 6}, "model": "element_type.elementdatumtype", "pk": 20}, {"fields": {"sort": 10150210, "active": true, "element_type": 11, "datum_type": 6}, "model": "element_type.elementdatumtype", "pk": 21}, {"fields": {"sort": 10150220, "active": true, "element_type": 12, "datum_type": 6}, "model": "element_type.elementdatumtype", "pk": 22}, {"fields": {"sort": 10150230, "active": true, "element_type": 13, "datum_type": 6}, "model": "element_type.elementdatumtype", "pk": 23}, {"fields": {"sort": 10150240, "active": true, "element_type": 14, "datum_type": 6}, "model": "element_type.elementdatumtype", "pk": 24}, {"fields": {"sort": 10160110, "active": true, "element_type": 1, "datum_type": 7}, "model": "element_type.elementdatumtype", "pk": 25}, {"fields": {"sort": 10160120, "active": true, "element_type": 2, "datum_type": 7}, "model": "element_type.elementdatumtype", "pk": 26}, {"fields": {"sort": 10160250, "active": true, "element_type": 15, "datum_type": 7}, "model": "element_type.elementdatumtype", "pk": 27}, {"fields": {"sort": 10160260, "active": true, "element_type": 16, "datum_type": 7}, "model": "element_type.elementdatumtype", "pk": 28}, {"fields": {"sort": 10160270, "active": true, "element_type": 17, "datum_type": 7}, "model": "element_type.elementdatumtype", "pk": 29}, {"fields": {"sort": 10160280, "active": true, "element_type": 18, "datum_type": 7}, "model": "element_type.elementdatumtype", "pk": 30}, {"fields": {"sort": 10160290, "active": true, "element_type": 19, "datum_type": 7}, "model": "element_type.elementdatumtype", "pk": 31}, {"fields": {"sort": 10160300, "active": true, "element_type": 20, "datum_type": 7}, "model": "element_type.elementdatumtype", "pk": 32}, {"fields": {"sort": 20100120, "active": true, "element_type": 2, "datum_type": 8}, "model": "element_type.elementdatumtype", "pk": 33}, {"fields": {"sort": 20100310, "active": true, "element_type": 21, "datum_type": 8}, "model": "element_type.elementdatumtype", "pk": 34}, {"fields": {"sort": 20100320, "active": true, "element_type": 22, "datum_type": 8}, "model": "element_type.elementdatumtype", "pk": 35}, {"fields": {"sort": 20110120, "active": true, "element_type": 2, "datum_type": 9}, "model": "element_type.elementdatumtype", "pk": 36}, {"fields": {"sort": 20120120, "active": true, "element_type": 2, "datum_type": 10}, "model": "element_type.elementdatumtype", "pk": 37}, {"fields": {"sort": 30100110, "active": true, "element_type": 1, "datum_type": 11}, "model": "element_type.elementdatumtype", "pk": 38}, {"fields": {"sort": 30100330, "active": true, "element_type": 23, "datum_type": 11}, "model": "element_type.elementdatumtype", "pk": 39}, {"fields": {"sort": 30110340, "active": true, "element_type": 24, "datum_type": 12}, "model": "element_type.elementdatumtype", "pk": 40}, {"fields": {"sort": 30110350, "active": true, "element_type": 25, "datum_type": 12}, "model": "element_type.elementdatumtype", "pk": 41}, {"fields": {"sort": 30110360, "active": true, "element_type": 26, "datum_type": 12}, "model": "element_type.elementdatumtype", "pk": 42}, {"fields": {"sort": 30110370, "active": true, "element_type": 27, "datum_type": 12}, "model": "element_type.elementdatumtype", "pk": 43}, {"fields": {"sort": 30110380, "active": true, "element_type": 28, "datum_type": 12}, "model": "element_type.elementdatumtype", "pk": 44}, {"fields": {"sort": 30110390, "active": true, "element_type": 29, "datum_type": 12}, "model": "element_type.elementdatumtype", "pk": 45}, {"fields": {"sort": 30110400, "active": true, "element_type": 30, "datum_type": 12}, "model": "element_type.elementdatumtype", "pk": 46}, {"fields": {"sort": 30120400, "active": true, "element_type": 30, "datum_type": 13}, "model": "element_type.elementdatumtype", "pk": 47}, {"fields": {"sort": 30120410, "active": true, "element_type": 31, "datum_type": 13}, "model": "element_type.elementdatumtype", "pk": 48}, {"fields": {"sort": 30120420, "active": true, "element_type": 32, "datum_type": 13}, "model": "element_type.elementdatumtype", "pk": 49}, {"fields": {"sort": 40100110, "active": true, "element_type": 1, "datum_type": 14}, "model": "element_type.elementdatumtype", "pk": 50}, {"fields": {"sort": 40100430, "active": true, "element_type": 33, "datum_type": 14}, "model": "element_type.elementdatumtype", "pk": 51}, {"fields": {"sort": 40100440, "active": true, "element_type": 34, "datum_type": 14}, "model": "element_type.elementdatumtype", "pk": 52}, {"fields": {"sort": 40100470, "active": true, "element_type": 37, "datum_type": 14}, "model": "element_type.elementdatumtype", "pk": 53}, {"fields": {"sort": 40110110, "active": true, "element_type": 1, "datum_type": 15}, "model": "element_type.elementdatumtype", "pk": 54}, {"fields": {"sort": 40110120, "active": true, "element_type": 2, "datum_type": 15}, "model": "element_type.elementdatumtype", "pk": 55}, {"fields": {"sort": 40110430, "active": true, "element_type": 33, "datum_type": 15}, "model": "element_type.elementdatumtype", "pk": 56}, {"fields": {"sort": 40110470, "active": true, "element_type": 37, "datum_type": 15}, "model": "element_type.elementdatumtype", "pk": 57}, {"fields": {"sort": 40110480, "active": true, "element_type": 38, "datum_type": 15}, "model": "element_type.elementdatumtype", "pk": 58}, {"fields": {"sort": 40110490, "active": true, "element_type": 39, "datum_type": 15}, "model": "element_type.elementdatumtype", "pk": 59}, {"fields": {"sort": 40110500, "active": true, "element_type": 40, "datum_type": 15}, "model": "element_type.elementdatumtype", "pk": 60}, {"fields": {"sort": 40120110, "active": true, "element_type": 1, "datum_type": 16}, "model": "element_type.elementdatumtype", "pk": 61}, {"fields": {"sort": 40120120, "active": true, "element_type": 2, "datum_type": 16}, "model": "element_type.elementdatumtype", "pk": 62}, {"fields": {"sort": 40120430, "active": true, "element_type": 33, "datum_type": 16}, "model": "element_type.elementdatumtype", "pk": 63}, {"fields": {"sort": 40120470, "active": true, "element_type": 37, "datum_type": 16}, "model": "element_type.elementdatumtype", "pk": 64}, {"fields": {"sort": 40120490, "active": true, "element_type": 39, "datum_type": 16}, "model": "element_type.elementdatumtype", "pk": 65}, {"fields": {"sort": 40120500, "active": true, "element_type": 40, "datum_type": 16}, "model": "element_type.elementdatumtype", "pk": 66}, {"fields": {"sort": 40130110, "active": true, "element_type": 1, "datum_type": 17}, "model": "element_type.elementdatumtype", "pk": 67}, {"fields": {"sort": 40130120, "active": true, "element_type": 2, "datum_type": 17}, "model": "element_type.elementdatumtype", "pk": 68}, {"fields": {"sort": 40130430, "active": true, "element_type": 33, "datum_type": 17}, "model": "element_type.elementdatumtype", "pk": 69}, {"fields": {"sort": 40130470, "active": true, "element_type": 37, "datum_type": 17}, "model": "element_type.elementdatumtype", "pk": 70}, {"fields": {"sort": 40140110, "active": true, "element_type": 1, "datum_type": 18}, "model": "element_type.elementdatumtype", "pk": 71}, {"fields": {"sort": 40140440, "active": true, "element_type": 34, "datum_type": 18}, "model": "element_type.elementdatumtype", "pk": 72}, {"fields": {"sort": 40140450, "active": true, "element_type": 35, "datum_type": 18}, "model": "element_type.elementdatumtype", "pk": 73}, {"fields": {"sort": 40140460, "active": true, "element_type": 36, "datum_type": 18}, "model": "element_type.elementdatumtype", "pk": 74}, {"fields": {"sort": 40140490, "active": true, "element_type": 39, "datum_type": 18}, "model": "element_type.elementdatumtype", "pk": 75}, {"fields": {"sort": 40150110, "active": true, "element_type": 1, "datum_type": 19}, "model": "element_type.elementdatumtype", "pk": 76}, {"fields": {"sort": 40150120, "active": true, "element_type": 2, "datum_type": 19}, "model": "element_type.elementdatumtype", "pk": 77}, {"fields": {"sort": 40150430, "active": true, "element_type": 33, "datum_type": 19}, "model": "element_type.elementdatumtype", "pk": 78}, {"fields": {"sort": 40150440, "active": true, "element_type": 34, "datum_type": 19}, "model": "element_type.elementdatumtype", "pk": 79}, {"fields": {"sort": 40150470, "active": true, "element_type": 37, "datum_type": 19}, "model": "element_type.elementdatumtype", "pk": 80}, {"fields": {"sort": 40150490, "active": true, "element_type": 39, "datum_type": 19}, "model": "element_type.elementdatumtype", "pk": 81}, {"fields": {"schema_name": "business", "active": true, "element_type": 7, "long_definition": null, "short_definition": null, "sort": 17010, "readable_plural_name": "Businesses", "readable_name": "Business", "entity_name": "Business"}, "model": "element_type.elementoption", "pk": 1}, {"fields": {"schema_name": "non-profit", "active": true, "element_type": 7, "long_definition": null, "short_definition": null, "sort": 17020, "readable_plural_name": "Non-Profits", "readable_name": "Non-Profit", "entity_name": "Non-Profit"}, "model": "element_type.elementoption", "pk": 2}, {"fields": {"schema_name": "education", "active": true, "element_type": 7, "long_definition": null, "short_definition": null, "sort": 17030, "readable_plural_name": "Education", "readable_name": "Education", "entity_name": "Education"}, "model": "element_type.elementoption", "pk": 3}, {"fields": {"schema_name": "food", "active": true, "element_type": 7, "long_definition": null, "short_definition": null, "sort": 17040, "readable_plural_name": "Food", "readable_name": "Food", "entity_name": "Food"}, "model": "element_type.elementoption", "pk": 4}, {"fields": {"schema_name": "service", "active": true, "element_type": 7, "long_definition": null, "short_definition": null, "sort": 17050, "readable_plural_name": "Services", "readable_name": "Service", "entity_name": "Service"}, "model": "element_type.elementoption", "pk": 5}, {"fields": {"schema_name": "cultural", "active": true, "element_type": 7, "long_definition": null, "short_definition": null, "sort": 17060, "readable_plural_name": "Cultural", "readable_name": "Cultural", "entity_name": "Cultural"}, "model": "element_type.elementoption", "pk": 6}, {"fields": {"schema_name": "religious", "active": true, "element_type": 7, "long_definition": null, "short_definition": null, "sort": 17070, "readable_plural_name": "Religious", "readable_name": "Religious", "entity_name": "Religious"}, "model": "element_type.elementoption", "pk": 7}, {"fields": {"schema_name": "government", "active": true, "element_type": 7, "long_definition": null, "short_definition": null, "sort": 17080, "readable_plural_name": "Governments", "readable_name": "Government", "entity_name": "Government"}, "model": "element_type.elementoption", "pk": 8}, {"fields": {"schema_name": "social", "active": true, "element_type": 7, "long_definition": null, "short_definition": null, "sort": 17090, "readable_plural_name": "Social", "readable_name": "Social", "entity_name": "Social"}, "model": "element_type.elementoption", "pk": 9}, {"fields": {"schema_name": "new", "active": true, "element_type": 21, "long_definition": null, "short_definition": null, "sort": 31010, "readable_plural_name": "New", "readable_name": "New", "entity_name": "ActionNew"}, "model": "element_type.elementoption", "pk": 10}, {"fields": {"schema_name": "someday", "active": true, "element_type": 21, "long_definition": null, "short_definition": null, "sort": 31020, "readable_plural_name": "Someday", "readable_name": "Someday", "entity_name": "ActionSomeday"}, "model": "element_type.elementoption", "pk": 11}, {"fields": {"schema_name": "upcoming", "active": true, "element_type": 21, "long_definition": null, "short_definition": null, "sort": 31030, "readable_plural_name": "Upcoming", "readable_name": "Upcoming", "entity_name": "ActionUpcoming"}, "model": "element_type.elementoption", "pk": 12}, {"fields": {"schema_name": "current", "active": true, "element_type": 21, "long_definition": null, "short_definition": null, "sort": 31040, "readable_plural_name": "Current", "readable_name": "Current", "entity_name": "ActionCurrent"}, "model": "element_type.elementoption", "pk": 13}, {"fields": {"schema_name": "in_progress", "active": true, "element_type": 21, "long_definition": null, "short_definition": null, "sort": 31050, "readable_plural_name": "In Progress", "readable_name": "In Progress", "entity_name": "ActionInProgress"}, "model": "element_type.elementoption", "pk": 14}, {"fields": {"schema_name": "complete", "active": true, "element_type": 21, "long_definition": null, "short_definition": null, "sort": 31060, "readable_plural_name": "Complete", "readable_name": "Complete", "entity_name": "ActionComplete"}, "model": "element_type.elementoption", "pk": 15}, {"fields": {"schema_name": "waitingfor", "active": true, "element_type": 21, "long_definition": null, "short_definition": null, "sort": 31010, "readable_plural_name": "WaitingFor", "readable_name": "Waiting For", "entity_name": "ActionWaitingFor"}, "model": "element_type.elementoption", "pk": 16}, {"fields": {"schema_name": "1", "active": true, "element_type": 22, "long_definition": null, "short_definition": "Very Easy", "sort": 32010, "readable_plural_name": "1", "readable_name": "1", "entity_name": "1"}, "model": "element_type.elementoption", "pk": 17}, {"fields": {"schema_name": "2", "active": true, "element_type": 22, "long_definition": null, "short_definition": "Easy", "sort": 32020, "readable_plural_name": "2", "readable_name": "2", "entity_name": "2"}, "model": "element_type.elementoption", "pk": 18}, {"fields": {"schema_name": "3", "active": true, "element_type": 22, "long_definition": null, "short_definition": "Neither Easy or Hard", "sort": 32030, "readable_plural_name": "3", "readable_name": "3", "entity_name": "3"}, "model": "element_type.elementoption", "pk": 19}, {"fields": {"schema_name": "4", "active": true, "element_type": 22, "long_definition": null, "short_definition": "Hard", "sort": 32040, "readable_plural_name": "4", "readable_name": "4", "entity_name": "4"}, "model": "element_type.elementoption", "pk": 20}, {"fields": {"schema_name": "5", "active": true, "element_type": 22, "long_definition": null, "short_definition": "Very Hard", "sort": 32050, "readable_plural_name": "5", "readable_name": "5", "entity_name": "5"}, "model": "element_type.elementoption", "pk": 21}, {"fields": {"schema_name": "actual", "active": true, "element_type": 23, "long_definition": null, "short_definition": null, "sort": 33010, "readable_plural_name": "Actuals", "readable_name": "Actual", "entity_name": "Actual"}, "model": "element_type.elementoption", "pk": 22}, {"fields": {"schema_name": "planned", "active": true, "element_type": 23, "long_definition": null, "short_definition": null, "sort": 33020, "readable_plural_name": "Planneds", "readable_name": "Planned", "entity_name": "Planned"}, "model": "element_type.elementoption", "pk": 23}, {"fields": {"schema_name": "placeholder", "active": true, "element_type": 30, "long_definition": null, "short_definition": null, "sort": 40010, "readable_plural_name": "Placeholders", "readable_name": "Placeholder", "entity_name": "Placeholder"}, "model": "element_type.elementoption", "pk": 24}, {"fields": {"schema_name": "new", "active": true, "element_type": 33, "long_definition": null, "short_definition": null, "sort": 43010, "readable_plural_name": "New", "readable_name": "New", "entity_name": "ItemNew"}, "model": "element_type.elementoption", "pk": 25}, {"fields": {"schema_name": "start", "active": true, "element_type": 33, "long_definition": null, "short_definition": null, "sort": 43020, "readable_plural_name": "Start", "readable_name": "Start", "entity_name": "ItemStart"}, "model": "element_type.elementoption", "pk": 26}, {"fields": {"schema_name": "working", "active": true, "element_type": 33, "long_definition": null, "short_definition": null, "sort": 43030, "readable_plural_name": "Working", "readable_name": "Working", "entity_name": "ItemWorking"}, "model": "element_type.elementoption", "pk": 27}, {"fields": {"schema_name": "edit", "active": true, "element_type": 33, "long_definition": null, "short_definition": null, "sort": 43040, "readable_plural_name": "Edit", "readable_name": "Edit", "entity_name": "ItemEdit"}, "model": "element_type.elementoption", "pk": 28}, {"fields": {"schema_name": "complete", "active": true, "element_type": 33, "long_definition": null, "short_definition": null, "sort": 43050, "readable_plural_name": "Complete", "readable_name": "Complete", "entity_name": "ItemComplete"}, "model": "element_type.elementoption", "pk": 29}, {"fields": {"schema_name": "parent", "active": true, "long_definition": null, "short_definition": null, "sort": 100, "readable_plural_name": "Parents", "readable_name": "Parent", "entity_name": "Parent"}, "model": "association.associationdirection", "pk": -1}, {"fields": {"schema_name": "both", "active": true, "long_definition": null, "short_definition": null, "sort": 101, "readable_plural_name": "Boths", "readable_name": "Both", "entity_name": "Both"}, "model": "association.associationdirection", "pk": 0}, {"fields": {"schema_name": "child", "active": true, "long_definition": null, "short_definition": null, "sort": 102, "readable_plural_name": "Children", "readable_name": "Child", "entity_name": "Child"}, "model": "association.associationdirection", "pk": 1}]