[
  {
    "model": "auth.permission",
    "pk": 1,
    "fields": {
      "content_type": 1,
      "codename": "add_logentry",
      "name": "Can add log entry"
    }
  },
  {
    "model": "auth.permission",
    "pk": 2,
    "fields": {
      "content_type": 1,
      "codename": "change_logentry",
      "name": "Can change log entry"
    }
  },
  {
    "model": "auth.permission",
    "pk": 3,
    "fields": {
      "content_type": 1,
      "codename": "delete_logentry",
      "name": "Can delete log entry"
    }
  },
  {
    "model": "auth.permission",
    "pk": 4,
    "fields": {
      "content_type": 2,
      "codename": "add_permission",
      "name": "Can add permission"
    }
  },
  {
    "model": "auth.permission",
    "pk": 5,
    "fields": {
      "content_type": 2,
      "codename": "change_permission",
      "name": "Can change permission"
    }
  },
  {
    "model": "auth.permission",
    "pk": 6,
    "fields": {
      "content_type": 2,
      "codename": "delete_permission",
      "name": "Can delete permission"
    }
  },
  {
    "model": "auth.permission",
    "pk": 7,
    "fields": {
      "content_type": 3,
      "codename": "add_group",
      "name": "Can add group"
    }
  },
  {
    "model": "auth.permission",
    "pk": 8,
    "fields": {
      "content_type": 3,
      "codename": "change_group",
      "name": "Can change group"
    }
  },
  {
    "model": "auth.permission",
    "pk": 9,
    "fields": {
      "content_type": 3,
      "codename": "delete_group",
      "name": "Can delete group"
    }
  },
  {
    "model": "auth.permission",
    "pk": 10,
    "fields": {
      "content_type": 4,
      "codename": "add_user",
      "name": "Can add user"
    }
  },
  {
    "model": "auth.permission",
    "pk": 11,
    "fields": {
      "content_type": 4,
      "codename": "change_user",
      "name": "Can change user"
    }
  },
  {
    "model": "auth.permission",
    "pk": 12,
    "fields": {
      "content_type": 4,
      "codename": "delete_user",
      "name": "Can delete user"
    }
  },
  {
    "model": "auth.permission",
    "pk": 13,
    "fields": {
      "content_type": 5,
      "codename": "add_contenttype",
      "name": "Can add content type"
    }
  },
  {
    "model": "auth.permission",
    "pk": 14,
    "fields": {
      "content_type": 5,
      "codename": "change_contenttype",
      "name": "Can change content type"
    }
  },
  {
    "model": "auth.permission",
    "pk": 15,
    "fields": {
      "content_type": 5,
      "codename": "delete_contenttype",
      "name": "Can delete content type"
    }
  },
  {
    "model": "auth.permission",
    "pk": 16,
    "fields": {
      "content_type": 6,
      "codename": "add_session",
      "name": "Can add session"
    }
  },
  {
    "model": "auth.permission",
    "pk": 17,
    "fields": {
      "content_type": 6,
      "codename": "change_session",
      "name": "Can change session"
    }
  },
  {
    "model": "auth.permission",
    "pk": 18,
    "fields": {
      "content_type": 6,
      "codename": "delete_session",
      "name": "Can delete session"
    }
  },
  {
    "model": "auth.permission",
    "pk": 19,
    "fields": {
      "content_type": 7,
      "codename": "add_datumgroup",
      "name": "Can add Datum Group"
    }
  },
  {
    "model": "auth.permission",
    "pk": 20,
    "fields": {
      "content_type": 7,
      "codename": "change_datumgroup",
      "name": "Can change Datum Group"
    }
  },
  {
    "model": "auth.permission",
    "pk": 21,
    "fields": {
      "content_type": 7,
      "codename": "delete_datumgroup",
      "name": "Can delete Datum Group"
    }
  },
  {
    "model": "auth.permission",
    "pk": 22,
    "fields": {
      "content_type": 8,
      "codename": "add_datumtype",
      "name": "Can add Datum Type"
    }
  },
  {
    "model": "auth.permission",
    "pk": 23,
    "fields": {
      "content_type": 8,
      "codename": "change_datumtype",
      "name": "Can change Datum Type"
    }
  },
  {
    "model": "auth.permission",
    "pk": 24,
    "fields": {
      "content_type": 8,
      "codename": "delete_datumtype",
      "name": "Can delete Datum Type"
    }
  },
  {
    "model": "auth.permission",
    "pk": 25,
    "fields": {
      "content_type": 9,
      "codename": "add_datumobject",
      "name": "Can add Datum"
    }
  },
  {
    "model": "auth.permission",
    "pk": 26,
    "fields": {
      "content_type": 9,
      "codename": "change_datumobject",
      "name": "Can change Datum"
    }
  },
  {
    "model": "auth.permission",
    "pk": 27,
    "fields": {
      "content_type": 9,
      "codename": "delete_datumobject",
      "name": "Can delete Datum"
    }
  },
  {
    "model": "auth.permission",
    "pk": 28,
    "fields": {
      "content_type": 10,
      "codename": "add_elementdatatype",
      "name": "Can add Element Data Type"
    }
  },
  {
    "model": "auth.permission",
    "pk": 29,
    "fields": {
      "content_type": 10,
      "codename": "change_elementdatatype",
      "name": "Can change Element Data Type"
    }
  },
  {
    "model": "auth.permission",
    "pk": 30,
    "fields": {
      "content_type": 10,
      "codename": "delete_elementdatatype",
      "name": "Can delete Element Data Type"
    }
  },
  {
    "model": "auth.permission",
    "pk": 31,
    "fields": {
      "content_type": 11,
      "codename": "add_elementtype",
      "name": "Can add element type"
    }
  },
  {
    "model": "auth.permission",
    "pk": 32,
    "fields": {
      "content_type": 11,
      "codename": "change_elementtype",
      "name": "Can change element type"
    }
  },
  {
    "model": "auth.permission",
    "pk": 33,
    "fields": {
      "content_type": 11,
      "codename": "delete_elementtype",
      "name": "Can delete element type"
    }
  },
  {
    "model": "auth.permission",
    "pk": 34,
    "fields": {
      "content_type": 12,
      "codename": "add_elementoption",
      "name": "Can add Element Option"
    }
  },
  {
    "model": "auth.permission",
    "pk": 35,
    "fields": {
      "content_type": 12,
      "codename": "change_elementoption",
      "name": "Can change Element Option"
    }
  },
  {
    "model": "auth.permission",
    "pk": 36,
    "fields": {
      "content_type": 12,
      "codename": "delete_elementoption",
      "name": "Can delete Element Option"
    }
  },
  {
    "model": "auth.permission",
    "pk": 37,
    "fields": {
      "content_type": 13,
      "codename": "add_elementtypedatumtype",
      "name": "Can add Element Type - Datum Type"
    }
  },
  {
    "model": "auth.permission",
    "pk": 38,
    "fields": {
      "content_type": 13,
      "codename": "change_elementtypedatumtype",
      "name": "Can change Element Type - Datum Type"
    }
  },
  {
    "model": "auth.permission",
    "pk": 39,
    "fields": {
      "content_type": 13,
      "codename": "delete_elementtypedatumtype",
      "name": "Can delete Element Type - Datum Type"
    }
  },
  {
    "model": "auth.permission",
    "pk": 40,
    "fields": {
      "content_type": 14,
      "codename": "add_elementtypedatumobject",
      "name": "Can add Element Type - Datum Object"
    }
  },
  {
    "model": "auth.permission",
    "pk": 41,
    "fields": {
      "content_type": 14,
      "codename": "change_elementtypedatumobject",
      "name": "Can change Element Type - Datum Object"
    }
  },
  {
    "model": "auth.permission",
    "pk": 42,
    "fields": {
      "content_type": 14,
      "codename": "delete_elementtypedatumobject",
      "name": "Can delete Element Type - Datum Object"
    }
  },
  {
    "model": "auth.permission",
    "pk": 43,
    "fields": {
      "content_type": 15,
      "codename": "add_elementvaluestring",
      "name": "Can add Element Value"
    }
  },
  {
    "model": "auth.permission",
    "pk": 44,
    "fields": {
      "content_type": 15,
      "codename": "change_elementvaluestring",
      "name": "Can change Element Value"
    }
  },
  {
    "model": "auth.permission",
    "pk": 45,
    "fields": {
      "content_type": 15,
      "codename": "delete_elementvaluestring",
      "name": "Can delete Element Value"
    }
  },
  {
    "model": "auth.permission",
    "pk": 46,
    "fields": {
      "content_type": 16,
      "codename": "add_elementvaluetextdata",
      "name": "Can add Element Value"
    }
  },
  {
    "model": "auth.permission",
    "pk": 47,
    "fields": {
      "content_type": 16,
      "codename": "change_elementvaluetextdata",
      "name": "Can change Element Value"
    }
  },
  {
    "model": "auth.permission",
    "pk": 48,
    "fields": {
      "content_type": 16,
      "codename": "delete_elementvaluetextdata",
      "name": "Can delete Element Value"
    }
  },
  {
    "model": "auth.permission",
    "pk": 49,
    "fields": {
      "content_type": 17,
      "codename": "add_elementvalueboolean",
      "name": "Can add Element Value"
    }
  },
  {
    "model": "auth.permission",
    "pk": 50,
    "fields": {
      "content_type": 17,
      "codename": "change_elementvalueboolean",
      "name": "Can change Element Value"
    }
  },
  {
    "model": "auth.permission",
    "pk": 51,
    "fields": {
      "content_type": 17,
      "codename": "delete_elementvalueboolean",
      "name": "Can delete Element Value"
    }
  },
  {
    "model": "auth.permission",
    "pk": 52,
    "fields": {
      "content_type": 18,
      "codename": "add_elementvaluedatetime",
      "name": "Can add Element Value"
    }
  },
  {
    "model": "auth.permission",
    "pk": 53,
    "fields": {
      "content_type": 18,
      "codename": "change_elementvaluedatetime",
      "name": "Can change Element Value"
    }
  },
  {
    "model": "auth.permission",
    "pk": 54,
    "fields": {
      "content_type": 18,
      "codename": "delete_elementvaluedatetime",
      "name": "Can delete Element Value"
    }
  },
  {
    "model": "auth.permission",
    "pk": 55,
    "fields": {
      "content_type": 19,
      "codename": "add_elementvaluedecimal",
      "name": "Can add Element Value"
    }
  },
  {
    "model": "auth.permission",
    "pk": 56,
    "fields": {
      "content_type": 19,
      "codename": "change_elementvaluedecimal",
      "name": "Can change Element Value"
    }
  },
  {
    "model": "auth.permission",
    "pk": 57,
    "fields": {
      "content_type": 19,
      "codename": "delete_elementvaluedecimal",
      "name": "Can delete Element Value"
    }
  },
  {
    "model": "auth.permission",
    "pk": 58,
    "fields": {
      "content_type": 20,
      "codename": "add_elementvaluebinary",
      "name": "Can add Element Value"
    }
  },
  {
    "model": "auth.permission",
    "pk": 59,
    "fields": {
      "content_type": 20,
      "codename": "change_elementvaluebinary",
      "name": "Can change Element Value"
    }
  },
  {
    "model": "auth.permission",
    "pk": 60,
    "fields": {
      "content_type": 20,
      "codename": "delete_elementvaluebinary",
      "name": "Can delete Element Value"
    }
  },
  {
    "model": "auth.permission",
    "pk": 61,
    "fields": {
      "content_type": 21,
      "codename": "add_associationtype",
      "name": "Can add Association Type"
    }
  },
  {
    "model": "auth.permission",
    "pk": 62,
    "fields": {
      "content_type": 21,
      "codename": "change_associationtype",
      "name": "Can change Association Type"
    }
  },
  {
    "model": "auth.permission",
    "pk": 63,
    "fields": {
      "content_type": 21,
      "codename": "delete_associationtype",
      "name": "Can delete Association Type"
    }
  },
  {
    "model": "auth.permission",
    "pk": 64,
    "fields": {
      "content_type": 22,
      "codename": "add_associationdirection",
      "name": "Can add Association Direction"
    }
  },
  {
    "model": "auth.permission",
    "pk": 65,
    "fields": {
      "content_type": 22,
      "codename": "change_associationdirection",
      "name": "Can change Association Direction"
    }
  },
  {
    "model": "auth.permission",
    "pk": 66,
    "fields": {
      "content_type": 22,
      "codename": "delete_associationdirection",
      "name": "Can delete Association Direction"
    }
  },
  {
    "model": "auth.permission",
    "pk": 67,
    "fields": {
      "content_type": 23,
      "codename": "add_associationadjacent",
      "name": "Can add Association Adjacent"
    }
  },
  {
    "model": "auth.permission",
    "pk": 68,
    "fields": {
      "content_type": 23,
      "codename": "change_associationadjacent",
      "name": "Can change Association Adjacent"
    }
  },
  {
    "model": "auth.permission",
    "pk": 69,
    "fields": {
      "content_type": 23,
      "codename": "delete_associationadjacent",
      "name": "Can delete Association Adjacent"
    }
  },
  {
    "model": "auth.permission",
    "pk": 70,
    "fields": {
      "content_type": 24,
      "codename": "add_associationall",
      "name": "Can add Association All"
    }
  },
  {
    "model": "auth.permission",
    "pk": 71,
    "fields": {
      "content_type": 24,
      "codename": "change_associationall",
      "name": "Can change Association All"
    }
  },
  {
    "model": "auth.permission",
    "pk": 72,
    "fields": {
      "content_type": 24,
      "codename": "delete_associationall",
      "name": "Can delete Association All"
    }
  },
  {
    "model": "auth.permission",
    "pk": 73,
    "fields": {
      "content_type": 25,
      "codename": "add_filterrulegroup",
      "name": "Can add Filter Rule - Group"
    }
  },
  {
    "model": "auth.permission",
    "pk": 74,
    "fields": {
      "content_type": 25,
      "codename": "change_filterrulegroup",
      "name": "Can change Filter Rule - Group"
    }
  },
  {
    "model": "auth.permission",
    "pk": 75,
    "fields": {
      "content_type": 25,
      "codename": "delete_filterrulegroup",
      "name": "Can delete Filter Rule - Group"
    }
  },
  {
    "model": "auth.permission",
    "pk": 76,
    "fields": {
      "content_type": 26,
      "codename": "add_filterruletype",
      "name": "Can add Filter Rule - Type"
    }
  },
  {
    "model": "auth.permission",
    "pk": 77,
    "fields": {
      "content_type": 26,
      "codename": "change_filterruletype",
      "name": "Can change Filter Rule - Type"
    }
  },
  {
    "model": "auth.permission",
    "pk": 78,
    "fields": {
      "content_type": 26,
      "codename": "delete_filterruletype",
      "name": "Can delete Filter Rule - Type"
    }
  },
  {
    "model": "auth.permission",
    "pk": 79,
    "fields": {
      "content_type": 27,
      "codename": "add_filterruleassociation",
      "name": "Can add Filter Rule - Association"
    }
  },
  {
    "model": "auth.permission",
    "pk": 80,
    "fields": {
      "content_type": 27,
      "codename": "change_filterruleassociation",
      "name": "Can change Filter Rule - Association"
    }
  },
  {
    "model": "auth.permission",
    "pk": 81,
    "fields": {
      "content_type": 27,
      "codename": "delete_filterruleassociation",
      "name": "Can delete Filter Rule - Association"
    }
  },
  {
    "model": "auth.permission",
    "pk": 82,
    "fields": {
      "content_type": 28,
      "codename": "add_filterruleelement",
      "name": "Can add Filter Rule - Element"
    }
  },
  {
    "model": "auth.permission",
    "pk": 83,
    "fields": {
      "content_type": 28,
      "codename": "change_filterruleelement",
      "name": "Can change Filter Rule - Element"
    }
  },
  {
    "model": "auth.permission",
    "pk": 84,
    "fields": {
      "content_type": 28,
      "codename": "delete_filterruleelement",
      "name": "Can delete Filter Rule - Element"
    }
  },
  {
    "model": "auth.permission",
    "pk": 85,
    "fields": {
      "content_type": 29,
      "codename": "add_filterset",
      "name": "Can add Filter Set"
    }
  },
  {
    "model": "auth.permission",
    "pk": 86,
    "fields": {
      "content_type": 29,
      "codename": "change_filterset",
      "name": "Can change Filter Set"
    }
  },
  {
    "model": "auth.permission",
    "pk": 87,
    "fields": {
      "content_type": 29,
      "codename": "delete_filterset",
      "name": "Can delete Filter Set"
    }
  },
  {
    "model": "auth.permission",
    "pk": 88,
    "fields": {
      "content_type": 30,
      "codename": "add_filtersetgrouprule",
      "name": "Can add filter set group rule"
    }
  },
  {
    "model": "auth.permission",
    "pk": 89,
    "fields": {
      "content_type": 30,
      "codename": "change_filtersetgrouprule",
      "name": "Can change filter set group rule"
    }
  },
  {
    "model": "auth.permission",
    "pk": 90,
    "fields": {
      "content_type": 30,
      "codename": "delete_filtersetgrouprule",
      "name": "Can delete filter set group rule"
    }
  },
  {
    "model": "auth.permission",
    "pk": 91,
    "fields": {
      "content_type": 31,
      "codename": "add_filtersettyperule",
      "name": "Can add filter set type rule"
    }
  },
  {
    "model": "auth.permission",
    "pk": 92,
    "fields": {
      "content_type": 31,
      "codename": "change_filtersettyperule",
      "name": "Can change filter set type rule"
    }
  },
  {
    "model": "auth.permission",
    "pk": 93,
    "fields": {
      "content_type": 31,
      "codename": "delete_filtersettyperule",
      "name": "Can delete filter set type rule"
    }
  },
  {
    "model": "auth.permission",
    "pk": 94,
    "fields": {
      "content_type": 32,
      "codename": "add_filtersetassociationrule",
      "name": "Can add filter set association rule"
    }
  },
  {
    "model": "auth.permission",
    "pk": 95,
    "fields": {
      "content_type": 32,
      "codename": "change_filtersetassociationrule",
      "name": "Can change filter set association rule"
    }
  },
  {
    "model": "auth.permission",
    "pk": 96,
    "fields": {
      "content_type": 32,
      "codename": "delete_filtersetassociationrule",
      "name": "Can delete filter set association rule"
    }
  },
  {
    "model": "auth.permission",
    "pk": 97,
    "fields": {
      "content_type": 33,
      "codename": "add_filtersetelementrule",
      "name": "Can add filter set element rule"
    }
  },
  {
    "model": "auth.permission",
    "pk": 98,
    "fields": {
      "content_type": 33,
      "codename": "change_filtersetelementrule",
      "name": "Can change filter set element rule"
    }
  },
  {
    "model": "auth.permission",
    "pk": 99,
    "fields": {
      "content_type": 33,
      "codename": "delete_filtersetelementrule",
      "name": "Can delete filter set element rule"
    }
  },
  {
    "model": "auth.permission",
    "pk": 100,
    "fields": {
      "content_type": 34,
      "codename": "add_watchworddatumtype",
      "name": "Can add Datum Type Watchword"
    }
  },
  {
    "model": "auth.permission",
    "pk": 101,
    "fields": {
      "content_type": 34,
      "codename": "change_watchworddatumtype",
      "name": "Can change Datum Type Watchword"
    }
  },
  {
    "model": "auth.permission",
    "pk": 102,
    "fields": {
      "content_type": 34,
      "codename": "delete_watchworddatumtype",
      "name": "Can delete Datum Type Watchword"
    }
  },
  {
    "model": "auth.permission",
    "pk": 103,
    "fields": {
      "content_type": 35,
      "codename": "add_watchworddatumobject",
      "name": "Can add Datum Object Watchword"
    }
  },
  {
    "model": "auth.permission",
    "pk": 104,
    "fields": {
      "content_type": 35,
      "codename": "change_watchworddatumobject",
      "name": "Can change Datum Object Watchword"
    }
  },
  {
    "model": "auth.permission",
    "pk": 105,
    "fields": {
      "content_type": 35,
      "codename": "delete_watchworddatumobject",
      "name": "Can delete Datum Object Watchword"
    }
  },
  {
    "model": "auth.permission",
    "pk": 106,
    "fields": {
      "content_type": 36,
      "codename": "add_watchwordassociationtype",
      "name": "Can add Association Type Watchword"
    }
  },
  {
    "model": "auth.permission",
    "pk": 107,
    "fields": {
      "content_type": 36,
      "codename": "change_watchwordassociationtype",
      "name": "Can change Association Type Watchword"
    }
  },
  {
    "model": "auth.permission",
    "pk": 108,
    "fields": {
      "content_type": 36,
      "codename": "delete_watchwordassociationtype",
      "name": "Can delete Association Type Watchword"
    }
  },
  {
    "model": "auth.user",
    "pk": 1,
    "fields": {
      "is_superuser": true,
      "password": "pbkdf2_sha256$20000$odjVNXc9YQgp$NYL+qDMHUTwm8a0hJRnlmkf/nntoIN3EnpMTrCGAFnE=",
      "is_active": true,
      "email": "test@test.com",
      "is_staff": true,
      "last_name": "",
      "username": "test",
      "date_joined": "2015-05-01T21:44:26.879Z",
      "last_login": "2015-05-01T22:29:36.001Z",
      "first_name": "",
      "groups": [],
      "user_permissions": []
    }
  },
  {
    "model": "datum.datumgroup",
    "pk": 1,
    "fields": {
      "readable_name": "Area",
      "entity_name": "Area",
      "active": true,
      "readable_plural_name": "Areas",
      "long_definition": null,
      "schema_name": "area",
      "short_definition": null,
      "sort": 10
    }
  },
  {
    "model": "datum.datumgroup",
    "pk": 2,
    "fields": {
      "readable_name": "Activity",
      "entity_name": "Activity",
      "active": true,
      "readable_plural_name": "Activities",
      "long_definition": null,
      "schema_name": "activity",
      "short_definition": null,
      "sort": 20
    }
  },
  {
    "model": "datum.datumgroup",
    "pk": 3,
    "fields": {
      "readable_name": "Time",
      "entity_name": "Time",
      "active": true,
      "readable_plural_name": "Times",
      "long_definition": null,
      "schema_name": "time",
      "short_definition": null,
      "sort": 30
    }
  },
  {
    "model": "datum.datumgroup",
    "pk": 4,
    "fields": {
      "readable_name": "Item",
      "entity_name": "Item",
      "active": true,
      "readable_plural_name": "Items",
      "long_definition": null,
      "schema_name": "item",
      "short_definition": null,
      "sort": 40
    }
  },
  {
    "model": "datum.datumtype",
    "pk": 1,
    "fields": {
      "readable_name": "Category",
      "entity_name": "Category",
      "active": true,
      "readable_plural_name": "Categories",
      "repr_expression": "[name]",
      "long_definition": null,
      "schema_name": "category",
      "datum_group": 1,
      "short_definition": null,
      "sort": 1010
    }
  },
  {
    "model": "datum.datumtype",
    "pk": 2,
    "fields": {
      "readable_name": "Project",
      "entity_name": "Project",
      "active": true,
      "readable_plural_name": "Projects",
      "repr_expression": "[name]",
      "long_definition": null,
      "schema_name": "project",
      "datum_group": 1,
      "short_definition": null,
      "sort": 1020
    }
  },
  {
    "model": "datum.datumtype",
    "pk": 3,
    "fields": {
      "readable_name": "Context",
      "entity_name": "Context",
      "active": true,
      "readable_plural_name": "Contexts",
      "repr_expression": "[name]",
      "long_definition": null,
      "schema_name": "context",
      "datum_group": 1,
      "short_definition": null,
      "sort": 1030
    }
  },
  {
    "model": "datum.datumtype",
    "pk": 4,
    "fields": {
      "readable_name": "Person",
      "entity_name": "Person",
      "active": true,
      "readable_plural_name": "Persons",
      "repr_expression": "[name]",
      "long_definition": null,
      "schema_name": "person",
      "datum_group": 1,
      "short_definition": null,
      "sort": 1040
    }
  },
  {
    "model": "datum.datumtype",
    "pk": 5,
    "fields": {
      "readable_name": "Entity",
      "entity_name": "Entity",
      "active": true,
      "readable_plural_name": "Entities",
      "repr_expression": "[name]",
      "long_definition": null,
      "schema_name": "entity",
      "datum_group": 1,
      "short_definition": null,
      "sort": 1050
    }
  },
  {
    "model": "datum.datumtype",
    "pk": 6,
    "fields": {
      "readable_name": "Location",
      "entity_name": "Location",
      "active": true,
      "readable_plural_name": "Locations",
      "repr_expression": "[name]",
      "long_definition": null,
      "schema_name": "location",
      "datum_group": 1,
      "short_definition": null,
      "sort": 1060
    }
  },
  {
    "model": "datum.datumtype",
    "pk": 7,
    "fields": {
      "readable_name": "Contact",
      "entity_name": "Contact",
      "active": true,
      "readable_plural_name": "Contacts",
      "repr_expression": "[name]",
      "long_definition": null,
      "schema_name": "contact",
      "datum_group": 1,
      "short_definition": null,
      "sort": 1070
    }
  },
  {
    "model": "datum.datumtype",
    "pk": 8,
    "fields": {
      "readable_name": "Action",
      "entity_name": "Action",
      "active": true,
      "readable_plural_name": "Actions",
      "repr_expression": "[description]",
      "long_definition": null,
      "schema_name": "action",
      "datum_group": 2,
      "short_definition": null,
      "sort": 2010
    }
  },
  {
    "model": "datum.datumtype",
    "pk": 9,
    "fields": {
      "readable_name": "Principle",
      "entity_name": "Principle",
      "active": true,
      "readable_plural_name": "Principles",
      "repr_expression": "[description]",
      "long_definition": null,
      "schema_name": "principle",
      "datum_group": 2,
      "short_definition": null,
      "sort": 2020
    }
  },
  {
    "model": "datum.datumtype",
    "pk": 10,
    "fields": {
      "readable_name": "Journal",
      "entity_name": "Journal",
      "active": true,
      "readable_plural_name": "Journals",
      "repr_expression": "[description]",
      "long_definition": null,
      "schema_name": "journal",
      "datum_group": 2,
      "short_definition": null,
      "sort": 2030
    }
  },
  {
    "model": "datum.datumtype",
    "pk": 11,
    "fields": {
      "readable_name": "Schedule",
      "entity_name": "Schedule",
      "active": true,
      "readable_plural_name": "Schedules",
      "repr_expression": "[description]",
      "long_definition": null,
      "schema_name": "schedule",
      "datum_group": 3,
      "short_definition": null,
      "sort": 3010
    }
  },
  {
    "model": "datum.datumtype",
    "pk": 12,
    "fields": {
      "readable_name": "Event",
      "entity_name": "Event",
      "active": true,
      "readable_plural_name": "Events",
      "repr_expression": "[endingevent]",
      "long_definition": null,
      "schema_name": "event",
      "datum_group": 3,
      "short_definition": null,
      "sort": 3020
    }
  },
  {
    "model": "datum.datumtype",
    "pk": 13,
    "fields": {
      "readable_name": "Reminder",
      "entity_name": "Reminder",
      "active": true,
      "readable_plural_name": "Reminders",
      "repr_expression": "[alert]",
      "long_definition": null,
      "schema_name": "reminder",
      "datum_group": 3,
      "short_definition": null,
      "sort": 3030
    }
  },
  {
    "model": "datum.datumtype",
    "pk": 14,
    "fields": {
      "readable_name": "Note",
      "entity_name": "Note",
      "active": true,
      "readable_plural_name": "Notes",
      "repr_expression": "[name]",
      "long_definition": null,
      "schema_name": "note",
      "datum_group": 4,
      "short_definition": null,
      "sort": 4010
    }
  },
  {
    "model": "datum.datumtype",
    "pk": 15,
    "fields": {
      "readable_name": "File",
      "entity_name": "File",
      "active": true,
      "readable_plural_name": "Files",
      "repr_expression": "[name]",
      "long_definition": null,
      "schema_name": "file",
      "datum_group": 4,
      "short_definition": null,
      "sort": 4020
    }
  },
  {
    "model": "datum.datumtype",
    "pk": 16,
    "fields": {
      "readable_name": "Directory",
      "entity_name": "Directory",
      "active": true,
      "readable_plural_name": "Directories",
      "repr_expression": "[name]",
      "long_definition": null,
      "schema_name": "directory",
      "datum_group": 4,
      "short_definition": null,
      "sort": 4030
    }
  },
  {
    "model": "datum.datumtype",
    "pk": 17,
    "fields": {
      "readable_name": "Webpage",
      "entity_name": "Webpage",
      "active": true,
      "readable_plural_name": "Webpages",
      "repr_expression": "[name]",
      "long_definition": null,
      "schema_name": "webpage",
      "datum_group": 4,
      "short_definition": null,
      "sort": 4040
    }
  },
  {
    "model": "datum.datumtype",
    "pk": 18,
    "fields": {
      "readable_name": "Message",
      "entity_name": "Message",
      "active": true,
      "readable_plural_name": "Messages",
      "repr_expression": "[name]",
      "long_definition": null,
      "schema_name": "message",
      "datum_group": 4,
      "short_definition": null,
      "sort": 4050
    }
  },
  {
    "model": "datum.datumtype",
    "pk": 19,
    "fields": {
      "readable_name": "Post",
      "entity_name": "Post",
      "active": true,
      "readable_plural_name": "Posts",
      "repr_expression": "[name]",
      "long_definition": null,
      "schema_name": "post",
      "datum_group": 4,
      "short_definition": null,
      "sort": 4060
    }
  },
  {
    "model": "element_type.elementdatatype",
    "pk": 1,
    "fields": {
      "readable_name": "String",
      "entity_name": "String",
      "active": true,
      "readable_plural_name": "Strings",
      "long_definition": "Used for all major text-based elements",
      "schema_name": "string",
      "short_definition": "VarChar(255)",
      "sort": 10
    }
  },
  {
    "model": "element_type.elementdatatype",
    "pk": 2,
    "fields": {
      "readable_name": "Text Data",
      "entity_name": "TextData",
      "active": true,
      "readable_plural_name": "Text Data",
      "long_definition": "Only used for string-based sub-data types, such as json or html",
      "schema_name": "text_data",
      "short_definition": "Text",
      "sort": 20
    }
  },
  {
    "model": "element_type.elementdatatype",
    "pk": 3,
    "fields": {
      "readable_name": "Boolean",
      "entity_name": "Boolean",
      "active": true,
      "readable_plural_name": "Booleans",
      "long_definition": null,
      "schema_name": "boolean",
      "short_definition": "Boolean",
      "sort": 30
    }
  },
  {
    "model": "element_type.elementdatatype",
    "pk": 4,
    "fields": {
      "readable_name": "Datetime",
      "entity_name": "Datetime",
      "active": true,
      "readable_plural_name": "Datetimes",
      "long_definition": null,
      "schema_name": "datetime",
      "short_definition": "Datetime with Timezone",
      "sort": 40
    }
  },
  {
    "model": "element_type.elementdatatype",
    "pk": 5,
    "fields": {
      "readable_name": "Decimal",
      "entity_name": "Decimal",
      "active": true,
      "readable_plural_name": "Decimals",
      "long_definition": null,
      "schema_name": "decimal",
      "short_definition": "Decimal(scale=2)",
      "sort": 50
    }
  },
  {
    "model": "element_type.elementdatatype",
    "pk": 6,
    "fields": {
      "readable_name": "Binary",
      "entity_name": "Binary",
      "active": true,
      "readable_plural_name": "Binarys",
      "long_definition": "Used for any attachments and large data",
      "schema_name": "binary",
      "short_definition": "Blob",
      "sort": 60
    }
  },
  {
    "model": "element_type.elementtype",
    "pk": 1,
    "fields": {
      "readable_name": "Name",
      "editable": true,
      "entity_name": "Name",
      "active": true,
      "readable_plural_name": "Names",
      "element_data_type": 1,
      "long_definition": null,
      "schema_name": "name",
      "default_expression": null,
      "short_definition": null,
      "sort": 110
    }
  },
  {
    "model": "element_type.elementtype",
    "pk": 2,
    "fields": {
      "readable_name": "Description",
      "editable": true,
      "entity_name": "Description",
      "active": true,
      "readable_plural_name": "Descriptions",
      "element_data_type": 1,
      "long_definition": null,
      "schema_name": "description",
      "default_expression": null,
      "short_definition": null,
      "sort": 120
    }
  },
  {
    "model": "element_type.elementtype",
    "pk": 3,
    "fields": {
      "readable_name": "First Name",
      "editable": true,
      "entity_name": "FirstName",
      "active": true,
      "readable_plural_name": "First Names",
      "element_data_type": 1,
      "long_definition": null,
      "schema_name": "first_name",
      "default_expression": null,
      "short_definition": null,
      "sort": 130
    }
  },
  {
    "model": "element_type.elementtype",
    "pk": 4,
    "fields": {
      "readable_name": "Last Name",
      "editable": true,
      "entity_name": "LastName",
      "active": true,
      "readable_plural_name": "Last Names",
      "element_data_type": 1,
      "long_definition": null,
      "schema_name": "last_name",
      "default_expression": null,
      "short_definition": null,
      "sort": 140
    }
  },
  {
    "model": "element_type.elementtype",
    "pk": 5,
    "fields": {
      "readable_name": "Nickname",
      "editable": true,
      "entity_name": "Nickname",
      "active": true,
      "readable_plural_name": "Nicknames",
      "element_data_type": 1,
      "long_definition": null,
      "schema_name": "nickname",
      "default_expression": null,
      "short_definition": null,
      "sort": 150
    }
  },
  {
    "model": "element_type.elementtype",
    "pk": 6,
    "fields": {
      "readable_name": "Birthday",
      "editable": true,
      "entity_name": "Birthday",
      "active": true,
      "readable_plural_name": "Birthdays",
      "element_data_type": 4,
      "long_definition": null,
      "schema_name": "birthday",
      "default_expression": null,
      "short_definition": null,
      "sort": 160
    }
  },
  {
    "model": "element_type.elementtype",
    "pk": 7,
    "fields": {
      "readable_name": "Entity Type",
      "editable": true,
      "entity_name": "EntityType",
      "active": true,
      "readable_plural_name": "Entity Types",
      "element_data_type": 1,
      "long_definition": null,
      "schema_name": "entity_type",
      "default_expression": null,
      "short_definition": null,
      "sort": 170
    }
  },
  {
    "model": "element_type.elementtype",
    "pk": 8,
    "fields": {
      "readable_name": "Street Address",
      "editable": true,
      "entity_name": "StreetAddress",
      "active": true,
      "readable_plural_name": "Street Addresses",
      "element_data_type": 1,
      "long_definition": null,
      "schema_name": "street_address",
      "default_expression": null,
      "short_definition": null,
      "sort": 180
    }
  },
  {
    "model": "element_type.elementtype",
    "pk": 9,
    "fields": {
      "readable_name": "City",
      "editable": true,
      "entity_name": "City",
      "active": true,
      "readable_plural_name": "Citys",
      "element_data_type": 1,
      "long_definition": null,
      "schema_name": "city",
      "default_expression": null,
      "short_definition": null,
      "sort": 190
    }
  },
  {
    "model": "element_type.elementtype",
    "pk": 10,
    "fields": {
      "readable_name": "State",
      "editable": true,
      "entity_name": "State",
      "active": true,
      "readable_plural_name": "States",
      "element_data_type": 1,
      "long_definition": null,
      "schema_name": "state",
      "default_expression": null,
      "short_definition": null,
      "sort": 200
    }
  },
  {
    "model": "element_type.elementtype",
    "pk": 11,
    "fields": {
      "readable_name": "Zip",
      "editable": true,
      "entity_name": "Zip",
      "active": true,
      "readable_plural_name": "Zips",
      "element_data_type": 1,
      "long_definition": null,
      "schema_name": "zip",
      "default_expression": null,
      "short_definition": null,
      "sort": 210
    }
  },
  {
    "model": "element_type.elementtype",
    "pk": 12,
    "fields": {
      "readable_name": "Country",
      "editable": true,
      "entity_name": "Country",
      "active": true,
      "readable_plural_name": "Countries",
      "element_data_type": 1,
      "long_definition": null,
      "schema_name": "country",
      "default_expression": null,
      "short_definition": null,
      "sort": 220
    }
  },
  {
    "model": "element_type.elementtype",
    "pk": 13,
    "fields": {
      "readable_name": "Latitude",
      "editable": true,
      "entity_name": "Latitude",
      "active": true,
      "readable_plural_name": "Latitudes",
      "element_data_type": 1,
      "long_definition": null,
      "schema_name": "latitude",
      "default_expression": null,
      "short_definition": null,
      "sort": 230
    }
  },
  {
    "model": "element_type.elementtype",
    "pk": 14,
    "fields": {
      "readable_name": "Longitude",
      "editable": true,
      "entity_name": "Longitude",
      "active": true,
      "readable_plural_name": "Longitudes",
      "element_data_type": 1,
      "long_definition": null,
      "schema_name": "longitude",
      "default_expression": null,
      "short_definition": null,
      "sort": 240
    }
  },
  {
    "model": "element_type.elementtype",
    "pk": 15,
    "fields": {
      "readable_name": "Phone",
      "editable": true,
      "entity_name": "Phone",
      "active": true,
      "readable_plural_name": "Phones",
      "element_data_type": 1,
      "long_definition": null,
      "schema_name": "phone",
      "default_expression": null,
      "short_definition": null,
      "sort": 250
    }
  },
  {
    "model": "element_type.elementtype",
    "pk": 16,
    "fields": {
      "readable_name": "Email",
      "editable": true,
      "entity_name": "Email",
      "active": true,
      "readable_plural_name": "Emails",
      "element_data_type": 1,
      "long_definition": null,
      "schema_name": "email",
      "default_expression": null,
      "short_definition": null,
      "sort": 260
    }
  },
  {
    "model": "element_type.elementtype",
    "pk": 17,
    "fields": {
      "readable_name": "Website",
      "editable": true,
      "entity_name": "Website",
      "active": true,
      "readable_plural_name": "Websites",
      "element_data_type": 1,
      "long_definition": null,
      "schema_name": "website",
      "default_expression": null,
      "short_definition": null,
      "sort": 270
    }
  },
  {
    "model": "element_type.elementtype",
    "pk": 18,
    "fields": {
      "readable_name": "Facebook",
      "editable": true,
      "entity_name": "Facebook",
      "active": true,
      "readable_plural_name": "Facebook",
      "element_data_type": 1,
      "long_definition": null,
      "schema_name": "facebook",
      "default_expression": null,
      "short_definition": null,
      "sort": 280
    }
  },
  {
    "model": "element_type.elementtype",
    "pk": 19,
    "fields": {
      "readable_name": "LinkedIn",
      "editable": true,
      "entity_name": "LinkedIn",
      "active": true,
      "readable_plural_name": "LinkedIn",
      "element_data_type": 1,
      "long_definition": null,
      "schema_name": "linkedin",
      "default_expression": null,
      "short_definition": null,
      "sort": 290
    }
  },
  {
    "model": "element_type.elementtype",
    "pk": 20,
    "fields": {
      "readable_name": "Twitter",
      "editable": true,
      "entity_name": "Twitter",
      "active": true,
      "readable_plural_name": "Twitter",
      "element_data_type": 1,
      "long_definition": null,
      "schema_name": "twitter",
      "default_expression": null,
      "short_definition": null,
      "sort": 300
    }
  },
  {
    "model": "element_type.elementtype",
    "pk": 21,
    "fields": {
      "readable_name": "Action Status",
      "editable": true,
      "entity_name": "ActionStatus",
      "active": true,
      "readable_plural_name": "Action Statuses",
      "element_data_type": 1,
      "long_definition": null,
      "schema_name": "action_status",
      "default_expression": null,
      "short_definition": null,
      "sort": 310
    }
  },
  {
    "model": "element_type.elementtype",
    "pk": 22,
    "fields": {
      "readable_name": "Action Effort",
      "editable": true,
      "entity_name": "ActionEffort",
      "active": true,
      "readable_plural_name": "Action Efforts",
      "element_data_type": 1,
      "long_definition": null,
      "schema_name": "action_effort",
      "default_expression": null,
      "short_definition": null,
      "sort": 320
    }
  },
  {
    "model": "element_type.elementtype",
    "pk": 23,
    "fields": {
      "readable_name": "Schedule Type",
      "editable": true,
      "entity_name": "ScheduleType",
      "active": true,
      "readable_plural_name": "Schedule Types",
      "element_data_type": 1,
      "long_definition": null,
      "schema_name": "schedule_type",
      "default_expression": null,
      "short_definition": null,
      "sort": 330
    }
  },
  {
    "model": "element_type.elementtype",
    "pk": 24,
    "fields": {
      "readable_name": "Beginning Buffer",
      "editable": true,
      "entity_name": "BeginningBuffer",
      "active": true,
      "readable_plural_name": "Beginning Buffers",
      "element_data_type": 4,
      "long_definition": null,
      "schema_name": "beginning_buffer",
      "default_expression": null,
      "short_definition": null,
      "sort": 340
    }
  },
  {
    "model": "element_type.elementtype",
    "pk": 25,
    "fields": {
      "readable_name": "Beginning Event",
      "editable": true,
      "entity_name": "BeginningEvent",
      "active": true,
      "readable_plural_name": "Beginning Events",
      "element_data_type": 4,
      "long_definition": null,
      "schema_name": "beginning_event",
      "default_expression": null,
      "short_definition": null,
      "sort": 350
    }
  },
  {
    "model": "element_type.elementtype",
    "pk": 26,
    "fields": {
      "readable_name": "Ending Event",
      "editable": true,
      "entity_name": "EndingEvent",
      "active": true,
      "readable_plural_name": "Ending Events",
      "element_data_type": 4,
      "long_definition": null,
      "schema_name": "ending_event",
      "default_expression": null,
      "short_definition": null,
      "sort": 360
    }
  },
  {
    "model": "element_type.elementtype",
    "pk": 27,
    "fields": {
      "readable_name": "Ending Buffer",
      "editable": true,
      "entity_name": "EndingBuffer",
      "active": true,
      "readable_plural_name": "Ending Buffers",
      "element_data_type": 4,
      "long_definition": null,
      "schema_name": "ending_buffer",
      "default_expression": null,
      "short_definition": null,
      "sort": 370
    }
  },
  {
    "model": "element_type.elementtype",
    "pk": 28,
    "fields": {
      "readable_name": "Event Time",
      "editable": true,
      "entity_name": "EventTime",
      "active": true,
      "readable_plural_name": "Event Times",
      "element_data_type": 5,
      "long_definition": null,
      "schema_name": "event_time",
      "default_expression": null,
      "short_definition": null,
      "sort": 380
    }
  },
  {
    "model": "element_type.elementtype",
    "pk": 29,
    "fields": {
      "readable_name": "Total Time",
      "editable": true,
      "entity_name": "TotalTime",
      "active": true,
      "readable_plural_name": "Total Times",
      "element_data_type": 5,
      "long_definition": null,
      "schema_name": "total_time",
      "default_expression": null,
      "short_definition": null,
      "sort": 390
    }
  },
  {
    "model": "element_type.elementtype",
    "pk": 30,
    "fields": {
      "readable_name": "Recurring Options",
      "editable": true,
      "entity_name": "RecurringOptions",
      "active": true,
      "readable_plural_name": "Recurring Optionss",
      "element_data_type": 2,
      "long_definition": null,
      "schema_name": "recurring_options",
      "default_expression": null,
      "short_definition": null,
      "sort": 400
    }
  },
  {
    "model": "element_type.elementtype",
    "pk": 31,
    "fields": {
      "readable_name": "Alert",
      "editable": true,
      "entity_name": "Alert",
      "active": true,
      "readable_plural_name": "Alerts",
      "element_data_type": 4,
      "long_definition": null,
      "schema_name": "alert",
      "default_expression": null,
      "short_definition": null,
      "sort": 410
    }
  },
  {
    "model": "element_type.elementtype",
    "pk": 32,
    "fields": {
      "readable_name": "Logged In",
      "editable": true,
      "entity_name": "LoggedIn",
      "active": true,
      "readable_plural_name": "Logged In",
      "element_data_type": 3,
      "long_definition": null,
      "schema_name": "logged_in",
      "default_expression": null,
      "short_definition": null,
      "sort": 420
    }
  },
  {
    "model": "element_type.elementtype",
    "pk": 33,
    "fields": {
      "readable_name": "Item Status",
      "editable": true,
      "entity_name": "ItemStatus",
      "active": true,
      "readable_plural_name": "Item Statuses",
      "element_data_type": 1,
      "long_definition": null,
      "schema_name": "item_status",
      "default_expression": null,
      "short_definition": null,
      "sort": 430
    }
  },
  {
    "model": "element_type.elementtype",
    "pk": 34,
    "fields": {
      "readable_name": "Item Content",
      "editable": true,
      "entity_name": "ItemContent",
      "active": true,
      "readable_plural_name": "Item Contents",
      "element_data_type": 2,
      "long_definition": null,
      "schema_name": "item_content",
      "default_expression": null,
      "short_definition": null,
      "sort": 440
    }
  },
  {
    "model": "element_type.elementtype",
    "pk": 35,
    "fields": {
      "readable_name": "From",
      "editable": true,
      "entity_name": "From",
      "active": true,
      "readable_plural_name": "Froms",
      "element_data_type": 1,
      "long_definition": null,
      "schema_name": "from",
      "default_expression": null,
      "short_definition": null,
      "sort": 450
    }
  },
  {
    "model": "element_type.elementtype",
    "pk": 36,
    "fields": {
      "readable_name": "To",
      "editable": true,
      "entity_name": "To",
      "active": true,
      "readable_plural_name": "Tos",
      "element_data_type": 1,
      "long_definition": null,
      "schema_name": "to",
      "default_expression": null,
      "short_definition": null,
      "sort": 460
    }
  },
  {
    "model": "element_type.elementtype",
    "pk": 37,
    "fields": {
      "readable_name": "Link",
      "editable": true,
      "entity_name": "Link",
      "active": true,
      "readable_plural_name": "Links",
      "element_data_type": 1,
      "long_definition": "Any local, network, or www address",
      "schema_name": "link",
      "default_expression": null,
      "short_definition": "URL",
      "sort": 470
    }
  },
  {
    "model": "element_type.elementtype",
    "pk": 38,
    "fields": {
      "readable_name": "Attachment",
      "editable": true,
      "entity_name": "Attachment",
      "active": true,
      "readable_plural_name": "Attachments",
      "element_data_type": 6,
      "long_definition": "File attachment",
      "schema_name": "attachment",
      "default_expression": null,
      "short_definition": null,
      "sort": 480
    }
  },
  {
    "model": "element_type.elementtype",
    "pk": 39,
    "fields": {
      "readable_name": "Creation Date",
      "editable": true,
      "entity_name": "CreationDate",
      "active": true,
      "readable_plural_name": "Creation Dates",
      "element_data_type": 4,
      "long_definition": "SHOULD THIS BE ROLLED INTO EVENTS?",
      "schema_name": "creation_date",
      "default_expression": null,
      "short_definition": null,
      "sort": 490
    }
  },
  {
    "model": "element_type.elementtype",
    "pk": 40,
    "fields": {
      "readable_name": "Modification Date",
      "editable": true,
      "entity_name": "ModificationDate",
      "active": true,
      "readable_plural_name": "Modification Dates",
      "element_data_type": 4,
      "long_definition": "SHOULD THIS BE ROLLED INTO EVENTS?",
      "schema_name": "modification_date",
      "default_expression": null,
      "short_definition": null,
      "sort": 500
    }
  },
  {
    "model": "element_type.elementtypedatumtype",
    "pk": 1,
    "fields": {
      "datum_type": 1,
      "element_type": 1,
      "active": true,
      "sort": 1010110
    }
  },
  {
    "model": "element_type.elementtypedatumtype",
    "pk": 2,
    "fields": {
      "datum_type": 1,
      "element_type": 2,
      "active": true,
      "sort": 1010120
    }
  },
  {
    "model": "element_type.elementtypedatumtype",
    "pk": 3,
    "fields": {
      "datum_type": 2,
      "element_type": 1,
      "active": true,
      "sort": 1020110
    }
  },
  {
    "model": "element_type.elementtypedatumtype",
    "pk": 4,
    "fields": {
      "datum_type": 2,
      "element_type": 2,
      "active": true,
      "sort": 1020120
    }
  },
  {
    "model": "element_type.elementtypedatumtype",
    "pk": 5,
    "fields": {
      "datum_type": 3,
      "element_type": 1,
      "active": true,
      "sort": 1030110
    }
  },
  {
    "model": "element_type.elementtypedatumtype",
    "pk": 6,
    "fields": {
      "datum_type": 3,
      "element_type": 2,
      "active": true,
      "sort": 1030120
    }
  },
  {
    "model": "element_type.elementtypedatumtype",
    "pk": 7,
    "fields": {
      "datum_type": 4,
      "element_type": 1,
      "active": true,
      "sort": 1040110
    }
  },
  {
    "model": "element_type.elementtypedatumtype",
    "pk": 8,
    "fields": {
      "datum_type": 4,
      "element_type": 2,
      "active": true,
      "sort": 1040120
    }
  },
  {
    "model": "element_type.elementtypedatumtype",
    "pk": 9,
    "fields": {
      "datum_type": 4,
      "element_type": 3,
      "active": true,
      "sort": 1040130
    }
  },
  {
    "model": "element_type.elementtypedatumtype",
    "pk": 10,
    "fields": {
      "datum_type": 4,
      "element_type": 4,
      "active": true,
      "sort": 1040140
    }
  },
  {
    "model": "element_type.elementtypedatumtype",
    "pk": 11,
    "fields": {
      "datum_type": 4,
      "element_type": 5,
      "active": true,
      "sort": 1040150
    }
  },
  {
    "model": "element_type.elementtypedatumtype",
    "pk": 12,
    "fields": {
      "datum_type": 4,
      "element_type": 6,
      "active": true,
      "sort": 1040160
    }
  },
  {
    "model": "element_type.elementtypedatumtype",
    "pk": 13,
    "fields": {
      "datum_type": 5,
      "element_type": 1,
      "active": true,
      "sort": 1050110
    }
  },
  {
    "model": "element_type.elementtypedatumtype",
    "pk": 14,
    "fields": {
      "datum_type": 5,
      "element_type": 2,
      "active": true,
      "sort": 1050120
    }
  },
  {
    "model": "element_type.elementtypedatumtype",
    "pk": 15,
    "fields": {
      "datum_type": 5,
      "element_type": 7,
      "active": true,
      "sort": 1050170
    }
  },
  {
    "model": "element_type.elementtypedatumtype",
    "pk": 16,
    "fields": {
      "datum_type": 6,
      "element_type": 1,
      "active": true,
      "sort": 1060110
    }
  },
  {
    "model": "element_type.elementtypedatumtype",
    "pk": 17,
    "fields": {
      "datum_type": 6,
      "element_type": 2,
      "active": true,
      "sort": 1060120
    }
  },
  {
    "model": "element_type.elementtypedatumtype",
    "pk": 18,
    "fields": {
      "datum_type": 6,
      "element_type": 8,
      "active": true,
      "sort": 1060180
    }
  },
  {
    "model": "element_type.elementtypedatumtype",
    "pk": 19,
    "fields": {
      "datum_type": 6,
      "element_type": 9,
      "active": true,
      "sort": 1060190
    }
  },
  {
    "model": "element_type.elementtypedatumtype",
    "pk": 20,
    "fields": {
      "datum_type": 6,
      "element_type": 10,
      "active": true,
      "sort": 1060200
    }
  },
  {
    "model": "element_type.elementtypedatumtype",
    "pk": 21,
    "fields": {
      "datum_type": 6,
      "element_type": 11,
      "active": true,
      "sort": 1060210
    }
  },
  {
    "model": "element_type.elementtypedatumtype",
    "pk": 22,
    "fields": {
      "datum_type": 6,
      "element_type": 12,
      "active": true,
      "sort": 1060220
    }
  },
  {
    "model": "element_type.elementtypedatumtype",
    "pk": 23,
    "fields": {
      "datum_type": 6,
      "element_type": 13,
      "active": true,
      "sort": 1060230
    }
  },
  {
    "model": "element_type.elementtypedatumtype",
    "pk": 24,
    "fields": {
      "datum_type": 6,
      "element_type": 14,
      "active": true,
      "sort": 1060240
    }
  },
  {
    "model": "element_type.elementtypedatumtype",
    "pk": 25,
    "fields": {
      "datum_type": 7,
      "element_type": 1,
      "active": true,
      "sort": 1070110
    }
  },
  {
    "model": "element_type.elementtypedatumtype",
    "pk": 26,
    "fields": {
      "datum_type": 7,
      "element_type": 2,
      "active": true,
      "sort": 1070120
    }
  },
  {
    "model": "element_type.elementtypedatumtype",
    "pk": 27,
    "fields": {
      "datum_type": 7,
      "element_type": 15,
      "active": true,
      "sort": 1070250
    }
  },
  {
    "model": "element_type.elementtypedatumtype",
    "pk": 28,
    "fields": {
      "datum_type": 7,
      "element_type": 16,
      "active": true,
      "sort": 1070260
    }
  },
  {
    "model": "element_type.elementtypedatumtype",
    "pk": 29,
    "fields": {
      "datum_type": 7,
      "element_type": 17,
      "active": true,
      "sort": 1070270
    }
  },
  {
    "model": "element_type.elementtypedatumtype",
    "pk": 30,
    "fields": {
      "datum_type": 7,
      "element_type": 18,
      "active": true,
      "sort": 1070280
    }
  },
  {
    "model": "element_type.elementtypedatumtype",
    "pk": 31,
    "fields": {
      "datum_type": 7,
      "element_type": 19,
      "active": true,
      "sort": 1070290
    }
  },
  {
    "model": "element_type.elementtypedatumtype",
    "pk": 32,
    "fields": {
      "datum_type": 7,
      "element_type": 20,
      "active": true,
      "sort": 1070300
    }
  },
  {
    "model": "element_type.elementtypedatumtype",
    "pk": 33,
    "fields": {
      "datum_type": 8,
      "element_type": 2,
      "active": true,
      "sort": 2010120
    }
  },
  {
    "model": "element_type.elementtypedatumtype",
    "pk": 34,
    "fields": {
      "datum_type": 8,
      "element_type": 21,
      "active": true,
      "sort": 2010310
    }
  },
  {
    "model": "element_type.elementtypedatumtype",
    "pk": 35,
    "fields": {
      "datum_type": 8,
      "element_type": 22,
      "active": true,
      "sort": 2010320
    }
  },
  {
    "model": "element_type.elementtypedatumtype",
    "pk": 36,
    "fields": {
      "datum_type": 9,
      "element_type": 2,
      "active": true,
      "sort": 2020120
    }
  },
  {
    "model": "element_type.elementtypedatumtype",
    "pk": 37,
    "fields": {
      "datum_type": 10,
      "element_type": 2,
      "active": true,
      "sort": 2030120
    }
  },
  {
    "model": "element_type.elementtypedatumtype",
    "pk": 38,
    "fields": {
      "datum_type": 11,
      "element_type": 1,
      "active": true,
      "sort": 3010110
    }
  },
  {
    "model": "element_type.elementtypedatumtype",
    "pk": 39,
    "fields": {
      "datum_type": 11,
      "element_type": 23,
      "active": true,
      "sort": 3010330
    }
  },
  {
    "model": "element_type.elementtypedatumtype",
    "pk": 40,
    "fields": {
      "datum_type": 12,
      "element_type": 24,
      "active": true,
      "sort": 3020340
    }
  },
  {
    "model": "element_type.elementtypedatumtype",
    "pk": 41,
    "fields": {
      "datum_type": 12,
      "element_type": 25,
      "active": true,
      "sort": 3020350
    }
  },
  {
    "model": "element_type.elementtypedatumtype",
    "pk": 42,
    "fields": {
      "datum_type": 12,
      "element_type": 26,
      "active": true,
      "sort": 3020360
    }
  },
  {
    "model": "element_type.elementtypedatumtype",
    "pk": 43,
    "fields": {
      "datum_type": 12,
      "element_type": 27,
      "active": true,
      "sort": 3020370
    }
  },
  {
    "model": "element_type.elementtypedatumtype",
    "pk": 44,
    "fields": {
      "datum_type": 12,
      "element_type": 28,
      "active": true,
      "sort": 3020380
    }
  },
  {
    "model": "element_type.elementtypedatumtype",
    "pk": 45,
    "fields": {
      "datum_type": 12,
      "element_type": 29,
      "active": true,
      "sort": 3020390
    }
  },
  {
    "model": "element_type.elementtypedatumtype",
    "pk": 46,
    "fields": {
      "datum_type": 12,
      "element_type": 30,
      "active": true,
      "sort": 3020400
    }
  },
  {
    "model": "element_type.elementtypedatumtype",
    "pk": 47,
    "fields": {
      "datum_type": 13,
      "element_type": 30,
      "active": true,
      "sort": 3030400
    }
  },
  {
    "model": "element_type.elementtypedatumtype",
    "pk": 48,
    "fields": {
      "datum_type": 13,
      "element_type": 31,
      "active": true,
      "sort": 3030410
    }
  },
  {
    "model": "element_type.elementtypedatumtype",
    "pk": 49,
    "fields": {
      "datum_type": 13,
      "element_type": 32,
      "active": true,
      "sort": 3030420
    }
  },
  {
    "model": "element_type.elementtypedatumtype",
    "pk": 50,
    "fields": {
      "datum_type": 14,
      "element_type": 1,
      "active": true,
      "sort": 4010110
    }
  },
  {
    "model": "element_type.elementtypedatumtype",
    "pk": 51,
    "fields": {
      "datum_type": 14,
      "element_type": 33,
      "active": true,
      "sort": 4010430
    }
  },
  {
    "model": "element_type.elementtypedatumtype",
    "pk": 52,
    "fields": {
      "datum_type": 14,
      "element_type": 34,
      "active": true,
      "sort": 4010440
    }
  },
  {
    "model": "element_type.elementtypedatumtype",
    "pk": 53,
    "fields": {
      "datum_type": 14,
      "element_type": 37,
      "active": true,
      "sort": 4010470
    }
  },
  {
    "model": "element_type.elementtypedatumtype",
    "pk": 54,
    "fields": {
      "datum_type": 15,
      "element_type": 1,
      "active": true,
      "sort": 4020110
    }
  },
  {
    "model": "element_type.elementtypedatumtype",
    "pk": 55,
    "fields": {
      "datum_type": 15,
      "element_type": 2,
      "active": true,
      "sort": 4020120
    }
  },
  {
    "model": "element_type.elementtypedatumtype",
    "pk": 56,
    "fields": {
      "datum_type": 15,
      "element_type": 33,
      "active": true,
      "sort": 4020430
    }
  },
  {
    "model": "element_type.elementtypedatumtype",
    "pk": 57,
    "fields": {
      "datum_type": 15,
      "element_type": 37,
      "active": true,
      "sort": 4020470
    }
  },
  {
    "model": "element_type.elementtypedatumtype",
    "pk": 58,
    "fields": {
      "datum_type": 15,
      "element_type": 38,
      "active": true,
      "sort": 4020480
    }
  },
  {
    "model": "element_type.elementtypedatumtype",
    "pk": 59,
    "fields": {
      "datum_type": 15,
      "element_type": 39,
      "active": true,
      "sort": 4020490
    }
  },
  {
    "model": "element_type.elementtypedatumtype",
    "pk": 60,
    "fields": {
      "datum_type": 15,
      "element_type": 40,
      "active": true,
      "sort": 4020500
    }
  },
  {
    "model": "element_type.elementtypedatumtype",
    "pk": 61,
    "fields": {
      "datum_type": 16,
      "element_type": 1,
      "active": true,
      "sort": 4030110
    }
  },
  {
    "model": "element_type.elementtypedatumtype",
    "pk": 62,
    "fields": {
      "datum_type": 16,
      "element_type": 2,
      "active": true,
      "sort": 4030120
    }
  },
  {
    "model": "element_type.elementtypedatumtype",
    "pk": 63,
    "fields": {
      "datum_type": 16,
      "element_type": 33,
      "active": true,
      "sort": 4030430
    }
  },
  {
    "model": "element_type.elementtypedatumtype",
    "pk": 64,
    "fields": {
      "datum_type": 16,
      "element_type": 37,
      "active": true,
      "sort": 4030470
    }
  },
  {
    "model": "element_type.elementtypedatumtype",
    "pk": 65,
    "fields": {
      "datum_type": 16,
      "element_type": 39,
      "active": true,
      "sort": 4030490
    }
  },
  {
    "model": "element_type.elementtypedatumtype",
    "pk": 66,
    "fields": {
      "datum_type": 16,
      "element_type": 40,
      "active": true,
      "sort": 4030500
    }
  },
  {
    "model": "element_type.elementtypedatumtype",
    "pk": 67,
    "fields": {
      "datum_type": 17,
      "element_type": 1,
      "active": true,
      "sort": 4040110
    }
  },
  {
    "model": "element_type.elementtypedatumtype",
    "pk": 68,
    "fields": {
      "datum_type": 17,
      "element_type": 2,
      "active": true,
      "sort": 4040120
    }
  },
  {
    "model": "element_type.elementtypedatumtype",
    "pk": 69,
    "fields": {
      "datum_type": 17,
      "element_type": 33,
      "active": true,
      "sort": 4040430
    }
  },
  {
    "model": "element_type.elementtypedatumtype",
    "pk": 70,
    "fields": {
      "datum_type": 17,
      "element_type": 37,
      "active": true,
      "sort": 4040470
    }
  },
  {
    "model": "element_type.elementtypedatumtype",
    "pk": 71,
    "fields": {
      "datum_type": 18,
      "element_type": 1,
      "active": true,
      "sort": 4050110
    }
  },
  {
    "model": "element_type.elementtypedatumtype",
    "pk": 72,
    "fields": {
      "datum_type": 18,
      "element_type": 34,
      "active": true,
      "sort": 4050440
    }
  },
  {
    "model": "element_type.elementtypedatumtype",
    "pk": 73,
    "fields": {
      "datum_type": 18,
      "element_type": 35,
      "active": true,
      "sort": 4050450
    }
  },
  {
    "model": "element_type.elementtypedatumtype",
    "pk": 74,
    "fields": {
      "datum_type": 18,
      "element_type": 36,
      "active": true,
      "sort": 4050460
    }
  },
  {
    "model": "element_type.elementtypedatumtype",
    "pk": 75,
    "fields": {
      "datum_type": 18,
      "element_type": 39,
      "active": true,
      "sort": 4050490
    }
  },
  {
    "model": "element_type.elementtypedatumtype",
    "pk": 76,
    "fields": {
      "datum_type": 19,
      "element_type": 1,
      "active": true,
      "sort": 4060110
    }
  },
  {
    "model": "element_type.elementtypedatumtype",
    "pk": 77,
    "fields": {
      "datum_type": 19,
      "element_type": 2,
      "active": true,
      "sort": 4060120
    }
  },
  {
    "model": "element_type.elementtypedatumtype",
    "pk": 78,
    "fields": {
      "datum_type": 19,
      "element_type": 33,
      "active": true,
      "sort": 4060430
    }
  },
  {
    "model": "element_type.elementtypedatumtype",
    "pk": 79,
    "fields": {
      "datum_type": 19,
      "element_type": 34,
      "active": true,
      "sort": 4060440
    }
  },
  {
    "model": "element_type.elementtypedatumtype",
    "pk": 80,
    "fields": {
      "datum_type": 19,
      "element_type": 37,
      "active": true,
      "sort": 4060470
    }
  },
  {
    "model": "element_type.elementtypedatumtype",
    "pk": 81,
    "fields": {
      "datum_type": 19,
      "element_type": 39,
      "active": true,
      "sort": 4060490
    }
  },
  {
    "model": "element_type.elementoption",
    "pk": 1,
    "fields": {
      "readable_name": "Business",
      "element_type": 7,
      "entity_name": "Business",
      "active": true,
      "readable_plural_name": "Businesses",
      "long_definition": null,
      "schema_name": "business",
      "short_definition": null,
      "sort": 17010
    }
  },
  {
    "model": "element_type.elementoption",
    "pk": 2,
    "fields": {
      "readable_name": "Non-Profit",
      "element_type": 7,
      "entity_name": "Non-Profit",
      "active": true,
      "readable_plural_name": "Non-Profits",
      "long_definition": null,
      "schema_name": "non-profit",
      "short_definition": null,
      "sort": 17020
    }
  },
  {
    "model": "element_type.elementoption",
    "pk": 3,
    "fields": {
      "readable_name": "Education",
      "element_type": 7,
      "entity_name": "Education",
      "active": true,
      "readable_plural_name": "Education",
      "long_definition": null,
      "schema_name": "education",
      "short_definition": null,
      "sort": 17030
    }
  },
  {
    "model": "element_type.elementoption",
    "pk": 4,
    "fields": {
      "readable_name": "Food",
      "element_type": 7,
      "entity_name": "Food",
      "active": true,
      "readable_plural_name": "Food",
      "long_definition": null,
      "schema_name": "food",
      "short_definition": null,
      "sort": 17040
    }
  },
  {
    "model": "element_type.elementoption",
    "pk": 5,
    "fields": {
      "readable_name": "Service",
      "element_type": 7,
      "entity_name": "Service",
      "active": true,
      "readable_plural_name": "Services",
      "long_definition": null,
      "schema_name": "service",
      "short_definition": null,
      "sort": 17050
    }
  },
  {
    "model": "element_type.elementoption",
    "pk": 6,
    "fields": {
      "readable_name": "Cultural",
      "element_type": 7,
      "entity_name": "Cultural",
      "active": true,
      "readable_plural_name": "Cultural",
      "long_definition": null,
      "schema_name": "cultural",
      "short_definition": null,
      "sort": 17060
    }
  },
  {
    "model": "element_type.elementoption",
    "pk": 7,
    "fields": {
      "readable_name": "Religious",
      "element_type": 7,
      "entity_name": "Religious",
      "active": true,
      "readable_plural_name": "Religious",
      "long_definition": null,
      "schema_name": "religious",
      "short_definition": null,
      "sort": 17070
    }
  },
  {
    "model": "element_type.elementoption",
    "pk": 8,
    "fields": {
      "readable_name": "Government",
      "element_type": 7,
      "entity_name": "Government",
      "active": true,
      "readable_plural_name": "Governments",
      "long_definition": null,
      "schema_name": "government",
      "short_definition": null,
      "sort": 17080
    }
  },
  {
    "model": "element_type.elementoption",
    "pk": 9,
    "fields": {
      "readable_name": "Social",
      "element_type": 7,
      "entity_name": "Social",
      "active": true,
      "readable_plural_name": "Social",
      "long_definition": null,
      "schema_name": "social",
      "short_definition": null,
      "sort": 17090
    }
  },
  {
    "model": "element_type.elementoption",
    "pk": 10,
    "fields": {
      "readable_name": "New",
      "element_type": 21,
      "entity_name": "ActionNew",
      "active": true,
      "readable_plural_name": "New",
      "long_definition": null,
      "schema_name": "new",
      "short_definition": null,
      "sort": 31010
    }
  },
  {
    "model": "element_type.elementoption",
    "pk": 11,
    "fields": {
      "readable_name": "Someday",
      "element_type": 21,
      "entity_name": "ActionSomeday",
      "active": true,
      "readable_plural_name": "Someday",
      "long_definition": null,
      "schema_name": "someday",
      "short_definition": null,
      "sort": 31020
    }
  },
  {
    "model": "element_type.elementoption",
    "pk": 12,
    "fields": {
      "readable_name": "Upcoming",
      "element_type": 21,
      "entity_name": "ActionUpcoming",
      "active": true,
      "readable_plural_name": "Upcoming",
      "long_definition": null,
      "schema_name": "upcoming",
      "short_definition": null,
      "sort": 31030
    }
  },
  {
    "model": "element_type.elementoption",
    "pk": 13,
    "fields": {
      "readable_name": "Current",
      "element_type": 21,
      "entity_name": "ActionCurrent",
      "active": true,
      "readable_plural_name": "Current",
      "long_definition": null,
      "schema_name": "current",
      "short_definition": null,
      "sort": 31040
    }
  },
  {
    "model": "element_type.elementoption",
    "pk": 14,
    "fields": {
      "readable_name": "In Progress",
      "element_type": 21,
      "entity_name": "ActionInProgress",
      "active": true,
      "readable_plural_name": "In Progress",
      "long_definition": null,
      "schema_name": "in_progress",
      "short_definition": null,
      "sort": 31050
    }
  },
  {
    "model": "element_type.elementoption",
    "pk": 15,
    "fields": {
      "readable_name": "Complete",
      "element_type": 21,
      "entity_name": "ActionComplete",
      "active": true,
      "readable_plural_name": "Complete",
      "long_definition": null,
      "schema_name": "complete",
      "short_definition": null,
      "sort": 31060
    }
  },
  {
    "model": "element_type.elementoption",
    "pk": 16,
    "fields": {
      "readable_name": "WaitingFor",
      "element_type": 21,
      "entity_name": "ActionWaitingFor",
      "active": true,
      "readable_plural_name": "WaitingFor",
      "long_definition": null,
      "schema_name": "waitingfor",
      "short_definition": null,
      "sort": 31070
    }
  },
  {
    "model": "element_type.elementoption",
    "pk": 17,
    "fields": {
      "readable_name": "1",
      "element_type": 22,
      "entity_name": "1",
      "active": true,
      "readable_plural_name": "1",
      "long_definition": null,
      "schema_name": "1",
      "short_definition": "Very Easy",
      "sort": 32010
    }
  },
  {
    "model": "element_type.elementoption",
    "pk": 18,
    "fields": {
      "readable_name": "2",
      "element_type": 22,
      "entity_name": "2",
      "active": true,
      "readable_plural_name": "2",
      "long_definition": null,
      "schema_name": "2",
      "short_definition": "Easy",
      "sort": 32020
    }
  },
  {
    "model": "element_type.elementoption",
    "pk": 19,
    "fields": {
      "readable_name": "3",
      "element_type": 22,
      "entity_name": "3",
      "active": true,
      "readable_plural_name": "3",
      "long_definition": null,
      "schema_name": "3",
      "short_definition": "Neither Easy or Hard",
      "sort": 32030
    }
  },
  {
    "model": "element_type.elementoption",
    "pk": 20,
    "fields": {
      "readable_name": "4",
      "element_type": 22,
      "entity_name": "4",
      "active": true,
      "readable_plural_name": "4",
      "long_definition": null,
      "schema_name": "4",
      "short_definition": "Hard",
      "sort": 32040
    }
  },
  {
    "model": "element_type.elementoption",
    "pk": 21,
    "fields": {
      "readable_name": "5",
      "element_type": 22,
      "entity_name": "5",
      "active": true,
      "readable_plural_name": "5",
      "long_definition": null,
      "schema_name": "5",
      "short_definition": "Very Hard",
      "sort": 32050
    }
  },
  {
    "model": "element_type.elementoption",
    "pk": 22,
    "fields": {
      "readable_name": "Actual",
      "element_type": 23,
      "entity_name": "Actual",
      "active": true,
      "readable_plural_name": "Actuals",
      "long_definition": null,
      "schema_name": "actual",
      "short_definition": null,
      "sort": 33010
    }
  },
  {
    "model": "element_type.elementoption",
    "pk": 23,
    "fields": {
      "readable_name": "Planned",
      "element_type": 23,
      "entity_name": "Planned",
      "active": true,
      "readable_plural_name": "Planneds",
      "long_definition": null,
      "schema_name": "planned",
      "short_definition": null,
      "sort": 33020
    }
  },
  {
    "model": "element_type.elementoption",
    "pk": 24,
    "fields": {
      "readable_name": "Placeholder",
      "element_type": 30,
      "entity_name": "Placeholder",
      "active": true,
      "readable_plural_name": "Placeholders",
      "long_definition": null,
      "schema_name": "placeholder",
      "short_definition": null,
      "sort": 40010
    }
  },
  {
    "model": "element_type.elementoption",
    "pk": 25,
    "fields": {
      "readable_name": "New",
      "element_type": 33,
      "entity_name": "ItemNew",
      "active": true,
      "readable_plural_name": "New",
      "long_definition": null,
      "schema_name": "new",
      "short_definition": null,
      "sort": 43010
    }
  },
  {
    "model": "element_type.elementoption",
    "pk": 26,
    "fields": {
      "readable_name": "Start",
      "element_type": 33,
      "entity_name": "ItemStart",
      "active": true,
      "readable_plural_name": "Start",
      "long_definition": null,
      "schema_name": "start",
      "short_definition": null,
      "sort": 43020
    }
  },
  {
    "model": "element_type.elementoption",
    "pk": 27,
    "fields": {
      "readable_name": "Working",
      "element_type": 33,
      "entity_name": "ItemWorking",
      "active": true,
      "readable_plural_name": "Working",
      "long_definition": null,
      "schema_name": "working",
      "short_definition": null,
      "sort": 43030
    }
  },
  {
    "model": "element_type.elementoption",
    "pk": 28,
    "fields": {
      "readable_name": "Edit",
      "element_type": 33,
      "entity_name": "ItemEdit",
      "active": true,
      "readable_plural_name": "Edit",
      "long_definition": null,
      "schema_name": "edit",
      "short_definition": null,
      "sort": 43040
    }
  },
  {
    "model": "element_type.elementoption",
    "pk": 29,
    "fields": {
      "readable_name": "Complete",
      "element_type": 33,
      "entity_name": "ItemComplete",
      "active": true,
      "readable_plural_name": "Complete",
      "long_definition": null,
      "schema_name": "complete",
      "short_definition": null,
      "sort": 43050
    }
  }
]